:100000000C94891B0D94B63C0D948B3C0D94603C74
:100010000D94353C0D940A3C0D94DF3B0D94B43B9C
:100020000D94893B0C94BA1B0C94BA1B0C94BA1B0C
:100030000C94BA1B0C94BA1B0C94BA1B0D94A656C4
:100040000C94BA1B0C94BA1B0C94BA1B0C94BA1BDC
:100050000C94BA1B0C94BA1B0C94BA1B0D94F43973
:100060000C94BA1B0D941C400D94F23F0C94BA1BD7
:100070000C94BA1B0C94BA1B0C94BA1B0C94BA1BAC
:100080000C94BA1B0C94BA1B0C94BA1B0C94BA1B9C
:100090000D9422450D9498440D94DA440D943E58E5
:1000A0000C94BA1B0C94BA1B0C94BA1B0C94BA1B7C
:1000B0000C94BA1B0C94BA1B0C94BA1B0C94BA1B6C
:1000C0000C94BA1B0C94BA1B0C94BA1B0D94C83F29
:1000D0000D949E3F0C94BA1B0D94743F0D944A3FAF
:1000E0000C94BA1B07634236B79BD8A71A396856D7
:1000F00018AEBAAB558C1D3CB7CC5763BD6DEDFD4A
:10010000753EF6177231BF000000803F0800000006
:10011000BE922449123EABAAAA2ABECDCCCC4C3EFC
:1001200000000080BEABAAAAAA3E00000000BF00EB
:100130000000803F0000000000084178D3BB4387E7
:10014000D1133D190E3CC3BD4282AD2B3E68EC82FB
:1001500076BED98FE1A93E4C80EFFFBE01C4FF7F80
:100160003F00000000000C9419C00C944A760D94D6
:10017000B6010D9444380C94D37D0D9483350C94C2
:1001800029AE0C9422CB0C94BFB50C94C6770C947A
:1001900033620C94FCBC0C94FD880C94BF830D94CA
:1001A000B80E0D9443370C94971C0D94FE190C94C3
:1001B000C6400C945B400D94491A0C94AC400C94CE
:1001C000B9940C94A3760C941BF20C94E1400D941A
:1001D000CE180C94A71C0C94F2840C947A250C94E1
:1001E000541E0C94827F0D94F9360D94D8360D94DC
:1001F000ED370D9453380D94BD0F0C943B310D9495
:10020000DA190D94D0190C9484330C9474770D94EE
:10021000A30F0C9406B40C945DC40C94D4230D94D9
:10022000E54E0C943E3F0C9413C50C94F9570C9476
:1002300075CA0C940D230C94BC1B0C945B760C9427
:10024000CD750C947E740D9409190C94D8880C9477
:10025000A5B10C94E4240C948C770C9475B50C9493
:10026000CF300C9404220D9433020C948CB00C9477
:100270007F670C9499500C94F0570C9407510C9490
:10028000A31C0C94DBDB0D94874A0C9414B80C94DB
:100290001FB50D94AF4E0C9481C70D948C4E0D94E8
:1002A0009E370C9422410C9423230C947E770C945B
:1002B000F0200C9409B40C94A2400C949F1C0C9454
:1002C00043D90D94F4190C9470B10D94B9370D9471
:1002D000614D0D94A6350D943C350C9483400C94DF
:1002E00057500C94C8DB0D944A5E0C94D2660D9462
:1002F000E3370C94D2B40D94B73D0C94A71E0C9424
:1003000025F20C94D2F10C942CDB0C94F4720C9426
:10031000C4520C940A220C949B760C9499330D943D
:1003200006150D9466380C94944F0C946D2E0C9415
:10033000D5B40D9443380C940CAA0C9414DE0D948F
:10034000654D0C94D14F0C9423B50D943F1A0C9429
:10035000FDDA0C943F320D94A13E0D94F3180C94E9
:10036000B0700C94E7500C9416B50C947D2F0C943F
:10037000AC200C9410B40C9467630C94FA1B0D948D
:10038000D60E0C9463BB0D94FB180C9494DD0C9466
:1003900037330D94D40F0D94E0180C94C3810C9452
:1003A0008B670C94533F0D94081A0C9422220C94E2
:1003B00045650C94C6520C945B660D943B350D94C8
:1003C000FF140C94B9660D94464B0C9449330C946D
:1003D00053710C94E78F0C9493210C94F6B40C9405
:1003E00033320C94E5F00C94C6300C9404D10D9487
:1003F0003A350C947B1D0C94213F0D9401390C94DB
:10040000FA3F0C9467DD0C94B3670C949D4A0D94ED
:100410000F190C9436320C9439400C9498620D9458
:1004200080200C94FE1C0C9418230C9415500C94F2
:10043000FF570D94FC080C94D64A0C941DCB0C94D9
:1004400042310C949BB20C94FE820C9496210D9434
:10045000121A0C943B370C9482B10C949EB40C94F9
:100460009B330D94A00E0C949E880C9422660D94E0
:1004700055100C946BF20C9498B10C9403710C947D
:10048000AB1C0D94355E0D94F4550C9432230C94F2
:10049000BD760C94F6A90C9429730C948FF10C94EE
:1004A000AC620D94AC360D94E3180C9419B50C9411
:1004B0008CDB0D943F520C948B760C94168E0C941E
:1004C0004D1D0C94EFA90C9444320C94AE4B0D943A
:1004D0004D360D946D380C9444630C94401D0C946F
:1004E00099660C94FA1C0C94A3930C94DC700C94F5
:1004F000ADB40C94F8D10C9457410D94EF370C9493
:1005000077410C9439B10C940B760D942C4A0D94D0
:10051000E3140C9443250C94C83F0C943C1D0C949C
:10052000E3820C94DD1C0C941DB50D9457480C947B
:10053000C5500C94BBB40D94EA140D94351A0C9468
:10054000BBDA0C9414810C9411840C94AA840D943D
:10055000ED180C94431F0C94D7210C947CDD0D9462
:100560009A380C948E330C9420410C94ADBE0C94AC
:10057000521E0C94D9BD0D942B1A0C946DDE0D9463
:1005800007370C94E71C0C94131D0D943D350C9407
:1005900079B50C942E330C94BF620D9400360C94F4
:1005A0002ECB0C9409400C9447630D940B090C94CA
:1005B00055B10C9439890C9438630D9444550C94BE
:1005C00037D10C94BDAF0D9441090C94BBB10C9480
:1005D000C9300C94CF210D94A2370C948F1C0C942D
:1005E000B8320C9497A80C94AF700C94C3880D94F7
:1005F0000D150C94063F0D9431370C9453AA0C94AE
:100600007DD20C9441B10C94138F0D940E190D945E
:1006100079370C945D3F0C94E7820D943E4E0C9418
:10062000D5710C94AD670C942CBB0C94ED750C94A7
:1006300039320C9455630D94FD4A0D94B2370D94E4
:10064000720E0C9439D10C9477240C94B3700C94E2
:1006500000410C94A3650C94F3F10C94CE430D94DB
:100660008E0E0C9460940C94801E0D9472200C9449
:10067000D3400C9479650D94CC0E0D94C20E0D945C
:10068000CD4D0D94C9380C94F8230C94EC880D943E
:10069000DC180D94E4190C9404510C9452630D94DD
:1006A00083200C94881E0C9460CA0C9442660C94AF
:1006B00022F20C94D9C50D94574E0C949DC10C9404
:1006C00014510D948E100D94E9180C942A630D9416
:1006D000EC190C940EB20D94CC510C94DE210C94B8
:1006E00046C00C94B7770C94EF650D94C6190C9422
:1006F0003B3F0D94F1140C94EDDB0D94620E0C94C1
:10070000FD210C9424330C9477B50C9473620D94F2
:1007100092350C94931C0C9438D10C94FABA0D9425
:10072000CC370D9471200C940F700C94BE700C9407
:10073000CF2D0C9430BC0C94C0210D94AA0E0C94B7
:1007400029400D94BB360C9413220C949B1C0D94E1
:1007500042380C94ED400C9410240D94B40F0D9479
:100760002A090C94B7210C944E2E0C9470330C94DF
:1007700098900C94C9700C94C8930C94DC770C94EA
:100780006E400C9435D10C9439230C9420C50C94F4
:10079000261D0C941C210C9485670C941B330C941F
:1007A000AF750C94001D0C940FE10D94B4350C94AE
:1007B000E2F10D94C1190C94DE3F0D94D4180C9401
:1007C000A3350C94F2400D9413190C94A2D10D94FE
:1007D000EA080D944A370C9435630C9423210D9448
:1007E000800E0C94AFAF0D9488370C9467750D9400
:1007F000444A0D94C4370D9480550D94211A0C94DD
:10080000F4520C944F710D94E00E0C9441DE0C9454
:1008100036D10D94F7180D94D8180C9407400C9409
:1008200022240D94174F0C94EB820C94FE830C94AD
:10083000454B0C9411BF0C9457880C94EF870C9483
:100840003CD50C945E250C9418F20C94F68C0C9408
:1008500051710D94531A0D94DC140D94E9380C94D5
:1008600061210D9485000C94B9C40C94A1760C946C
:100870008AB20C9488BB0C9479880C94C2C40C94F2
:1008800021B50D94CD370C9415890C94F4240C9457
:100890007B4B0C941BB50C94A81C0C9412DD0C948F
:1008A00079B00C943C320C9444A20D9405190D942B
:1008B00001190D94B9190C94F9B10C94BD1C0D9447
:1008C0001C4B0D9443100C9428710C949F760C943F
:1008D000B6500C94D3930C940D1C0C945C330C9474
:1008E0001C2E0D94E5390D94E3084E414E494E49B6
:1008F0005459494E46CDCCCC3D0AD7233C17B7D1ED
:100900003877CC2B329595E6241FB14F0A00002092
:10091000410000C84200401C4620BCBE4CCA1B0E11
:100920005AAEC59D746364696E6F70737578585B59
:1009300000556E6B6E6F776E2073756666697820F2
:1009400000556E6B6E6F776E20636D642000636C74
:10095000724374723A2000444D58494E3A00454F54
:1009600046003D00494E3A002500C2B04320483DB4
:100970000020444854323220747970652E20543D52
:1009800000494E3A00204E6F20656D697420646105
:100990007461210020436F756E74657220747970E4
:1009A000652E2076616C3D00494E3A0020436F75FC
:1009B0006E74657220747970652E20494E434F52D3
:1009C0005245435420496E74657272757074206E7E
:1009D000756D626572212121004952513A004163CF
:1009E00074697661746520696E200041637469766C
:1009F00061746520696E20002D3E00200023002DCB
:100A00003E00200050656E6465643A2023002D3E50
:100A100000456D69743A002D3E00456D69743A00D9
:100A20002D3E00456D69743A002D3E00456D697498
:100A30003A003D004C454741435920494E3A002079
:100A4000666F7220286D73293A004354524C3A2045
:100A50005363686564756C6520636D642000206D68
:100A6000730020666F7220004354524C3A2041724A
:100A70006D656420002044697361726D6564004394
:100A800054524C3A20002074696D653A0043545228
:100A90004C3A205265733A004354524C3A206D6FE1
:100AA0006D656E74617279206576656E7400205490
:100AB000533A0020543A00544845524D3A00436C92
:100AC00065616E696E6720616C61726D20003D002A
:100AD00050696E3A004354524C3A20436F6D6D6139
:100AE0006E6420626C6F636B65642062792064724F
:100AF00069766572004354524C3A204F4E3A416C2D
:100B00007265616479204163746976650A004354B3
:100B1000524C3A2048414C543A416C7265616479B8
:100B200020496E6163746976650A004354524C3AF9
:100B300020584F4E3A2044697361626C65640A0024
:100B40004354524C3A20584F4E3A416C726561649E
:100B500079204163746976650A004354524C3A2007
:100B6000584F464620736B69707065642E20507232
:100B7000657620636D643A004354524C3A205475B4
:100B8000726E6564206F66662066726F6D3A004310
:100B900054524C3A20526573746F726564206672C9
:100BA0006F6D3A004354524C3A2049676E6F72653C
:100BB000642C206368616E6E656C20636D643D001B
:100BC00020457865633A004354524C3A204163749F
:100BD0006976653A004354524C3A2048414C543AA5
:100BE000416C726561647920496E616374697665F0
:100BF0000A004354524C3A20584F4E3A20446973ED
:100C000061626C65640A004354524C3A20584F4E5E
:100C10003A416C7265616479204163746976650A52
:100C2000004354524C3A20584F464620736B69702B
:100C30007065642E205072657620636D643A0043BF
:100C400054524C3A205475726E6564206F6666206B
:100C500066726F6D3A004354524C3A205265737479
:100C60006F7265642066726F6D3A004469736172D9
:100C70006D696E67206E6F7420617574686F72693C
:100C80007A6564004354524C3A20636F6D6D616E17
:100C900064206A75737420666F7220004354524C4E
:100CA0003A204E6F7420656E6F756768206D656DB4
:100CB0006F727920666F722067726F7570206F7027
:100CC00065726174696F6E00496E76616C6964204B
:100CD00061726700496E76616C69642061726700B9
:100CE000496E76616C696420617267004354524CAE
:100CF0003A20556E6B6E6F776E20737566666978F5
:100D000000536B697070696E672073636865647502
:100D10006C65642067726F75702065786563004349
:100D200054524C3A206368616E6E656C2066726F37
:100D30007A656E004354524C3A206368616E6E656A
:100D40006C2066726F7A656E00536B6970706564B3
:100D500020686F6D696520737475666600200020D9
:100D60005375623D00204974656D3D004354524CFB
:100D70003A2052414D3D004354524C3A204F757435
:100D80004F664D656D6F72793A2000282D2920003D
:100D9000282B2920002076616C756520697320005E
:100DA00020756E6B6E6F776E0A005D3D005B0020F4
:100DB000696E76616C696400200041435449564570
:100DC0003A00206F6B003A00206661696C65640030
:100DD0003A005265747279696E6720564354454DE6
:100DE0005020434D440A005265747279696E672041
:100DF000564320434D440A005265747279696E6708
:100E0000206D6F6462757320434D440A005265740F
:100E10007279696E6720434D440A00206572726FD3
:100E2000723D004D423A20706F6C6C696E67200015
:100E30002056616C3A20004D423A20004D423A2043
:100E40004E6F7420737570706F7274656420726574
:100E50006720747970650A004D423A20706F6C6C9F
:100E6000696E672064696D6D657220004D423A209D
:100E7000496C6C6567616C20617267756D656E7435
:100E8000730A00206572726F723D004D423A207005
:100E90006F6C6C696E6720504920002D004D423AFE
:100EA0002050492056616C203A004D423A20706F24
:100EB0006C6C696E6720504920004D423A20706F7B
:100EC0006C6C696E6720464D206661756C742000FD
:100ED000206572726F723D004D423A20706F6C6CEB
:100EE000696E6720002D004D423A20464D20566124
:100EF0006C203A004D423A20706F6C6C696E67202E
:100F0000464D20004354524C2F706F6C6C3A204F6A
:100F100075744F664D656D6F72793A200020736568
:100F2000632072656D61696E696E670053746174E8
:100F300075732064656666657265640A002D3E00FF
:100F40005075623A20002D3E005075623A20002D07
:100F50003E005075623A20000000000000636D649E
:100F60000000736574000076616C000064656C00BD
:100F7000004853560000524742000066616E000070
:100F80006D6F6465006374726C0068756500007352
:100F90006174000074656D700072617700002D3E11
:100FA000005075623A20002D3E005075623A2000D4
:100FB00053454E445354415455533A20556E6B6E2D
:100FC0006F776E20636D64200A000000000000004F
:100FD000000000004F4E00000000000000004F46DF
:100FE000460000000000000052455354000000007D
:100FF0000000544F47474C450000000048414C5406
:10100000000000000000584F4E00000000000000EB
:10101000584F4646000000000000494E43524541EB
:101020005345000044454352454153450000454E59
:1010300041424C450000000044495341424C4500A8
:101040000000554E465245455A450000465245451A
:101050005A45000000004155544F000000000000B8
:1010600046414E5F4F4E4C590000484947480000EA
:10107000000000004D454449554D000000004C4F14
:101080005700000000000000484541545F434F4FA7
:101090004C0048454154000000000000434F4F4CB5
:1010A0000000000000004452590000000000000051
:1010B0005247420000000000000048535600000064
:1010C0000000000052455345540000000000206617
:1010D00061696C65643A004D6F64627573206F706E
:1010E00020004D423A206F6B003D004D423A2056A1
:1010F00043230020636D643D003D004D423A20567D
:10110000435F6865617423004D423A204E6F74203E
:10111000737570706F72746564207265672074797E
:1011200070650A002056616C3A30780020543A000D
:10113000205265673A3078004D423A20416464722B
:101140003A00444D58000000000000444D585247FA
:1011500042570000444D5852474200000050574D3E
:101160000000000000004D42555344494D0000541A
:101170004845524D4F00000052454C415900000077
:101180000047524F555000000000564354454D5003
:101190000000004D42555356430000004143484172
:1011A00049455200005350494C45440000004D4F02
:1011B000544F52000000005049440000000000005D
:1011C0004D425553000000000055415254425244D4
:1011D000470052454C415950574D00444D585247D5
:1011E0004257570056454E545300000000454C45A9
:1011F0005641544F5200434F554E544552000048FB
:10120000554D0000000000004D4552435552590015
:1012100000535052494E4B4C520020002D3E00438B
:101220006F6E76657274696E6720002D3E0057728E
:101230006F6E672041737369676E6D656E74200011
:10124000524742783A200020764C6576656C3A0029
:1012500020436F6E76563A0020436F6E76533A0005
:1012600020486F743A00436F6C643A0020436F6EFD
:1012700076657274656420563A00436F6E766572C7
:1012800074656420533A002D3E0057726F6E6720DC
:1012900041737369676E6D656E7420002D3E005753
:1012A000726F6E672041737369676E6D656E74202F
:1012B000004D41503A2076616C206D61707065641C
:1012C00020746F2020004D41503A2076616C756586
:1012D0002061626F766520726967687420626F753D
:1012E0006E6420002069732062656C6F77206C65E6
:1012F000667420626F756E6420004D41503A20760E
:10130000616C756520004D41503A20636D64206D1D
:10131000617070656420746F2000000000000000A0
:10132000000000004F4E00000000000000004F468B
:101330004600000000000000524553540000000029
:101340000000544F47474C450000000048414C54B2
:10135000000000000000584F4E0000000000000098
:10136000584F4646000000000000494E4352454198
:101370005345000044454352454153450000454E06
:1013800041424C450000000044495341424C450055
:101390000000554E465245455A45000046524545C7
:1013A0005A45000000004155544F00000000000065
:1013B00046414E5F4F4E4C59000048494748000097
:1013C000000000004D454449554D000000004C4FC1
:1013D0005700000000000000484541545F434F4F54
:1013E0004C0048454154000000000000434F4F4C62
:1013F00000000000000044525900000000000000FE
:101400005247420000000000000048535600000010
:1014100000000000524553455400000000002053D6
:101420007566663A002041543A0053746F707069D3
:101430006E6720496E7075747300206973200044D4
:10144000656C6574696E6720636F6E662E2052410D
:101450004D207761733A0053746F70706564006E4D
:101460006F7468696E6720746F2073746F700053B7
:10147000746F7070696E67206368616E6E656C73FF
:10148000202E2E2E0043616E206E6F7420636C65DB
:10149000616E202D206C6F636B6564004D51545458
:1014A0003A20436F6D706C6574652E2052656D6FC8
:1014B000766520746F706963200024636F6D6D61C1
:1014C0006E64004D5154543A20436C65616E557002
:1014D0002072657461696E656420746F7069632041
:1014E00000220022004F75744F664D656D6F727952
:1014F00021005D20003A5B004D5154543A005D00DC
:10150000456D7074793A205B000A003A004D414302
:101510003A00554450205379736C6F6720696E69A7
:101520007469616C697A65642E0A005379736C6F13
:101530006720706172616D733A002E6C6F63616C2D
:101540000053657276696365207265636F72643AF1
:1015500020006D444E5320726573706F6E64657227
:1015600020737461727465642E004572726F72200C
:1015700073657474696E67207570204D444E5320F6
:10158000726573706F6E6465722100476F742049D5
:101590005020616464726573733A00276970205B40
:1015A00069705B2C646E735B2C67775B2C73756260
:1015B0006E65745D5D5D5D27202D207365742073FD
:1015C00074617469632049500A004661696C6564FE
:1015D00020746F20636F6E6669677572652045744D
:1015E0006865726E6574207573696E672044484340
:1015F000502E20596F752063616E207365742069C9
:1016000070206D616E75616C6C792100204D4153C5
:101610004B3A002047573A0020444E533A004C6F53
:10162000616465642066726F6D20666C617368200A
:1016300049503A000A7573657320444843500A00C4
:101640005374617274696E67206C616E004D515401
:10165000543A2074727969796E67206E656E787479
:101660002062726F6B6572004D5154543A20546F72
:101670006F206D616E7920636F6E6E656374696F44
:101680006E206572726F72732E2052657374617270
:1016900074204C414E002074727920616761696E3C
:1016A00020696E2035207365636F6E6473004D5141
:1016B00054543A206661696C65642C2072633D0065
:1016C0004D5154543A204177616974696E672066C0
:1016D0006F722072657461696E656420746F7069E1
:1016E000637300636F6E6E6563746564206173205D
:1016F00000202E2E2E0020757365723A003A000AE3
:101700004D5154543A20417474656D7074696E671C
:1017100020636F6E6E656374696F6E20746F200056
:10172000646973636F6E6E65637465640055736995
:101730006E67204D5154542070617373776F7264DB
:101740002066726F6D20636F6E666967002E6C6F26
:1017500063616C006D444E53206E616D6520757041
:1017600064617465643A2000446576696365204E5F
:10177000616D653A004D5154543A204174206C65B6
:1017800061737420646576696365206E616D6520A0
:10179000616E642062726F6B6572204950206D75B6
:1017A000737420626520636F6E6669677572656425
:1017B00000246E6F646573004F4E2C4F46462C48D4
:1017C000414C542C524553542C584F4E2C584F4694
:1017D000462C544F47474C450024666F726D617428
:1017E00000656E756D0024646174617479706500C4
:1017F00068737600636F6C6F7200302D3235350080
:10180000696E746567657200666C6F617400332E73
:10181000302E310024686F6D696500757074696DD4
:10182000652C6672656568656170003536353139DD
:1018300035645F323032362D30352D3235004C690B
:101840006768744875622000246E616D650052659A
:1018500062696E6420737563636573732E204950EB
:1018600020616464726573733A004572726F723AF4
:1018700020726562696E64206661696C0052656EF3
:101880006577656420737563636573732E204950B3
:1018900020616464726573733A004572726F723AC4
:1018A0002072656E65776564206661696C000A4E1A
:1018B0006F206C696E6B00436F6E74696E75652086
:1018C000776974682070726576696F75736C7920BA
:1018D0006C6F6164656420636F6E666967003330A6
:1018E0007320454550524F4D206973206E6F742010
:1018F00072656C6F616465642E205265626F6F74EF
:10190000004D5154543A20416363657074696E67A9
:1019100020636F6D6D616E64732E2E2E0A004E6F04
:10192000204D51545420636F6E666967757265640B
:10193000004C6F6164696E6720636F6E6669672033
:1019400066726F6D20706F7274616C206469736170
:10195000626C65642E2075736520676574204F4E38
:1019600020746F20656E61626C6500436F6E6669FE
:10197000672069732076616C696400436F6E7469D7
:101980006E756520776974682070726576696F7509
:10199000736C79206C6F6164656420636F6E666937
:1019A00067005365747570204F5441004D51545475
:1019B0003A207365742066697273742062726F6B6B
:1019C00065720043757272656E74204C414E2063DF
:1019D0006F6E6669672869702C646E732C67772C4C
:1019E0007375626E6574293A000A557365207468D0
:1019F00065736520636F6D6D616E64733A2027684F
:101A0000656C7027202D2074686973207465787464
:101A10000A276D61632064653A61643A62653A65DC
:101A2000663A66653A3030272073657420616E64CB
:101A30002073746F7265204D41432D61646472653B
:101A4000737320696E20454550524F4D0A276970C7
:101A5000205B69705B2C646E735B2C67775B2C7307
:101A600075626E65745D5D5D5D27202D2073657404
:101A7000207374617469632049500A277361766525
:101A800027202D20736176652063757272656E74F0
:101A900020636F6E66696720696E204E5652414D15
:101AA0003B204F4E7C4F4646202D20656E61626C78
:101AB000652F64697361626C65206175746F736111
:101AC00076650A2767657427205B636F6E666967B2
:101AD00020616464725D27202D2067657420636F28
:101AE0006E6669672066726F6D207072652D636F18
:101AF0006E666967757265642055524C20616E642C
:101B00002073746F726520616464722C204F4E7C68
:101B10004F4646202D20656E61626C652F646973A7
:101B200061626C6520646F776E6C6F6164206F6EAC
:101B300020737461727475700A276C6F616427205A
:101B40002D206C6F616420636F6E6669672066721A
:101B50006F6D204E5652414D0A2770776427202D15
:101B600020646566696E6520616E642073746F72AF
:101B700065204D5154542070617373776F72640AFD
:101B8000276F746170776427202D20646566696E05
:101B90006520616E642073746F72652048545450E0
:101BA000204150492070617373776F72640A276C0B
:101BB0006F67205B73657269616C5F6C6F676C65E2
:101BC00076656C5D205B7564705F6C6F676C6576C5
:101BD000656C5D27202D20646566696E65206C6FDD
:101BE00067206C6576656C2028302E2E37290A27F1
:101BF0006B696C6C27202D20746573742077617479
:101C00006368646F670A27636C65617227202D2003
:101C1000636C65617220454550524F4D0A277365CC
:101C20006172636827202D207365617263682031BB
:101C30002D77697265206465760A277265626F6F19
:101C40007427202D207265626F6F7420636F6E742D
:101C5000726F6C6C657200536F6674207265626F90
:101C60006F74696E672E2E2E00206E6577002069D6
:101C70007320003157543A003157543A205365616C
:101C8000726368696E67206465760052414D3D005D
:101C90000A5379736C6F6720000A312D776972657A
:101CA00020000A6D71747420000A6D6F6462757390
:101CB000207632000A6D6F646275732076312028B9
:101CC0002B29000A696E7075747320000A697465A7
:101CD0006D7320000A436F6E666967757265643ABA
:101CE000002F00496E3A2000496E697469616C6981
:101CF0007A696E6720496E70757473003157543A73
:101D0000207365747570207265736F6C7574696F7C
:101D10006E20003157543A204453323438322D313A
:101D20003030206E6F742070726573656E74003190
:101D300057543A204453323438322D313030204910
:101D4000324320726573746F726564003157543A80
:101D500020427573207265736574206572726F72AC
:101D6000003157543A2042757320526573657420D0
:101D7000646F6E65003157543A2044533234383220
:101D80002D3130302070726573656E742C20726551
:101D9000736574004572726F7220312D7720696E01
:101DA0006974003157543A204453323438325F3129
:101DB00030305F4932435F544F5F31575F42524981
:101DC00044474520696E697400444D584F75742E20
:101DD00020467265653A00444D58696E204275662A
:101DE00066657220616C6C6F632065727200496E6B
:101DF000697420696E2063683A003B003D005069B9
:101E00006E3A003B003D4C4F5700546865726D6F51
:101E10003A004F6E6520776972652052656164797A
:101E20000A00467265653A00444D58206F7574206B
:101E3000737461727465642E204368616E6E656CA4
:101E4000733A2000444D5820696E20737461727497
:101E500065642E204368616E6E656C733A00427251
:101E60006F6B65727320636F6E6669677572656408
:101E70003A004170706C79696E6720636F6E6669B5
:101E800067004C6F6164656420455441473A004ED9
:101E90006F2073746F72656420636F6E666967008C
:101EA0004C6F616465642066726F6D2045455052C9
:101EB0004F4D006C6F6164206661696C6564004A17
:101EC000534F4E206465746563746564004C6F61A4
:101ED00064696E6720436F6E6669672066726F6D16
:101EE00020454550524F4D00436F6E666967206133
:101EF00075746F736176653A000A5379736C6F6716
:101F0000206465627567206C6576656C3A00536580
:101F10007269616C206465627567206C6576656CBA
:101F20003A0053617665640A005365742064796EE3
:101F3000616D69632049500A004F5441205061731C
:101F400073776F726420757064617465640A004E03
:101F50006F2049502061647265737300205361766D
:101F60006564004C6F6164696E672048545450206A
:101F7000636F6E666967206F6E207374617274752B
:101F8000703A00000000000000000000004F4E000A
:101F9000000000000000004F464600000000000066
:101FA0000052455354000000000000544F47474C76
:101FB000450000000048414C54000000000000585B
:101FC0004F4E00000000000000584F464600000041
:101FD000000000494E4352454153450000444543EB
:101FE00052454153450000454E41424C45000000DA
:101FF0000044495341424C45000000554E4652456D
:10200000455A450000465245455A450000000041EA
:1020100055544F00000000000046414E5F4F4E4CAB
:10202000590000484947480000000000004D454461
:1020300049554D000000004C4F57000000000000C3
:1020400000484541545F434F4F4C004845415400C0
:102050000000000000434F4F4C000000000000440F
:1020600052590000000000000052474200000000EA
:102070000000004853560000000000000052455385
:1020800045540000000000636F756C64206E6F742F
:102090002070617273653A200055706461746564E4
:1020A0000A00454550524F4D20636C65617265646E
:1020B0000A004D5154542050617373776F7264203D
:1020C000757064617465640A002B002D00455461CD
:1020D000673A200047657420455441473A2000483C
:1020E0005454502F312E310025733A2025730D0A98
:1020F0000020485454502F312E310D0A486F73740C
:102100003A2025730D0A4163636570743A202A2FC3
:102110002A0D0A436F6E6E656374696F6E3A2063B1
:102120006C6F73650D0A0025730020000D0A0047CF
:102130004554006661696C656420746F20636F6E3E
:102140006E6563740A004552524F523A20536572CD
:102150007665722072657475726E65642000436FD7
:102160006E666967206E6F74206368616E67656470
:102170000A00446F6E652E0A00436F6E6669672021
:1021800070617273696E67206661696C65640A00CC
:102190004765742061626F7274656400676F7420B4
:1021A000436F6E6669670A006874747020726574A4
:1021B000636F64652000667265652000436F6E661C
:1021C0006967205552493A20687474703A2F2F007D
:1021D0002044656661756C7420636F6E6669672064
:1021E00073657276657220757365643A20006C6160
:1021F0007A79686F6D652E7275000A282D29435211
:10220000595054000A282D2950554C5345206F6EC3
:102210002050494E3132000A282D2943414E000AF0
:10222000282D29535052494E4B4C4552000A282D17
:10223000294D455243555259000A282B294D554CDA
:10224000544956454E54000A282B2950574D5F5289
:10225000454C4159000A282B294D444E53000A2869
:102260002D2955415254425249444745000A282BD2
:10227000295359534C4F47000A282B2950494400F1
:102280000A282D294D43503233303137000A282D8A
:10229000294152544E4554000A282D294F544100DB
:1022A0000A282B29535049204C4544000A282B2941
:1022B0004D4F544F5220435452000A282B2941437A
:1022C000204841494552206F6E2053657269616C08
:1022D00033000A282B294343533831312026204824
:1022E000444331303830000A282B29524553544199
:1022F00052545F4C414E5F4F4E5F4D5154545F45B9
:1023000052524F5253000A282D29484152445245F7
:102310005345542C207573696E6720736F66740083
:102320000A282B29434F554E544552000A282B2981
:10233000444854000A282B294453323438322D3172
:102340003030000A282B294F57495245000A282DC2
:102350002949504D4F44425553000A282B294D4FCF
:1023600044425553203078303620617420536572D2
:1023700069616C322073706565643A3936303000BB
:102380000A282B294144414652554954204C454482
:10239000000A282B29444D58000A282B2957697A0E
:1023A0006E657435313030000A282B294672656518
:1023B00052616D207072696E74696E67000A282B15
:1023C000295741544348444F47006C617A79686FFC
:1023D0006D652E7275000A436F6E666967207365BE
:1023E000727665723A003230313130334C0020431E
:1023F0002B2B2076657273696F6E3A003536353156
:102400003935645F323032362D30352D3235000AA1
:102410004C617A79686F6D652E7275204C696768BA
:102420007448756220636F6E74726F6C6C65722095
:1024300000204F464600204F4E0020425950415345
:102440005300536176656420746F20454550524FA8
:102450004D00536176696E6720636F6E6669672011
:10246000746F20454550524F4D2E2E004343533834
:1024700031313A20416C726561647920696E69740A
:1024800069616C697A6564004343533831313A209D
:10249000496E6974206572726F722000434353382D
:1024A00031313A20496E6974004844433130383044
:1024B0003A20416C726561647920696E6974696162
:1024C0006C697A656400446576696365205365725A
:1024D00069616C204E756D6265723D0020446576C1
:1024E0006963652049443D3078004D616E756661D1
:1024F0006374757265722049443D307800484443E6
:10250000313038303A20496E69742E2000432C2037
:1025100052483D00484443313038303A20537461CA
:102520007475733D00484443313038303A204E6F63
:102530007420696E697469616C697A6564004D73B1
:1025400067496E76616C69640052656164526567C3
:10255000496E76616C6964004D6561734D6F6465A9
:10256000496E76616C6964004D6178526573697378
:1025700074616E6365004865617465724661756C6F
:102580007400486561746572537570706C790043AE
:1025900043533831313A204572726F722000434301
:1025A000533831313A204661696C656420746F207C
:1025B000676574204552524F525F494420726567E7
:1025C00069737465722E005D20626173656C696E5B
:1025D000655B005D2074564F435B0020434F325BC8
:1025E000006363733831313A2064617461206E6F27
:1025F0007420617661696C61626C65006363733835
:102600003131206E6F7420696E697469616C697A0A
:10261000656400203C3C200041433A0041433A209D
:1026200053657269616C207573656420627920411D
:1026300043202D2064697361626C696E6720736545
:102640007269616C206C6F6767696E6720616E6488
:1026500020636D640041433A204F7574206F6620FB
:102660006D656D6F72790041433A20496E69743A25
:10267000200041433A2044652D496E69743A200098
:102680004552520041433A20426164204352430084
:1026900041433A204F4B00203E3E200041433A0048
:1026A00041433A20506F6C6C696E670041433A2099
:1026B000556E6D757465000000000000000000009C
:1026C000004F4E00000000000000004F4646000092
:1026D0000000000000524553540000000000005468
:1026E0004F47474C450000000048414C5400000053
:1026F000000000584F4E00000000000000584F46F8
:1027000046000000000000494E4352454153450039
:102710000044454352454153450000454E41424C1B
:10272000450000000044495341424C45000000551B
:102730004E465245455A450000465245455A4500C9
:102740000000004155544F00000000000046414E7B
:102750005F4F4E4C590000484947480000000000B8
:10276000004D454449554D000000004C4F570000B6
:102770000000000000484541545F434F4F4C004863
:10278000454154000000000000434F4F4C00000042
:10279000000000445259000000000000005247426F
:1027A0000000000000000048535600000000000038
:1027B00000524553455400000000007261770071DB
:1027C00075656974007377696E67006C6F636B0081
:1027D000556E6B6E6F776E20737566666978200034
:1027E000556E6B6E6F776E20636D642000436F755E
:1027F0006E7465723A2000444D582D4F757420490F
:102800006E69743A2000444D582D4F7574207374CE
:102810006F703A200041737369676E65643A0044D3
:102820004D58206374726C3A20006931360001699A
:1028300033320002753136000375333200046938D3
:1028400068000569386C0006753868000775386CD3
:1028500000087831300009313030000A4465666183
:10286000756C742073657269616C206D6F6465208E
:102870004E383120757365640038453100260038C4
:102880004E31000600384532002E00384E32000E20
:1028900000384F31003600384F32003E00374531A6
:1028A000002400374532002C00374F310034003708
:1028B0004F32003C00374E31000400374E32000CDE
:1028C00000206164646564206279206E756D20006B
:1028D0004D4255533A2000416464696E6720726529
:1028E0006773207769746820616374696F6E733AE7
:1028F000004D4255533A00416464696E6720726529
:1029000066657272656420726567733A004D425560
:10291000533A00416464696E67207072656665743D
:10292000636820726567733A004D4255533A004D13
:102930004255533A204D6F646275732074656D7013
:102940006C617465206E6F7420666F756E643A20DA
:10295000004D4255533A20496E76616C696420748B
:10296000656D706C6174652E002C002C002C002CA1
:10297000004D4255533A20636F6E66696720666169
:10298000696C65643A004D4255533A20636F6E6638
:102990006967206572726F72004D4255533A206329
:1029A0006F6E666967206C6F6164656420004D42DC
:1029B00055533A204F7574206F66206D656D6F72A8
:1029C00079004D4255533A20506F6C6C696E672008
:1029D0006572726F7220004D4255533A204E6F74EB
:1029E00020737570706F72746564207265672074EF
:1029F0007970650A004D425553443A2049676E6F1D
:102A0000726564202D20657175616C20776974682A
:102A1000207365747465642076616C004D42555373
:102A2000443A204D61707065643A004D42555344FC
:102A30003A204E65737465644D61707065643A0048
:102A40004C6173744B6E6F776E2076616C75653A6E
:102A50002000536561726368696E67207265673A2A
:102A60002000206F7574206F662072616E6765208C
:102A70006275666665722C206665746368696E6748
:102A800000646566207265672320004D42555344FB
:102A90003A20536561726368696E672072656723C7
:102AA000003A002066726F6D207479706520004DC9
:102AB000425553443A20676F7420002076616C3A87
:102AC0000020004D425553207265733A2000207655
:102AD000616C206E6F74206368616E6765642E2080
:102AE000436F6E74696E7565004D4255533A003AF6
:102AF00020657175616C20746172676572742E0057
:102B00003D004D4255533A002076616C2063686168
:102B10006E6765642E004D4255533A00204E6F7724
:102B20003A00204C6173743A0020230020707265D3
:102B300066657463682000205265672F636F696C57
:102B4000206D75737420626520696E740020696E53
:102B50007465726E616C2073656E64206572726F4D
:102B600072202D206E6F207265672F636F696C0075
:102B700020696E7465726E616C2073656E64206589
:102B800072726F72202D206E6F2074656D706C6193
:102B900074650020696E7465726E616C2073656E79
:102BA00064206572726F72202D206E6F2073746FB7
:102BB0007265004D425553443A20656E64506F6C07
:102BC0006C20004D425553443A20506F6C6C2000ED
:102BD000206E6F7420666F756E64004D4255533AD7
:102BE0002020706172616D20002073656E64696ED3
:102BF000672063616E63656C6C6564004D4255537C
:102C00003A2020706172616D20004D4255533A2088
:102C100020002073656E64206572726F722E200032
:102C20004D4255533A2020004164642040563A20DA
:102C3000002056616C3A20004D425553443A2073AF
:102C400075666669783A00206F72207375666669EA
:102C50007820004D4255533A204E6F2074656D70B8
:102C60006C61746520666F7220004D6F746F723AEC
:102C70002074696D656F757400556E6B6E6F776E3D
:102C800020636D64004D6F746F723A20466F7263FB
:102C9000656420657865637574696F6E0056454E8E
:102CA000543A20636F6E666967206661696C65647B
:102CB0000056454E543A20696E69740056454E548C
:102CC0003A2050494420503D0056454E543A204445
:102CD000652D496E69740056454E543A20706173F3
:102CE00073697665206D6F64653A20006E6F74209D
:102CF0004F4B004F4B0056454E543A204354524CD4
:102D000020726573756C743A200056454E543A2013
:102D10004354524C2066616E206C6576656C3A2097
:102D200000204F75743A00205265713A0056454EA6
:102D3000543A2000206D33002066726F6D20002011
:102D40004D6178207265713A002066616E253A0007
:102D50002061637469766520563A0056454E543AB0
:102D600020546F74616C20563A0020757064617451
:102D700065642062792074656D703A200056454E76
:102D8000543A2050494420696E7075743A200056B8
:102D9000454E543A207A6F6E652066726F7A656E82
:102DA0000056454E543A207A6F6E652066726F7AEF
:102DB000656E0056454E543A2046414E20636F6E74
:102DC00074726F6C2064697361626C6564206279EF
:102DD000205049440056454E543A207A6F6E652083
:102DE00066726F7A656E004143206D6F64653A20AC
:102DF0000056454E543A200056454E543A20626FD4
:102E00006F7374206D6F64652064657465637465A9
:102E100064004143207365743A200056454E543A8D
:102E2000200041432066616E3A200056454E543AD8
:102E300020004143206169722074656D703A200062
:102E400056454E543A200056454E543A2053746F1E
:102E50007020616C6C207A6F6E65732E2000564571
:102E60004E543A20526573746F726520616C6C2009
:102E70007A6F6E65732E20002074726573686F6CB4
:102E8000643A0056454E543A204368616E206261B0
:102E90006C616E63653D00206F75743A0056454E57
:102EA000543A20434F4F4C205041535320504944F3
:102EB0003A2000206F75743A0056454E543A204827
:102EC0004541542050415353205049443A2000205A
:102ED0003C414C4D3E00206F75743A002073657480
:102EE0003A0020696E3A0056454E543A2000564545
:102EF0004E543A205049442073657420746F204D1D
:102F0000414E55414C20647565206E6F2048454107
:102F1000542F434F4F4C2E207A6F6E653A00504924
:102F2000443A20616C726561647920696E697469E4
:102F3000616C697A6564005049443A20496E766153
:102F40006C696420706172616D2061727261792EAA
:102F5000002C002C002C002C005049443A20636FB8
:102F60006E666967206661696C65643A0050494421
:102F70003A20636F6E666967206572726F720050E7
:102F800049443A20636F6E666967206C6F616465BF
:102F90006420005049443A204F7574206F66206DBC
:102FA000656D6F7279005049443A2044652D496E31
:102FB00069742000203C414C4D3E0020443A0020E2
:102FC000493A0020503A0020696E3A002073657437
:102FD0003A005049443A20005049443A20496E761C
:102FE000616C696420706172616D206172726179D7
:102FF0002E00536574206F757420746F200020506C
:10300000494420616C61726D2E200020504944209B
:10301000616C61726D3A20636C6F73656400504936
:10302000443A20556E6B6E6F776E207375666669D5
:103030007820005049443A20556E6B6E6F776E20B1
:10304000636D6420005049443A20726573657400D2
:1030500020536574706F696E743A005049443A2089
:103060000020496E7075742076616C75653A005069
:1030700049443A200020696E697400200050574D81
:103080002D4F75742023002073746F700020005042
:10309000574D2D4F75742023003D0050696E3A0046
:1030A00020696E69740070696E230072656C6179C5
:1030B0004374723A20002073746F700052656C6123
:1030C000792D4F757420230072656C617943747299
:1030D0003A200069646C65006F666600686561741B
:1030E000696E670066616E00647279696E6700637D
:1030F0006F6F6C696E6700616374696F6E00206941
:103100007320004F7574200072656C61794374728E
:103110003A2000556E6B6E6F776E20737566666928
:1031200078200072656C61794374723A2000556EA4
:103130006B6E6F776E20636D64200072656C6179D1
:103140004374723A2000616374696F6E0072656C3B
:1031500061794374723A200053686F770020636D81
:10316000643D002D005B305D3A2000202D202D2095
:103170002D20EFBBBF003E003E31202D20005B30F4
:103180005D3A2000202D202D202D20EFBBBF003EDA
:10319000003E31202D20005379736C6F67207265DB
:1031A00073756D6564005379736C6F672072657316
:1031B000756D6564005379736C6F672073757370F8
:1031C000656E646564000000000000636D640000CB
:1031D000736574000076616C000064656C000048E3
:1031E00053560000524742000066616E00006D6F4A
:1031F0006465006374726C006875650000736174C7
:10320000000074656D7000726177000020002E0070
:10321000696E00735F6F7574006D79686F6D65001E
:103220004354524C2F657865633A204F75744F664E
:103230004D656D6F72793A2000202D3E20004D5172
:1032400054543A2000202D3E2000456D69743A20E8
:103250003C00202D3E20004974656D436D643A208A
:1032600000202D3E20004974656D3A2000000022A8
:1032700000250028002B002E003100340002010040
:1032800000050108010B0100000A0B02090C0D0EDC
:103290000807030401000000000000000000000017
:1032A000000000000000000000000000000000001E
:1032B00000000012111000000000000000000000DB
:1032C000000000000000000000000000004D42551A
:1032D000533A204164642040533A2000000021000A
:1032E000240027002A002D003000330001010000D7
:1032F000040107010A0101021020200808102040E3
:1033000010204080020102010804020101020408A9
:103310001020408080402010080402018004020137
:103320008040201008040201080402010102040880
:10333000102040800102040810204080050505058A
:10334000070508080808020202020A0A080804041D
:10335000040401010101010101010303030303034B
:103360000303040707070C0C0C0C0C0C0C0C0202DA
:10337000020206060606060606060B0B0B0B0B0BD7
:103380000B0B556E737065636966696564206572C1
:10339000726F722E0047454E455249435F45525267
:1033A0004F5200494E5445524E414C5F4552524F88
:1033B00052004932435F4552524F520049445F45E3
:1033C00052524F52005355434345535300434353C6
:1033D0003831313A200057726F6E67207061796C16
:1033E0006164004D5154543A204354524C2F747828
:1033F000743A204F75744F664D656D6F72793A203F
:1034000000202D3E2041543A004368616E207479BB
:1034100070653A004E6F2073746F72656420766138
:103420006C756573202D2064656661756C743A2037
:1034300000536176656420455441473A00536574F2
:1034400020455441473A20003157543A2042757381
:10345000207265736574206572726F720031575403
:103460003A2042757320526573657420646F6E65EF
:10347000003157543A204453323438322070726548
:1034800073656E742C207265736574004932432035
:10349000526573657400005EBCE2613FDD83C29CCF
:1034A0007E20A3FD1F419DC3217FFCA2401E5F0122
:1034B000E3BD3E6082DC237D9FC1421CFEA0E1BFD4
:1034C0005D0380DE3C62BEE0025CDF81633D7C2206
:1034D000C09E1D43A1FF4618FAA427799BC584DA34
:1034E0003866E5BB5907DB856739BAE406581947E2
:1034F000A5FB7826C49A653BD987045AB8E6A7F994
:103500001B45C6987A24F8A6441A99C7257B3A64C5
:1035100086D85B05E7B98CD2306EEDB3510F4E10F3
:10352000F2AC2F7193CD114FADF3702ECC92D38DA1
:103530006F31B2EC0E50AFF1134DCE90722C6D3353
:10354000D18F0C52B0EE326C8ED0530DEFB1F0AE85
:103550004C1291CF2D73CA947628ABF517490856B3
:10356000B4EA6937D58B5709EBB536688AD495CB61
:103570002977F4AA4816E9B7550B88D6346A2B7513
:1035800097C94A14F6A8742AC896154BA9F7B6E845
:103590000A54D7896B35436F6E6E65637465642E0C
:1035A00000436F6E6E2E2061626F72746564003E20
:1035B0003E2000496E76616C696420636F6D6D61B9
:1035C0006E6400000020002300260029002C002F3C
:1035D000003200000100000301060109013E3E3EE9
:1035E000004E6F204D414320636F6E6669677572B0
:1035F00065643A20736574206669726D77617265DF
:103600002773204D41430A00454550524F4D2073CA
:1036100069676E6174757265206F6B00496E6974BD
:1036200069616C697A696E6720454550524F4D2E2D
:10363000002072656164206572726F7220666F721D
:1036400020003E2000203C003157543A00315754AE
:103650003A206E6F7420696E6974003157543A20B5
:10366000425553592074696D656F75740031575414
:103670003A204453323438325F4552524F525F43FE
:103680004F4E464947003157543A20312D776972E1
:10369000652073686F727465640072656164790097
:1036A00024737461746500757074696D6500667269
:1036B00065656865617000247374617473002045EA
:1036C0007870697265640A00202D74617267657490
:1036D000207A6F6E652D0020416C61726D204578F7
:1036E00070697265640A0020636D643A0020437556
:1036F000723A00205365743A002054696D65723A3D
:1037000000204C6F636B733A0052414D3D007301D2
:10371000410211241FBECFEFD1E2DEBFCDBF00E0DA
:103720000CBF1DE0A0E0B2E0EAE9F7EF02E00BBF5A
:1037300002C007900D92A431B107D9F725E1A4E1A9
:10374000BDE001C01D92A835B207E1F71BE1C8E852
:10375000DBE100E006C021970109802FFE010F94F4
:103760009173C738D10780E00807A9F70F947862F2
:103770000D94BB7B0C940000FC018481958108951D
:10378000DC011896ED91FC91309739F080858F70AF
:10379000823019F486819781089590E080E0089541
:1037A000FC01A681B781109721F118969C9118977A
:1037B0009F708EEF890F823010F091111AC0199608
:1037C0004D935D936D937C931C97A681B78118965A
:1037D0009C911897907F926018969C930680F78131
:1037E000E02D8085982F907F903619F48F70806A35
:1037F00080870895CF93DF93EC017B836A83611503
:10380000710541F0CB010E94C01B9D838C83DF9129
:10381000CF9108951D821C82FACFCF93DF93EC01E4
:103820007B836A836115710541F0CB010E94C01B47
:103830009D838C83DF91CF9108951D821C82FACFE6
:10384000FC01238130E090E080E0FC01EE0FFF1FDF
:10385000E05BF24FA081B181A217B30761F4880F3A
:10386000991F880F991FFC01E45CF24F408351833C
:10387000628373830895A081B181AB2B19F42081F9
:103880003181EDCF019685309105F9F60895FC015F
:10389000238130E090E080E0FC01EE0FFF1FE05B51
:1038A000F24F408151814217530761F4880F991FED
:1038B000880F991FFC01E45CF24F60817181828165
:1038C0009381089540815181452B89F43183208370
:1038D000880F991F880F991FFC01E45CF24F10823A
:1038E00011821282138260E070E0CB01089501968C
:1038F0008530910589F6F7CF880F991F880F991F9A
:10390000FC01EC5DF24F80819181A281B38101962F
:10391000A11DB11D80839183A283B383089585E0A7
:1039200090E00C947C1C84E090E00C947C1C83E080
:1039300090E00C947C1C82E090E00C947C1C81E074
:1039400090E00C947C1C90E080E00C947C1C08952A
:1039500090E080E00895CF93DF93EC01E881F98156
:103960000484F585E02D199529893A892F5F3F4F09
:103970003A8B298BDF91CF910895CF93DF93EC01A0
:103980008E8581110DC081E090E049895A892C858E
:103990003D854217530708F080E0DF91CF910895ED
:1039A000E881F9810484F585E02DCE0119958F3FDA
:1039B000910549F780E090E0F0CFFC018485958582
:1039C0006817790708F4CB01928B818B0895CF9308
:1039D000DF93FC012685222351F0EC010190F08158
:1039E000E02D0190F081E02D6FEF19951E86DF919B
:1039F000CF910895FC0187859089089581E008950D
:103A0000DC011296ED91FC91309761F00280F38118
:103A1000E02D309739F0862F8295807F60856F701A
:103A2000682B60870895DC011296ED91FC91309728
:103A300051F00280F381E02D309729F08085829546
:103A40008F7090E0089590E080E008950F931F93A9
:103A5000CF93DF9300D000D01F921F92CDB7DEB777
:103A600081E028960FB6F894DEBF0FBECDBFDF9180
:103A7000CF911F910F910895FC0173836283089584
:103A800090E080E0089560E97DE0811102C06BE87C
:103A90007DE080ED92E10D94F93EDC0155962C918C
:103AA0005597273781F4ED91FC91008CF18DE02D35
:103AB00019956EE579E080ED92E10F94F93E80ED85
:103AC00092E10D948D3D0895DC011496ED91FC91E9
:103AD000309771F090859F70923039F0953041F4B5
:103AE000CF010F94470990E0089581E090E0089598
:103AF00090E080E00895CF93DF93EC017B836A83AD
:103B000061157105B1F01D821C821F821E82FB01AE
:103B100084819581009769F0FC0120852F70263003
:103B200041F49D838C8363EC7CE00F94D5079F83E5
:103B30008E83DF91CF91089565E0FC0182819381AE
:103B40000F948708009749F0FC018085982F907F9B
:103B500021F082958F7090E0089590E080E00895C4
:103B6000EF92FF920F931F93CF93DF93611571052F
:103B700011F480E090C0EB018C0188858F70823059
:103B800009F442C08430A9F76BEE79E080ED92E150
:103B90000F94F93E4AE050E0F801638180ED92E134
:103BA0000F94B03D65E675E080ED92E10F94E33E41
:103BB00069857A8580ED92E10F94E33E80ED92E194
:103BC0000F948D3DF801E080F180E114F10489F259
:103BD0006AE675E0C7010F94D5078C01009749F29A
:103BE000FC0180858F70863021F669857A856115A4
:103BF000710509F44CC0FB018081882309F447C09A
:103C0000C8010F94D50742C06EED79E080ED92E1D6
:103C10000F94F93E4AE050E0F801638180ED92E1B3
:103C20000F94B03D65E675E080ED92E10F94E33EC0
:103C300049855A856B857C852AE030E080ED92E1EC
:103C40000F94523E80ED92E10F948D3DF801E0809B
:103C5000F180E114F10409F48CCF6AE675E0C70144
:103C60000F94D5078C01009709F483CFFC01808560
:103C70008F708550823008F07CCF6985862F9A85B9
:103C8000892B29F06150C8010F9487087C01F80145
:103C9000F286E18681E0DF91CF911F910F91FF9035
:103CA000EF9008950D943E6A0D943E6AEF92FF9254
:103CB0000F931F93CF93DF930097C1F0FC012081F6
:103CC0002223A1F08C018DE5E82E8FE0F82EC1E0D3
:103CD000D0E0B701C8010F94DB6B892B49F0219626
:103CE000F5E0EF0EF11CCE30D10599F7D0E0C0E041
:103CF000CE01DF91CF911F910F91FF90EF9008952A
:103D0000FC0173836283672B11F00C943AD1089500
:103D10001F93CF93DF93FC01162FC389D489818928
:103D200092899C012F5F3F4F328B218BC80FD91F87
:103D3000CE010F94F472181721F0612FCE010F9469
:103D4000FC7281E090E0DF91CF911F910895FC011A
:103D500081899289248535858217930740F42389C8
:103D60003489820F931F0F94F47290E008958FEFBF
:103D70009FEF08958F929F92AF92BF92CF92DF9262
:103D8000EF92FF920F931F93CF93DF93E0913B1439
:103D9000F0913C14309709F467C0812EF02E932ED9
:103DA000C22EA52ED42EB72EE62EBC01CF010F9425
:103DB000D507EC01892B19F481E090E057C0888584
:103DC0008F708530C9F760E0CE010F9487088C01B1
:103DD00061E0CE010F948708FC01C185D285D8012E
:103DE00019962D913C912130310561F13CF46F2DF4
:103DF000CE01232B09F70F948F57DECF22303105E8
:103E000031F127303105C1F6892BB1F280858F70F1
:103E1000853091F6C681D781209771F288858F70A1
:103E2000843061F40F2D182D2C2D392D4D2D5A2D48
:103E30006E2D7B2D89859A850E94BA1E0A80DB81B2
:103E4000C02DEACF6F2DCE0103960F948F576E2DA4
:103E5000CE010F948F576D2DCE0101960F948F5781
:103E60006C2DCE010296C7CF90E080E0DF91CF911C
:103E70001F910F91FF90EF90DF90CF90BF90AF9088
:103E80009F908F9008954F925F926F927F928F9242
:103E90009F92AF92BF92CF92DF92EF92FF920F93D9
:103EA0001F93CF93DF9380915E0D90915F0D892BCF
:103EB00009F4A0C0E0905D0DF12CF594E794F59421
:103EC000E79488248394912CD0E0C0E0AA24A394A2
:103ED000B12CEC16FD0609F48DC025010C2E02C094
:103EE000440C551C0A94E2F7052C000C6608770870
:103EF0006401A4E0CA0ED11CC40160E0209142021A
:103F000030914302AC012817390720F44091420256
:103F10005091430220912F1430913014240F351FFB
:103F2000F901A08140915E0D50915F0DFC01319728
:103F3000E40FF51F20812A17B1F040911B0D50911D
:103F40001C0D60911D0D70911E0D44295529662987
:103F5000772940931B0D50931C0D60931D0D70939A
:103F60001E0DA08361E001968C159D0539F6662330
:103F7000F1F18091600D9091610D009751F1DC019C
:103F800018962C912F70253021F56C2F0F948708EF
:103F9000FC0190859F709430E1F4818592850097B3
:103FA000C1F040915E0D50915F0DFE01EE0FFF1FBD
:103FB000EE0FFF1FE40FF51F038110E0228130E0B8
:103FC000840E951ED4014C9150E0608170E00E94F7
:103FD000BA1E4FEF5FEFBA0180E00F94095E609365
:103FE0001F0D7093200D8093210D9093220D21962B
:103FF00046016FCFDF91CF911F910F91FF90EF900E
:10400000DF90CF90BF90AF909F908F907F906F90F8
:104010005F904F900895CF93DF9300D000D01F9210
:104020001F92CDB7DEB7FC01628398E0DE011196E6
:1040300001900D929A95E1F729813A814B815C813B
:104040006D817E818F81988528960FB6F894DEBFAA
:104050000FBECDBFDF91CF910895CF93DF9300D0F6
:1040600000D01F921F92CDB7DEB7FC01608398E0AD
:10407000DE01119601900D929A95E1F729813A811E
:104080004B815C816D817E818F81988528960FB6EA
:10409000F894DEBF0FBECDBFDF91CF910895CF93CF
:1040A000DF9300D000D01F921F92CDB7DEB7FC0186
:1040B0009181907F9A60918344835583668377834F
:1040C00088E0DE01119601900D928A95E1F7298131
:1040D0003A814B815C816D817E818F8198852896A4
:1040E0000FB6F894DEBF0FBECDBFDF91CF9108951C
:1040F000CF93DF9300D000D01F921F92CDB7DEB7D1
:10410000FC016F3F710519F014F06FEF70E077FD5F
:1041100060E09181892F8F7081508230C8F4648370
:1041200088E0DE01119601900D928A95E1F72981D0
:104130003A814B815C816D817E818F819885289643
:104140000FB6F894DEBF0FBECDBFDF91CF910895BB
:10415000907F91609183E3CFCF93DF93CDB7DEB7AC
:1041600060970FB6F894DEBF0FBECDBF19821A82DA
:104170001B821C821D821E821F8218868A81807F7C
:104180008A836FEF70E0CE0101960E9478206096DE
:104190000FB6F894DEBF0FBECDBFDF91CF9108956B
:1041A000CF92DF92EF92FF92DC01362F1196EC91C5
:1041B0001197EF70EC3008F0B6C0F0E08827EC51B2
:1041C000FF4D8F4F0D94917396211C211C2193213B
:1041D000932193216121232193219321F020F02029
:1041E00014968D919D910D90BC91A02D662399F010
:1041F000B7FD9FC08F3F9105A105B10529F024F0BF
:104200008FEF90E0A0E0B0E02FEF30E0A901481B75
:10421000590BCA010CC0B7FD89C08F3F9105A1059C
:10422000B10529F024F08FEF90E0A0E0B0E0FF901E
:10423000EF90DF90CF90089514962C91822F90E00C
:104240006623A9F3E1CF1496CD90DD90ED90FC901C
:104250001797662301F120E030E0A901C701B601FC
:104260000F94D07187FD65C020E030E04FE753E444
:10427000C701B6010F94D87418160CF457C0A701E3
:10428000960160E070E08FE793E40F94C3730F949E
:10429000A274CB01CCCF20E030E0A901C701B60168
:1042A0000F94D07187FD42C020E030E04FE753E427
:1042B000C701B6010F94D8741816DCF1C701B60116
:1042C000E6CF14966D917D918D919C911797332334
:1042D000B1F06D395FEF75078507950754F16115EA
:1042E00024E67207810591050CF52CE93FEF4FEFAD
:1042F0005FEF0F943C73C90181509F4F98CF6D3988
:104300004FEF7407840794078CF0611554E6750726
:104310008105910574F424E630E040E050E00F940C
:104320003C73C90184CF8FEF9FEF81CF90E080E095
:104330007ECF8FEF90E07BCFDC011196EC9111974F
:10434000EF70E150EB3008F039C0F0E08827E45519
:10435000FE4D8F4F0D949173CF21CF21DE21B721D8
:10436000B721C021D721D721D721B721B721149652
:104370006D917D918D919C9117970F94D7710895B0
:1043800014966D917D918D919C91179724E630E064
:1043900040E050E00F943C73CA01B901EECF14968F
:1043A0006C9170E090E080E00F94D57108951496C0
:1043B0006D917D918D919C911797089560E070E0CB
:1043C000CB010895DC011196EC911197EF70E1504B
:1043D000EB3008F037C0F0E08827EE50FE4D8F4FED
:1043E0000D949173042204222222FD21FD21132227
:1043F0000A220A220A22FD21FD2114966D917D9147
:104400008D919C911797089514966C9170E090E0AF
:1044100080E0089514966D917D918D919C911797F0
:104420000F94A274089514966D917D918D919C9135
:10443000179724E630E040E050E00F943C73CA0147
:10444000B901089560E070E0CB0108958F929F92CA
:10445000AF92BF92CF92DF92EF920F931F93CF93C1
:10446000DF9300D000D01F921F92CDB7DEB7098333
:104470001A832B833C834D835E836F837887DC01B3
:1044800012962D913C9121153105A1F490E080E028
:1044900028960FB6F894DEBF0FBECDBFDF91CF9147
:1044A0001F910F91EF90DF90CF90BF90AF909F90B2
:1044B0008F9008958C01C9010F944709C82ED12C03
:1044C000B6E0CB16D10464F40F94170EBC01F801CA
:1044D000828193810F94240EFFEFCF1ADF0AF0CF71
:1044E00065E0D80112968D919C910F9487086C011C
:1044F000892B61F28981803148F6CE0101960E94B4
:10450000E221161617061806190644F4F6018085EE
:10451000982F9D7039F18F70873021F1D601189650
:104520008C9118978F7018968C936FE77AE080EDD6
:1045300092E10F94F93ED8011296ED91FC916081C1
:10454000718180ED92E10F94E33E65E77AE080EDC2
:1045500092E10F94F93E80ED92E10F948D3D81E060
:1045600090E096CF0F947C1D4B015C01CE0101962B
:104570000E94E221860E971EA81EB91EF6018186B2
:104580009286A386B48682E0E11087E099819295B5
:10459000907F892BD60118968C9368E67AE080ED9F
:1045A00092E10F94F93ED8011296ED91FC91608151
:1045B000718180ED92E10F94E33E62E67AE080ED56
:1045C00092E10F94F93ECE0101960E94E221AB01E7
:1045D000BC012AE030E080ED92E10F94523E6EE59E
:1045E0007AE0B5CFDC011196EC911197EF70E150B4
:1045F000EB3008F03EC0F0E08827EE5FFC4D8F4FB7
:104600000D9491731823182339230D230D2332237E
:104610002323232323230D230D2314962D913D9132
:104620004D915C911797A4E6B0E00F945B730895E9
:1046300014966C9184E6689FB0011124072E000C3B
:10464000880B990B089520E030E048EC52E4149672
:104650006D917D918D919C9117970F9436720F9467
:10466000A274089514966D917D918D919C911797E8
:10467000089560E070E0CB010895FC01A7812A2F26
:104680002E7FC9F081818F7081508330A0F4A69570
:10469000A150BB0B2BE531E00F94A87324E630E06A
:1046A00040E050E00F943C73DA01C90187569F4FF8
:1046B000AF4FBF4F08958FEF9FEF08952F923F9216
:1046C0004F925F926F927F928F929F92AF92BF9222
:1046D000CF92DF92EF92FF920F93CF93DF9300D0B0
:1046E0001F92CDB7DEB77C017A8369835C834B83ED
:1046F0006901DB011C92FC0160818FEF860F89311B
:1047000008F04FC034FF4DC0FAE06F9FB001112494
:10471000665E7C4ECD010F94126CD70111968C9180
:104720008F7051F0D5FE08C04B815C8161ED76E061
:1047300089819A810F940E78E981FA810190002095
:10474000E9F7319729813A81E21BF30B19012E0E0B
:104750003F1E4B815C814E1B5F0B415051095C83B6
:104760004B83D7011196EC911197EF7009F4F7C0C4
:10477000D5FEF5C0E150EC3008F0F1C0F0E088273C
:10478000EB53FC4D8F4F0D949173D4237724E42485
:1047900043255E252224F424F424F4241024F82351
:1047A0007A2529803A80DDCFF7018481282F30E0F7
:1047B00050E040E0002359F030E0A4E6B0E00F9470
:1047C0006E732FEF30E040E050E00F943C735F9346
:1047D0004F933F932F938EE695E09F938F93FC81A9
:1047E000FF932B812F933F922F920F944678B2C064
:1047F00017968C9117978F9316968C9116978F9387
:1048000015968C9115978F9314968C918F9381E7C1
:1048100095E09F938F93BC81BF93EB81EF93E3CFA0
:1048200017968C9117978F9316968C9116978F9356
:1048300015968C9115978F9314968C918F9385E78D
:1048400095E0E7CF1496CD90DD90ED90FC90179712
:10485000F7FE34C084E6882E912CA12CB12CC70120
:10486000B601A50194010F943C739B01AC0188270C
:104870009927DC01821B930BA40BB50BBF93AF935D
:104880009F938F9366277727CB016C197D098E093B
:104890009F09A50194010F943C735F934F933F933D
:1048A0002F9389E795E09F938F933C813F934B81B2
:1048B0004F933F922F920F9446784CC0C701B60198
:1048C00024E630E040E050E00F943C739F938F93D8
:1048D0007F936F935F934F933F932F938AE795E076
:1048E0009F938F939C819F93AB81AF93E2CFC7013E
:1048F0000E943D23BC01D7011696CC9016971796BF
:10490000DC901797D0FADD24D0F814969C91149778
:104910001596FC90EB80BC80292F30E050E040E001
:1049200077FD35C0011135C07F936F931F921F92A1
:104930001F929F931F92FF92DF92CF9283E895E0A0
:104940009F938F93FC81FF932B812F933F922F9204
:104950000F9446780FB6F894DEBF0FBECDBF8981A5
:104960009A810F900F900F900F90DF91CF910F9140
:10497000FF90EF90DF90CF90BF90AF909F908F907F
:104980007F906F905F904F903F902F9008950023FD
:1049900061F0292F30E0A4E6B0E00F946E732FEFA2
:1049A00030E040E050E00F943C735F934F933F93AF
:1049B0002F931F92FF92DF92CF9286E895E09F930C
:1049C0008F93BF92EF9275CF15968C9115971F928A
:1049D0008F9316969C91169717968C9181708F9352
:1049E0009F9389E895E015CF14968D909D90AD909A
:1049F000BC90179720E030E0A901C501B4010F94E5
:104A0000D0712401350187FF04C077FA709477F8DC
:104A10007094C301B2010F94A2746B01072E000CB5
:104A2000880B990B0F94D7719B01AC01C301B201A4
:104A30000F94C37320E030E04AE754E40F943672D9
:104A40000F942D750F94A274062F772E20E030E07E
:104A5000A901C501B4010F94D07187FF07C07F92EF
:104A60000F93DF92CF928FE895E0D3CE7F920F9392
:104A7000DF92CF9280E995E09F938F933C813F93A3
:104A80004B814F93B0CE14968C9114971F928F93B5
:104A900015968C9115971F928F9316968C911F9255
:104AA0008F9386E895E09F938F93BC81BF93EB81B2
:104AB000EF933F922F920F9446784CCF17968C919C
:104AC00017971F928F9314968C9114971F928F9320
:104AD00015968C9115971F928F9316968C911F9215
:104AE0008F9383E895E09F938F93BC81BF93EB8175
:104AF000EF93DFCE14966D917C914B815C81C10167
:104B00000F942C782CCFEF92FF920F93CF93DF93DB
:104B1000CDB7DEB7A0970FB6F894DEBF0FBECDBFFE
:104B20007C0100E020E030E340E250E0BE016F5F36
:104B30007F4F0E945E23BE016F5F7F4F80ED92E149
:104B40000F94E33E65E274E180ED92E10F94F93E4B
:104B5000F70161816F704AE050E080ED92E10F94BF
:104B6000B03D6EE174E180ED92E10F94F93E4AE0D0
:104B700050E0F701628180ED92E10F94B03D80ED4D
:104B800092E10F948D3DA0960FB6F894DEBF0FBE54
:104B9000CDBFDF91CF910F91FF90EF900895CF930C
:104BA000DF93EC016115710539F48F8181708F837A
:104BB00081E0DF91CF9108958981982F9F7029F12D
:104BC00080E09430B0F79B01770F440B550B2959C7
:104BD000310941095109A4E6B0E00F945B732BE55C
:104BE00031E040E050E00F943C7337FF02C030E00A
:104BF00020E02536310514F024E630E02F5F220F47
:104C00008F818170282B2F83D3CF807F826089830F
:104C1000DACFFC019181892F8F7021F0823029F049
:104C200080E00895907F926091839B0177FF02C09E
:104C300030E020E02E3681E0380714F02DE631E038
:104C40002683878130FB80F9878381E00895EF9286
:104C5000FF920F931F93CF93DF93FC01892B69F190
:104C60009081992351F19D3291F180ED890F8A3025
:104C700070F1C8E0D0E0953211F1CEEFDFEF9B3755
:104C8000F1F0C7E1D0E09332D1F08F0184E2E82E59
:104C900083E1F82EC1E0D0E0C7010F94EB6BAC01CB
:104CA000B701C8010F94046C892B49F021968AE062
:104CB000E80EF11CCA31D10579F7CFEFDFEFCE0155
:104CC000DF91CF911F910F91FF90EF900895D0E069
:104CD000C0E0F5CFEF92FF920F931F93CF93DF9336
:104CE000EC01892B51F188858F70843009F5E984B6
:104CF000FA84C7010E9427268C0118161906ECF4C5
:104D0000C7010F947446C801012E000CAA0BBB0BFF
:104D100089879A87AB87BC878885807F82608887F0
:104D2000C801DF91CF911F910F91FF90EF900895EF
:104D3000823019F409851A85F3CF10E000E0F0CF36
:104D40002F923F924F925F926F927F928F929F929B
:104D5000AF92BF92CF92DF92EF92FF920F931F9389
:104D6000CF93DF93CDB7DEB7A2970FB6F894DEBF2F
:104D70000FBECDBF6115710549F528E0FC01DE01CC
:104D8000119601900D922A95E1F729813A814B8184
:104D90005C816D817E818F819885A2960FB6F89493
:104DA000DEBF0FBECDBFDF91CF911F910F91FF905E
:104DB000EF90DF90CF90BF90AF909F908F907F90BB
:104DC0006F905F904F903F902F9008956B018C01F2
:104DD0006EEE76E0C6010F94D507FC01892B09F42D
:104DE00013C180858F70843009F457C0853009F075
:104DF0000BC1E680F780E114F10409F405C1D70185
:104E000018968C9118978F70823019F41296ED9045
:104E1000FC90E114F10409F4F7C0F70180858F706C
:104E2000853011F0D701F2CFC7010F9447098230C6
:104E3000C9F760E0C7010F9487085C010E946A26E9
:104E400061E0C7010F9487084C01FC0180858F70D9
:104E5000823041F7C8010E94E221D40119964D9099
:104E60005D906D907C901C9764157505860597057F
:104E7000C9F6A114B10409F4C7C019821A821B82B1
:104E80001C821D821E821F8218868A81807F8A83EF
:104E9000F5016185CE0101964EC066EC7BE081850F
:104EA00092850F94FE77892B09F0AEC0C8010E944D
:104EB000E221611571058105910509F48BC0660F2A
:104EC000771F881F991F2FEF30E040E050E00F94CC
:104ED0003C7357FD15C023303105410551050CF0D9
:104EE0005FC0DA01C9010196A11DB11D8230910593
:104EF000A105B105D9F10397A105B10509F450C089
:104F000019821A821B821C821D821E821F821886B1
:104F10008A81807F8A8367E0CE0101960E940B2000
:104F200029873A874B875C876D877E878F87988B29
:104F300062E1CE0109960E942D20298B3A8B4B8B82
:104F40005C8B6D8B7E8B8F8B988F49895A896B898F
:104F50007C898D899E89AF89B88D49835A836B83FB
:104F60007C838D839E83AF83B8870FCF19821A828B
:104F70001B821C821D821E821F8218868A81807F6E
:104F80008A8367E0CE0101960E940B2029873A8729
:104F90004B875C876D877E878F87988B61E1C9CF50
:104FA00019821A821B821C821D821E821F82188611
:104FB0008A81807F8A8367E0CE0101960E940B2060
:104FC00029873A874B875C876D877E878F87988B89
:104FD00060E1AFCF19821A821B821C821D821E8261
:104FE0001F8218868A81807F8A8367E0CE010196BE
:104FF0000E940B2029873A874B875C876D877E87C5
:105000008F87988B62E095CF68E975E0C6010F94B1
:10501000D5077C01009709F4F6C0DC0118968C9145
:105020008F70853009F0ECC0C7010F9447098430B8
:1050300008F4E9C060E0C7010F9487085C0161E0F3
:10504000C7010F9487083C0162E0C7010F948708ED
:10505000DC0119962D913D914D915C911C97298F02
:105060003A8F4B8F5C8F63E0C7010F9487084C0128
:1050700065E0C7010F9487086C0167E0C7010F94D2
:1050800087087C01C8010E94E221298D3A8D4B8D51
:105090005C8D621773078407950794F4D601CD28B9
:1050A000E9F419821A821B821C828A81807F8A839A
:1050B00049815A816B817C8180E090E0DC014DCF99
:1050C000F40121843284438454842616370648062A
:1050D000590604F5E114F10421F3D70118968C91D7
:1050E00018978F708230E9F619821A821B821C820F
:1050F0001D821E821F8218868A81807F8A8319966C
:105100004D915D916D917C911C97CE0101960E940D
:105110004F2013CFF5010184F285E02DFE8FED8F36
:10512000D30119966D907C9019821A821B821C8281
:105130001D821E821F8218868A81807F8A83930146
:10514000072C000C440B550B2F8F38A349A35AA3EF
:105150006F01FF0FEE08FF08498D5A8D4A01550F68
:10516000AA08BB08C8010E94E2219B01AC012819D2
:1051700039094A095B096F8D78A189A19AA16C1937
:105180007D098E099F090F940A739101032C000C6D
:10519000440B550B281939094A095B090F943C73D4
:1051A000C20ED31EE41EF51EC301AD8DBE8D8A1B3B
:1051B0009B0BB101E98DFA8D6E1B7F0B0F947D73F4
:1051C00077FF02C06F5F7F4F75956795CB01770FB3
:1051D000AA0BBB0B8C0D9D1DAE1DBF1D40E050E00A
:1051E000BA01B7FD92CF4F8D58A169A17AA184175A
:1051F0009507A607B7070CF088CFAC01BD0185CF96
:10520000882309F44ECFD8014D915D916D917C9129
:10521000139714968D919D910D90BC91A02D9DCECC
:105220002F923F924F925F926F927F928F929F92B6
:10523000AF92BF92CF92DF92EF92FF920F931F93A4
:10524000CF93DF93CDB7DEB765970FB6F894DEBF87
:105250000FBECDBF6115710549F528E0FC01DE01E7
:10526000119601900D922A95E1F729813A814B819F
:105270005C816D817E818F81988565960FB6F894EB
:10528000DEBF0FBECDBFDF91CF911F910F91FF9079
:10529000EF90DF90CF90BF90AF909F908F907F90D6
:1052A0006F905F904F903F902F9008953B018C013D
:1052B0006EEE76E0C3010F94D5076C01D801FC9027
:1052C000FF2009F45AC0009709F457C0FC018085FB
:1052D0008F70843009F4DEC0853009F04EC08091B3
:1052E0004502893020F480914402893050F06CE905
:1052F00075E080ED92E10F94E33E80ED92E10F9432
:105300008D3DD6011696ED90FC90E114F104A9F1C3
:10531000F70180858F705701823069F0B12CA12C84
:10532000E114F10409F436C1D70118968C918F70FD
:10533000853021F0F701E280F380F2CFC7010F94AE
:1053400047098230B9F760E0C7010F9487080E94CF
:105350006A264C0161E0C7010F9487086C01D801EF
:105360008C918815190431F7F60180858F70823091
:1053700009F7C114D10409F017C168E975E0C30148
:105380000F94D5077C01D80111968C918F7009F488
:105390003BC1E114F10409F43BC1F70180858F7032
:1053A000853009F0D0C1C7010F944709843008F453
:1053B000CAC164E0C7010F9487086C0166E0C701A9
:1053C0000F9487081C01C8010E94E2214B015C0177
:1053D00060E0C7010F948708DC0119964D905D903D
:1053E0006D907C901C97B0914502B98B8414950404
:1053F000A604B7040CF016C1B93020F48091440221
:10540000893050F16AEF72E180ED92E10F94F93E3C
:10541000C8010E94E221AB01BC012AE030E080ED2E
:1054200092E10F94523E64EE72E180ED92E10F94AE
:10543000F93E60E0C7010F948708FC014185528561
:10544000638574852AE030E080ED92E10F94523E4E
:1054500080ED92E10F948D3DC114D10409F479C11E
:10546000D60118968C9118978F70823009F071C10F
:1054700019821A821B821C821D821E821F8218863C
:105480008A81807F8A8319964D915D916D917C917F
:105490001C9743C066EC7BE0818592850F94FE7774
:1054A000892B09F06ACFB0E1FB1609F463C0BF1580
:1054B00080F0E2E0FE1619F1D8014D915D916D91F9
:1054C0007C91139714968D919D910D90BC91A02D78
:1054D00038C0F1E1FF16F1F122E1F212EDCF1982AD
:1054E0001A821B821C821D821E821F8218868A815C
:1054F000807F8A8344E150E060E070E00EC0198252
:105500001A821B821C821D821E821F8218868A813B
:10551000807F8A8340E050E0BA01CE0101960E946C
:105520004F2029873A874B875C876D877E878F87D7
:10553000988B49855A856B857C858D859E85AF8541
:10554000B88949835A836B837C838D839E83AF8321
:10555000B8878BCE19821A821B821C821D821E8202
:105560001F8218868A81807F8A8340E850E060E04D
:1055700070E0D3CF19821A821B821C821D821E8288
:105580001F8218868A81807F8A834FEF50E060E017
:1055900070E0C3CFA114B10409F4EFCEF50180850A
:1055A0008F7009F4EACE650180914502893020F4BC
:1055B000809144028930B8F066E073E180ED92E1B9
:1055C0000F94F93ED60119964D915D916D917C91A4
:1055D0001C972AE030E080ED92E10F94523E80ED7E
:1055E00092E10F948D3D19821A821B821C821D82CA
:1055F0001E821F8218868A81807F8A83F6014185F8
:1056000052856385748589CFE114F10409F09BC04C
:10561000F801408151816281738184819581A681E5
:10562000B7818FCF61E0C7010F948708DC0119961D
:105630002D913D914D915C911C972A8B3B8B4C8B0E
:105640005D8B281539054A055B053CF5B989B930EC
:1056500020F480914402893050F066EC72E180EDD4
:1056600092E10F94F93E80ED92E10F948D3D21146B
:10567000310409F46EC0F10180858F70823009F029
:1056800068C019821A821B821C821D821E821F82A0
:1056900018868A81807F8A83B2CF63E0C7010F9426
:1056A00087088C0162E0C7010F948708DC01199616
:1056B000CD90DD90ED90FC901C97F801218532850E
:1056C000438554852C193D094E095F09C501B40174
:1056D00064197509860997090F940A732A893B8909
:1056E0004C895D8924193509460957090F943C7383
:1056F000C20ED31EE41EF51EF989F93020F4809104
:105700004402893090F061EB72E180ED92E10F94F8
:10571000F93E2AE030E0B701A60180ED92E10F9456
:10572000523E80ED92E10F948D3D19821A821B82C8
:105730001C821D821E821F8218868A81807F8A8336
:10574000B701A601EACED70118968C918F7009F0A7
:105750005FCF19821A821B821C828A81807F8A8392
:1057600049815A816B817C8180E090E0DC01E9CE47
:105770000F931F93CF93DF93EC01088119816FE2A0
:1057800070E0C8010F943B78009749F0FC0111923A
:10579000CF01DF91CF911F910F910C94561EC8013C
:1057A0000E94561E009711F019821882DF91CF9146
:1057B0001F910F910895DC011296ED91FC913097A5
:1057C00029F090859F7081E0953009F080E0089580
:1057D0008F929F92AF92BF92CF92DF92FF920F93E0
:1057E0001F93CF93DF93EC018A819B810F9447092C
:1057F000082F10E00430110554F40F94170EBC016B
:105800008A819B810F94240E0F5F1F4FF3CFEA8193
:10581000FB81068117810115110531F0D80112961F
:105820008D919C919D838C83EC81FD81309721F03B
:10583000828193819F838E83EE81FF81309749F02F
:105840000280F381E02D309721F082819381998746
:1058500088870115110541F0F80180858F7084302B
:1058600059F128F4823071F0FF24FA940CC085308D
:1058700001F18630C9F76AEA75E0C8010F94D507CF
:105880008C01E7CFF184FA86CE010E94DB2B8111D7
:1058900038C010E000E01C870B87DF91CF911F918B
:1058A0000F91FF90DF90CF90BF90AF909F908F901F
:1058B000089506811781CDCFC184D284C114D1044B
:1058C00099F2F6018081882379F292E4892E91E1A0
:1058D000992EB12CA12CFA2CC4010F94EB6BAC01C6
:1058E000B401C6010F94046C892BB9F1FFEFAF1A14
:1058F000BF0A89E0880E911CA8E1AA16B10459F7E5
:10590000B3CFCE010F942C0D8C010097B1F0FC01A8
:1059100082819381892B39F08F2D0F94420E8C0157
:10592000892B09F4B6CFD801ED91FC910684F78557
:10593000E02DBE01C8011995AECF8F2D0F94420EF8
:105940008C01892B09F4A5CFEA85F0E0EE0FFF1F4B
:10595000E15FFC4E11830083E6CFC6010F947446CD
:105960008A2D90E0B0E0A0E0F80181879287A387BC
:10597000B4878085807F8260808785CFEF92FF9299
:105980000F931F93CF93DF93EC017B01888599855B
:10599000892BA9F48A819B810F944709082F10E075
:1059A0000530110564F40F94170E99878887BC01A0
:1059B0008A819B810F94240E0F5F1F4FF1CFE885E2
:1059C000F9853097D9F08085982F9F70A9F4807F52
:1059D00082608087E885F985118612861386148691
:1059E000E885F985F782E682C701DF91CF911F91A3
:1059F0000F91FF90EF900895923061F3F12CE12C1C
:105A0000F3CFCF92DF92EF92FF920F931F93CF933A
:105A1000DF93EC016A017B0188859985892BA9F4C4
:105A20008A819B810F944709082F10E005301105EA
:105A300064F40F94170E99878887BC018A819B8133
:105A40000F94240E0F5F1F4FF1CFE885F985309733
:105A500081F08085982F9F7051F4807F82608087CD
:105A6000E885F985C186D286E386F48602C0923045
:105A7000B9F3DF91CF911F910F91FF90EF90DF90DD
:105A8000CF900895FC0180859185009799F0FC01E5
:105A900020852F70223029F4618572858385948555
:105AA0000895253039F460E00F948708009711F0CD
:105AB000FC01F2CF60E070E0CB0108950F931F93DB
:105AC000CF93DF93FC01C481D5812097C9F18B016D
:105AD00088858F70853021F5CE010F944709801796
:105AE000110671F16CF1602FCE010F948708FC0153
:105AF000892B31F180858F70823039F46185728510
:105B0000838594850F94D77106C08330C9F461856D
:105B1000728583859485DF91CF911F910F910895B0
:105B2000672B71F4823029F469857A858B859C8591
:105B3000E9CF833029F469857A858B859C85EBCF05
:105B400060E070E0CB01E7CF0F931F93CF93DF931B
:105B5000FC01C481D5812097F9F088858F7082304F
:105B600049F4672BC9F489859A85DF91CF911F91FC
:105B70000F910895853081F48B01CE010F94470970
:105B80008017110649F044F0602FCE010F9487086A
:105B9000FC0181859285E9CF90E080E0E6CF0F930C
:105BA0001F93CF93DF93FC017383628361157105AB
:105BB00069F18B01EC01168270E060E0C8010E947F
:105BC000A42D97FD28C09D838C838C819D81009797
:105BD00019F08634910524F080E290E09D838C8357
:105BE00061E070E0C8010E945E2D20E030E04AE7ED
:105BF00054E40F9436720F94A974611571058105F0
:105C0000910589F06F83788789879A87DF91CF9193
:105C10001F910F9108959195819591099D838C8392
:105C200081E08E83D2CF88E893E1A0E0B0E08F835B
:105C30009887A987BA87EACF0F931F93CF93DF93F3
:105C4000EC017B836A836115710529F18B01CB011E
:105C50000E94C01B9D838C8384ED9EE098878F8378
:105C6000C8010E94641D892B89F070E060E0C801C2
:105C70000E94A42D8E83882329F0823039F481E795
:105C80009FE002C083E392E198878F83DF91CF91F9
:105C90001F910F9108951D821C82F8CF0F931F93BF
:105CA000CF93DF93EC018B017B836A8370E060E02C
:105CB000C8010E94A42D97FD0CC09D838C83C80150
:105CC0000E94641D9F838E83DF91CF911F910F915E
:105CD0000895919581959109F0CF0F931F93CF93DC
:105CE000DF93EC018B010E944E2E012B39F0CE0187
:105CF000DF91CF911F910F910C9405D1DF91CF913E
:105D00001F910F910895CF92DF92EF92FF926A0157
:105D10007B0163E0FC01828193810F948708FC0181
:105D2000892BA9F080858D7091F4C094D094E09473
:105D3000F094CC24CA9481859285A385B4858C2166
:105D40009D21AE21BF2181879287A387B487FF90D1
:105D5000EF90DF90CF900895CF92DF92EF92FF9275
:105D60006A017B0163E0FC01828193810F948708C3
:105D7000FC01892BA9F09085892F8D7089F4907F83
:105D800092609087CC24FF24418552856385748579
:105D90004C295D296E297F29418752876387748743
:105DA000FF90EF90DF90CF900895CF92DF92EF9227
:105DB000FF926A017B0163E0FC01828193810F9471
:105DC0008708009791F0FC0120852F70223069F43C
:105DD00061857285838594856C217D218E219F212B
:105DE000FF90EF90DF90CF90089560E070E0CB01DE
:105DF000F7CF2F923F924F925F926F927F928F9246
:105E0000AF92BF92CF92DF92EF92FF920F931F93C8
:105E1000CF93DF93CDB7DEB7C457D1090FB6F8944F
:105E2000DEBF0FBECDBF3C01AE960FAFAE97AF96B3
:105E30001FAFAF97E0962FAFE097E1963FAFE197A6
:105E4000E2964FAFE297E3965FAFE397E4966FAFCA
:105E5000E497E5967FAFE59723961FAE1EAE239796
:105E6000FE01ED5BFF4F82E1DF011D928A95E9F7AC
:105E70007296119211928EE0DF011D928A95E9F7D8
:105E80006FEA75E080ED92E10F94E33EB50180ED9D
:105E900092E10F94E33E61ED76E080ED92E10F94A4
:105EA000E33ECE0183599F4F0E948325D4FE2CC030
:105EB000AE96EFADAE97E83108F06BC1F0E0882701
:105EC000EB59F04D8F4F0D949173CF307D2FC6302D
:105ED000C930C930C6307D2FC930C930C930C9304A
:105EE000C930C930C9307D2F7D2FC930C930C93084
:105EF0007D2F7D2F7D2F7D2FCF3064ED7FE0CE0174
:105F00008B5A9F4F0F94E46B0F94F307882309F487
:105F10001DC18091D00E811119C1A114B10409F0E5
:105F20005FC030E020E043E050E060E4CE01019645
:105F30000E9495CDD3011296ED91FC916081718103
:105F40004FE350E0CE0101960F940E78D5FE2AC1A2
:105F5000AE968FADAE97823009F424C1853009F436
:105F600021C1AF968FADAF978F709FE0980F9F7054
:105F7000923018F0883009F015C101E020E030E2DD
:105F800044E150E0BE016F5B7F4FCE0183599F4FCC
:105F90000E945E23482DBE016F5B7F4FCE010196AC
:105FA0000F94191E6AEA7FE080ED92E10F94F93EAA
:105FB000BE016F5F7F4F80ED92E10F94E33E67EA91
:105FC0007FE080ED92E10F94F93EBE016F5B7F4F61
:105FD00080ED92E10F94E33E80ED92E10F948D3DD0
:105FE000AF968FADAF978F7016012701222433240F
:105FF000B0E14B225524882311F0D5FC06C02114B2
:1060000031044104510409F40DC130E020E043E0C3
:1060100050E060E4CE0101960E9495CDD301129626
:10602000ED91FC91608171814FE350E0CE010196CA
:106030000F940E78A114B10469F063ED78E0CE01FD
:1060400001960F94E8774FE350E0B501CE01019639
:106050000F940E7863ED78E0CE0101960F94E87707
:106060004FE350E06CE67FE0211431044104510419
:1060700079F4E0968FADE0974FE350E067E67FE07C
:10608000833031F06BE77FE0873011F062E67FE02C
:10609000CE0101960F94F46BAF968FADAF978F70D2
:1060A0008450823008F0A5C067E1CE0183599F4F2C
:1060B0000E942D20A6962FAFA697A7963FAFA79731
:1060C000A8964FAFA897A9965FAFA997AA966FAF6A
:1060D000AA97AB967FAFAB97AC968FAFAC97AD96C8
:1060E0009FAFAD9700E020E030E344E150E0BE0117
:1060F0006F5B7F4FCE0183599F4F0E945E2362E505
:106100007FE080ED92E10F94F93EBE016F5F7F4F1B
:1061100080ED92E10F94E33E6FE47FE080ED92E149
:106120000F94F93EBE016F5B7F4F80ED92E10F94BB
:10613000E33E80ED92E10F948D3D0F94F3078823A9
:1061400029F08091D00E882309F45DC0B701A60123
:10615000C3010E94AC2E90E080E0CC58DF4F0FB618
:10616000F894DEBF0FBECDBFDF91CF911F910F918D
:10617000FF90EF90DF90CF90BF90AF908F907F9087
:106180006F905F904F903F902F9008956EED7FE05D
:10619000B6CE60EB7FE080ED92E10F94F93EE8949B
:1061A000D4F8B2CED4FE1CCF66968FAD6697882306
:1061B00009F416CF482DBE016B5A7F4FCE010196D0
:1061C0000F94191E61EA7FE080ED92E10F94F93E91
:1061D000BE016F5F7F4F80ED92E10F94E33E6EE969
:1061E0007FE080ED92E10F94F93EBE016B5A7F4F44
:1061F000EFCE20E030E323282428252811F420E0E6
:1062000030E200E072CF482DBE016F5B7F4FCE01C0
:1062100001960F94191E40E050E260E070E0C30167
:106220000E94832ED4FE9EC0A114B10409F02FC198
:10623000AE96EFADAE97E150E63120F5F0E088275D
:10624000EB5DFE4C8F4F0D9491733F3242314231E2
:10625000423142313F3242314231423142314231A8
:106260004231423144323C324231423142313B319F
:1062700033323632393268E870E1CE018B5A9F4FA3
:106280000F94E46B30E020E043E050E060E4CE01A6
:1062900001960E9495CDD3011296ED91FC916081FB
:1062A00071814FE350E0CE0101960F940E78A11456
:1062B000B10469F063ED78E0CE0101960F94E877C0
:1062C0004FE350E0B501CE0101960F940E7863EDD7
:1062D00078E0CE0101960F94E877E0968FADE097D5
:1062E0004FE350E06BE77FE0873011F06DE57FE032
:1062F000CE0101960F94F46B69E47FE080ED92E1AA
:106300000F94F93EBE016F5F7F4F80ED92E10F94D5
:10631000E33E66E47FE080ED92E10F94F93EBE013A
:106320006B5A7F4F80ED92E10F94E33E80ED92E156
:106330000F948D3D0F94F307882309F407CF8091C4
:10634000D00E811103CF482DBE016B5A7F4FCE0175
:1063500001960F94191E40E050E160E070E0C30127
:106360000E94832ED6FE7CC040E056E060E070E0E4
:10637000C3010E94D52E672B682B692B09F494C0AA
:106380006CE470E1CE018B5A9F4F0F94E46B30E0C8
:1063900020E043E050E060E4CE0101960E9495CDFC
:1063A000D3011296ED91FC91608171814FE350E031
:1063B000CE0101960F940E78A114B10469F063ED3B
:1063C00078E0CE0101960F94E8774FE350E0B501F5
:1063D000CE0101960F940E7863ED78E0CE01019620
:1063E0000F94E8774FE350E065E87FE0CE01019637
:1063F0000F94F46B60E47FE080ED92E10F94F93E3E
:10640000BE016F5F7F4F80ED92E10F94E33E6DE33D
:106410007FE080ED92E10F94F93EBE016B5A7F4F11
:1064200080ED92E10F94E33E80ED92E10F948D3D7B
:106430000F94F307882309F489CE8091D00E81113F
:1064400085CE482DBE016B5A7F4FCE0101960F9429
:10645000191E40E050E460E070E0C3010E94832E0A
:1064600081E090E07ACE62E970E107CF6CE970E1FB
:1064700004CF66EA70E101CF60E670E1FECEF30181
:106480008285853009F0FECE66E570E1F6CE00E04B
:10649000960140E150E0BE016B5A7F4FCE01835917
:1064A0009F4F0E945E23EECE40E051E060E070E03E
:1064B000C3010E94D52E672B682B692B19F068E366
:1064C00070E160CF6EE270E15DCFAF92BF92CF928C
:1064D000EF92FF920F931F93CF93DF93CDB7DEB769
:1064E000C856D1090FB6F894DEBF0FBECDBFA29635
:1064F0000FAFA297A3961FAFA397A4962FAFA49711
:10650000A5963FAFA597A6964FAFA697A7965FAF64
:10651000A797A8966FAFA897A9967FAFA99797015D
:1065200048E0FE01EF59FF4FDE01A75ABF4F01902F
:106530000D924A95E1F7A296EFADA297E150ED30AA
:1065400008F0F9C0EC2C5C01F0E08827E555FD4C23
:106550008F4F0D94917324332E338E3399338433BC
:10656000B8321B339B339B333733493370335C333F
:106570002130310531F4C5010E949C1D009709F4BA
:1065800049C067E0CE01875A9F4F0E942D206AE4E0
:106590007AE080ED92E10F94F93E4AE050E06A968D
:1065A0006FAD6A9780ED92E10F94B03D6FE37AE0B2
:1065B00080ED92E10F94F93ECE01875A9F4F0E94E1
:1065C000E221AB01BC012AE030E080ED92E10F94C2
:1065D000523E80ED92E10F948D3D6A960FAD6A9721
:1065E0006B961FAD6B976C962FAD6C976D963FAD0C
:1065F0006D976E964FAD6E976F965FAD6F97A09645
:106600006FADA097A1967FADA197C5010E942622EC
:1066100081E090E0C859DF4F0FB6F894DEBF0FBE9F
:10662000CDBFDF91CF911F910F91FF90EF90CF9051
:10663000BF90AF900895232B29F4C5010E949C1DA3
:10664000009741F366E09ECF2130310529F4C50162
:106650000E949C1D0097F1F262E094CF232B29F455
:10666000C5010E949C1D0097A9F261E08BCF40E01C
:1066700051E060E070E0C5010E94D52E672B682BC9
:10668000692B29F4C5010E949C1D009719F26BE04B
:1066900079CF40E051E060E070E0C5010E94D52E66
:1066A000672B682B692B31F0C5010E949C1D009758
:1066B00009F4B0CF6AE066CF40E056E060E070E0F9
:1066C000C5010E94D52E611576408105910531F4F2
:1066D000C5010E949C1D009709F49CCF6CE052CF2D
:1066E00040E056E060E070E0C5010E94D52E6115E3
:1066F00076408105910531F0C5010E949C1D0097EF
:1067000009F488CF6DE03ECF232B31F4C5010E9400
:106710009C1D009709F47ECF63E034CF2130310512
:1067200031F4C5010E949C1D009709F473CF65E008
:1067300029CF64E027CF90E080E06CCFCF93C62FC5
:1067400063E0FC01828193810F948708FC01892B0F
:1067500091F09085892F8D7071F4907F9260908771
:1067600081859285A385B4858827BB278C2B81875B
:106770009287A387B487CF910895CF92DF92FF923B
:106780000F931F93CF93DF93F12C6115710509F4DB
:106790008FC06A01EB018C01CB010E94DB2BF82E2C
:1067A000882309F485C0D6FE0EC0D8018C918B30A9
:1067B00009F452C008F043C040E051E060E070E0EE
:1067C0008A3009F452C0D4FE0BC0F80160816A30EF
:1067D00020F06E3028F0693119F0CE010E949E330E
:1067E000D5FE66C0D80114964D915D916D917C9156
:1067F000179711968C918F70873030F08930C8F1DF
:106800008A50823008F45DC0CE010E94D01BEE8118
:10681000FF81309709F44CC080858F709EEF980FF0
:10682000923010F0811144C0D80111968C91982FAC
:106830009295907F80858F70892B808739C08C30AE
:1068400081F040E056E060E070E08D3009F0BBCFB1
:10685000CE010E94AC2EB7CF40E051E060E070E086
:10686000F7CF40E056E060E070E0CE010E94832E5A
:10687000AACFEE81FF813097D9F080858F709EEF8F
:10688000980F923010F0811113C0418752876387AF
:106890007487EE81FF818085807F83608087EE81B1
:1068A000FF818085982F907F8F708067903629F2C6
:1068B0008F2DDF91CF911F910F91FF90DF90CF909F
:1068C0000895CE010E94D01BF3CF63E0FC018281CA
:1068D00093810F948708009719F0FC018185089532
:1068E0008FEF0895AF92BF92CF92DF92EF92FF9217
:1068F0000F931F93CF93DF9300D000D01F921F926E
:10690000CDB7DEB76115710509F45FC05A016B019F
:106910007C01CB010E94DB2B082F882369F1D60173
:1069200016968D919C91009709F443C0FC01108547
:10693000212F2F703EEF320F323010F021112EC078
:1069400012951F70B4FE59C0C6010E946534F7014C
:106950008083112381F18181807F182B1183D601DF
:106960001696ED91FC9181859285A385B485F701FA
:1069700084839583A683B783802F28960FB6F894D7
:10698000DEBF0FBECDBFDF91CF911F910F91FF9062
:10699000EF90DF90CF90BF90AF900895253049F4ED
:1069A00060E00F948708009721F0DC0118961C9195
:1069B000C7CF10E0C7CFD6011696ED91FC91808528
:1069C0008F70823021F0833051F000E0D5CF4185C7
:1069D000528563857485C7010E944F20CDCF4185C4
:1069E000528563857485F7018181807F876081830B
:1069F0004483558366837783BFCF1123E1F2F70188
:106A0000AACF6F927F928F92AF92BF92CF92DF9276
:106A1000EF92FF920F931F93CF93DF9300D000D09C
:106A20001F921F92CDB7DEB73C016A017B0159016D
:106A300040FF03C0E894C0F8D3F8D3FC0DC00E9417
:106A400016CF663971058105910530F08091D10E20
:106A50009091D20E059729F5B701A60144275077EA
:106A600066277727C3010E94AC2E6CE27FE080EDA1
:106A700092E10F94F93E8FEF9FEF28960FB6F894AE
:106A8000DEBF0FBECDBFDF91CF911F910F91FF9061
:106A9000EF90DF90CF90BF90AF908F907F906F90EE
:106AA000089519821A821B821C821D821E821F82F7
:106AB00018868A81807F8A8340E050E3B301CE014B
:106AC00001960E94723440E050E760E070E0C3013C
:106AD0000E94D52EC62AD72AE82AF92A8824839428
:106AE00009811A812B813C814D815E816F8178857E
:106AF000C3010E94F92EC1CFCF93DF93EC0140E098
:106B000050E360E070E00E94D52EAB01BC0141155E
:106B1000510561057105A1F08091D10E9091D20EC1
:106B2000069771F430E020E0CE010E94013540E08C
:106B300050E360E070E0CE01DF91CF910C94832EA2
:106B4000DF91CF9108958F929F92AF92CF92EF9263
:106B5000FF920F931F93CF93DF9300D000D01F922B
:106B60001F92CDB7DEB74C0109831A832B833C8378
:106B70004D835E836F8378876EE479E080ED92E1E8
:106B80000F94F93ECE0101960E94832589818111DF
:106B90002FC00B81013089F140F1023019F010E073
:106BA0000530F1F5D401ED91FC91028CF38DE02DCF
:106BB00009811A812B813C814D815E816F817885AD
:106BC000C401199581E090E028960FB6F894DEBFD5
:106BD0000FBECDBFDF91CF911F910F91FF90EF902E
:106BE000CF90AF909F908F900895CC24C394DACF2C
:106BF000813071F1823009F453C061E479E080EDB5
:106C000092E10F94F93E4AE050E0698180ED92E113
:106C10000F94B03D80ED92E10F948D3D01E010E0C6
:106C200061E379E080ED92E10F94F93E4AE050E0B3
:106C3000B80180ED92E10F949A3E80ED92E10F94BD
:106C40008D3DCE0101960E94832590E080E0BCCF6F
:106C5000CE0101960F94C5084497C8F4CE01019661
:106C60000F949608F4016281738140E050E2CE01F6
:106C700001960E94BD3330E020E040E058E260E041
:106C800070E0D40112968D919C910E940135D4013F
:106C9000ED91FC91028CF38DE02DCC24C39488CF30
:106CA0001D821E821F821886D401ED91FC91028CF8
:106CB000F38DE02DCC24C39402E01A812B813C811A
:106CC00040E07BCF8F929F92AF92BF92CF92DF92A4
:106CD000EF92FF920F931F93CF93DF93CDB7DEB761
:106CE00060970FB6F894DEBF0FBECDBF8C017B015D
:106CF00040E050E860E070E00E94D52E672B682BE2
:106D0000692B09F0B5C062E070E0C8010E94A42DB3
:106D10006C0119861A861B861C861D861E861F8698
:106D2000188A8A85807F8A87D7FCA2C040E050E21B
:106D3000B801CE0109960E94723463E070E0C80188
:106D40000E94A42DAC011816190614F04FE350E070
:106D500081E0C816D10429F4EF2CFF0CFF08FF24B2
:106D600004C082E0C816D104D4F32FEF30E0D7017D
:106D70000F94A8739A01550F440B550B0F943C7355
:106D800049016901C8010E946534E82EF12C60E0D8
:106D9000CE0109960E94D02088169906F9F4CD28D4
:106DA00041F082E0E816F10419F185E0E816F104FB
:106DB000F9F081E090E060960FB6F894DEBF0FBE68
:106DC000CDBFDF91CF911F910F91FF90EF90DF909A
:106DD000CF90BF90AF909F908F900895CD2899F15C
:106DE00086E0E816F10441F081E0E816F10421F0B4
:106DF00061E0C8010E949E33B401CE0109960E9451
:106E0000782040E050E2B801CE0109960E94BD33DF
:106E100082E0E816F10421F085E0E816F10449F477
:106E200030E020E040E050E160E070E0C8010E9406
:106E3000013530E020E040E050E260E070E0C80161
:106E40000E940135B6CF85E0E816F10409F4B1CF10
:106E500082E0E816F10409F4ACCF62E0C8010E94B8
:106E60009E3330E020E040E050E160E070E0E7CFAA
:106E700090E080E0A0CF0F931F93CF93DF9300D0DB
:106E800000D01F921F92CDB7DEB78C0119821A82F3
:106E90001B821C821D821E821F8218868A81807F2F
:106EA0008A836CEB75E080ED92E10F94E33EF8018C
:106EB00002811381C8010E946534813041F020F0C5
:106EC000823011F0853081F490E080E002C081E0F2
:106ED00090E028960FB6F894DEBF0FBECDBFDF91CD
:106EE000CF911F910F91089540E050E2B801CE017B
:106EF00001960E94723460E0CE0101960E94D0207B
:106F0000E8CFAF92BF92CF92DF92EF92FF920F93B2
:106F10001F93CF93DF93CDB7DEB765970FB6F89485
:106F2000DEBF0FBECDBF8C017B015A01FC01518336
:106F30004083148613861586168E158E672B09F4EA
:106F400079C0452B09F476C06FE270E0C7010F9459
:106F5000F3776C01892B09F465C0F701DE01119606
:106F600090E080E0BD012191222341F02F3231F0E9
:106F70008431910519F02D930196F5CF860F971F57
:106F8000FC011082C5010F94D507F8019383828319
:106F9000FFEFCF1ADF0AD601F8013D9630E020E07E
:106FA000CF01BD014D91442349F04F3239F02F30CC
:106FB000310521F041932F5F3F4FF3CFF801E20FEE
:106FC000F31F1586FB0140814F3219F52F5F3F4FAC
:106FD000C601820F931F0E94561EF801968F858F5F
:106FE000C8010E94DB2B882319F0C8010E94E82BFE
:106FF00065960FB6F894DEBF0FBECDBFDF91CF917F
:107000001F910F91FF90EF90DF90CF90BF90AF90C6
:1070100008950E94561EF801968F858F892B01F3E3
:107020001586DECFB701C5010F94D507F80193830C
:107030008283D6CFF80113821282D2CF0F931F938F
:10704000CF93DF93DC011B960D911C910115110567
:1070500019F1EC010F942C0D0097F1F0D801ED918E
:10706000FC91DC0112968D919C91C817D90759F4B7
:107070000684F785E02D70E060E0C801DF91CF91D4
:107080001F910F9119940280F381E02DC801DF91C7
:10709000CF911F910F911994DF91CF911F910F9173
:1070A0000895CF93DF93EC01598348837B836A83F0
:1070B0001C861B861D861E8E1D8E0E94DB2B882340
:1070C00029F0CE01DF91CF910C94E82BDF91CF9185
:1070D0000895CF93DF93EC01FB012481358140813A
:1070E0005181628173810F94523ECE01DF91CF9125
:1070F0000895EF92FF920F931F93CF93DF9300D0E9
:1071000000D0CDB7DEB77C018B0167ED70E180ED7B
:1071100092E10F94F93ED7011296ED91FC916081B6
:10712000718180ED92E10F94E33E6EEC70E180EDB1
:1071300092E10F94F93E012E000C220B330B0983D0
:107140001A832B833C8380E190E09E838D83BE0174
:107150006F5F7F4F80ED92E10E9469380F948D3D03
:1071600040E050E860E070E0C7010E94AC2E269637
:107170000FB6F894DEBF0FBECDBFDF91CF911F9148
:107180000F91FF90EF9008953F924F925F926F9210
:107190007F928F929F92AF92BF92CF92DF92EF92A7
:1071A000FF920F931F93CF93DF93CDB7DEB72C974A
:1071B0000FB6F894DEBF0FBECDBF5C01362E972E02
:1071C0003A01690168E371E180ED92E10F94F93EC3
:1071D0004AE050E0632D792D80ED92E10F949A3EC4
:1071E00060E371E180ED92E10F94F93EC301B0E0FC
:1071F000A0E08F839887A987BA8730E1432E512C6E
:107200005C864B86BE01695F7F4F80ED92E10E94F4
:1072100069384C016CE271E10F94F93E4AE050E0AC
:10722000B601C4010F949A3E64E271E1C4010F9467
:10723000F93EC701B0E0A0E089839A83AB83BC83A9
:107240005E824D82BE016F5F7F4FC4010E9469382C
:107250000F948D3D8091EE0D9091EF0D70E060E008
:10726000892B09F047C081E090E09093EF0D809367
:10727000EE0D26E040E855E260E070E081E79FE037
:107280000F9446403092711081E79FE09093701008
:1072900080936F1010927F111092811110928011C3
:1072A0000130110509F44EC00CF041C0012B09F466
:1072B0004EC0C114D10409F457C082E0C816D104ED
:1072C00009F062C07092FA106092F9101092FC10EE
:1072D0001092FB10F092FE10E092FD1086E00F94E9
:1072E0000B1F1092EF0D1092EE0D882309F456C07B
:1072F000682F70E0C5010E94793890E080E02C96FC
:107300000FB6F894DEBF0FBECDBFDF91CF911F91B6
:107310000F91FF90EF90DF90CF90BF90AF909F9034
:107320008F907F906F905F904F903F9008950330C3
:10733000110581F00430110509F0BBCFFE24EF24C4
:10734000FE24B7CFFE2CEE24EE24EA94B2CFFF2425
:10735000FA94AFCFEF2821F492E0E92EF12CEECF92
:10736000EE24E394F12CEACF7092FA106092F910B7
:1073700090E080E0EE2011F080E09FEF9093FC1011
:107380008093FB1085E0ABCF68E071E180ED92E186
:107390000F94F93E1092EF0D1092EE0D81E090E007
:1073A000AECF2F923F924F925F926F927F928F92C9
:1073B0009F92AF92BF92CF92DF92EF92FF920F9384
:1073C0001F93CF93DF93CDB7DEB72C970FB6F8940A
:1073D000DEBF0FBECDBF5C0109831A832B833C83C4
:1073E0004D835E836F837887CE0101960F94C50825
:1073F0001C01023011F0053011F4312C212CF50163
:1074000004811581F80180858F70853009F07FC077
:10741000C8010F944709E82EF12CF2E0EF16F104B1
:107420000CF475C060E0C8010F948708FC018185E9
:1074300092859C878B8761E0C8010F948708FC01C7
:10744000418452846384748488248A94982CF2E062
:10745000EF16F10459F062E0C8010F948708FC01AF
:1074600081849284F3E0EF16F104A1F48FE390E0BD
:107470009A87898792E0C92ED12C29853A85D10136
:107480000F94A07324E630E040E050E00F943C738A
:1074900079011CC063E0C8010F948708FC01818555
:1074A00092859A87898782E0C82ED12CF4E0EF1666
:1074B000F10439F064E0C8010F948708FC01C1842D
:1074C000D28489859A857101892BB9F68401960148
:1074D000A2016B857C85C5010E94C4382C960FB62D
:1074E000F894DEBF0FBECDBFDF91CF911F910F91FA
:1074F000FF90EF90DF90CF90BF90AF909F908F90D4
:107500007F906F905F904F903F902F90089590E004
:1075100080E0E4CF8F929F92AF92BF92DF92EF9282
:10752000FF920F931F93CF93DF93CDB7DEB7A7974B
:107530000FB6F894DEBF0FBECDBF7C0108A319A320
:107540002AA33BA34CA35DA36EA37FA3CE01809689
:107550000E949C214B015C01D7011496ED91FC9196
:1075600080858F70843009F0EDC0102F40913B145E
:1075700050913C1461857285CE0101960E9481373D
:10758000CE0101960E94DB2B882309F44AC08B852B
:10759000893009F046C070E060E0CE0101960E949B
:1075A000A42D082FD92E6BEF70E180ED92E10F949E
:1075B000F93E4AE050E0602F7D2D80ED92E10F947E
:1075C0009A3E69EF70E180ED92E10F94F93EB501CA
:1075D000A40180ED92E10F944A0D63EF70E180ED1C
:1075E00092E10F94F93E612F70E04AE050E080EDA7
:1075F00092E10F949A3E80ED92E10F948D3D80913F
:10760000EE0D9091EF0D892B29F140E050E3B70189
:10761000CE0180960E94BD3370E060E0C7010E94F9
:10762000793810E000E0CE0101960E941E38C801B2
:10763000A7960FB6F894DEBF0FBECDBFDF91CF91F6
:107640001F910F91FF90EF90DF90BF90AF909F90B0
:107650008F90089581E090E09093EF0D8093EE0D70
:1076600026E040E855E260E070E081E79FE00F949B
:1076700046400093711081E79FE0909370108093D3
:107680006F1010927F111092811110928011EB8176
:10769000FC81153021F01F3011F0123011F580857A
:1076A0008F70808770E060E083ED97E09093FA1030
:1076B0008093F9101092FC101092FB107093FE1042
:1076C0006093FD1086E00F940B1F1092EF0D109247
:1076D000EE0D01E010E0882309F4A5CF682F70E0DB
:1076E0009DCF80858F708061808722E538EB42E1F5
:1076F00052E4C501B4010F94C47320E030E040E2CD
:1077000051E40F9436722DEE3EE94CE35EE30F94A4
:1077100030744B015C0120E030E0A9010F94D87473
:1077200020E030E040E05FE387FD07C0C501B40121
:107730000F94C4730F94A274B7CFC501B4010F9412
:10774000C373F8CF10E000E072CFCF92DF92EF92D8
:10775000FF920F931F93CF93DF9300D000D01F921F
:107760001F92CDB7DEB77C0109831A832B833C833C
:107770004D835E836F837887CE0101960F94C50891
:107780008C018981882351F09B81923008F0BAC026
:10779000823011F0853011F410E000E070E060E01C
:1077A000C7010E94A42DD82EC92E6BEE70E180ED8A
:1077B00092E10F94F93E4AE050E06D2D7C2D80ED72
:1077C00092E10F949A3E69EE70E180ED92E10F94A0
:1077D000F93E4AE050E0B80180ED92E10F949A3E04
:1077E00080ED92E10F948D3D8091EE0D9091EF0D23
:1077F000892BE9F040E050E3B701CE0101960E94E9
:10780000BD3370E060E0C7010E94793890E080E00D
:1078100028960FB6F894DEBF0FBECDBFDF91CF9193
:107820001F910F91FF90EF90DF90CF90089581E02E
:1078300090E09093EF0D8093EE0D26E040E855E246
:1078400060E070E081E79FE00F944640D0927110B5
:1078500081E79FE09093701080936F1010927F11DA
:10786000109281111092801180ED97E09093FA10A0
:107870008093F9101092FC101092FB100115110565
:10788000E1F185E090E09093FE108093FD1086E09A
:107890000F940B1FD82E64E670E080E090E00F9408
:1078A0008A1BD1100AC062EE70E180ED92E10F9464
:1078B000F93E80ED92E10F948D3D82ED97E090933B
:1078C000FA108093F9101092FC101092FB1024E62D
:1078D000209FC001219F900D11249093FE10809352
:1078E000FD1086E00F940B1F1092EF0D1092EE0D1D
:1078F000882359F0682F70E086CF1092FE10109206
:10790000FD10C5CF8FEF9FEF83CF81E090E080CF58
:10791000EF92FF920F931F93CF93DF93EC018B01B4
:107920001E821D821A821B821C82E880F980E1146B
:10793000F10459F18091680D9091690D892B29F11D
:10794000672B09F48701F80180858F708630E9F490
:1079500068E577E0C8010F94D507009719F0FC019E
:1079600081858A836DEC78E0C8010F94D507FC010E
:10797000892B61F180858F70823071F0853079F0CC
:10798000F9E0EF0EF11CFE82ED82DF91CF911F91A5
:107990000F91FF90EF90089581858B83F1CF068042
:1079A000F781E02D309761F380858F70823041F749
:1079B00081858B830680F781E02D309709F38085E0
:1079C0008F708230E9F681858C83DACFF80180816F
:1079D00091810F946F6BE1CF0F931F93CF93DF9340
:1079E000CDB7DEB76F970FB6F894DEBF0FBECDBF31
:1079F0002091680D3091690D232B09F417C1209156
:107A00003714022E000C330B82179307B4F465E889
:107A100074E189E292E10F94F93E89E292E10F94D8
:107A20008D3D80E06F960FB6F894DEBF0FBECDBFE0
:107A3000DF91CF911F910F9108956FE674E180ED72
:107A400092E10F94F93E80ED92E10F948D3D80918B
:107A50005A0D8F5F80935A0D6AE274E18FE192E1D3
:107A60000F94F93E8FE192E10F948D3DE09139142E
:107A7000F0913A14309709F1809137148F5F809319
:107A80003714068117810115110591F0D801189658
:107A90008C918F70863041F41A83098370E060E026
:107AA000CE0101960E94883CF80102811381EBCF40
:107AB00080913714815080933714E0913B14F091FA
:107AC0003C143097A1F10681178101151105C9F108
:107AD000D80118968C918F70853029F5C8010F94C4
:107AE0004709882301F140913B1450913C14F8015F
:107AF00060817181CE0101960E948137CE0101968D
:107B00000E94DB2B882359F08C859D85009739F0E6
:107B1000DC01ED91FC910084F185E02D1995CE01F9
:107B200001960E941E38F80102811381CECF6FE5C5
:107B300074E180ED92E10F94F93E80ED92E10F94B3
:107B40008D3D109236141092351467E574E180ED86
:107B500092E10F94F93E80ED92E10F948D3D64E641
:107B600070E080E090E00F948A1B1092F00D10926C
:107B7000670D6FE374E180ED92E10F94F93E0E948E
:107B800016CFAB01BC012AE030E080ED92E10F940A
:107B9000A83D8091680D9091690D009711F00F94A8
:107BA00081151092690D1092680D10923A1410927E
:107BB000391410923C1410923B141092F40D109250
:107BC000F30D1092660D1092650D1092630D1092D8
:107BD000620D1092F20D1092F10D1092640D109240
:107BE000610D1092600D10923E1410923D1410928F
:107BF0006C0D10926B0D6AE374E180ED92E10F94CD
:107C0000F93E0E9416CFAB01BC012AE030E080EDC6
:107C100092E10F94A83D80ED92E10F948D3D10927A
:107C20005B0D80915A0D815080935A0D81E0FACE00
:107C3000FC016115710519F484819581089586818F
:107C40009781681779072CF084819581860F971F9B
:107C50000895828193810C94A42D81E090E0089591
:107C60000F931F93CF93DF93DC011296ED91FC915C
:107C70003097C9F08A01EB0161ED75E08081918157
:107C80000F94D507009779F0FC0120852F702430E0
:107C900051F4A801BE0181859285DF91CF911F919A
:107CA0000F910D94371E90E080E0DF91CF911F91EE
:107CB0000F910895EF92FF920F931F93CF93DF934D
:107CC000CDB7DEB760970FB6F894DEBF0FBECDBF5D
:107CD0008C017901CE0101960E94BDCEA701BE01A3
:107CE0006F5F7F4FC8010E94303E60960FB6F894D8
:107CF000DEBF0FBECDBFDF91CF911F910F91FF90DF
:107D0000EF900895EF92FF920F931F93CF93DF931D
:107D1000CDB7DEB760970FB6F894DEBF0FBECDBF0C
:107D20007B01CA01B9012AE0AE014F5F5F4F0F949A
:107D30007F6CA801BE016F5F7F4FC7010F94371E94
:107D400060960FB6F894DEBF0FBECDBFDF91CF9126
:107D50001F910F91FF90EF9008952F923F924F92B5
:107D60005F926F927F928F929F92AF92BF92CF92CB
:107D7000DF92EF92FF920F931F93CF93DF93CDB7D4
:107D8000DEB7A6970FB6F894DEBF0FBECDBF6C016D
:107D90000F8B188F298F3A8F4B8F5C8F6D8F7E8F53
:107DA00022E1E216F10480F5F701E55BFC4F30813A
:107DB0003F8FCE0147960E943D2397FD04C0BC0132
:107DC000C6010E94CF25898DD60112968C931297F9
:107DD0008F898C931196EC911197EF70EC3008F02D
:107DE0006CC0F0E08827E850F14C8F4F0D949173F0
:107DF0005B40213F213FA240063F20416E40AC4006
:107E0000AC40AC406E406E401F8ED3CF10E0988DDA
:107E10009F709D3008F0C2C4E92FF0E08827EC5E27
:107E2000F04C8F4F0D9491735D3F5741774157410F
:107E30002241224157415741CE43CE4357415741FA
:107E40002940988D9F709D3008F013C1E92FF0E014
:107E50008827E25DF04C8F4F0D9491735D3F074092
:107E6000FA3F533F3E3F3B3FDE3F094039403940F8
:107E7000C83FC83F29408E8DF60187838D8DD6017E
:107E800016968C9316978C8D15968C9315978B8DD3
:107E900014968C93149711968C911197807F892B4F
:107EA00011968C930AC08D8D9E8DF60186838781F5
:107EB00090FB80F987838C8D8583BF8DBB2309F46C
:107EC00064C0F60181818F702B2F30E0821713067A
:107ED00009F45BC06FE172E180ED92E10F94F93E2D
:107EE000D60111966C916F704AE050E080ED92E1FE
:107EF0000F94B03D6CE172E180ED92E10F94F93E98
:107F00004AE050E06F8D80ED92E10F94B03D6AE160
:107F100072E180ED92E10F94F93EF6010081198241
:107F20001A821B821C821D821E821F8218868F8DE0
:107F30008F709A81907F892B8A830983EE24EA943B
:107F4000FE2C1181228133814481558166817781A4
:107F5000CE0101960E94AD3ED6012C9311963C9322
:107F6000119712964C93129713965C93139714964D
:107F70006C93149715967C93159716968C93169779
:107F800017969C93C6010E94832588E0F60168C17C
:107F90008B8D9C8DAD8DBE8DB7FD0EC08F3F910535
:107FA000A105B10529F024F08FEF90E0A0E0B0E04A
:107FB000D60114968C9381CF80E0FACF6B8D7C8DA7
:107FC0008D8D9E8D20E06D39BFEF7B078B079B0762
:107FD0006CF02FEF6115E4E67E078105910534F41E
:107FE00024E630E040E050E00F943C73D601149654
:107FF0002C9363CF8D8D9E8DF6018683878190FBB8
:1080000080F987838C8D85838B8D848356CF8B8D70
:10801000CFCF8B8C9C8CAD8CBE8C20E030E0A90146
:10802000C501B4010F94D07160E087FD0FC020E05E
:1080300030E04FE753E4C501B4010F94D8746FEFFB
:10804000181624F0C501B4010F94A974F6016483D5
:1080500034CFD60111968C911197807F8C60119648
:108060008C9311978B8D9C8D15969C938E93149762
:1080700024CF6FE972E180ED92E10F94F93E688DB3
:108080006F704AE050E080ED92E10F94B03D6CE9F2
:1080900072E180ED92E10F94F93EF60161816F701B
:1080A0004AE050E080ED92E10F94B03D80ED92E126
:1080B0000F948D3D02CF988D9F7011968C911197E2
:1080C000807F892B11968C938B8D9C8DAD8DBE8D71
:1080D000F60184839583A683B783EFCE988D9F7036
:1080E000933089F09C3009F4B4CF4B8D5C8D6D8D4D
:1080F0007E8DF60144835583668377838181807FFB
:10810000892B8183DACE60E0C6010E94D020D6019F
:1081100014968C9314978D8D9E8D16968C9316972E
:1081200017968C91179790FB80F917968C93179759
:108130008C8D15968C93159711968C911197807F45
:108140008260AECE60E0CE0147960E94D020D6017C
:1081500014968C931497F0CF988D9F709D3008F0F3
:1081600057C0E92FF0E08827E754FF4B8F4F0D945D
:1081700091735D3FD3400041834000410041C640C0
:10818000F240F240F240E140ED4029408B8D9C8D61
:10819000AD8DBE8DF60184839583A683B7838181DF
:1081A000807F8660AECF6B8D70E090E080E00F94B2
:1081B000D571D60114966D937D938D939C931797EB
:1081C0007CCE6B8D7C8D8D8D9E8D0F94D771F6013D
:1081D000648375838683978370CE6B8D7C8D8D8D44
:1081E0009E8DE5CFF6018181807F982B91838B8DC9
:1081F0009C8DAD8DBE8D84839583A683B7835DCE24
:1082000011968C911197807F982B11969C935CCF3F
:108210006AE872E180ED92E10F94F93E688D6F702B
:108220004AE050E080ED92E10F94B03D67E872E1E2
:1082300080ED92E10F94F93ED60111966C912FCF0B
:1082400011E0E5CD4B8D5C8D6D8D7E8DF601448307
:108250005583668377838181807F982B918388E023
:10826000DE01119601900D928A95E1F729813A81FC
:108270004B815C816D817E818F819885A6960FB63A
:10828000F894DEBF0FBECDBFDF91CF911F910F914C
:10829000FF90EF90DF90CF90BF90AF909F908F9026
:1082A0007F906F905F904F903F902F900895963001
:1082B00009F442C148F46B8D913071F06FEF70E0BA
:1082C000933051F060E008C0973009F441C19A50F2
:1082D0006B8D7C8D9230B0F784E68D8F8E8D8E7F86
:1082E0008E8F1C8E888D807F8260888F6B8F2C8D07
:1082F00030E0AFEFB0E00F946E73812C912C5401FD
:108300008A946115F4E67F078105910544F424E61B
:1083100030E040E050E00F943C7349015A011401F1
:108320002B8D28A3E22EF12C112309F474C08E8D1D
:108330008695A82FA150BB0B8D010F3F100709F0A8
:1083400027C1E0E88E1691040CF009C18FE790E098
:10835000881999098E9DD0018F9DB00D9E9DB00DFD
:1083600011242FEF30E00F94A87321E83EE740E09E
:1083700050E00F943C73D60117962C93ABE9B0E014
:10838000A50194010F945B732FE7422E512C612CB1
:10839000712CA30192010F943C732C593F4F4F4F06
:1083A0005F4F1901AEEFB1E0A50194010F945B732B
:1083B000A30192010F943C73D7010F945B732FEFCD
:1083C00030E040E050E00F943C7379012F3F3105DD
:1083D00021F01CF0EE24EA94F12C6AE772E180EDC2
:1083E00092E10F94F93E4AE050E0B10180ED92E154
:1083F0000F949A3E6CE672E180ED92E10F94F93EA3
:108400004AE050E0B70180ED92E10F949A3E80ED92
:1084100092E10F948D3D30E020E050E040E070E0CC
:1084200060E0CE0101960F94DE43122D2D8D3E8D1E
:108430003170AFEFBFEF0F946E732DE631E040E087
:1084400050E00F943C7344275527AAEFB5E00F94F2
:108450005B73DC01CB019058AF4FBF4FCD01BB2701
:1084600097FDB095AB2F8E3FE1E09E0708F06FC1FE
:10847000382F8F3F910508F48CC14EEF481B50E018
:108480003FEFF701319633242FEF221A320A10956D
:10849000012F10E0329DC001339D900D1124292F32
:1084A0003327200F311FDF010F94A8734B015C01AC
:1084B0008824AA24BB24529D9001539D300D112481
:1084C000232F3327200F311F0F94A873BB27A92F09
:1084D000982F872F882A992AAA2A429D9001439D86
:1084E000300D1124232F3327200F311FDF010F946C
:1084F000A873B82FA72F962F882788279927BB27DF
:1085000088299929AA29F601A6839583848360E4A2
:1085100072E180ED92E10F94F93EC6010E9483253D
:108520008A859B850F943E6A8F81988597FDC5CC7F
:1085300060E00F944519C1CC6B8D7C8D8D8D9E8D27
:1085400024E630E040E050E00F943C73B901C4CE23
:108550006B8D7C8D8D8D9E8D0F94A274BDCEA501EB
:1085600094012058310941095109ABE9B0E00F9459
:108570005B732FE730E040E050E00F943C732C59E0
:108580003F4F4F4F5F4F1901D60117961C9225CFD1
:108590009801AAEBBFEF0F94A07324E630E040E00F
:1085A00050E00F943C7329013A01B4E64B0E511C84
:1085B000611C711C26E430E0D8010F94A87324E6F6
:1085C00030E040E050E00F943C73DA01C9014E9670
:1085D000A11DB11D8BA39CA3ADA3BEA390E88916DA
:1085E00091040CF099C08FE790E0881999098E9D4D
:1085F000D0018F9DB00D9E9DB00D11242BA13CA1EB
:108600004DA15EA10F9466739B01AC01AFEFB0E08A
:108610000F945B7324E63AE640E050E00F943C731D
:10862000D60117962C93A5019401240D351D461DE6
:10863000571DAEEFB1E00F945B7323EE30E040E0E6
:1086400050E00F943C7379018A013AA329A3AFEF5C
:10865000B0E0A50194010F945B732FE730E040E098
:1086600050E00F943C731901E8A1AE2FB0E0A801CF
:1086700097010F945B732FEF30E040E050E00F94D0
:108680003C7379012F3F310521F01CF0EE24EA9470
:10869000F12C66E672E180ED92E10F94F93E2AE05A
:1086A00030E0B301A20180ED92E10F94523E60E60A
:1086B00072E180ED92E10F94F93E2AE030E04BA1A7
:1086C0005CA16DA17EA180ED92E10F94523E68E520
:1086D00072E180ED92E10F94F93E4AE050E0B10181
:1086E00080ED92E10F949A3E60E572E180ED92E1B7
:1086F0000F94F93E4AE050E0B70180ED92E10F940B
:108700009A3E67E472E180ED92E10F94F93E4AE00F
:1087100050E069A17AA177CEA501940120583109D2
:1087200041095109ABE9B0E00F945B732FE730E0EA
:1087300040E050E00F943C732C593F4F4F4F5F4F38
:108740001901D60117961C921AA219A2A2CF8C3F2A
:10875000F3E09F0768F48D3F22E0920728F452E08F
:10876000580F3FEF40E08DCE3CEF381B5FEFFACF64
:108770008A3F35E0930781F08B3FE4E09E0728F4C1
:1087800044E0480F5FEF30E07CCE5AEF581B30E0FA
:1087900001C050E04FEF75CE50E0F9CF6EE272E1CC
:1087A00080ED92E10F94F93E688D6F704AE050E0E1
:1087B00080ED92E10F94B03D6BE272E139CD2F92E2
:1087C0003F924F925F926F927F928F929F92AF9261
:1087D000BF92CF92DF92EF92FF920F931F93CF93AE
:1087E000DF93CDB7DEB7C65DD1090FB6F894DEBF13
:1087F0000FBECDBF1C01C754DF4F0883C95BD040FB
:10880000C654DF4F1883CA5BD040C554DF4F28835E
:10881000CB5BD040C454DF4F3883CC5BD040C354D3
:10882000DF4F4883CD5BD040C254DF4F5883CE5BCF
:10883000D040C154DF4F6883CF5BD040C054DF4F7E
:108840007883C05CD040CF53DF4FF982E882C15CAF
:10885000D040C253DF4FA882CE5CD0400E9416CFDA
:108860004B01CF52DF4F79836883C15DD040683CB4
:108870007105ACF467E77DE089E292E10F94F93E7F
:108880004AE050E0B40189E292E10F949A3E89E215
:1088900092E10F948D3D2FEF3FEF0C948F500F948A
:1088A0007C1DCD52DF4F688379838A839B83C35DB0
:1088B000D040C554DF4F8881CB5BD040A82FB0E0BB
:1088C000C953DF4FB983A883C75CD040E091D10E74
:1088D000F091D20EC153DF4FF983E883CF5CD040D3
:1088E000CF53DF4FE881F981C15CD040309721F050
:1088F000808181110C94BC54D1011D968C918823E8
:1089000041F0C1010D96CF53DF4F99838883C15C3D
:10891000D040C953DF4FE881F981C75CD040EF2BCD
:1089200011F00C941855CF53DF4FE881F981C15CE9
:10893000D040309711F00C94C554D1015D960D9044
:10894000BC91A02DC953DF4FB983A883C75CD04029
:10895000AB2B11F40C941855C554DF4F8881CB5BB9
:10896000D04081110C941855C953DF4F6881C75C02
:10897000D040CE0187549F4F0E940B20CF55DF4F30
:108980002883C15AD040CE55DF4F3883C25AD040D9
:10899000CD55DF4F4883C35AD040CC55DF4F588365
:1089A000C45AD040CB55DF4F6883C55AD040CA5512
:1089B000DF4F7883C65AD040C955DF4F8883C75AE6
:1089C000D040C855DF4F9883C85AD0400C941855F2
:1089D000D10112968D919C91892B09F45CCFC953DA
:1089E000DF4FE881F981C75CD0403197A1F4C654CC
:1089F000DF4F8881CA5BD0408F70F1E0C353DF4FF7
:108A0000F883CD5CD040811128C0C353DF4F18825A
:108A1000CD5CD04022C0C953DF4F08811981C75CAB
:108A2000D040012B09F044C0C754DF4F8881C95B97
:108A3000D040882309F44EC08850823008F44AC0E0
:108A4000C353DF4F1882CD5CD04081E090E0C95322
:108A5000DF4F99838883C75CD040C754DF4F1881AC
:108A6000C95BD040112309F45DC040E052E060E0F2
:108A700070E0C1010E94D52E672B682B692B09F489
:108A800051C01C3009F44EC064E37DE089E292E1FC
:108A90000F94F93E89E292E10F948D3DAAEFBFEF6A
:108AA000CD53DF4FB983A883C35CD0400C9473557A
:108AB000C953DF4F28813981C75CD040243031054C
:108AC00009F4A3CF2930310509F49FCF23303105B4
:108AD00009F469C0C654DF4F8881CA5BD0408F70EB
:108AE00009F461C040E054E060E070E0C1010E9420
:108AF000D52E672B682B692B09F455C06FE17DE0FB
:108B000089E292E10F94F93E89E292E10F948D3D62
:108B1000EAEFFFEFCD53DF4FF983E883C35CD0402A
:108B20000C947355C953DF4F08811981C75CD0403D
:108B300004301105E9F5C253DF4FE880CE5CD04028
:108B4000C754DF4F0881C95BD040C654DF4F18813E
:108B5000CA5BD040C554DF4F2881CB5BD040C454A2
:108B6000DF4F3881CC5BD040C354DF4F4881CD5BB1
:108B7000D040C254DF4F5881CE5BD040C154DF4F4C
:108B80006881CF5BD040C054DF4F7881C05CD0405B
:108B9000C1010E942622CD53DF4F99838883C35C95
:108BA000D0400C947355C353DF4F1882CD5CD04036
:108BB00013E0C11212C0D1011A968C91873069F46A
:108BC00061E07DE080ED92E10F94F93E80ED92E16D
:108BD0000F948D3DE9EFFFEF9DCF88E0FE01E75454
:108BE000FF4FDE01AF54BF4F01900D928A95E1F720
:108BF000E114F10409F451C064ED7FE0C7010F9462
:108C0000DB6B892B09F450C06EED7FE0C7010F9438
:108C1000DB6B892B09F451C06CEF7FE0C7010F9427
:108C2000DB6B892B09F452C066E070E1C7010F9439
:108C3000DB6B892B09F453C062E970E1C7010F9423
:108C4000DB6B892B09F454C06CE970E1C7010F9408
:108C5000DB6B892B09F466C066E570E1C7010F94F0
:108C6000DB6B892B09F461C060E670E1C7010F94EA
:108C7000DB6B892B09F45CC066EA70E1C7010F94D5
:108C8000DB6B892B09F457C068E870E1C7010F94CA
:108C9000DB6B03E110E0892B69F1C553DF4F1982CB
:108CA0001882CB5CD0402CC021E030E0C553DF4FB0
:108CB00039832883CB5CD04023C082E090E0C55349
:108CC000DF4F99838883CB5CD0401AC0A5E0B0E029
:108CD000C553DF4FB983A883CB5CD04011C0E6E019
:108CE000F0E0C553DF4FF983E883CB5CD04008C088
:108CF00004E110E0C553DF4F19830883CB5CD040FB
:108D0000C754DF4F1881C95BD040143009F4CEC27C
:108D1000A8F4112309F47AC0412C512C32012FEF11
:108D20003FEF50C325E130E0C1CF8EE090E0C7CFE8
:108D3000AFE0B0E0CDCFE6E1F0E0D3CF88EF810F38
:108D4000823050F788E0FE01E754FF4FDE011196B4
:108D500001900D928A95E1F7C654DF4F8881CA5B76
:108D6000D0408F7009F445C3CE0187549F4F0E94B5
:108D7000F2224B015C0181149104A104B10409F4B5
:108D800038C3193041F4B094A09490948094811C1D
:108D9000911CA11CB11CB101CE0187549F4F0F94AF
:108DA000E30E60E0CE0187549F4F0E942D20A296D3
:108DB0002FAFA297A3963FAFA397A4964FAFA497C8
:108DC000A5965FAFA597A6966FAFA697A7967FAF1C
:108DD000A797A8968FAFA897A9969FAFA997C953B1
:108DE000DF4FA881B981C75CD040AA30B10509F432
:108DF000CFC40CF004C3109709F45EC3D12C1297B2
:108E000009F45CC3412C512C320120C519821A820D
:108E10001B821C821D821E821F8218868A81807F8F
:108E20008A83C654DF4F8881CA5BD0408F7009F4B3
:108E30002FC2C953DF4F08811981C75CD0400A3067
:108E4000110509F4DCC18CF401151105A9F1412CBF
:108E5000512C3201D12CAA24AA940230110509F414
:108E600084C0412C512C3201C5C1C953DF4F288128
:108E70003981C75CD0402B30310509F45DC12C30FD
:108E8000310579F7B101CE0101960F94E30ECE01C1
:108E900087549F4F0E943D23BC01CE0101960E9442
:108EA000CF2588E0FE013196DE01A754BF4F019027
:108EB0000D928A95E1F799C1EF2859F06CEE7CE0AC
:108EC00080ED92E10F94F93E80ED92E10F948D3D9B
:108ED000C8CFC1010E945D571816190614F00C94F2
:108EE0007754CE0187549F4F0E94E221412C512C90
:108EF0003201672B682B692BA1F562E0CE01875404
:108F00009F4F0E942D20C756DF4F2883C959D0405C
:108F1000C656DF4F3883CA59D040C556DF4F488305
:108F2000CB59D040C456DF4F5883CC59D040C3569C
:108F3000DF4F6883CD59D040C256DF4F7883CE597A
:108F4000D040C156DF4F8883CF59D040C056DF4F45
:108F50009883C05AD0404424439460E1562E612C3B
:108F6000712CDD24D394AA24A394B101CE010196DF
:108F70000F94E30E8A819CE0980F9F70923058F412
:108F8000C654DF4F9881CA5BD0409F70923019F46D
:108F9000807F82608A83D1011A969C91973069F410
:108FA000C654DF4F8881CA5BD0408F7082508430B6
:108FB00020F48A81807F82608A83F101A385B48551
:108FC000892F90E0109741F0ED91FC911197008C62
:108FD000F18DE02DCD0119957C01C754DF4F08813B
:108FE000C95BD040C654DF4F1881CA5BD040C5541E
:108FF000DF4F2881CB5BD040C454DF4F3881CC5B3E
:10900000D040C354DF4F4881CD5BD040C254DF4FC6
:109010005881CE5BD040C154DF4F6881CF5BD040D8
:10902000C054DF4F7881C05CD040CE0101960E94D1
:10903000AD3EC757DF4F2883C958D040C657DF4FD2
:109040003883CA58D040C557DF4F4883CB58D040EB
:10905000C457DF4F5883CC58D040C357DF4F688385
:10906000CD58D040C257DF4F7883CE58D040C1573B
:10907000DF4F8883CF58D040C057DF4F9883C05907
:10908000D040CE0101960E948325DD2041F1C654D7
:10909000DF4F8881CA5BD0408F709FE0980F9F7030
:1090A000923020F08A5F8F708230C8F48A818F708E
:1090B00081508230A0F42D8130E0AFEFB0E00F940A
:1090C0006E732FEF6115F4E67F078105910534F487
:1090D00024E630E040E050E00F943C732D8388E0BC
:1090E000FE013196DE01A754BF4F01900D928A9583
:1090F000E1F708E2502AB12C2FEF3FEFCD53DF4FBD
:1091000039832883C35CD040D1011A968C911A9779
:10911000873009F035C6CF52DF4FE881F981C15D54
:10912000D040EE35F1400CF00DC46CE97CE089E2F2
:1091300092E10F94F93EABCBB101CE0101960F94B1
:10914000E30EC254DF4F9881CE5BD0408A81282F36
:109150002F7041F0223049F0412C512C3201BB24B8
:10916000B39449C0807F82608A83892F90E08536DE
:10917000910514F084E690E08E8388E0FE0131963C
:10918000DE01A754BF4F01900D928A95E1F762E08E
:10919000CE0187549F4F0E940B20CF57DF4F28836B
:1091A000C158D040CE57DF4F3883C258D040CD573A
:1091B000DF4F4883C358D040CC57DF4F5883C45843
:1091C000D040CB57DF4F6883C558D040CA57DF4FD8
:1091D0007883C658D040C957DF4F8883C758D040DE
:1091E000C857DF4F9883C858D040412C48E2542ECE
:1091F000612C712CB12CD12CAA24AA947DCFB10161
:10920000CE0101960F94E30EC154DF4F6881CF5B0E
:10921000D040C054DF4F7881C05CD0407170CE0127
:1092200001960E940926D82E412C512C3201BB24D4
:10923000B394882309F388E0FE013196DE01A75438
:10924000BF4F01900D928A95E1F762E0CE018754FD
:109250009F4F0E940B20EA962FAFEA97EB963FAF05
:10926000EB97EC964FAFEC97ED965FAFED97EE96E0
:109270006FAFEE97EF967FAFEF97C158DF4F8883C0
:10928000CF57D040C058DF4F9883C058D040ADCFA3
:10929000412C512C32018FEF9FEFCD53DF4F99833B
:1092A0008883C35CD040B12CD12C6FC2C953DF4F2F
:1092B000A881B981C75CD040199709F469C0C10180
:1092C0000E945D571816190694F562E0CE01875486
:1092D0009F4F0E942D20E2962FAFE297E3963FAF7B
:1092E000E397E4964FAFE497E5965FAFE597E69690
:1092F0006FAFE697E7967FAFE797E8968FAFE8976F
:10930000E9969FAFE9974424439430E1532E612CB2
:10931000712CEFEFFFEFCD53DF4FF983E883C35C90
:10932000D040B12CDD24D394AA24A394EDCE61E0E7
:10933000CE0187549F4F0E942D20AA962FAFAA9747
:10934000AB963FAFAB97AC964FAFAC97AD965FAFD8
:10935000AD97AE966FAFAE97AF967FAFAF97E096F3
:109360008FAFE097E1969FAFE1974424439420E1CB
:10937000522E612C712C0FEF1FEFCD53DF4F19834D
:109380000883C35CD040B12CDD24D394A12CBCCE87
:1093900040E051E060E070E0C1010E94D52E672BF3
:1093A000682B692BB1F040E051E060E070E0C10152
:1093B0000E94832E4424439490E4592E612C712CF6
:1093C00021E030E0CD53DF4F39832883C35CD040A8
:1093D0006ACF40E051E060E070E0C1010E94AC2E35
:1093E0004424439480E4582E612C712C81E090E059
:1093F00054CF05E0802E912CA12CB12CC2CCC953A6
:10940000DF4FE881F981C75CD040EB30F10509F40A
:109410003AC23C9709F0F6CCC654DF4F8881CA5B4C
:10942000D0408F70823009F080C2C501B40124E6BB
:1094300030E040E050E00F943C73C054DF4F88812F
:10944000C05CD040869590E0280F391F1216130695
:1094500014F021E030E02536310514F024E630E048
:10946000220FC054DF4F8881C05CD0408170282B10
:10947000C054DF4F2883C05CD04062E0CE018754E7
:109480009F4F0E940B202A962FAF2A972B963FAF13
:109490002B972C964FAF2C972D965FAF2D972E962E
:1094A0006FAF2E972F967FAF2F9760968FAF6097F5
:1094B00061969FAF6197C5C1DD24D394D1011B96FE
:1094C0008D919C911C97009781F51A968C9190E054
:1094D000A0E54A2E512C612C712C8530910549F064
:1094E000412C512C3201449721F0412C512C320156
:1094F0004A94C654DF4FE881CA5BD040EF70E15018
:10950000EB3008F02BC1F0E08827E657F54B8F4F82
:109510000D9491739D4A9D4AAE4BAE4BAE4B7B4B27
:10952000454B454B454BD64AD64ADC01ED91FC9163
:10953000008CF18DE02D1995CBCFC354DF4F1881EE
:10954000CD5BD040C501B40124E630E040E050E0FE
:109550000F943C73DA01C901810F911DA11DB11D4A
:10956000B7FF03C080E090E0DC018F3F9105A105CB
:10957000B10529F024F08FEF90E0A0E0B0E0C354F3
:10958000DF4F8883CD5BD04066ED75E080ED92E1E2
:109590000F94E33ECE0187549F4F0E948325412CB8
:1095A000F8E25F2E612C712CB12CE7C0C354DF4F61
:1095B000E880F9800A811B81CD5BD040B4E68B1630
:1095C0009104A104B104DCF5A4E6B0E0A801970180
:1095D0000F945B73860E971EA81EB91E411451048A
:1095E00061047104B9F0A30192010F945B73362FEB
:1095F000272FB501A40177FF03C040E050E0BA0176
:10960000832E922E5C01481559056A057B0514F4DA
:109610004A015B01C354DF4F88829982AA82BB82D0
:10962000CD5BD040C654DF4F8881CA5BD040807F7D
:109630008660C654DF4F8883CA5BD040A5CFC50182
:10964000B40124E630E040E050E00F943C73E20EB9
:10965000F31E041F151F411451046104710461F0CD
:1096600017FF03C0E12CF12C87014E145F04600644
:10967000710614F483017201C354DF4FE882F9824A
:109680000A831B83CD5BD0407FCFC354DF4F6881FB
:1096900079818A819B81CD5BD0400F94A2747B013C
:1096A0008C01C501B40124E630E040E050E00F94A5
:1096B0003C73CA01B9016E0D7F1D801F911F4114BB
:1096C00051046104710461F097FF03C060E070E031
:1096D000CB01461657066806790614F4C301B20199
:1096E0000F94D771C354DF4F688379838A839B8338
:1096F000CD5BD04049CFC354DF4F88819981AA8187
:10970000BB81CD5BD040880E991EAA1EBB1E4114A2
:10971000510461047104C9F0A4E6B0E0A301920110
:109720000F945B73362F272FB501A40177FF03C079
:1097300040E050E0BA01832E922E5C014815590595
:109740006A057B0514F44A015B01C354DF4F88822C
:109750009982AA82BB82CD5BD04016CF88E0FE0101
:109760003196DE01A754BF4F01900D928A95E1F723
:10977000412C512C3201BB24B3940FEF1FEFCD537A
:10978000DF4F19830883C35CD040AA24AA94BCCCC1
:10979000C654DF4F8881CA5BD0408F70823009F099
:1097A00057C0C501B40124E630E040E050E00F941A
:1097B0003C73C154DF4F8881CF5BD040C054DF4F32
:1097C0006881C05CD040962F9170280F391F2E36CB
:1097D000E1E03E072CF437FF05C02DE631E002C082
:1097E00030E020E0C154DF4F2883CF5BD040C0542D
:1097F000DF4F8881C05CD04030FB80F9C054DF4F20
:109800008883C05CD04062E0CE0187549F4F0E94A5
:109810000B206A962FAF6A976B963FAF6B976C964B
:109820004FAF6C976D965FAF6D976E966FAF6E97FB
:109830006F967FAF6F97A0968FAFA097A1969FAFBF
:10984000A197412CE8E25E2E612C712CB12C19C03D
:1098500088E0FE013196DE01A754BF4F01900D92C2
:109860008A95E1F760EE7CE089E292E10F94F93E9F
:1098700089E292E10F948D3D412C512C3201BB24A1
:10988000B394D12C7ACFC654DF4F8881CA5BD040C5
:109890008F708230E9F5C501B40124E630E040E084
:1098A00050E00F943C73C254DF4F8881CE5BD040B0
:1098B00090E0280F391F37FF02C030E020E0253646
:1098C000310514F024E630E0C254DF4F2883CE5B2C
:1098D000D04062E0CE0187549F4F0E940B206296D9
:1098E0002FAF629763963FAF639764964FAF6497CD
:1098F00065965FAF659766966FAF669767967FAF21
:10990000679768968FAF689769969FAF699799CF69
:1099100088E0FE013196DE01A754BF4F01900D9201
:109920008A95E1F764ED7CE09FCF88E0FE013196F7
:10993000DE01A754BF4F01900D928A95E1F768ECC4
:109940007CE092CFC0FC79C01496ED91FC918085AB
:109950008F70853009F071C0C153DF4FE881F98104
:10996000CF5CD040359709F468C0C953DF4F0881F8
:109970001981C75CD0400130110511F00C943956A3
:10998000C754DF4F8881C95BD0408A50823010F0C5
:109990000C94935564E87CE080ED92E10F94F93EDD
:1099A000D1011296ED91FC916081718180ED92E17F
:1099B0000F94E33E80ED92E10F948D3DC754DF4F4D
:1099C0008881C95BD0408A3079F08B30C9F030E0B3
:1099D00020E040E050E460E070E0C1010E94013509
:1099E00001E010E00C946D5540E051E060E070E063
:1099F000C1010E94832E6AE0C1010E949E33E7CF1D
:109A0000C253DF4FB881CE5CD040B1110DC06BE6C0
:109A10007CE089E292E10F94F93E89E292E10F94B1
:109A20008D3DEBEFFFEF76C840E051E060E070E085
:109A3000C1010E94AC2E6BE0DFCF10E0C553DF4FB9
:109A400028813981CB5CD040232B11F40C9427560C
:109A5000CF53DF4F19821882C15CD0400C94275637
:109A6000863011F40C944856873011F00C94365619
:109A7000C1010E946534082F863009F066C06FE38B
:109A80007CE080ED92E10F94F93E4AE050E066E020
:109A900070E080ED92E10F949A3E80ED92E10F9498
:109AA0008D3D62E0CE0187549F4F0E942D2029AF4B
:109AB0003AAF4BAF5CAF6DAF7EAF8FAF21969FAF2C
:109AC00021973EC0C1010E946534853019F083E0C2
:109AD00090E061C866E57CE080ED92E10F94F93E8C
:109AE0004AE050E065E070E080ED92E10F949A3E2C
:109AF00080ED92E10F948D3DB101CE0187549F4FCF
:109B00000F94E30E61E0CE0187549F4F0E942D20F9
:109B100022962FAF229723963FAF239724964FAFDD
:109B2000249725965FAF259726966FAF26972796A1
:109B30007FAF279728968FAF289729969FAF2997B1
:109B4000689440F854F80C94365661E27CE080ED5D
:109B500092E10F94F93E602F70E04AE050E080ED12
:109B600092E10F949A3E80ED92E10F948D3DA3E037
:109B7000B0E00C945045A1100C946256B101CE0196
:109B800087549F4F0F94E30E61E0CE0187549F4F9F
:109B90000E942D2029AB3AAB4BAB5CAB6DAB7EABDF
:109BA0008FAB98AF689440F854F866E0962ED301D6
:109BB000C201689440F8C554DF4F2881CB5BD04088
:109BC000223060F4C754DF4F2881C95BD040222384
:109BD00029F02C013D01689440F854F8C654DF4F39
:109BE0008881CA5BD0408F7009F4BFC0689455F873
:109BF000112311F0E89455F8A201B101CE01875468
:109C00009F4F0E94BD33A1E0B0E0CD53DF4FB98339
:109C1000A883C35CD040B11066C6D1011B968D915C
:109C20009C91009709F407C3DC01ED91FC91048835
:109C3000F589E02DC754DF4F0881C95BD040C65479
:109C4000DF4F1881CA5BD040C554DF4F2881CB5B02
:109C5000D040C454DF4F3881CC5BD040C354DF4F79
:109C60004881CD5BD040C254DF4F5881CE5BD0409D
:109C7000C154DF4F6881CF5BD040C054DF4F788143
:109C8000C05CD04019958111D6C265ED7AE089E2B9
:109C900092E10F94F93E89E292E10F948D3D56FCDA
:109CA00007C66DE87AE080ED92E10F94F93E4AE054
:109CB00050E0CD53DF4F68817981C35CD04080EDA7
:109CC00092E10F949A3E66E87AE080ED92E10F947B
:109CD000F93E0F947C1DAB01BC01CD52DF4F0881D2
:109CE00019812A813B81C35DD040401B510B620B1F
:109CF000730B2AE030E080ED92E10F94A83D80EDF7
:109D000092E10F948D3DEFC662EF7BE080ED92E132
:109D10000F94F93E03E010E0E0C62FEFA2120FC04F
:109D2000C1010E945D57AA24A394181619064CF08D
:109D300065ED7BE080ED92E10F94F93EC8CEAA205C
:109D4000B9F362E0CE0187549F4F0E942D2029A7CE
:109D50003AA74BA75CA76DA77EA78FA798AB68947F
:109D600040F854F855E0952E22CF40E050E2B10182
:109D7000CE0187549F4F0E947234811137CF38CF64
:109D8000BFEFAB125FC0C1010E945D57AA24A3942C
:109D9000181619060CF459C0A12C67EC7BE080ED75
:109DA00092E10F94F93E0A2D0A2C000C110B4AE0A7
:109DB00050E0B80180ED92E10F949A3E60EC7BE0B8
:109DC00080ED92E10F94F93E6D2D70E04AE050E095
:109DD00080ED92E10F949A3E80ED92E10F948D3DDB
:109DE000CF53DF4FE880F980C15CD040E114F1042B
:109DF000A9F1C1010E946534882E912C811491042F
:109E000009F44801C553DF4FE881F981CB5CD040AC
:109E1000309709F44BC08E169F06D1F064EA7BE0C0
:109E200080ED92E10F94F93E4AE050E0B40180EDFC
:109E300092E10F949A3E80ED92E10F948D3D0DEFEB
:109E40001FEF4BC6AA2009F4A8CFDD24D394A5CFD9
:109E5000CF53DF4F19821882C15CD040C754DF4F07
:109E60009880C95BD040B6E1B91508F4D0C1E92D9E
:109E7000F0E08827E15CF04B8F4F0D949173944F85
:109E8000C550B650D14F944F995057501550944FDC
:109E9000944F0451045114511451E750E7500751A5
:109EA00007510751E750E750E750E750D1011B96A3
:109EB0008D919C91009709F4D1CFDC01ED91FC913B
:109EC0000088F189E02DC253DF4FA880CE5CD040DE
:109ED000CD2CC754DF4F0881C95BD040C654DF4F3B
:109EE0001881CA5BD040C554DF4F2881CB5BD0407E
:109EF000C454DF4F3881CC5BD040C354DF4F48811E
:109F0000CD5BD040C254DF4F5881CE5BD040C154AE
:109F1000DF4F6881CF5BD040C054DF4F7881C05C99
:109F2000D04019950C94CB45912CC353DF4F388109
:109F3000CD5CD040332309F46ECEC253DF4FC880CE
:109F4000CE5CD0407801CF54DF4F0881C15BD04058
:109F5000CE54DF4F1881C25BD040CD54DF4F2881F3
:109F6000C35BD040CC54DF4F3881C45BD040CB546E
:109F7000DF4F4881C55BD040CA54DF4F5881C65B74
:109F8000D040C954DF4F6881C75BD040C854DF4F11
:109F90007881C85BD040C1010E946532E89455F8D1
:109FA0003ACEC1010E946534853009F090CD6FE84A
:109FB0007BE080ED92E10F94F93E4AE050E065E0ED
:109FC00070E080ED92E10F949A3E80ED92E10F9463
:109FD0008D3DB101CE0187549F4F0F94E30EF101E7
:109FE0008285853099F46EE0CE0187549F4F0E94A0
:109FF0002D2029A33AA34BA35CA36DA37EA38FA31B
:10A0000098A7689440F854F8912C7EC061E0CE0186
:10A0100087549F4F0E942D20298F3A8F4B8F5C8F42
:10A020006D8F7E8F8F8F98A3ECCFC1010E94653416
:10A03000F82EF6E08F1328C068E77BE080ED92E110
:10A040000F94F93E4AE050E066E070E080ED92E166
:10A050000F949A3E80ED92E10F948D3D62E0CE0127
:10A0600087549F4F0E942D20298B3A8B4B8B5C8B02
:10A070006D8B7E8B8F8B988F40E050E068E070E0B6
:10A08000C1010E94832EBDCF6AE57BE080ED92E1A5
:10A090000F94F93E6F2D70E04AE050E080ED92E1C0
:10A0A0000F949A3E80ED92E10F948D3D33CE40E0C7
:10A0B00051E060E070E0C1010E94D52E672B682B53
:10A0C000692BA1F5A11023C0B101CE0187549F4F88
:10A0D0000F94E30E61E0CE0187549F4F0E942D2024
:10A0E00029873A874B875C876D877E878F87988B18
:10A0F00040E050E068E070E0C1010E94AC2E68943E
:10A1000040F854F846E0942EDD24D3940ECF60E45A
:10A110007BE080ED92E10F94F93E23E030E0CD53F7
:10A12000DF4F39832883C35CD040DDC46BE27BE022
:10A1300001CEAA20A1F062E0CE0187549F4F0E9479
:10A140002D2029833A834B835C836D837E838F83A9
:10A150009887689440F854F835E0932ED5CF6EE098
:10A160007BE080ED92E10F94F93E01CDC554DF4FC5
:10A170008881CB5BD040823008F046CFC1010E947D
:10A180006534853009F03DCFA2CCC554DF4F8881BE
:10A19000CB5BD040823008F037CFAA20C1F065EF0A
:10A1A0007AE080ED92E10F94F93E61E0C1010E94F6
:10A1B0009E33CF53DF4F28813981C15CD04040E0CE
:10A1C00058E160E070E0C1010E94013581C5C554CD
:10A1D000DF4F8881CB5BD040823008F015CF9920CB
:10A1E00009F492CFC654DF4F8881CA5BD0408F708C
:10A1F00031F4B101CE0187549F4F0F94E30E689460
:10A2000040F8F0E35F2A00CF689456F8FDCEC654BC
:10A21000DF4F8881CA5BD0408F7019F4689454F87E
:10A22000F3CE20E3522AF0CE912C412C20E4522E82
:10A23000612C712C69CFF10183859485892B09F4F8
:10A24000C7C0411451046104710439F0A201B10185
:10A25000CE0187549F4F0E94BD33D1011B968D9133
:10A260009C91CF53DF4FE880F980C15CD040DC0186
:10A27000ED91FC910088F189E02DC253DF4FA88059
:10A28000CE5CD040CD2CC754DF4F0881C95BD04095
:10A29000C654DF4F1881CA5BD040C554DF4F2881B8
:10A2A000CB5BD040C454DF4F3881CC5BD040C3542B
:10A2B000DF4F4881CD5BD040C254DF4F5881CE5B29
:10A2C000D040C154DF4F6881CF5BD040C054DF4FD6
:10A2D0007881C05CD0401995CD53DF4F9983888336
:10A2E000C35CD040F10183859485DC01ED91FC9144
:10A2F000008CF18DE02D1995059711F4689440F8C4
:10A3000056FCD3C2992021F0692DC1010E949E33D1
:10A31000C153DF4FA881B981CF5CD040159709F4B4
:10A32000C0CC30E020E0B301A201C1010E940135A0
:10A33000C353DF4FB881CD5CD040BB2309F4B1CC0F
:10A34000CF53DF4F88819981C15CD040892B09F4BC
:10A35000A8CC68E97AE080ED92E10F94F93E80EDB7
:10A3600092E10F948D3DCF53DF4FA880B980C15C3F
:10A37000D040812C73016201CF54DF4F0881C15B53
:10A38000D040CE54DF4F1881C25BD040CD54DF4F58
:10A390002881C35BD040CC54DF4F3881C45BD040B0
:10A3A000CB54DF4F4881C55BD040CA54DF4F588142
:10A3B000C65BD040C954DF4F6881C75BD040C854EA
:10A3C000DF4F7881C85BD040C1010E94F92E69CC73
:10A3D0008285863009F483C080F5843009F4B5C1E4
:10A3E000853009F08FCF411451046104710439F0B4
:10A3F000A201B101CE0187549F4F0E94BD33C953C2
:10A40000DF4F28813981C75CD0402230310509F403
:10A4100098C12330310509F4EBC02130310509F032
:10A4200071CF689440F854F821E030E0CD53DF4F0D
:10A4300039832883C35CD04065CF883009F4E9C1F3
:10A44000893009F05FCF411451046104710439F07F
:10A45000A201B101CE0187549F4F0E94BD33DD2080
:10A4600009F450CFAA2079F0C754DF4F8881C95B27
:10A47000D040813041F4C654DF4F8881CA5BD04060
:10A480008F7009F43FCFC754DF4F0881C95BD040BC
:10A49000C654DF4F1881CA5BD040C554DF4F2881B6
:10A4A000CB5BD040C454DF4F3881CC5BD040C35429
:10A4B000DF4F4881CD5BD040C254DF4F5881CE5B27
:10A4C000D040C154DF4F6881CF5BD040C054DF4FD4
:10A4D0007881C05CD040C1010E94A53B81C1C754B6
:10A4E000DF4FD880C95BD040DD2009F47CCF70E01D
:10A4F00060E0C1010E94A42D8C014114510461044B
:10A50000710439F0A201B101CE0187549F4F0E941E
:10A51000BD330115110509F4F5CEF12CE12C17FF1F
:10A5200006C0119501951109EE24E394F12CC801A0
:10A5300001978634910508F0E5CEC02E61E0802FAA
:10A540000F944519EFEFED0DE63108F04DC0F0E046
:10A550008827E255FD4A8F4F0D949173C452C6521D
:10A56000F452F452C652C452C652F452F452F45247
:10A57000F452F452F452C452C452F452F452F4520B
:10A58000C452F452C452C452F1E0EF266E2D8C2D09
:10A590000F94171960ED7AE080ED92E10F94F93E87
:10A5A0004AE050E0B80180ED92E10F949A3E6EECE3
:10A5B0007AE080ED92E10F94F93E4AE050E0B70175
:10A5C00080ED92E10F949A3E80ED92E10F948D3DE3
:10A5D000689440F854F801E010E0CD53DF4F198340
:10A5E0000883C35CD0408ECEEE24EA94FE2CD2CFFA
:10A5F000C1010E94422D6B017C01892B61F56EEB3C
:10A600007AE08FE192E10F94F93ED1011296ED913B
:10A61000FC91608171818FE192E10F94E33E62EEE3
:10A6200075E08FE192E10F94E33E2AE030E0B7015C
:10A63000A6018FE192E10F94523E8FE192E10F94D7
:10A640008D3DD1011296ED91FC916081718188EE72
:10A6500095E00F949D1ECE0187549F4F0E949C2130
:10A6600020E030E048EC52E40F9436720F94A2746C
:10A67000C953DF4F688379838A839B83C75CD0404B
:10A68000C953DF4FC880D980C75CD0404FEF5FEF20
:10A6900060E070E088E00F94095ECD53DF4F68837F
:10A6A00079838A839B83C35CD040CD53DF4FE8809E
:10A6B000F980C35CD04067EB7AE080ED92E10F94C3
:10A6C000F93ED1011296ED91FC916081718180ED8E
:10A6D00092E10F94E33E63EB7AE080ED92E10F9418
:10A6E000F93E4AE050E0C953DF4F68817981C75C89
:10A6F000D04080ED92E10F949A3E6EEA7AE080EDD0
:10A7000092E10F94F93E4AE050E0CD53DF4F68816B
:10A710007981C35CD04080ED92E10F94AA3D80ED39
:10A7200092E10F948D3DB701A601C1010E94012D58
:10A73000E1E0F0E0CD53DF4FF983E883C35CD04024
:10A74000E1CD689440F855F846CF411451046104B6
:10A75000710439F0A201B101CE0187549F4F0E94CC
:10A76000BD33DD2009F4CECDC754DF4F8881C95BEE
:10A77000D040AA20E1F1813041F4C654DF4F8881F6
:10A78000CA5BD0408F7009F4BDCDC754DF4F08813C
:10A79000C95BD040C654DF4F1881CA5BD040C55456
:10A7A000DF4F2881CB5BD040C454DF4F3881CC5B76
:10A7B000D040C354DF4F4881CD5BD040C254DF4FFF
:10A7C0005881CE5BD040C154DF4F6881CF5BD04011
:10A7D000C054DF4F7881C05CD040C1010E94D139A4
:10A7E000CD53DF4F99838883C35CD0408BCD8130BC
:10A7F00061F6CE0187549F4F0F94C508449728F601
:10A80000CE0187549F4F0F949608689440F855F8EE
:10A81000BCCF411451046104710439F0A201B101AB
:10A82000CE0187549F4F0E94BD33DD2009F46ACDCD
:10A83000AA2079F0C754DF4F8881C95BD0408130AE
:10A8400041F4C654DF4F8881CA5BD0408F7009F451
:10A8500059CDC754DF4F0881C95BD040C654DF4F84
:10A860001881CA5BD040C554DF4F2881CB5BD040F4
:10A87000C454DF4F3881CC5BD040C354DF4F488194
:10A88000CD5BD040C254DF4F5881CE5BD040C15425
:10A89000DF4F6881CF5BD040C054DF4F7881C05C10
:10A8A000D040C1010E948A3A9BCF81E090E098CFCE
:10A8B000C153DF4FE881F981CF5CD040359709F46F
:10A8C000F0C940E050E4B101CE0187549F4F0E948F
:10A8D000BD3330E020E040E050E460E070E0C101D2
:10A8E0000E940135DEC9ACEFBFEF0C945045CE019C
:10A8F00087549F4F0E94E2212B013C0141145104D7
:10A9000061047104A1F161E0CE0187549F4F0E9460
:10A910002D20CF56DF4F2883C159D040CE56DF4F70
:10A920003883C259D040CD56DF4F4883C359D040F9
:10A93000CC56DF4F5883C459D040CB56DF4F688385
:10A94000C559D040CA56DF4F7883C659D040C95642
:10A95000DF4F8883C759D040C856DF4F9883C85906
:10A96000D0404424439450E1552E612C712CDD24B9
:10A97000D394A12C0C94B547C953DF4F088119819A
:10A98000C75CD040012B09F053C08081882311F4AB
:10A990000C949D44CE018F539F4F0E94B82BC953F6
:10A9A000DF4F99838883C75CD040C554DF4F8881CF
:10A9B000CB5BD040811132C0C953DF4F6881C75C87
:10A9C000D040CE0187549F4F0E940B20C755DF4FC8
:10A9D0002883C95AD040C655DF4F3883CA5AD04061
:10A9E000C555DF4F4883CB5AD040C455DF4F5883FD
:10A9F000CC5AD040C355DF4F6883CD5AD040C255A2
:10AA0000DF4F7883CE5AD040C155DF4F8883CF5A6D
:10AA1000D040C055DF4F9883C05BD040C953DF4F53
:10AA2000E881F981C75CD040EF2B11F40C949D4470
:10AA30006CE67DE080ED92E10F94F93E4AE050E053
:10AA4000B40180ED92E10F949A3E65E67DE080EDE1
:10AA500092E10F94F93ED1011296ED91FC91608143
:10AA6000718180ED92E10F94E33E6FE57DE080ED32
:10AA700092E10F94F93ECF53DF4F68817981C15C39
:10AA8000D04080ED92E10F94E33E6DE57DE080EDF6
:10AA900092E10F94F93ECE0187549F4F0E94832587
:10AAA000CF53DF4FE880F980C15CD040E114F1045E
:10AAB00011F40C94E844F7018081843211F00C9475
:10AAC000E84469E47DE080ED92E10F94F93E80ED89
:10AAD00092E10F948D3D0CEF1FEFCD53DF4F1983A3
:10AAE0000883C35CD040CD53DF4F88819981C35C1C
:10AAF000D040CA52DF4F0FB6F894DEBF0FBECDBFB5
:10AB0000DF91CF911F910F91FF90EF90DF90CF9049
:10AB1000BF90AF909F908F907F906F905F904F907D
:10AB20003F902F9008951FEFA11212C0C1010E9403
:10AB30005D57AA24A394181619060CF0A12CC9532A
:10AB4000DF4F28813981C75CD0402130310599F42D
:10AB5000C754DF4F8881C95BD040863061F440E044
:10AB600051E060E070E0C1010E94D52E672B682B98
:10AB7000692B09F082C0CF53DF4F28813981C15C36
:10AB8000D040D10114966D917C91EC2CC253DF4FD3
:10AB90000881CE5CD040AE0147545F4FC1010E9496
:10ABA0006C56C353DF4FB881CD5CD04010E0BB235F
:10ABB000C1F1C253DF4FC880CE5CD040EE24EA948E
:10ABC000FE2CCF54DF4F0881C15BD040CE54DF4F05
:10ABD0001881C25BD040CD54DF4F2881C35BD04089
:10ABE000CC54DF4F3881C45BD040CB54DF4F488119
:10ABF000C55BD040CA54DF4F5881C65BD040C954B2
:10AC0000DF4F6881C75BD040C854DF4F7881C85B95
:10AC1000D040C1010E946532C353DF4F1881CD5C23
:10AC2000D040CF53DF4F88819981C15CD040892BC0
:10AC300011F40C941E4DC553DF4FE881F981CB5CB4
:10AC4000D040EF2B11F00C94284D689440F8C75475
:10AC5000DF4F8881C95BD040853009F45EC810F0B1
:10AC60000C94304D833011F40C94624D912C0C9463
:10AC7000D74D2FEFA2127FCF59CFC553DF4F888119
:10AC80009981CB5CD04010E0892B11F00C94284DB9
:10AC900040E051E060E070E0C1010E94D52E672BDA
:10ACA000682B692B11F00C94844EBFEFAB120C94FF
:10ACB000BB4DC1010E945D57A12C1816190614F056
:10ACC0000C94BE4D67E07CE080ED92E10F94F93E7C
:10ACD000E3E0F0E00C948A452F923F924F925F920E
:10ACE0006F927F928F929F92AF92BF92CF92DF929C
:10ACF000EF92FF920F931F93CF93DF93CDB7DEB701
:10AD0000A4970FB6F894DEBF0FBECDBFFC0161154E
:10AD1000710509F4D0C0DB0118969C919F709530A5
:10AD200009F0C9C0EBA20AA319013A01F9A3E8A3EB
:10AD3000FB0146805780809137148F5F80933714D2
:10AD4000FE2DF160FCA34114510409F4AFC0D201FF
:10AD500018968C918F70843049F018F0873008F481
:10AD600091C0D20112964D905C90EDCFF2016185B9
:10AD70007285A8A1B9A18D919C910F94D5074C0122
:10AD8000009779F3FC0180858F70853051F74091F1
:10AD90003B1450913C14B401CE0101960E945138ED
:10ADA0006114710419F1CE0101960E94DB2B8823F6
:10ADB000E9F0AAA0CCA07101D3010C9111961C91CD
:10ADC000119712962C91129713963C911397149603
:10ADD0004C91149715965C91159716966C91169751
:10ADE00017967C91CE0101960E94DF438B858730B8
:10ADF000A9F561E0C4010F948708EBA00AA19101B5
:10AE0000A301BC0188A199A10E946C566114710430
:10AE1000A1F5882391F180913714815080933714E4
:10AE2000CE0101960E941E3881E0A4960FB6F894D8
:10AE3000DEBF0FBECDBFDF91CF911F910F91FF906D
:10AE4000EF90DF90CF90BF90AF909F908F907F90CA
:10AE50006F905F904F903F902F9008956114710410
:10AE600061F4CE0101960E94DB2B882331F0CE01E4
:10AE700001960E945D57892B71F6CE0101960E94C2
:10AE80001E386FCF912C812CB12CA12CD12CC12C30
:10AE9000F301E080F18002811381248135814681B4
:10AEA00057816FEFC2010E9482D55BCF809137142A
:10AEB00081508093371480E0B8CFCF92DF92EF9229
:10AEC000FF920F931F93CF93DF9300D000D01F9278
:10AED0001F92CDB7DEB76C0119821A821B821C82C9
:10AEE0001D821E821F8218868A81807F8A836AEB78
:10AEF0007DE080ED92E10F94F93ED6011296ED913E
:10AF0000FC916081718180ED92E10F94E33E68EBEA
:10AF10007DE080ED92E10F94F93EC6010E94DB2BAB
:10AF200081111CC06FEA7DE080ED92E10F94F93E43
:10AF300080ED92E10F948D3D0FEF1FEFC801289631
:10AF40000FB6F894DEBF0FBECDBFDF91CF911F913A
:10AF50000F91FF90EF90DF90CF900895C6010E946F
:10AF60006534F82EF60183859485009791F0DC0115
:10AF7000ED91FC910288F389E02D19958C0197FDE4
:10AF800008C081E00115110509F480E00E94431D0D
:10AF9000D5CFF6018285873009F431C0EFEFEF0D90
:10AFA000E63108F02CC0F0E08827E652F84A8F4FCF
:10AFB0000D949173F057F957FF57FF57F957F05712
:10AFC000FF57FF57FF57FF57FF57FF57FF57F057E0
:10AFD000FF57FF57FF57FF57F057F057F057F057FD
:10AFE00060E97DE080ED92E10F94F93E01E010E030
:10AFF000A5CF80E00E94431D10E000E09FCF40E01D
:10B0000050E2B601CE0101960E947234D6011A9622
:10B010008C911A97873089F160F4833009F459C014
:10B02000843061F060EA7DE080ED92E10F94F93EBA
:10B03000E3CF883009F44DC08930A1F760E0CE013C
:10B0400001960E94D0208C0165E97DE080ED92E1BF
:10B050000F94F93E4AE050E0B80180ED92E10F9480
:10B060009A3E80ED92E10F948D3D91E080E0012BBE
:10B0700009F490E0092F182F61CF1496ED91FC91FF
:10B0800080858F7010E000E08530F1F66DEA7DE09C
:10B0900080ED92E10F94F93EF60164817581E12C17
:10B0A00000E030E020E050E040E0C6010E946C5635
:10B0B000F82E082F10E06AEA7DE080ED92E10F940F
:10B0C000F93E8F2D0E94431D80ED92E10F948D3D3E
:10B0D00035CFCE0101960E94E2218B01B5CFAF9210
:10B0E000CF92EF92FF920F931F93CF93DF9300D0F5
:10B0F00000D01F921F92CDB7DEB719821A821B8231
:10B100001C821D821E821F8218861A81107FA12C2C
:10B11000C12CF12CE12C02E02B813C8140E05E81CE
:10B120006F8178850E94DF4328960FB6F894DEBFC2
:10B130000FBECDBFDF91CF911F910F91FF90EF9088
:10B14000CF90AF9008952F923F924F925F926F925F
:10B150007F928F929F92AF92BF92CF92DF92EF92A7
:10B16000FF920F931F93CF93DF93CDB7DEB7CF55E9
:10B17000D1090FB6F894DEBF0FBECDBF3C016A9671
:10B180007FAF6EAF6A9740E050E860E070E00E94E9
:10B19000D52E672B682B692B09F45DC019821A82A2
:10B1A0001B821C821D821E821F8218868A81807FDC
:10B1B0008A8340E050E3B301CE0101960E947234CD
:10B1C000D3011B968D919C91892B09F42EC140E0EF
:10B1D00050E860E070E0C3010E94832E6DE07EE0E5
:10B1E00080ED92E10F94F93EF30183859485DC01B3
:10B1F000ED91FC910088F189E02DA12CCC24C39421
:10B20000F12CE12C09811A812B813C814D815E81D9
:10B210006F8178851995D3011296ED91FC918F3F3E
:10B220009807C9F060817181892B09F068C180EDB0
:10B2300092E10F94E33E60ED7DE080ED92E10F94AA
:10B24000F93E68EC7DE080ED92E10F94F93E80EDEF
:10B2500092E10F948D3D65E0F301828193810F941B
:10B2600087086C969FAF8EAF6C97009709F485C1E5
:10B27000DC011896BC916E96BFAF6E97B295BF7009
:10B280006D96BFAF6D97FC01218432844384548452
:10B290000F947C1D6D96FFAD6D97FF2309F46DC172
:10B2A000261A370A480A590A19A21AA21BA21CA276
:10B2B0001DA21EA21FA218A68AA1807F8B608AA34E
:10B2C000F9A3B201A101CE0181960E944F2061969F
:10B2D0002FAF619762963FAF629763964FAF6397C8
:10B2E00064965FAF649765966FAF659766967FAF1C
:10B2F000669767968FAF679768969FAF68976A96CD
:10B300008EAD9FAD6A97049771F588248394B12C14
:10B31000A12CC12CD12C30E1E32EF12C09A11AA1D2
:10B320002BA13CA14DA15EA16FA178A5C3010E94F4
:10B33000F92EC201B10128EE33E040E050E00F9455
:10B340003C73BA01A9012AE030E080ED92E10F944C
:10B35000523E6DE17FE080ED92E10F94F93E80ED89
:10B3600092E10F948D3D57FE08C192E029163104F9
:10B37000410490E859060CF400C10E9416CF1B014D
:10B38000A0967FAF6EAFA09788248394B12CA12C98
:10B39000C12CD12C20E1E22EF12C09A11AA12BA164
:10B3A0003CA14DA15EA16FA178A5C3010E94F92E19
:10B3B000A096AEADBFADA097A83CB1050CF0ACC057
:10B3C00064E07FE089E292E10F94F93E4AE050E0C8
:10B3D000B10189E292E10F949A3E89E292E10F94E1
:10B3E0008D3DEFEFFFEF6A96FFAFEEAF6A976A967B
:10B3F0008EAD9FAD6A97C15ADF4F0FB6F894DEBF8E
:10B400000FBECDBFDF91CF911F910F91FF90EF90B5
:10B41000DF90CF90BF90AF909F908F907F906F9074
:10B420005F904F903F902F900895F3018285883070
:10B4300009F445C0893019F1843009F00CCF8091AE
:10B44000EE0D9091EF0D892B09F005CF40E050E80B
:10B4500060E070E0C3010E94832E68EF7DE080ED24
:10B4600092E10F94F93E09811A812B813C814D8133
:10B470005E816F817885C3010E94D139CCCE8091E5
:10B48000EE0D9091EF0D892B09F0E5CE40E050E8EC
:10B4900060E070E0C3010E94832E67EE7DE080EDE6
:10B4A00092E10F94F93E09811A812B813C814D81F3
:10B4B0005E816F817885C3010E94A53BACCE8091EF
:10B4C000EE0D9091EF0D892B09F0C5CE40E050E8CC
:10B4D00060E070E0C3010E94832E62ED7DE080EDAC
:10B4E00092E10F94F93E09811A812B813C814D81B3
:10B4F0005E816F817885C3010E948A3A8CCE80ED8F
:10B5000092E10F94E33E66EC7DE080ED92E10F94D2
:10B51000F93E62EC7DE097CE6C96AEADBFAD6C9718
:10B5200018968C9118978F7018968C9319821A829E
:10B530001B821C821D821E821F8218868A81807F48
:10B540008A836D96BFAD6D97B9836E968FAD6E97FA
:10B550008F70AA24A394873009F0A12C92E0C92E01
:10B56000F12CE12C09811A812B813C814D815E8176
:10B570006F817885C3010E94DF436A96EEADFFAD0F
:10B580006A97319759F4D3011A968C91843089F0D7
:10B59000893009F477C1C3010E947C35F3018385AA
:10B5A0009485009709F08EC46A961FAE1EAE6A9706
:10B5B0001ECF8091EE0D9091EF0D892BC1F4F30118
:10B5C00004811581D80118968C918F70853049F4CB
:10B5D000C8010F944709282E312CB2E02B163104F4
:10B5E00054F46CE67EE080ED92E10F94F93EC301E5
:10B5F0000E947C35FCCE6A96EEADFFAD6A97F09363
:10B60000EF0DE093EE0D70E060E0C3010E94A42D09
:10B610007C0161E070E0C3010E94A42D2C01F5E0E3
:10B620002F1631040CF442C064E0C8010F9487085F
:10B63000DC0119960D911C9126E040E855E260E08E
:10B6400070E081E79FE00F944640E092711081E73F
:10B650009FE09093701080936F1010927F11109262
:10B6600081111092801168E57EE080ED92E10F94E7
:10B67000F93ED3011296ED91FC916081718180EDCC
:10B6800092E10F94E33E80ED92E10F948D3D013005
:10B69000110509F4C1C06CF4012B09F4B2C06CE3CC
:10B6A0007EE080ED92E10F94F93E23C002E010E0CD
:10B6B000C3CF0230110579F00330110581F75092A4
:10B6C00074104092731081E090E090937610809314
:10B6D000751084E00BC0509274104092731081E09A
:10B6E00090E0909376108093751083E00F940B1F79
:10B6F000982E91109BC080E00F946D158C0167E32C
:10B700007EE080ED92E10F94F93ED3011296ED9127
:10B71000FC916081718180ED92E10F94E33E60E3E2
:10B720007EE080ED92E10F94F93EC801012E000CFD
:10B73000AA0BBB0B89839A83AB83BC8380E190E027
:10B740009E838D83BE016F5F7F4F80ED92E10E94EB
:10B7500069380F948D3DB801C3010E946236409153
:10B760003B1450913C14E0913514F09136146281F1
:10B770007381CE0101960E945138809135149091C9
:10B780003614892BA9F1CE0101960E94DB2B882368
:10B7900079F18B85843061F570E060E0CE0101962F
:10B7A0000E94A42DE816F90619F561E070E0CE01BB
:10B7B00001960E94A42D48165906D1F4B801CE0175
:10B7C00001960E946236E0913514F0913614828120
:10B7D00093819093361480933514892B49F4D301C7
:10B7E000ED91FC9186819781909336148093351466
:10B7F000CE0101960E941E381092EF0D1092EE0DB0
:10B80000F6CE509274104092731081E090E09093C5
:10B810007610809375106ACF509274104092731016
:10B82000109376100093751082E060CF63E27EE0A3
:10B8300080ED92E10F94F93ED3011296ED91FC91C7
:10B840006081718180ED92E10F94E33E6BE17EE0D7
:10B8500080ED92E10F94F93E892D90E0B0E0A0E0F8
:10B8600089839A83AB83BC8380E190E09E838D8340
:10B87000BE016F5F7F4F80ED92E10E9469380F94A7
:10B880008D3DBACF8091EE0D9091EF0D892B09F08F
:10B89000AECE6A96EEADFFAD6A97F093EF0DE093F2
:10B8A000EE0D0F9424482C01009741F0DC0118960E
:10B8B0008C911897807F866018968C93F201808512
:10B8C0008F70808730E020E043E050E060E2CE01FE
:10B8D00001960E9495CDD3011296ED91FC91608165
:10B8E00071814FE150E0CE0101960F940E7867EF21
:10B8F00075E0CE0101960F94E87726E040E855E226
:10B9000060E070E081E79FE00F94464070E060E007
:10B91000C3010E94A42D8093711081E79FE0909352
:10B92000701080936F1010927F11109281111092FD
:10B93000801164EF7EE080ED92E10F94F93ED30137
:10B940001296ED91FC916081718180ED92E10F94EE
:10B95000E33E80ED92E10F948D3D62E370E080E084
:10B9600090E00F948A1B84E398E090937410809386
:10B9700073108AE090E0909376108093751083E0C6
:10B980000F940B1F182F811133C267EE7EE080EDFC
:10B9900092E10F94F93E80E1E82EF12C812F0F9473
:10B9A0006D15092E000CAA0BBB0B89A39AA3ABA3A0
:10B9B000BCA3FEA2EDA2BE016F5D7F4F80ED92E1C0
:10B9C0000E94693865EE7EE00F94F93E1F5F1A30E1
:10B9D00029F780ED92E10F948D3D82E00F946D1573
:10B9E000BC0190E080E00F94D77120E030E048EC9B
:10B9F00052E40F9430749B01AC0165EC77E0C20116
:10BA00000F94F91584E00F946D156C01F12CE12C65
:10BA1000A7019C016DEF75E0C2010F94D51585E07B
:10BA20000F946D15BC0190E080E00F94D77120E079
:10BA300030E048EC52E40F9430749B01AC0160EBB1
:10BA400079E0C2010F94F91586E00F946D15BC01E1
:10BA500090E080E00F94D77120E030E040E251E4C4
:10BA60000F9430749B01AC016FEF75E0C2010F942D
:10BA7000F91580E00F946D159C0150E040E061E005
:10BA800076E0C2010F94D515CD28CE28CF2809F431
:10BA900085C0D3011496ED91FC9190859F709530EF
:10BAA00009F07CC061E0CF010F948708009709F48A
:10BAB00075C0FC0120852F70243009F06FC04091C3
:10BAC0003B1450913C1461857285CE0181960E9491
:10BAD0008137CE0181960E94DB2B882309F45AC05E
:10BAE00024961CAE1DAE1EAE1FAE249728961CAE2B
:10BAF0001DAE1EAE1FAE289722968FAD2297807F77
:10BB0000816022968FAF22978FEF25968FAF259772
:10BB100026965FAD269727963FAD279728962FAD9F
:10BB2000289721969FAD219722967FAD2297239645
:10BB30006FAD239724964FAD2497092F29969FAF79
:10BB400029972A967FAF2A972B966FAF2B972C9623
:10BB50004FAF2C97482F2D968FAF2D972E965FAF16
:10BB60002E972F963FAF2F9760962FAF6097A12CFF
:10BB7000C12CF12CE12C172F262F2C963FAD2C97A2
:10BB80002F966FAD2F9760967FAD6097CE0181960F
:10BB90000E94DF43CE0181960E941E3880E00F9400
:10BBA0006D1583FF51C16AEB7EE080ED92E10F9449
:10BBB000F93ED3011296ED91FC916081718180ED87
:10BBC00092E10F94E33E80ED92E10F948D3D62E3AC
:10BBD00070E080E090E00F948A1B8EE398E09093F1
:10BBE00074108093731081E090E0909376108093AE
:10BBF000751083E00F940B1F81110AC00F946D150F
:10BC00009C0150E040E064E076E0C2010F94D5155D
:10BC10001092EF0D1092EE0DC3010E945D571816A1
:10BC200019061CF4C3010E946F5881E090E09093C4
:10BC3000EF0D8093EE0D6AEA7EE080ED92E10F94C5
:10BC4000F93ED3011296ED91FC916081718180EDF6
:10BC500092E10F94E33E80ED92E10F948D3D62E31B
:10BC600070E080E090E00F948A1B83E190E0909375
:10BC700074108093731084E090E09093761080931A
:10BC8000751083E00F940B1F182F8111EFC06DE921
:10BC90007EE080ED92E10F94F93E812F0F946D15B7
:10BCA0004AE050E0BC0180ED92E10F949A3E6BE9CE
:10BCB0007EE080ED92E10F94F93E1F5F143069F74A
:10BCC00080ED92E10F948D3D80E00F946D158C0115
:10BCD0000097C9F0BC01990F880B990B0F94D7718D
:10BCE0002DEE3EE94CE35EE30F94367222E538EB2D
:10BCF00042E152E40F94C3739B01AC0169EE76E01C
:10BD0000C2010F94F91581E00F946D15BC01990FD4
:10BD1000880B990B0F94D7712DEE3EE94CE35EE34F
:10BD20000F94367222E538EB42E152E40F94C3736C
:10BD30006B017C01AC019B016EE876E0C2010F94BF
:10BD4000F91583E00F946D15181619060CF085C0CF
:10BD5000BC01990F880B990B0F94D77120E030E04C
:10BD600040E251E40F9430749B01AC0168E076E04E
:10BD7000C2010F94F91520E030E040E252E4C7011F
:10BD8000B6010F94D8741816BCF4012BA9F00F94C7
:10BD9000F307882371F08091D00E81110AC0D3017E
:10BDA0001296ED91FC91608171818CE096E00F9488
:10BDB0009D1EC3010E946F58C2010F94C1108C01D7
:10BDC0000F94F307882349F08091D00E811105C0AC
:10BDD000B801CE0101960F949D1EC8010F943E6AD2
:10BDE0004114510409F408CDC2010F94811504CD0A
:10BDF00068ED7EE080ED92E10F94F93ED30112965A
:10BE0000ED91FC916081718180ED92E10F94E33EB0
:10BE100060ED7EE080ED92E10F94F93E812F90E09D
:10BE2000B0E0A0E089A39AA3ABA3BCA380E190E01B
:10BE30009EA38DA3BE016F5D7F4F80ED92E10E94B6
:10BE400069380F948D3DAACE20E030E0A90164E06E
:10BE500076E0C2010F94D515EECE20E030E0A901C6
:10BE600068E076E0C2010F94D51585CF6BE87EE0DF
:10BE700080ED92E10F94F93ED3011296ED91FC9181
:10BE80006081718180ED92E10F94E33E63E87EE092
:10BE900080ED92E10F94F93E812F90E0B0E0A0E0B8
:10BEA00089A39AA3ABA3BCA380E190E09EA38DA33A
:10BEB000BE016F5D7F4F80ED92E10E9469380F9463
:10BEC0008D3D7ACFDC01ED91FC910284F385E02D6C
:10BED0001995892B09F468CBF30183859485DC01DE
:10BEE000ED91FC910480F581E02D6A966EAD7FADF9
:10BEF0006A9719956A969FAF8EAF6A9778CA6F92C4
:10BF00007F928F929F92AF92BF92CF92DF92EF92E9
:10BF1000FF920F931F93CF93DF93CDB7DEB7C85433
:10BF2000D1090FB6F894DEBF0FBECDBF3C014B0167
:10BF3000FC010081118169E176E0C8010F94D50709
:10BF40005C0161ED75E0C8010F94D5076C016EE1ED
:10BF500076E0C8010F94D507A114B10431F4C114DF
:10BF6000D10419F4892B09F4D2C062E276E0C80149
:10BF70000F94D5077C0167E276E0C8010F94D507DE
:10BF80008C0164E37AE080ED92E10F94F93E4AE09F
:10BF900050E0F301638180ED92E10F94B03D62E3E4
:10BFA0007AE080ED92E10F94F93E4AE050E0B4016E
:10BFB00080ED92E10F949A3E80ED92E10F948D3DD9
:10BFC000C114D10409F455C0F60180858F70843006
:10BFD00009F04FC06185728540E450E0CE010196C2
:10BFE0000F942C780F94F307882309F442C08091B2
:10BFF000D00E81113EC06FE270E0CE0101960F9429
:10C00000F377892B51F4F6012185328543E050E026
:10C0100060E4CE0101960E9495CD8114910409F44B
:10C02000B5C0E114F10409F088C041E06CE276E0AB
:10C03000CE0101960F94191E6CE27AE080ED92E138
:10C040000F94F93EBE016F5F7F4F80ED92E10F9438
:10C05000E33E69E27AE080ED92E10F94F93E6CE212
:10C0600076E080ED92E10F94E33E80ED92E10F9453
:10C070008D3DA114B10409F44AC0F50180858F708B
:10C08000843009F044C040913B1450913C146185C8
:10C090007285CE0101960E948137CE0101960E94E1
:10C0A000DB2B882381F1892809F4B7C0F701EF2839
:10C0B00009F0CCC025961CAE1DAE1EAE1FAE259756
:10C0C00029961CAE1DAE1EAE1FAE299723961FAD3E
:10C0D0002397107FA12CC12CF12CE12C01E0249698
:10C0E0002FAD249725963FAD259740E027965FAD6D
:10C0F000279728966FAD289729967FAD2997CE016F
:10C1000001960E94DF43CE0101960E941E38C85B53
:10C11000DF4F0FB6F894DEBF0FBECDBFDF91CF91DA
:10C120001F910F91FF90EF90DF90CF90BF90AF9055
:10C130009F908F907F906F900895F70180858F700A
:10C14000843009F096CF61857285FB018081882358
:10C1500009F48FCF41E0CE0101960F94191E63E2DE
:10C160007AE080ED92E10F94F93EBE016F5F7F4F60
:10C1700080ED92E10F94E33E60E27AE080ED92E19F
:10C180000F94F93EF701618572856BCF011511059A
:10C19000E9F441E06FE276E0CE0101960F94191EBA
:10C1A0006AE17AE080ED92E10F94F93EBE016F5FA3
:10C1B0007F4F80ED92E10F94E33E67E17AE080EDFE
:10C1C00092E10F94F93E6FE276E04BCFF801808563
:10C1D0008F70843009F04DCF61857285FB018081BD
:10C1E000882309F446CF41E0CE0101960F94191E31
:10C1F00061E17AE080ED92E10F94F93EBE016F5F5C
:10C200007F4F80ED92E10F94E33E6EE07AE080EDA7
:10C2100092E10F94F93EF801B6CFF801012BB1F489
:10C2200025961CAE1DAE1EAE1FAE259729961CAEE0
:10C230001DAE1EAE1FAE299723961FAD2397107F0C
:10C24000A12CC12CF12CE12C02E049CF80858F700C
:10C25000843009F058CF61857285FB018081882385
:10C2600009F451CFCE0101960F9400114CCF2F92BB
:10C270003F924F925F927F928F929F92AF92BF9226
:10C28000CF92DF92EF92FF920F931F93CF93DF93A2
:10C29000CDB7DEB7A9970FB6F894DEBF0FBECDBFFE
:10C2A0006C01F62E1A014901DC018D919C911197C8
:10C2B000892B09F4D2C01596ED91FC91309709F4C1
:10C2C000CCC080818071BFEF6B13C9C0C9F481E01D
:10C2D000A9960FB6F894DEBF0FBECDBFDF91CF9108
:10C2E0001F910F91FF90EF90DF90CF90BF90AF9094
:10C2F0009F908F907F905F904F903F902F900895E8
:10C300004330510521F3F180F2942FE0F22264E0F2
:10C310007AE080ED92E10F94F93E4AE050E0D601D8
:10C3200013966C9180ED92E10F94B03D62E07AE05B
:10C3300080ED92E10F94F93ED6011596ED91FC91B6
:10C3400061816F704AE050E080ED92E10F94B03D62
:10C350006FEF79E080ED92E10F94F93E4AE050E012
:10C360006F2D80ED92E10F94B03D80ED92E10F943E
:10C370008D3DD6011596ED91FC9181818F70F81657
:10C3800009F468C0008103FB002700F9198E1A8E9A
:10C390001B8E1C8E1D8E1E8E1F8E18A28A8D807F76
:10C3A0008A8FD6011596ED91FC9181818F708F1542
:10C3B000A9F1B3E02B16310489F16DEF79E080ED3E
:10C3C00092E10F94F93E4AE050E0F601638180ED7E
:10C3D00092E10F94B03D6BEF79E080ED92E10F9424
:10C3E000F93ED6011596ED91FC9161816F704AE09E
:10C3F00050E080ED92E10F94B03D68EF79E080ED80
:10C4000092E10F94F93E4AE050E06F2D80ED92E109
:10C410000F94B03D80ED92E10F948D3DBFE0BF15CC
:10C4200008F455C1EF2DF0E08827E65EFD498F4FF7
:10C430000D94917333627362BF622A633563BF6286
:10C440009862BF6238634463AC6247635263676358
:10C450006763556380818F7E808380E039CF882336
:10C4600009F494CFFACFF601A580B680D5011196D4
:10C470008C918F70853009F42AC168F48230D9F02C
:10C4800067E276E0C4010F94D5072C01712CEE20F1
:10C4900009F491C0A7C08730D1F08A3089F76AE3E8
:10C4A00076E0C4010F94D5072C01F501708072FA73
:10C4B000772470F8ECCF64E376E0C4010F94D507DD
:10C4C0002C01F501708070FA772470F8E0CF63E3F7
:10C4D00076E0C4010F94D5072C01D5017C9071FA48
:10C4E000772470F8D4CF62E276E0C4010F94D507C8
:10C4F0002C01D6011596ED91FC91808180FB77246B
:10C5000070F8982F9E7F80FF9160908341145104B2
:10C5100009F0BDCF61E0CE0149960E942D20298B04
:10C520003A8B4B8B5C8B6D8B7E8B8F8B988FAFCFC9
:10C5300061E476E0C4010F94D5072C01D60115966D
:10C54000ED91FC91808181FB772470F8982F9D7F7D
:10C5500081FF926090839BCF67E476E0C4010F94E3
:10C56000D5072C01D6011596ED91FC91808182FBB7
:10C57000772470F8982F9B7F82FF9460EBCF67E25F
:10C5800076E0C4010F94D5072C01892B69F462E091
:10C59000CE0149960E942D2029873A874B875C87D8
:10C5A0006D877E878F87988BEE2009F48EC0BFE061
:10C5B000712CFB1217C0E3E02E16310409F48AC077
:10C5C000602F70E0C6010E947F5FD6011596ED9145
:10C5D000FC9180818F7E8083BFE0FB1203C0EE2040
:10C5E00009F475CE69E176E0C4010F94D5078C019A
:10C5F00061ED75E0C4010F94D5075C016EE176E052
:10C60000C4010F94D50799A788A7A114B10481F498
:10C610000115110569F460E0CE0149960E942D20B4
:10C6200029833A834B835C836D837E838F839887D2
:10C63000D6011596ED91FC914114510409F05BC0AF
:10C64000898D811158C0BFE0FB126AC080818F7E46
:10C6500080833DCE6DE476E0C4010F94D5072C01B4
:10C66000D6011596ED91FC912DCF62E576E0F4CFE1
:10C6700068E576E0C4010F94D5072C01D601159624
:10C68000ED91FC9170802BCF6EE576E0F3CF65E6FF
:10C6900076E0C4010F94D5072C01D6011596ED91D3
:10C6A000FC9104CF6BE676E0F4CF712C512C412C39
:10C6B000EE2009F480CF62E276E0011102C067E269
:10C6C00076E0C4010F94D5072C01712C74CF512C46
:10C6D000412C6ACFD6011596ED91FC918081806145
:10C6E00000FB83F9808381818F709F2D9295907FCD
:10C6F000892B818371CF83E028163104C9F48181AD
:10C700008F708F1509F4E3CD9FE0F91609F4DFCDA2
:10C71000F29490EFF9228F2981838081806198CFF4
:10C720009F2D9F70F92E8181807FF82AF1828ECF14
:10C73000AFE0FA1639F0BF2DBF70FB2E8181807FEC
:10C74000F82AF18280818F7E808362E776E0C201E1
:10C750000F94D5074C01009709F455C0FC01808562
:10C760008F70843029F0853031F0823009F04BC071
:10C77000B401C60146C070E060E0C4010F94795D69
:10C780006C01009709F43FC0BC018091391490916D
:10C790003A140F94D5079AA389A370E060E0CE0104
:10C7A00081960E94883C6BE776E080ED92E10F94E1
:10C7B000E33EB60180ED92E10F94E33E60E876E05F
:10C7C00080ED92E10F94E33E61E070E08EA19FA1C5
:10C7D000892B11F470E060E04AE050E080ED92E1D6
:10C7E0000F949A3E80ED92E10F948D3D8EA19FA112
:10C7F000892B49F061E0C4010F948708BC01CE0188
:10C8000081960E94B01D88A499A46801E98CFA8CD5
:10C810000B8D1C8D2D8D3E8D4F8D58A1672DC20126
:10C820000E9482D554CD2F923F924F925F926F9289
:10C830007F928F929F92AF92BF92CF92DF92EF92B0
:10C84000FF920F931F93CF93DF93CDB7DEB7C757F8
:10C85000D1090FB6F894DEBF0FBECDBFDC0115962F
:10C860002D913C911697232B11F40C942A6E5B01A9
:10C870003C01AA969FAF8EAFAA9786EE92E0A8964B
:10C880009FAF8EAFA897AE96BFAFAEAFAE9784ED19
:10C8900092E0AC969FAF8EAFAC976130710509F412
:10C8A000C9C50CF482C0643071050CF07EC0D301A0
:10C8B00012968C91803409F45EC308F06DC0843008
:10C8C00008F073C0873009F470C08091230D8F5F2A
:10C8D0008093230DF301C080D180C114D10491F065
:10C8E0006AE675E0C6010F94D507FC01892B51F06B
:10C8F00090859F709550923028F48185928500979D
:10C9000009F06C01E12C00E09601A5016FEFC30175
:10C910000E943761D30112968C91129781FBFF24FC
:10C92000F0F813961C919AEC910F903118F0873023
:10C9300009F04CC065E876E0F301808191810F94A5
:10C94000D5074C01009709F441C0DC0118968C9181
:10C950008F708530D9F580913F1318132AC08091CC
:10C960004013803431F580914113909142131C01A2
:10C97000990F4408550860E0C4010F948708FC0132
:10C9800081859285A385B485281639064A065B06FB
:10C990000CF06AC010E043C0823409F4ECC228F005
:10C9A00090E8980F943008F48DCF90E080E00C94DC
:10C9B0002C6E10933F1380E480934013812F0F94CB
:10C9C000581A9093421380934113D1CF212F30E016
:10C9D000F901E957FD4C8491F901EA50FD4C14919D
:10C9E000F901E45CFC4CE490EE2009F43AC08111BA
:10C9F0000F94B018EE2DF0E0EE0FFF1FED53FA4C40
:10CA0000A591B491EC911E2331E020E009F430E0CF
:10CA1000832F922F11E0F816190609F0BBCFF3E02F
:10CA2000AF16B10409F4A6C0D3011596ED91FC919F
:10CA3000E181EF70E150EC3008F09CC0F0E0882715
:10CA4000EB5DFA498F4F0D9491734565D266796518
:10CA5000A365D266EF65D266226642665B6699661A
:10CA6000B96690E080E0D6CF61E0C4010F948708FA
:10CA700011E0FC0181859285A385B485821593051B
:10CA8000A405B5050CF0CBCF85CF0F947C1DDC0140
:10CA9000CB01AA27BB27F30125813681F901228129
:10CAA0003381821B930BA109B109AA27BB27883EBA
:10CAB0009340A105B10508F45DC06DE476E0D301B3
:10CAC0008D919C910F94D507EE24E394012F892B2F
:10CAD00041F462E576E0C6010F94D507892B09F48D
:10CAE000ACC0960142E050E063E0C3010E943761B0
:10CAF00041C00F947C1DDC01CB01AA27BB27F301A9
:10CB000025813681F90122813381821B930BA10992
:10CB1000B109AA27BB278C329140A105B10550F17C
:10CB2000EE24E394012F960142E050E064E0C3015B
:10CB30000E9437610F947C1DD3011596ED91FC91F5
:10CB40007383628317C00F947C1DDC01CB01AA277D
:10CB5000BB27F30125813681F90122813381821BB4
:10CB6000930BA109B109AA27BB2786399105A10515
:10CB7000B105B0F6D3011596ED91FC91808183FB50
:10CB8000882780F9181709F42DC1D3011596ED9166
:10CB9000FC918081982F907E09F053C10F947C1DE9
:10CBA000F301A581B68113967C936E93129711962B
:10CBB000EC911197EF70112309F489C1E23009F467
:10CBC00052C108F045C1EE2309F47BC1EC90E3FAB1
:10CBD000EE24E0F801E09601A5016FE065C10F9435
:10CBE0007C1DDC01CB01AA27BB27F30125813681FF
:10CBF000F90122813381821B930BA109B109AA2774
:10CC0000BB27883E9340A105B10508F4B3CF68E582
:10CC100076E0C6010F94D507EE24E394012F892B0B
:10CC200039F46EE576E0C6010F94D507892B29F01B
:10CC3000960142E050E068E058CF960142E050E0B3
:10CC40006DE053CF0F947C1DDC01CB01AA27BB27DD
:10CC5000F30125813681F90122813381821B930BF7
:10CC6000A109B109AA27BB278C329140A105B105C2
:10CC700008F480CFEE24E394012F960142E050E0C7
:10CC800069E055CF0F947C1DDC01CB01AA27BB279F
:10CC9000F30125813681F90122813381821B930BB7
:10CCA000A109B109AA27BB2786399105A105B105BC
:10CCB00008F460CFDFCF0F947C1DDC01CB01AA27E5
:10CCC000BB27F30125813681F90122813381821B43
:10CCD000930BA109B109AA27BB27883E9340A10560
:10CCE000B10508F447CF65E676E0C6010F94D50795
:10CCF000892B39F46BE676E0C6010F94D507892BB2
:10CD000041F0EE24E394012F960142E050E06BE005
:10CD1000ECCE67E476E0C6010F94D507EE24E394E9
:10CD2000012F960142E050E066E0892B09F088CFA0
:10CD3000DCCE0F947C1DDC01CB01AA27BB27F301BD
:10CD400025813681F90122813381821B930BA10950
:10CD5000B109AA27BB278C329140A105B10508F47F
:10CD600009CFEE24E394012F960142E050E06CE0FD
:10CD7000DECE0F947C1DDC01CB01AA27BB27F3017B
:10CD800025813681F90122813381821B930BA10910
:10CD9000B109AA27BB2786399105A105B10508F479
:10CDA000E9CEDFCF0F947C1DDC01CB01AA27BB2786
:10CDB000F30125813681F90122813381821B930B96
:10CDC000A109B109AA27BB2788359240A105B10561
:10CDD00008F4D0CEEE24E394012F960142E050E017
:10CDE00060E083CE0F947C1DF301E580F680DC01CA
:10CDF000CB01AA27BB27F70122813381821B930B2A
:10CE0000A109B109AA27BB2780339547A105B10520
:10CE100068F020E030E0A90169E876E0C6010F94EF
:10CE2000445D672B682B692B09F0AFCED7018C913D
:10CE30008F7180648C938091230D81508093230D9A
:10CE4000B4CD982F907E90528F71892B8083F3CF31
:10CE5000E53049F0E73009F0B9CEE12C01E0960168
:10CE6000A5016AE021C061E476E0C6010F94D50710
:10CE7000892BA9F468E576E0C6010F94D507892BC4
:10CE800071F46EE576E0C6010F94D507892B39F46D
:10CE900063E376E0C6010F94D507892B91F0E12C6E
:10CEA00001E09601A50166E0C3010E943761882375
:10CEB00011F2D3011596ED91FC91808110FB83F95D
:10CEC000C5CFE12C01E09601A50161E0EDCFE15075
:10CED000ED3008F048C0F0E08827EE58F8498F4F51
:10CEE0000D9491737F67B36785678567B3678B67B9
:10CEF000B367AD67AD67AD67AD67AD678567E12CBB
:10CF000000E09601A50162E0CFCFE12C00E09601A0
:10CF1000A50165E0C9CF61E476E0C6010F94D507AD
:10CF2000892BA9F468E576E0C6010F94D507892B13
:10CF300071F46EE576E0C6010F94D507892B39F4BC
:10CF400063E376E0C6010F94D507892B31F0E12C1D
:10CF500000E09601A50167E0A7CFE12C00E0960173
:10CF6000A50160E0A1CFEC90E3FAEE24E0F881E0C7
:10CF7000E82600E030CEB3E0AB16B10409F415CDDD
:10CF800065E876E0F301808191810F94D5071C015B
:10CF9000D30113968C9190913F138913CFC0909138
:10CFA0004013903409F0CAC080914113909142130C
:10CFB0002C012114310409F4F1C0F10120852F70F6
:10CFC000253009F0EBC0C1010F944709E1968FAFFE
:10CFD000E197843008F4BEC063E0C1010F94870874
:10CFE000DC0119968D919C91FAE0FF2EF89EF001DC
:10CFF000F99EF00D1124E096FFAFEEAFE09762E0EE
:10D00000C1010F948708DC0119968D919C91F89EBF
:10D010008001F99E100D11246801012E000CEE080C
:10D02000FF0861E0C1010F948708E3969FAF8EAFC0
:10D03000E39760E0C1010F948708FC01818492842A
:10D04000A384B4849201052C000C440B550B2819C1
:10D0500039094A095B09E096AEADBFADE097BD0165
:10D06000BB0F880B990B6C197D098E099F090F94D2
:10D070000A73E396EEADFFADE397218532854385D4
:10D080005485281939094A095B090F943C73C20E6B
:10D09000D31EE41EF51EE196FFADE197F53009F4CD
:10D0A0006CC0AA24A394B12CE096EEADFFADE0973E
:10D0B000CF01FF0FAA0BBB0B8C159D05AE05BF055D
:10D0C0000CF464C0D701C6019801012E000C440B7A
:10D0D000550B82179307A407B5070CF45CC09C019D
:10D0E000AD01E196FFADE197F23009F06CC062014D
:10D0F000550CEE08FF0860E0C1010F948708FC01A1
:10D1000081859285A385B485C816D906EA06FB06F3
:10D110000CF4BCC561E0C1010F948708FC01818556
:10D120009285A385B4858C159D05AE05BF050CF0D1
:10D130003CCCC12CD12C7601C394ABC580933F135A
:10D1400090E4909340130F94581A90934213809355
:10D1500041132ECF8AE0849D6001859DD00C11245F
:10D160000D2C000CEE08FF0810E000E020E038E293
:10D17000E0963FAF2EAFE09794CF64E0C1010F94EB
:10D180008708DC011996AD90BC908ECF44244A9458
:10D1900073E0572E99CF512C412CA3CF2AE0289F22
:10D1A0006001299FD00C11249601DD0C440B550B16
:10D1B00010E000E080E098E2E0969FAF8EAFE0974D
:10D1C000AA24A394B12CD3011596ED91FC91628110
:10D1D0007381C201861B970B97FF03C091958195C0
:10D1E0009109A816B90674F08081982F92959695AA
:10D1F0009770963050F49F5F9295990F907E8F7143
:10D20000892B02C080818F7180838081803AB8F041
:10D21000C801110FAA0BBB0B82179307A407B50710
:10D2200071F0E096EEADFFADE097CF01FF0FAA0BD6
:10D23000BB0B82179307A407B50709F0B6CB4616B8
:10D24000570609F4B2CBA2961CAE1DAE1EAE1FAEA1
:10D25000A297A0968FADA097807F8660A0968FAF93
:10D26000A097A2968CAD9DADAEADBFADA2976896CE
:10D270008CAF9DAFAEAFBFAF6897AAE0B0E00F94A0
:10D280005B736C966CAF7DAF8EAF9FAF6C9764E6AF
:10D2900079E080ED92E10F94F93E4AE050E0D3014D
:10D2A00013966C9180ED92E10F94B03D62E679E0C7
:10D2B00080ED92E10F94F93ECE018C5A9F4F0E946F
:10D2C00083256AE675E0F301808191810F94D5078B
:10D2D000912C812CB12CA12CD12CC12C6596EFACBA
:10D2E00065976696FFAC669767960FAD67976896E9
:10D2F0001FAD689769962FAD69976A963FAD6A979B
:10D300006B964FAD6B976C965FAD6C976FEF0E940D
:10D3100082D5D3010D911C9169E176E0C8010F948B
:10D32000D5077C0161ED75E0C8010F94D5078C012C
:10D330000097E9F1FC0180858F708430C1F561852B
:10D34000728540E450E0CE0101960F942C786FE294
:10D3500070E0CE0101960F94F377892B59F4D80130
:10D3600019962D913C9143E050E060E4CE01019686
:10D370000E9495CD00E020E030E240E150E0BE01A7
:10D380006F5B7F4FCE018C5A9F4F0E945E230F949C
:10D39000F307882361F08091D00E811108C041E02D
:10D3A000BE016F5B7F4FCE0101960F94191EE114F1
:10D3B000F104C9F1F70180858F708430A1F54091A7
:10D3C0003B1450913C1461857285CE0101960E94F8
:10D3D0008137CE0101960E94DB2B882301F1A12C1D
:10D3E000C12CF12CE12C65960FAD659766961FADAB
:10D3F000669767962FAD679768963FAD6897699671
:10D400004FAD69976A965FAD6A976B966FAD6B97F4
:10D410006C967FAD6C97CE0101960E94DF43CE01E2
:10D4200001960E941E38D3011596ED91FC9153820E
:10D430004282BBCAF3018281863009F452C070F483
:10D44000843009F456C0853009F0AFCA61E070E05D
:10D45000CE018A599F4F0E94D37DA7CA883009F414
:10D460000BC3803109F0A1CA0F947C1D6B017C01B4
:10D47000C3010E94471CC61AD70AE80AF90A30E31A
:10D48000C31635E7D306E104F10408F48ECA61ED52
:10D4900075E0D3018D919C910F94D5078C01009775
:10D4A00009F4C0C2FC0180858F70843009F0BAC2D3
:10D4B0000F947C1D2AE0AE014F5F5F4F0F947F6C8D
:10D4C0000F94F307882309F4ADC28091D00E811127
:10D4D000A9C2BE016F5F7F4FD80119968D919C91B3
:10D4E0009FC261E070E0CE0186599F4F0E94827F0B
:10D4F0005CCA0F947C1D6B017C01C3010E94471C18
:10D50000C61AD70AE80AF90AF8E9CF16FAE3DF06DD
:10D51000E104F10408F449CAD30113968C912796CB
:10D520008FAF279796E128969FAF2897282F30E056
:10D53000F901EA50FD4CE4912996EFAF2997F901E2
:10D54000E45CFC4CE4912A96EFAF2A9740E85EE356
:10D5500060E070E062964CAF5DAF6EAF7FAF6297F8
:10D5600062E00F9445190F947C1D605D774081093E
:10D5700091092E966CAF7DAF8EAF9FAF2E9787E34C
:10D5800064968FAF6497CE018F5B9F4F0F941521E8
:10D59000882349F028968FAD28978C3009F473C002
:10D5A00048F48B3011F1212C312C20EC422E2FE746
:10D5B000522E47C085518230B0F724961FAD249774
:10D5C000612F70E0762F662766277F7725968FADCF
:10D5D0002597682B90E080E00F94D5712DEC3CEC02
:10D5E0004CEC5DE30F9436726CC024966FAD2497BB
:10D5F00070E090E080E00F94D5716B017C0125967E
:10D600001FAD259717FF0AC0AC019B0160E070E0D9
:10D6100080E89FEB0F94C3736B017C011F70612F37
:10D6200070E090E080E00F94D7712DEC3CEC4CEC76
:10D630005DE30F943672A70196010F94C4731B012A
:10D640002C01CE018F5B9F4F0F941521882309F485
:10D6500004C228968FAD28978B3030F08D30D0F1F2
:10D660008551823008F4E7C1AF961FAEAF97E196BF
:10D670001FAEE197F0ECE296FFAFE2972FE7E4965A
:10D680002FAFE49751C024961FAD2497612F70E00F
:10D6900090E080E00F94D5716B017C0125966FAD11
:10D6A00025976F7070E090E080E00F94D7712DECBB
:10D6B0003CEC4CEC5DE30F943672A70196010F949D
:10D6C000C4731B012C0117FFBCCF57FA509457F8B5
:10D6D0005094B7CF23966FAD239770E090E080E031
:10D6E0000F94D7712DEC3CEC4CEC5DE30F9436724B
:10D6F0006B017C0122966FAD229770E090E080E094
:10D700000F94D7719B01AC01C701B6010F94C4738C
:10D71000AF966FAFAF97E1967FAFE197E2968FAF8D
:10D72000E297E4969FAFE49761E879E080ED92E1BB
:10D730000F94F93E4AE050E0D30113966C9180EDCE
:10D7400092E10F94B03D61E779E080ED92E10F94B2
:10D75000F93EB201A10180ED92E10F944A0D6AE613
:10D7600079E080ED92E10F94F93EAF964FADAF971F
:10D77000E1965FADE197E2966FADE297E4967FADFB
:10D78000E49780ED92E10F944A0D68E679E080ED30
:10D7900092E10F94F93E80ED92E10F948D3DF301FB
:10D7A000008111816AE277E0C8010F94D507E696FF
:10D7B0009FAF8EAFE69760E976E0C8010F94D5077A
:10D7C000E8969FAF8EAFE897A2019101C201B10127
:10D7D0000F943875811121C019821A821B821C8214
:10D7E0008A81807F8760F82E8A83222D2D823E8257
:10D7F0004F825886912C812CB12CA12CD12CC12C7C
:10D80000E9800B811C813E814F8158856FEFE69640
:10D810008EAD9FADE6970E9482D5AF962FADAF97A4
:10D82000E1963FADE197E2964FADE297E4965FADAA
:10D83000E497AF966FADAF97E1967FADE197E29633
:10D840008FADE297E4969FADE4970F943875811100
:10D850002DC019821A821B821C828A81807F876078
:10D86000F82E8A83AF962FADAF97822FE1969FADAA
:10D87000E197E296AFADE297E496BFADE4978D8372
:10D880009E83AF83B887912C812CB12CA12CD12CF5
:10D89000C12CE9800B811C813E814F8158856FEF3F
:10D8A000E8968EAD9FADE8970E9482D561ED75E058
:10D8B000D3018D919C910F94D5077C01009709F4B9
:10D8C000B1C0FC0180858F70843009F0ABC020E0CE
:10D8D00030E0A901C201B1010F94D071882309F48D
:10D8E000A1C020E030E0A901AF966FADAF97E196FF
:10D8F0007FADE197E2968FADE297E4969FADE49716
:10D900000F94D071882309F48DC0A2019101C20146
:10D91000B1010F94D071811185C0AF962FADAF9733
:10D92000E1963FADE197E2964FADE297E4965FADA9
:10D93000E497AF966FADAF97E1967FADE197E29632
:10D940008FADE297E4969FADE4970F94D07181116B
:10D9500069C01A821982FE0133968EE3DF011D929F
:10D960008A95E9F7F7016185728540E450E08E0100
:10D970000F5F1F4FC8010F942C786FE270E0C80151
:10D980000F94F377892B51F4D70119962D913C917F
:10D9900043E050E060E4C8010E9495CD68E577E07F
:10D9A000C8010F94E877B201A101CE018C5A9F4FB4
:10D9B0000E94BDCE0F94F307882351F08091D00EC2
:10D9C000811106C0BE016C5A7F4FC8010F949D1E85
:10D9D000F80101900020E9F73197E01BF10BEC0F03
:10D9E000FD1F88E48083AF964FADAF97E1965FADA2
:10D9F000E197E2966FADE297E4967FADE497CE01B2
:10DA00008C5A9F4F0E94BDCE0F94F307882351F08C
:10DA10008091D00E811106C0BE016C5A7F4FC801A3
:10DA20000F949D1E0F947C1DAB01BC01C3010E948D
:10DA3000201C0C94D56423966EAD7FAD239776277A
:10DA40006727762790E080E00F94D5712DEC3CECB1
:10DA50004CEC5DE30F9436725BCEAF961FAEAF9782
:10DA6000E1961FAEE197B0ECE296BFAFE297EFE729
:10DA7000E496EFAFE49758CE0F947C1D6B017C01C8
:10DA8000C3010E94471CC61AD70AE80AF90AB8E976
:10DA9000CB16BAE3DB06E104F10410F40C94D56470
:10DAA000D3011596ED91FC911697818113961C91E7
:10DAB000811158C0163008F03FC08CE0E0E5F2E07C
:10DAC000DE01119601900D928A95E1F7E12FF0E0C9
:10DAD000EE0FFF1F21E030E02C0F3D1FE20FF31F80
:10DAE00060E080810F94451967E97CE183E01330A1
:10DAF000C9F070F46FE97CE181E0113099F06BE9D5
:10DB00007CE182E0123071F063EA7CE180E00AC0DF
:10DB100063E97CE184E0143029F06FE87CE185E082
:10DB2000153091F70F94BF14D3011596ED91FC9128
:10DB300081E081830C94D56469ED79E080ED92E118
:10DB40000F94F93E4AE050E0F301638180ED92E1E9
:10DB50000F94B03D6CEA79E080ED92E10F94F93ECC
:10DB60000C94D56424E0129FF0011124EC5DF24F77
:10DB7000C080D180E280F38068EA79E080ED92E1B4
:10DB80000F94F93E4AE050E0D30113966C9180ED7A
:10DB900092E10F94B03D64E979E080ED92E10F9459
:10DBA000F93E2AE030E0B701A60180ED92E10F9442
:10DBB000523E61ED75E0F301808191810F94D507AC
:10DBC0008C01009709F443C0DC0118968C911897DA
:10DBD0008F708430E1F519966D917C9140E450E0AE
:10DBE000CE0101960F942C786FE270E0CE01019681
:10DBF0000F94F377892B51F4F8012185328543E0A6
:10DC000050E060E4CE0101960E9495CDFF92EF9224
:10DC1000DF92CF9285E795E09F938F938E010F5B04
:10DC20001F4F1F930F930F9483780F94F3070FB632
:10DC3000F894DEBF0FBECDBF882309F4F3CE8091E8
:10DC4000D00E8111EFCEB801CE010196E9CE65E884
:10DC500079E082CF8FEF9FEFC958DF4F0FB6F8946E
:10DC6000DEBF0FBECDBFDF91CF911F910F91FF900F
:10DC7000EF90DF90CF90BF90AF909F908F907F906C
:10DC80006F905F904F903F902F900895C12CD12CB2
:10DC90007601D3011596ED91FC9182819381092E35
:10DCA000000CAA0BBB0B8C159D05AE05BF0511F42E
:10DCB0000C94D564B601C3010E947F5FD301159611
:10DCC000ED91FC91D382C2820C94D564AF92CF9235
:10DCD000DF92EF92FF920F931F93CF93DF93CDB715
:10DCE000DEB7C754D1090FB6F894DEBF0FBECDBF63
:10DCF00080911F0D9091200DA091210DB091220DCA
:10DD0000892B8A2B8B2B09F401C10F947C1D009168
:10DD10001F0D1091200D2091210D3091220D601BBF
:10DD2000710B820B930B6C3271408105910508F4E5
:10DD3000EDC010921F0D1092200D1092210D109227
:10DD4000220D80915D0D90E095958795959587952D
:10DD500010E000E0E1E0F0E08017910709F4A6C0D0
:10DD60009F01002E02C0220F331F0A94E2F7C090D9
:10DD70001B0DD0901C0DE0901D0DF0901E0DA90103
:10DD8000032E000C660B770B4C215D216E217F2149
:10DD9000452B462B472B09F43DC140911B0D50915B
:10DDA0001C0D60911D0D70911E0D20953095C901BF
:10DDB000330FAA0BBB0B84239523A623B723809391
:10DDC0001B0D90931C0DA0931D0DB0931E0D809103
:10DDD000600D9091610D009709F468C0FC012085E9
:10DDE0002F70253009F062C0602F0F948708FC0166
:10DDF00090859F70943009F059C0618572856115D6
:10DE0000710509F453C0E0915E0DF0915F0D000FB4
:10DE1000111F000F111FE00FF11F13810281F1800C
:10DE2000E08040913B1450913C14CE0101960E9439
:10DE30008137E1107CC0F1107AC0011178C0111156
:10DE400076C018A619A61AA61BA61CA61DA61EA655
:10DE50001FA689A5807F89A762E0CE0188960E94CF
:10DE60002D2028A339A34AA35BA36CA37DA38EA373
:10DE70009FA361E0CE0180960E940B2028AB39ABB6
:10DE80004AAB5BAB6CAB7DAB8EAB9FABA12CC12C1B
:10DE9000F12CE12C89019A01AB01BC01CE01019664
:10DEA0000E94DF43CE0101960E941E3867E579E0AB
:10DEB00080ED92E10F94F93E01E010E08091420282
:10DEC000909143028017910708F0A7C08091420209
:10DED00090914302E0912F14F0913014E80FF91F54
:10DEE0004AE050E0608180ED92E10F94B03D64E93A
:10DEF00076E080ED92E10F94E33E0F5F1F4F01311A
:10DF00001105E1F680ED92E10F948D3DC95BDF4F85
:10DF10000FB6F894DEBF0FBECDBFDF91CF911F913A
:10DF20000F91FF90EF90DF90CF90AF90089518A6DB
:10DF300019A61AA61BA689A5807F856089A7EEA6CB
:10DF4000FDA60CA71FA78CA59DA5AEA5BFA548A59E
:10DF500059A56AA57BA548A359A36AA37BA38CA353
:10DF60009DA3AEA3BFA362E0CE0180960E940B20CA
:10DF700028AF39AF4AAF5BAF6CAF7DAF8EAF9FAF0D
:10DF8000A12CC12CF12CE12C89019A01AB01BC011F
:10DF9000CE0101960E94DF4318A619A61AA61BA659
:10DFA0001CA61DA61EA61FA689A5807F89A761E0C5
:10DFB000CE0188960E942D2028A339A34AA35BA3F3
:10DFC0006CA37DA38EA39FA361E0CE0180960E94E7
:10DFD0000B20022F21962FAF2197132F22963FAFB0
:10DFE0002297242F23964FAF2397352F24965FAF88
:10DFF0002497462F25966FAF2597572F26967FAFEC
:10E000002697682F27968FAF2797792F28969FAF4F
:10E01000289744CF0F5F1F4F9FCEC8015BCFAF92B1
:10E02000BF92DF92EF92FF920F931F93CF93DF93F4
:10E0300000D000D0CDB7DEB78C017B01D42EFB0120
:10E0400084819581892BF9F0A080B1806FE370E025
:10E05000C5010F94F3770097B1F09C012A193B0991
:10E0600037FD11C050E040E0B701CE0101960F949A
:10E07000343BBE016F5F7F4FC7010F946A3ACE01F8
:10E0800001960F94123BF70184819581892BD9F178
:10E09000E080F18066E976E0C7010F94FE77892B76
:10E0A00001F5F801128A118A80E090E19587848752
:10E0B00084E890E0948B838B81E08687D58A81E029
:10E0C00090E026960FB6F894DEBF0FBECDBFDF916D
:10E0D000CF911F910F91FF90EF90DF90BF90AF9085
:10E0E000089563EA76E0C7010F94FE77892B59F40F
:10E0F000F801128A118A148A138A84E890E09587BD
:10E1000084871686DBCF90E080E0DBCFCF93DF9370
:10E11000FC01C681D78180858F70853079F086308B
:10E12000E1F42097D1F0E881F981309719F08081EE
:10E130008F7B79F40A80DB81C02DF3CF209769F0C3
:10E14000CE010E948670811105C00A80DB81C02D3E
:10E15000F5CF81E0DF91CF91089580E0FBCF089566
:10E1600084E190E00895DC01ED91FC910484F58553
:10E17000E02D60E0199581E090E00895DC011496AF
:10E18000ED91FC9180E0309711F085A1817090E0D5
:10E1900008958FE090E09093D20E8093D10E88EC9A
:10E1A00090E0089569EC70E2811102C06BEC70E2BE
:10E1B0008FE192E10D94F93E67E57CE18FE192E118
:10E1C0000F94F93EF0E0E0E0199584EF91E00895B6
:10E1D0008091640D8823B1F0E091650DF091660D9A
:10E1E000309731F0868197819093630D8093620D13
:10E1F0006CEA79E18FE192E10F94F93E8FE192E1CF
:10E200000D948D3D0895CF93DF93EC0166E078E2A5
:10E2100080ED92E10F94F93EEA81FB810280F38167
:10E22000E02D6081718180ED92E10F94E33E80EDFD
:10E2300092E10F948D3DE881F9810484F585E02D0C
:10E2400060E0CE01199581E090E0DF91CF910895D3
:10E25000CF93DF93EC016FEA76E080ED92E10F94CB
:10E26000E33EEA81FB810280F381E02D60817181D0
:10E2700080ED92E10F94913D8C819D81009711F08A
:10E280000F943E6A70E060E08A819B810E94BE2C00
:10E290001D821C8281E090E0DF91CF9108950D9462
:10E2A0003E6A0D943E6A0D943E6ACF93DF936115EA
:10E2B000710589F0EB01DC011296ED91FC9162E0B1
:10E2C000848195810F948708BE010F94D507DF9153
:10E2D000CF910D94191890E080E0DF91CF910895CF
:10E2E0008F929F92AF92BF92CF92DF92EF92FF9266
:10E2F0000F931F93CF93DF9300D000D01F921F92F4
:10E30000CDB7DEB7E982FA820B831C832D833E836F
:10E310004F835887DC011296ED91FC91309791F173
:10E32000048115810115110569F1F80180858F704F
:10E33000853041F57B01C8010F944709823010F107
:10E3400061E0C8010F9487080097E1F0DC0118969E
:10E350002C912F702630B1F4B7010F94D507009798
:10E3600089F0912C812CB12CA12CD12CC12CE980CD
:10E37000FA800B811C812D813E814F8158856FEF82
:10E380000E9482D528960FB6F894DEBF0FBECDBF8F
:10E39000DF91CF911F910F91FF90EF90DF90CF9081
:10E3A000BF90AF909F908F9008954F925F926F9221
:10E3B0007F928F929F92AF92BF92CF92DF92EF9215
:10E3C000FF920F931F93CF93DF93CDB7DEB768977C
:10E3D0000FB6F894DEBF0FBECDBF098B1A8B2B8B07
:10E3E0003C8B4D8B5E8B6F8B788FDC0112962D9161
:10E3F0003C911397232B09F4DEC0CC2009F4DBC039
:10E400006C01ED91FC91008CF18DE02D19955C0172
:10E410006FE178E280ED92E10F94F93ECE014196F2
:10E420000E948325A114B10471F460E0CE014196ED
:10E430000E94D020682FF601848195810F948F5718
:10E4400081E090E0BAC0CE0141960E943D234C018C
:10E4500094E0F2E0AF16B10459F081E1A816B104DE
:10E4600009F445C091E0A1E0AA16B10409F495E0D1
:10E4700019861A861B861C861D861E861F86188A8C
:10E480008A85807F892B8A87EE24EA94FE2C09896D
:10E490001A892B893C894D895E896F89788DCE01D7
:10E4A00009960E94AD3E65E178E280ED92E10F941D
:10E4B000F93ECE0109960E948325B2E0AB16B10465
:10E4C00089F0E1E1AE16B104B1F0AA94AB2809F0ED
:10E4D000B7CF188963E070E0C6010E94183E612F33
:10E4E0000F948F576F85F6018481958151C0888D77
:10E4F0008170888FBCCF0FE710E08FEF88169806E9
:10E50000A9F0092C000CAA08BB08A50194012959FF
:10E51000310941095109AFEFB0E00F945B732BE56E
:10E5200031E040E050E00F943C73890163E070E01B
:10E53000C6010E94183E5C01288930E0D8010F9482
:10E54000A873412C512C32014A94A30192010F94DB
:10E550003C73622FC5010F948F5764E070E0C601D1
:10E560000E94183E5C01AFEFB0E0A01BB10B288900
:10E5700030E00F94A873A30192010F943C73622FB3
:10E58000C5010F948F576F85D60114968D919C917C
:10E590000F948F571E8561E070E0C6010E94183EFF
:10E5A000612F0F948F571D8562E070E0C6010E94B5
:10E5B000183E612F43CF90E080E068960FB6F89444
:10E5C000DEBF0FBECDBFDF91CF911F910F91FF90A6
:10E5D000EF90DF90CF90BF90AF909F908F907F9003
:10E5E0006F905F904F900895CF93DF93FC0122814D
:10E5F0003381232B59F1EC0162E776E280ED92E161
:10E600000F94F93E4AE050E06E8180ED92E10F9464
:10E61000B03D80ED92E10F948D3D8C819D810F94F2
:10E620003E6A70E060E08A819B810E94BE2C1D8260
:10E630001C82E881F9810484F585E02D60E0CE013B
:10E64000199581E090E0DF91CF91089590E080E00E
:10E65000FACFCF92EF92FF920F931F93CF93DF9356
:10E6600000D000D01F921F92CDB7DEB77C01098386
:10E670001A832B833C834D835E836F8378876DEE93
:10E6800077E280ED92E10F94F93ECE0101960E946F
:10E690008325898181112DC00B81013091F130F0EA
:10E6A00010E0023009F040C0CC2001F160E0CE0162
:10E6B00001960E94D020F70102811381892B81F0FD
:10E6C000C8010E94422D672B682B692B79F44FEF0C
:10E6D0005FEFBA0180E00F94095EAB01BC0103C09B
:10E6E00040E050E0BA01C8010E94012D81E090E0B5
:10E6F0002EC08031D0F58E30D8F58130C9F182300E
:10E70000D9F160EE77E280ED92E10F94F93E4AE0B4
:10E7100050E0698180ED92E10F94B03D80ED92E18F
:10E720000F948D3D01E010E060ED77E280ED92E125
:10E730000F94F93E4AE050E0B80180ED92E10F9469
:10E740009A3E80ED92E10F948D3D90E080E0289616
:10E750000FB6F894DEBF0FBECDBFDF91CF911F91F2
:10E760000F91FF90EF90CF9008958351843048F639
:10E77000F70102811381A4CF40E050E0BA01F70114
:10E7800082819381B1CFCF92DF92EF92FF920F936C
:10E790001F93CF93DF93EC01EC81FD81309709F457
:10E7A000A4C08A819B81892B09F49FC08081882322
:10E7B00009F49BC07A016B01E881F9810284F38539
:10E7C000E02DCE0119950397D9F4EC81FD8180A548
:10E7D00091A5A2A5B3A5892B8A2B8B2B89F00F9429
:10E7E0007C1DEC81FD8100A511A522A533A5601B30
:10E7F000710B820B930B663971058105910528F326
:10E800008F81988521E0E21AF108DC01ED91FC91FD
:10E810000280F381E02DA701B60119958F819885BB
:10E82000DC01ED91FC910190F081E02DD601129672
:10E8300060E09D012C193D092E153F0518F42D911E
:10E84000620FF7CF19950C811D814FEF5FEFBA0171
:10E8500080E00F94095EF80160A771A782A793A7D3
:10E8600068E176E280ED92E10F94F93E4AE050E0F3
:10E870006E8180ED92E10F94B03D63E176E280ED30
:10E8800092E10F94F93E8601C8018C199D098E15FD
:10E890009F05B8F4D8016C9140E150E06A3050F423
:10E8A0006EEB76E080ED92E10F94E33E40E150E0C4
:10E8B000F801608180ED92E10F94B03D0F5F1F4F32
:10E8C000E3CF80ED92E10F948D3DE881F9810484DE
:10E8D000F585E02D63E0CE01DF91CF911F910F917F
:10E8E000FF90EF90DF90CF901994DF91CF911F911F
:10E8F0000F91FF90EF90DF90CF9008958F929F92AD
:10E90000AF92BF92CF92DF92EF92FF920F931F933D
:10E91000CF93DF9300D000D01F921F92CDB7DEB708
:10E920006D7F6130710509F4BDC0FC01E280F380A8
:10E93000E114F10409F4B6C08C01C7010E94422D14
:10E940004B015C0161E070E0C7010E945E2D811403
:10E950009104A104B10409F4A5C020E030E04AE725
:10E9600054E40F9436720F94A9746B017C01C114A6
:10E97000D104E104F10409F495C00F947C1D6819D9
:10E9800079098A099B096C157D058E059F0508F498
:10E9900089C0F801A280B38070E060E0C5010E94E8
:10E9A0005E2D20E030E048EC52E40F9436720F9474
:10E9B000A9746B017C014FEF5FEFBA0180E00F9407
:10E9C000095EAB01BC01C5010E94012D19821A82AA
:10E9D0001B821C821D821E821F8218868A81807F74
:10E9E0008A83F8016281738140E050E3CE01019691
:10E9F0000E947234CE0101960E94F2224B015C010A
:10EA000060EC76E080ED92E10F94E33E2AE030E0A6
:10EA1000B501A40180ED92E10F94A83D6FEC76E082
:10EA200080ED92E10F94E33E2AE030E0B701A601C9
:10EA300080ED92E10F94A83D80ED92E10F948D3D21
:10EA4000C80CD91CEA1CFB1C8A81807F86608A83E3
:10EA5000CD82DE82EF82F886F8016281738140E028
:10EA600050E2CE0101960E94BD3363ED76E080ED69
:10EA700092E10F94E33E2AE030E0B701A60180ED79
:10EA800092E10F94A83D80ED92E10F948D3D30E02E
:10EA900020E040E050E260E070E0F8018281938184
:10EAA0000E94013590E080E028960FB6F894DEBF12
:10EAB0000FBECDBFDF91CF911F910F91FF90EF90CF
:10EAC000DF90CF90BF90AF909F908F900895CF929E
:10EAD000DF92EF92FF920F931F93CF93DF93CDB707
:10EAE000DEB762970FB6F894DEBF0FBECDBF6C01E4
:10EAF0000B871C872D873E874F87588B698B7A8BB6
:10EB00006BEC77E2C7010F94DB6BEEE0F0E0892B52
:10EB1000F1F065EC77E2C7010F94DB6BE0E1F0E028
:10EB2000892BA9F06FEB77E2C7010F94DB6BEFE065
:10EB3000F0E0892B61F01D856BEB77E2C7010F9444
:10EB4000DB6BE12FF0E0892B11F4EDE0F0E09B8529
:10EB5000992341F0309731F4EF2809F45CC08FEF2E
:10EB60009FEFCAC0E131F10508F037C08827E454AF
:10EB7000FA488F4F0D949173AF750B76CD75ED7587
:10EB8000ED75ED75ED75BD767477ED75ED75ED751B
:10EB9000ED75ED757E77B7778C77CE010B960E9479
:10EBA000E22120EF260F2931D0F6D6011496ED91FF
:10EBB000FC91159723A39B01AC01332744275527CC
:10EBC0001296ED91FC910280F381E02D60817181BC
:10EBD00008EE16E0C6010E94823ED6011496ED9121
:10EBE000FC911597118A1496ED91FC91159781E08F
:10EBF00081871496ED91FC9115978DE48287149688
:10EC0000ED91FC9115978FE5838714966D917C911A
:10EC100045E250E04CC0F601048115814FEF5FEFF3
:10EC2000BA0180E00F94095ED80198966D937D93A8
:10EC30008D939C939B97D601ED91FC910484F5856F
:10EC4000E02D64E0C6011995EB85E150E63128F628
:10EC5000F0E0D60114962D913C9115978827EC5C35
:10EC6000F9488F4F0D9491734A765B76ED75ED758B
:10EC70005B764A76ED75ED75ED75ED75ED75ED75B7
:10EC8000ED758B76A376ED75ED75ED75ED759F766B
:10EC90009B76A176F90185A1858F1496ED91FC9163
:10ECA000858D8160858F4DE050E06AE172E0C6019C
:10ECB0000E94C3731FC0F90185A1858F1496ED9141
:10ECC000FC91858D8E7F858F4DE050E06DE072E088
:10ECD000C6010E94C373D6011296ED91FC91028089
:10ECE000F381E02D4DEE56E06FE276E08081918178
:10ECF0000F94371E81E090E062960FB6F894DEBF65
:10ED00000FBECDBFDF91CF911F910F91FF90EF907C
:10ED1000DF90CF900895F901178AD6011496ED91EE
:10ED2000FC91159785A1858F1496ED91FC91858DA9
:10ED30008160858F52CF81E0F901878BEECF82E031
:10ED4000FBCF84E0F9CF83E0F901878B1496ED9136
:10ED5000FC91159785A1858F1496ED91FC911597DF
:10ED6000858D8160858F1496ED91FC91818D833026
:10ED700009F033CF82E0818F30CF1982F601048110
:10ED800015819031C1F190F4923009F440C09E3069
:10ED9000B9F0CE010B960E94E22161157105810543
:10EDA000910509F058C0F80117A243C0913141F113
:10EDB000923179F782E0F801818F6BE677E206C045
:10EDC00083E0D80159968C9363E477E2CE010196F3
:10EDD0000F94E46BD6011296ED91FC910280F381C1
:10EDE000E02D42EF56E0BE016F5F7F4F8081918141
:10EDF0000F94371EF2CEF801118E67E577E2E6CF69
:10EE000081E0D80159968C9361E677E2DFCFD80193
:10EE100097961C92048115814FEF5FEFBA0180E055
:10EE20000F94095ED80198966D937D938D939C9372
:10EE30009B97D6011496ED91FC91159785A1858F2E
:10EE40001496ED91FC91858D8E7F858F4DE050E07D
:10EE50006DE072E02CCFD80197961C926150710939
:10EE600081099109660F771F881F991F2EEF30E0E7
:10EE700040E050E00F943C73DA01C9010196A11DF6
:10EE8000B11D813071F0A8F2823029F1833009F090
:10EE9000A1CFD6011496ED91FC91118E67E577E232
:10EEA00008C0D6011496ED91FC9182E0818F6BE64B
:10EEB00077E2CE0101960F94E46BD6011496ED91A2
:10EEC000FC91159785A1858F1496ED91FC91858D08
:10EED0008160858F7FCFD6011496ED91FC9181E002
:10EEE000818F61E677E2E5CFCE010B960E94E221A9
:10EEF000D6011496ED91FC91678B6FCED6011496D6
:10EF0000ED91FC91913029F0923009F066CE148E8B
:10EF100064CE80E5848F61CEF60104811581913045
:10EF200049F09230B1F0CE010B960E94E221F80137
:10EF3000638F53CE83E0D8015B968C930280F3817C
:10EF4000E02D0280F381E02D47EF56E06CE276E0A1
:10EF50004DCFF801138ED6011296ED91FC910280EF
:10EF6000F381E02D47EF56E06FE276E03FCFD60128
:10EF70001496ED91FC91913031F0923009F02DCE44
:10EF8000858D877FD6CE858D8860D3CECF93C1E027
:10EF900068EE73E080E090E00F948A1B4AE050E056
:10EFA0006C2F8FE192E10F94B03DCF5FC43181F7B8
:10EFB00084EF91E0CF9108953F924F925F926F92CC
:10EFC0007F928F929F92AF92BF92CF92DF92EF92F9
:10EFD000FF920F931F93CF93DF93CDB7DEB7C75A3E
:10EFE000D1090FB6F894DEBF0FBECDBFDC01149679
:10EFF0002D913C911597232B09F4D2C58B016C01FF
:10F00000ED91FC910284F385E02D199582309105F4
:10F0100009F418C1C4F597FFC3C5F601878190852F
:10F02000DC01ED91FC910084F185E02D1995859727
:10F030000CF4F4C045E250E0BE016F5F7F4FF60173
:10F04000878190850F940F3DD60117968D919C91E5
:10F05000DC01ED91FC910084F185E02D1995892B5F
:10F0600009F437C162E070E080E090E00F948A1B01
:10F07000F60187819085DC01ED91FC910284F38596
:10F08000E02D1995E1CF8430910509F474C0C4F1E5
:10F09000059719F60130110509F000C160EA76E222
:10F0A00080ED92E10F941D3F4DE050E060E072E092
:10F0B000C6010E94C373F601048115814FEF5FEF13
:10F0C000BA0180E00F94095ED80198966D937D9304
:10F0D0008D939C939B97D601ED91FC910484F585CB
:10F0E000E02D62E0C6011995D6011496ED91FC91D0
:10F0F00015978FEF80831496ED91FC9181838DCFCE
:10F10000D6011496ED91FC9180A591A5A2A5B3A579
:10F11000892B8A2B8B2B09F480CF0F947C1DD60171
:10F120001496ED91FC91159700A511A522A533A584
:10F13000601B710B820B930B66397105810591057C
:10F1400008F46BCFED91FC910484F585E02D62E02D
:10F15000C6011995F601048115814FEF5FEFBA01E1
:10F1600080E00F94095ED80198966D937D938D93FE
:10F170009C939B9752CFD6011496ED91FC9180A55C
:10F1800091A5A2A5B3A5892B8A2B8B2BD9F10F941E
:10F190007C1DD6011496ED91FC9100A511A522A528
:10F1A00033A5601B710B820B930B6838734181058B
:10F1B000910540F1D601ED91FC910484F585E02D97
:10F1C00065E0C6011995F601048115814FEF5FEFE7
:10F1D000BA0180E00F94095ED80198966D937D93F3
:10F1E0008D939C939B97D6011496ED91FC9117A259
:10F1F0006CEA76E280ED92E10F94F93E80ED92E1C7
:10F200000F948D3DF60187819085DC01ED91FC9195
:10F210000084F185E02D1995892B19F481E090E0A7
:10F220003FC062E070E080E090E00F948A1BF6013E
:10F2300087819085DC01ED91FC910284F385E02DBE
:10F240001995E0CFD6011496ED91FC9180A591A57A
:10F25000A2A5B3A5892B8A2B8B2BE1F00F947C1DE3
:10F26000D6011496ED91FC9140A451A462A473A41C
:10F2700064197509860997096838734181059105F4
:10F2800048F0D601ED91FC910484F585E02D65E010
:10F29000C60119950130110509F4BFCE90E080E058
:10F2A000C955DF4F0FB6F894DEBF0FBECDBFDF915B
:10F2B000CF911F910F91FF90EF90DF90CF90BF9073
:10F2C000AF909F908F907F906F905F904F903F9006
:10F2D00008956CE976E280ED92E10F94F93E4AE000
:10F2E00050E0F601668180ED92E10F94B03D67E950
:10F2F00076E280ED92E10F94F93E8E010F5F1F4F91
:10F300007E01F5E2EF0EF11CD8016D918D0140E117
:10F3100050E06A3058F46EEB76E080ED92E10F94A5
:10F32000E33E40E150E0F8013197608180ED92E1E9
:10F330000F94B03DE016F10639F76EE280ED92E1F0
:10F340000F944B3E80ED92E10F948D3DFE0133967C
:10F3500080E00E171F0719F09191890FFACF9DA138
:10F36000981313C460E976E280ED92E10F94F93EC0
:10F3700080ED92E10F948D3D8DA1D6011496ED9113
:10F38000FC91159797A1891709F448CF87A3149684
:10F390000D90BC91A02D85E2FE01319601900D9259
:10F3A0008A95E1F7D6011496ED91FC91C056DF4F96
:10F3B000188219821A821B82C05AD040CC55DF4F66
:10F3C000188219821A821B82C45AD040CF55DF4F4F
:10F3D0008881C15AD040807FCF55DF4F8883C15A82
:10F3E000D04083A190E04C01B0E18B0E911C499775
:10F3F00008F014CF3584878986A3118D738CD601CC
:10F4000014962D913C91858DD90195968C93E48C21
:10F41000F12C878DD6011296ED91FC910280F3813B
:10F42000E02D4EEF56E06CE276E080FD02C06FE228
:10F4300076E0808191810F94371EB0E8EB16F104DD
:10F4400009F086C0D6011296ED91FC910280F381FD
:10F45000E02D45E057E06CE276E0808191810F94E9
:10F46000371E6BE077E080ED92E10F94E33ED6012A
:10F470001496ED91FC914AE050E065A180ED92E197
:10F480000F94B03D80ED92E10F948D3DD60114961E
:10F49000ED91FC91159785A11296ED91FC9102805A
:10F4A000F381E02D46E157E06CE276E083FD02C097
:10F4B0006FE276E0808191810F94371ED60112961B
:10F4C000ED91FC9113970280F381E02D8081918171
:10F4D0001496ED91FC9125A14DE157E06CE276E0A8
:10F4E00021FD02C06FE276E00F94371E1EA211309C
:10F4F00009F4F8C1E0F1123009F429C2133009F41B
:10F500005BC260E876E2CE0186960F94E46B60E021
:10F51000CE0180569F4F0E942D20E9962FAFE9978C
:10F52000EA963FAFEA97EB964FAFEB97EC965FAF5B
:10F53000EC97ED966FAFED97EE967FAFEE97EF9667
:10F540008FAFEF97C158DF4F9883CF57D04043C05C
:10F55000EF2809F086CFD6011296ED91FC9102803A
:10F56000F381E02D45E057E06FE276E076CF67E586
:10F5700077E2CE0186960F94E46B60E1CE0180566F
:10F580009F4F0E942D20C856DF4F2883C859D04076
:10F59000C756DF4F3883C959D040C656DF4F48831E
:10F5A000CA59D040C556DF4F5883CB59D040C456B6
:10F5B000DF4F6883CC59D040C356DF4F7883CD5995
:10F5C000D040C256DF4F8883CE59D040C156DF4F5E
:10F5D0009883CF59D040D6011296ED91FC910280CC
:10F5E000F381E02D42EF56E0BE016A5D7F4F8081DE
:10F5F00091810F94371EC056DF4FE880C05AD0402B
:10F60000CF55DF4FF880C15AD040CE55DF4F08812B
:10F61000C25AD040CD55DF4F1881C35AD040CC5587
:10F62000DF4F2881C45AD040CB55DF4F3881C55AAF
:10F63000D040CA55DF4F4881C65AD040C955DF4F28
:10F640005881C75AD04066EC7BE0C6010E947071B9
:10F65000D6011296ED91FC910280F381E02D47EFE7
:10F6600056E06FE276E0772011F06CE276E0808180
:10F6700091810F94371E092C000CAA08BB08D601F3
:10F680001296ED91FC910280F381E02D60817181F1
:10F6900008EE16E0A5019401C6010E94823E432CAB
:10F6A000512C712C612CBFEF3B1681F0D6011296C4
:10F6B000ED91FC910280F381E02D6081718109E27E
:10F6C00017E0A3019201C6010E94823E18AA19AA5E
:10F6D0001AAA1BAA1CAA1DAA1EAA1FAA89A9807F52
:10F6E00089ABB501A401CE01C0960E944F20E196DE
:10F6F0002FAFE197E2963FAFE297E3964FAFE397E4
:10F70000E4965FAFE497E5966FAFE597E6967FAF37
:10F71000E697E7968FAFE797E8969FAFE89779016E
:10F720008A019B01AC0169EE76E0C6010E9470710E
:10F7300018AA19AA1AAA1BAA1CAA1DAA1EAA1FAA9D
:10F7400089A9807F89ABB301A201CE01C0960E9436
:10F750004F2028AF39AF4AAF5BAF6CAF7DAF8EAFF4
:10F760009FAF63E0CE01C8960E940B20A9962FAFF1
:10F77000A997AA963FAFAA97AB964FAFAB97AC9617
:10F780005FAFAC97AD966FAFAD97AE967FAFAE97CC
:10F79000AF968FAFAF97E0969FAFE09779018A0160
:10F7A0009B01AC016AE277E0C6010E9470711EA263
:10F7B000D6011496ED91FC9186A1811132C163E4CA
:10F7C00077E2CE0186960F94E46B6EE0CE01805610
:10F7D0009F4F0E942D20A1962FAFA197A2963FAFD9
:10F7E000A297A3964FAFA397A4965FAFA497A596B1
:10F7F0006FAFA597A6967FAFA697A7968FAFA7974F
:10F80000A8969FAFA897D6011496ED91FC911597F5
:10F8100026A130E050E040E01296ED91FC9102808C
:10F82000F381E02D608171810FE217E0C6010E9433
:10F83000823ED6011496ED91FC9185A180FD14C005
:10F840006BEC76E2CE0186960F94E46B62E0CE011B
:10F8500080569F4F0E942D2028AB39AB4AAB5BAB43
:10F860006CAB7DAB8EAB9FABD6011296ED91FC914C
:10F870000280F381E02D4DEE56E0BE016A5D7F4FC0
:10F88000808191810F94371EC056DF4FE880C05AA7
:10F89000D040CF55DF4FF880C15AD040CE55DF4F12
:10F8A0000881C25AD040CD55DF4F1881C35AD0408D
:10F8B000CC55DF4F2881C45AD040CB55DF4F38811B
:10F8C000C55AD040CA55DF4F4881C65AD040C955A5
:10F8D000DF4F5881C75AD0406EEE76E0C6010E94D5
:10F8E00070719CCC61E677E2CE0186960F94E46B52
:10F8F00061E1CE0180569F4F0E942D20C057DF4FFF
:10F900002883C059D040CF56DF4F3883C159D040EB
:10F91000CE56DF4F4883C259D040CD56DF4F588373
:10F92000C359D040CC56DF4F6883C459D040CB5622
:10F93000DF4F7883C559D040CA56DF4F8883C659F8
:10F94000D040C956DF4F9883C759D04044CE6BE6AC
:10F9500077E2CE0186960F94E46B62E1CE01805689
:10F960009F4F0E942D20C857DF4F2883C858D04092
:10F97000C757DF4F3883C958D040C657DF4F488339
:10F98000CA58D040C557DF4F5883CB58D040C457D2
:10F99000DF4F6883CC58D040C357DF4F7883CD58B2
:10F9A000D040C257DF4F8883CE58D040C157DF4F79
:10F9B0009883CF58D0400FCE63E477E2CE0186968D
:10F9C0000F94E46B6EE0CE0180569F4F0E942D2075
:10F9D000C058DF4F2883C058D040CF57DF4F3883FF
:10F9E000C158D040CE57DF4F4883C258D040CD5782
:10F9F000DF4F5883C358D040CC57DF4F6883C4587B
:10FA0000D040CB57DF4F7883C558D040CA57DF4F1F
:10FA10008883C658D040C957DF4F9883C758D04015
:10FA2000DACD813029F569E877E2CE0186960F9428
:10FA3000E46B65E1CE0180569F4F0E942D206996B0
:10FA40002FAF69976A963FAF6A976B964FAF6B97E8
:10FA50006C965FAF6C976D966FAF6D976E967FAF3C
:10FA60006E976F968FAF6F97A0969FAFA097CBCEF4
:10FA7000823029F56FE777E2CE0186960F94E46B2A
:10FA800064E1CE0180569F4F0E942D2061962FAFDA
:10FA9000619762963FAF629763964FAF63976496A4
:10FAA0005FAF649765966FAF659766967FAF669711
:10FAB00067968FAF679768969FAF6897A4CE83309D
:10FAC00029F56DE477E2CE0186960F94E46B6FE042
:10FAD000CE0180569F4F0E942D2029962FAF299747
:10FAE0002A963FAF2A972B964FAF2B972C965FAF56
:10FAF0002C972D966FAF2D972E967FAF2E972F9622
:10FB00008FAF2F9760969FAF60977DCE843029F599
:10FB100063E977E2CE0186960F94E46B66E1CE014D
:10FB200080569F4F0E942D2021962FAF219722961D
:10FB30003FAF229723964FAF239724965FAF24972A
:10FB400025966FAF259726967FAF269727968FAF7E
:10FB5000279728969FAF289756CE8D3609F053CE1B
:10FB600060E876E2CE0186960F94E46B60E0CE0109
:10FB700080569F4F0E942D2028AF39AF4AAF5BAF10
:10FB80006CAF7DAF8EAF9FAF3ECE64E876E280ED86
:10FB900092E10F94F93E80ED92E10F948D3D3ECBC2
:10FBA0008FEF9FEF7DCB2F923F924F925F926F929C
:10FBB0007F928F929F92AF92BF92CF92DF92EF92FD
:10FBC000FF920F931F93CF93DF93CDB7DEB7689764
:10FBD0000FB6F894DEBF0FBECDBF3C018091E90D9A
:10FBE0006CEF75E2882309F46AC161E070E080E09F
:10FBF00090E00F948A1BBE016F5F7F4F80E00F94EF
:10FC00001E14892B09F059C1898183FF56C144E034
:10FC1000BE016F5F7F4F82E00F941815009791F43B
:10FC200029813A8132272327322730933C102093B1
:10FC30003B102B813C8132272327322730933A1007
:10FC4000209339100F94EB136BED75E280ED92E188
:10FC50000F94F93E60913B1070913C1090E080E071
:10FC60000F94D571562E798B8A8B492E462F572F9C
:10FC7000682F792F80ED92E10F944A0D63ED75E2C4
:10FC800080ED92E10F94F93E6091391070913A1035
:10FC900090E080E00F94D5716B8B7C8B8D8B9E8B6D
:10FCA000AB01BC0180ED92E10F944A0D67EC75E267
:10FCB00080ED92E10F94F93E42E0BE016F5F7F4F0D
:10FCC00081E10F94181549815A81542745275427FB
:10FCD000892B11F050E040E070E060E04093E50DCA
:10FCE0005093E60D6093E70D7093E80D2AE030E045
:10FCF00080ED92E10F94523E20E030E44CE156E476
:10FD0000652D79898A89942D0F94D07187FF7AC0E7
:10FD1000D3011296ED91FC912080318065E377E06C
:10FD2000C1010F94D507988F8F8B69E377E0C101EC
:10FD30000F94D5071C0119821A821B821C828A81AA
:10FD4000807F8760F82E8A83252D852D9989AA8941
:10FD5000B42D8D839E83AF83B887912C812CB12CD9
:10FD6000A12CD12CC12CE9800B811C813E814F81BB
:10FD700058856FEF8F89988D0E9482D519821A82DB
:10FD80001B821C828A81807F8760F82E8A832B8960
:10FD9000822F9C89AD89BE898D839E83AF83B8876E
:10FDA000E9800B811C813E814F8158856FEFC10135
:10FDB0000E9482D52EE337E0452D59896A89742D3A
:10FDC000C3010E945A3E23E437E04B895C896D8968
:10FDD0007E89C3010E945A3E6091E50D7091E60D47
:10FDE0008091E70D9091E80D2AE0AE014F5F5F4FE3
:10FDF0000F947F6C49E457E0BE016F5F7F4FC301F2
:10FE00000E94303E6FE477E080ED92E10F94913DE7
:10FE1000BE016F5F7F4F80EE0F941E14892B19F483
:10FE200019811F3F49F46EE975E289E292E10F946E
:10FE30001D3F81E090E04DC0112331F06FE875E285
:10FE400089E292E10F94F93E15FF06C062E875E27F
:10FE500089E292E10F94F93E14FF06C066E775E26D
:10FE600089E292E10F94F93E13FF06C068E675E25D
:10FE700089E292E10F94F93E12FF06C068E575E24F
:10FE800089E292E10F94F93E11FF06C069E475E240
:10FE900089E292E10F94F93E10FF0BC06EE375E228
:10FEA00089E292E10F94F93E89E292E10F948D3D4F
:10FEB000C0CF112309F4BDCFF7CF61EE75E280ED1D
:10FEC00092E10F94F93E80ED92E10F948D3D90E028
:10FED00080E068960FB6F894DEBF0FBECDBFDF910D
:10FEE000CF911F910F91FF90EF90DF90CF90BF9037
:10FEF000AF909F908F907F906F905F904F903F90CA
:10FF00002F9008952F923F924F925F926F927F921F
:10FF10008F929F92AF92BF92CF92DF92EF92FF9219
:10FF20000F931F93CF93DF93CDB7DEB760970FB6D4
:10FF3000F894DEBF0FBECDBF6130710579F42C019E
:10FF40008091E40D811125C065E275E289E292E1BC
:10FF50000F94F93E89E292E10F948D3D90E080E0AC
:10FF600060960FB6F894DEBF0FBECDBFDF91CF9184
:10FF70001F910F91FF90EF90DF90CF90BF90AF90C7
:10FF80009F908F907F906F905F904F903F902F90B9
:10FF9000089564E175E280ED92E10F94F93E82E00C
:10FFA0000F94BD1B692E712C40E150E0B30180ED30
:10FFB00092E10F949A3E8FEF6816710409F42DC1F7
:10FFC00061E577E080ED92E10F94E33E80E00F94ED
:10FFD000BD1BBC0190E080E00F94D57120E030E0C3
:10FFE00040E857E30F94367220E030E045E253E4F6
:10FFF0000F94367220E030E040E252E40F94C37375
:020000021000EC
:10000000762E272E382E692E462F572F682F792FC0
:1000100080ED92E10F944A0D6DE075E280ED92E182
:100020000F94F93E81E00F94BD1BBC0190E080E08D
:100030000F94D57120E030E040E857E30F9436721A
:1000400020E030E048EC52E40F94367269877A87FA
:100050008B879C87AB01BC0180ED92E10F944A0D28
:1000600065E577E080ED92E10F94913DD201129623
:10007000ED91FC91E080F1806AE277E0C7010F9496
:10008000D5079E878D8760E976E0C7010F94D50775
:10009000988B8F87272D322D432D562D672D722D4E
:1000A000832D962D0F943875811140C019821A82C4
:1000B0001B821C828A81807F8760F82E8A83272D8D
:1000C000872D922DA32DB62D8D839E83AF83B88768
:1000D000912C812CB12CA12CD12CC12CE9800B812D
:1000E0001C813E814F8158856FEF8D859E850E94D2
:1000F00082D519821A821B821C828A81807F876046
:10010000F82E8A832985822F9A85AB85BC858D83BD
:100110009E83AF83B887E9800B811C813E814F812C
:1001200058856FEF8F8598890E9482D527E537E043
:10013000472D522D632D762DC2010E945A3E2AE58D
:1001400037E049855A856B857C85C2010E945A3EFD
:100150008091E90D882309F45DC020E030E048EC8F
:1001600051EC672D722D832D962D0F94D07187FD44
:1001700051C020E030E048E452E4672D722D832D19
:10018000962D0F94D87418160CF444C020E030E07B
:1001900048EC52E469857A858B859C850F94D874E8
:1001A0001816C4F120E030E04AE754E469857A8506
:1001B0008B859C850F9436720F94A97466507F4F7F
:1001C0008F4F9F4F24EFC22EDD24D394E12CF12CCE
:1001D000A70196010F941A7329831A8220E030E058
:1001E0004AE754E4672D722D832D962D0F943672B5
:1001F0000F94A9746E557D498F4F9F4FA7019601AB
:100200000F941A732B831C82BE016F5F7F4F85E0B2
:100210000F946E1488EE93E0A3CE80ED92E10F94DC
:100220008D3D0F948F5DF6CFEF92FF920F931F934A
:10023000CF93DF93CDB7DEB760970FB6F894DEBFEC
:100240000FBECDBF8091E40D8823C9F069EA74E246
:1002500080ED92E10F94F93E80ED92E10F948D3D97
:1002600090E080E060960FB6F894DEBF0FBECDBF81
:10027000DF91CF911F910F91FF90EF9008956DEF57
:1002800074E280ED92E10F94F93E0F94A81480E49B
:10029000809345100F94A81410E01B7F80914510A7
:1002A0000F94141462E082E290E10F949A38612F67
:1002B00082E290E10F949A3860E082E290E10F943C
:1002C0009A3882E290E10F9462596AE070E080E02F
:1002D00090E00F948A1B6AEE74E280ED92E10F9435
:1002E000F93E8EEF0F94BD1B40E150E0BC0180ED64
:1002F00092E10F94AA3D6CED74E280ED92E10F94CF
:10030000F93E8FEF0F94BD1B40E150E0BC0180ED42
:1003100092E10F94AA3D80ED92E10F948D3D66EC41
:1003200074E28FE192E10F94F93E8BEF0F94BD1BC5
:10033000182F092F8CEF0F94BD1BF82EE92E8DEF8F
:100340000F94BD1B9F938F93EF92FF920F931F9378
:100350008DE597E09F938F938E010F5F1F4F1F9343
:100360000F930F948378B8018FE192E10F94913D40
:1003700081E08093E40D0FB6F894DEBF0FBECDBFD1
:1003800081E090E06FCF0F931F93CF93DF9300D066
:1003900000D01F92CDB7DEB78091E90D882369F0B8
:1003A0006CE674E289E292E10F94F93E89E292E10F
:1003B0000F948D3D90E080E0B0C06CE974E28FE175
:1003C00092E10F941D3F0F94A81480915C029091CC
:1003D0005D02A0915E02B0915F0289839A83AB8334
:1003E000BC8382E290E190932F1080932E101E82A6
:1003F00080E197E22E812F5F2E830197D9F71D822E
:10040000BE016B5F7F4F80E20F941E148C01892B1D
:10041000F1F48D8101E010E08138C9F4BE016F5F15
:100420007F4F8FEF0F946E141F8280E89EE32F8121
:100430002F5F2F830197D9F7BE016B5F7F4F80E05D
:100440000F941E148D8180FF0CC003E010E068E85B
:1004500074E289E292E10F94F93EC8010F94EB1324
:10046000A9CFBE016B5F7F4F80E00F941E14892BD4
:1004700061F78D8184FFE9CF809130100F941414BF
:1004800080912E1090912F10DC01ED91FC91019044
:10049000F081E02D64EF199580912E1090912F102E
:1004A0000F946259882319F002E010E0D0CFBE010A
:1004B0006B5F7F4F81E00F941E148C01892B39F6FE
:1004C0001D811F7810611D83809130100F941414CA
:1004D00080912E1090912F10DC01ED91FC910190F4
:1004E000F081E02D61E0199580912E1090912F10F0
:1004F000DC01ED91FC910190F081E02D612F1995C7
:1005000080912E1090912F100F9462598111CCCFB1
:1005100081E08093E90D81E090E027960FB6F89492
:10052000DEBF0FBECDBFDF91CF911F910F91089518
:10053000CF93DF9300D000D01F921F92CDB7DEB7CC
:10054000E9E0F2E1128A118A80E090E195878487E0
:1005500084E890E0948B838B81E0868787E7858BA6
:100560001C821B828EE093E09A838983FE83ED8355
:100570008FEF9FEF98878F8362E574E28FE192E1BE
:100580000F94F93E6091680D7091690DCE0101964E
:100590000F947A0F89E092E10E944D1D62E474E2AB
:1005A0008FE192E10F94F93E8FE192E10F948D3D3E
:1005B0000F94A32628960FB6F894DEBF0FBECDBFCA
:1005C000DF91CF91089560E08DE00D94171961E0FF
:1005D0008DE00D941719892B71F0FB0182819381B5
:1005E0000F94D60962EB70E28FE192E10F94F93E2D
:1005F00088EC90E0089590E080E0F2CF0F931F9395
:10060000CF93DF93EB0102970CF49FC00A811B810B
:100610006DE87FE1C8010F94BD6B892B61F40F94E5
:100620003C0C7E7F0F94960C88EC90E0DF91CF918C
:100630001F910F91089567E97FE1C8010F94BD6B89
:10064000892B21F40F943C0C7160ECCF63E67FE1C1
:100650008FE192E10F94F93E0F943C0C672F609567
:1006600061704AE050E070E08FE192E10F949A3EB1
:100670008FE192E10F948D3D8091FB119091FC11DF
:10068000892B09F452C00A811B810F9457098823D2
:1006900009F44BC0F80101900020E9F73197E01B05
:1006A000F10BB09708F041C0A091FB11B091FC1183
:1006B00052961C921E92519754961C921E925397DA
:1006C00084E890E01D969C938E931C971E961C9236
:1006D0001E9782E755968C935597ED91FC91119753
:1006E0000088F189E02D60E270E0CD011995B80134
:1006F0008091FB119091FC110F94E33E8091FB11CE
:100700009091FC11DC01ED91FC910190F081E02DC4
:1007100060E019958091FB119091FC11DC01ED9145
:10072000FC910488F589E02D19956A817B818FE120
:1007300092E10F94E33E6CE57FE18FE192E10F944B
:10074000F93E8FE192E10F948D3D8091D10E909111
:10075000D20E02973CF080EF9FEF9093D20E8093E1
:10076000D10E62CF6FE47FE189E292E10F94F93E0E
:1007700089E292E10F948D3D84EF91E057CFCF93C2
:10078000DF93EB010297BCF16DE87FE18A819B81E9
:100790000F94BD6B892B29F40F943C0C7D7F0F9433
:1007A000960C67E97FE18A819B810F94BD6B892B51
:1007B00029F40F943C0C72600F94960C68EE7EE165
:1007C0008FE192E10F94F93E0F943C0C71FB662788
:1007D00060F971E0672770E04AE050E08FE192E154
:1007E0000F949A3E8FE192E10F948D3D88EC90E05A
:1007F000DF91CF9108950E949882F8CF892B71F0F4
:10080000FB01828193810F94370A69E37FE18FE1D5
:1008100092E10F94F93E88EC90E0089590E080E03A
:10082000F2CFEF92FF920F931F93CF93DF93CDB749
:10083000DEB72C970FB6F894DEBF0FBECDBF8C018C
:100840007B0180E495E09A8389831B821C821D8250
:100850001E8298878F8319861A861B861C86053010
:100860001105ECF0BE01695F7F4FF701808591852E
:100870000E947FCE892B99F0CE0107960F94010B31
:10088000BE01695F7F4FF701868197810E947FCE0D
:10089000892B61F0CE0107960F94D30B0EC0CE01C9
:1008A00001960F94010B0430110554F7CE01019607
:1008B0000F94D30B03301105A4F1BE01695F7F4F84
:1008C000F701848195810E947FCE892B51F1CE0161
:1008D00007960F946A0BBE01695F7F4FF701828113
:1008E00093810E947FCE892B19F1CE0107960F9438
:1008F000980A62E27FE18FE192E10F94F93E80E095
:100900000F94FA0C88EC90E02C960FB6F894DEBFAA
:100910000FBECDBFDF91CF911F910F91FF90EF9050
:100920000895CE0101960F946A0B023011059CF6D2
:10093000CE0101960F94980A01301105D1F6CE012F
:1009400001960F94980A69E27FE18FE192E10F949A
:10095000F93ECFCF0F931F93CF93DF938C01EB0121
:100960000297C4F08A819B810F946F6B809345023C
:1009700099270F94030D0230110549F08C819D8158
:100980000F946F6B8093440299270F940D0DC8EC60
:10099000D0E002C0C0E9D1E06EE07FE18FE192E1FA
:1009A0000F94F93E4AE050E0609145028FE192E1F8
:1009B0000F94B03D69EF7EE18FE192E10F94F93E33
:1009C0004AE050E0609144028FE192E10F94B03D23
:1009D0008FE192E10F948D3DCE01DF91CF911F9178
:1009E0000F9108950F931F93CF93DF93CDB7DEB789
:1009F00069970FB6F894DEBF0FBECDBFE0913314F8
:100A0000F0913414309709F460C080913D149091B6
:100A10003E14892B09F459C08FEF83871486138203
:100A2000148215821682178210861186128668E754
:100A30007CE18FE192E10F94F93E8FE192E10F9416
:100A40008D3DBE016E5E7F4F8091331490913414C2
:100A50000F94E95B1816CCF5A895AE014F5F5F4F78
:100A600068E0CE0142960F948B5C198ABE016F5FDD
:100A70007F4F80913D1490913E140F94D5078C01C7
:100A800063E77CE18FE192E10F94F93EBE016F5F75
:100A90007F4F8FE192E10F94E33E0115110591F034
:100AA000C8010E94E5D08C01892B59F26EE67CE1E9
:100AB0008FE192E10F94F93EB8018FE192E10F943A
:100AC000E33EBBCF69E67CE1B4CF88EC90E0699669
:100AD0000FB6F894DEBF0FBECDBFDF91CF911F914F
:100AE0000F910895CF92DF92EF92FF920F931F9391
:100AF000CF93DF9300D000D0CDB7DEB78091F00D5B
:100B000081119CC08091D10E9091D20E02970CF46D
:100B100095C08091680D9091690D009709F48EC081
:100B20006EE677E00F94D5078C01009709F486C034
:100B30000F944709E82EF12CE114F10409F47EC06A
:100B400070E060E0C8010F94795D6C01EA94EF28D1
:100B500009F483C061E0C8010F948708FC01018596
:100B60001285CE0101960F942016CE0101960F94A6
:100B70003E166BE275E18FE192E10F94F93EB6010A
:100B80008FE192E10F94E33E68E57CE08FE192E132
:100B90000F94E33E4AE050E0B8018FE192E10F94F8
:100BA0009A3E68E57CE08FE192E10F94E33E6AE6CD
:100BB0007EE08FE192E10F94E33E8FE192E10F94AA
:100BC0008D3D62E072E08EEE92E10F94574ED0922E
:100BD000E412C092E3121093E6120093E5128AE643
:100BE0009EE0892BE9F58CE697E09093E8128093DC
:100BF000E7128091620D9091630D009741F070E0D3
:100C000060E00F94795D9093F20D8093F10D8091E7
:100C1000F10D9091F20D009731F19093EA128093CB
:100C2000E9121092EC121092EB1281E08093F00D19
:100C300062E175E18FE192E10F94F93E26960FB6DD
:100C4000F894DEBF0FBECDBFDF91CF911F910F9102
:100C5000FF90EF90DF90CF90089502E012E081CFF7
:100C60008AE69EE0C2CF87EC92E0D7CFCF92DF92A8
:100C7000EF92FF920F931F93CF93DF93CDB7DEB721
:100C8000C154D1090FB6F894DEBF0FBECDBF6C01C1
:100C9000AB0130E020E060E4CE0101967C010E94CF
:100CA00095CDF70101900020E9F731978F010E19DA
:100CB0001F09A801B701C6010F941E78892B11F0F6
:100CC00010E000E0C801CF5BDF4F0FB6F894DEBF45
:100CD0000FBECDBFDF91CF911F910F91FF90EF908D
:100CE000DF90CF9008951F93CF93DF9300D000D073
:100CF000CDB7DEB76130710509F46BC05CF4672BCA
:100D000009F45DC067ED79E280ED92E10F94F93E60
:100D100080E04BC06230710571F06330710591F76E
:100D200090937410809373105527509376104093CE
:100D3000751084E009C090937410809373105093E1
:100D400076104093751083E00F940B1F182F4FEF10
:100D50005FEFBA0180E00F94095E6093EA0D709333
:100D6000EB0D8093EC0D9093ED0D1123D9F062EC17
:100D700079E289E292E10F94F93E812F90E0B0E0B0
:100D8000A0E089839A83AB83BC8380E190E09E835B
:100D90008D83BE016F5F7F4F89E292E10E946938C7
:100DA0000F948D3D81E01111B3CF26960FB6F894C4
:100DB000DEBF0FBECDBFDF91CF911F9108959093FD
:100DC000741080937310509376104093751081E0E7
:100DD000BBCF909374108093731050937610409310
:100DE000751082E0B1CF0F931F93CF93DF938C01E7
:100DF000D0E0C0E001151105B1F0BE01665D774D90
:100E0000C8010F94DB6B892B51F4FE01E25DF74DB5
:100E1000849190E0DF91CF911F910F9108952596D5
:100E2000C233D10539F781E090E0F4CF2F923F92A1
:100E30004F925F926F927F928F929F92AF92BF92EA
:100E4000CF92DF92EF92FF920F931F93CF93DF9396
:100E5000CDB7DEB7CF56D1090FB6F894DEBF0FBEBF
:100E6000CDBF3C011A01A4962FAFA497AE961FAF39
:100E70000EAFAE97E096FFAEEEAEE097A896CFAE7F
:100E8000A897A796BFAEAEAEA797DC011496ED91DA
:100E9000FC910288F389E02D86809780AB2839F495
:100EA000FE01EE59FF4FA796FFAFEEAFA79781E087
:100EB000A796AEADBFADA7978C936B01F12CE12C3B
:100EC0008114910409F450C5A496BFADA497B13024
:100ED00009F482C008F479C0B23041F0B33009F4AB
:100EE00071C0D40112968D909C90EACF65E777E0AF
:100EF000C4010F94D50711E0009799F3FC01818597
:100F00009285A385B4858C159D05AE05BF0549F76F
:100F10006CED78E0C4010F94D507AA969FAF8EAF11
:100F2000AA97D3011296ED91FC9162E0848195819C
:100F30000F948708AC969FAF8EAFAC97822D0F941D
:100F40006D157C01A2961FAEA297198A1A8A1B8A78
:100F50001C8A1D8A1E8A1F8A188E8A89807F8A8B26
:100F60006AEA75E0C4010F94D5076C0165E876E084
:100F7000C4010F94D5075C01C114D10451F0F601EE
:100F800080858F70843029F4818592850E94F38654
:100F9000182FEFEFE10FEB3008F06BC10E2E000CB5
:100FA000FF0B8827E952F8478F4F0D949173EF8715
:100FB000798857889E8839893989D888C388EC8888
:100FC000FD88158969E777E093CF6CE777E0C40186
:100FD0000F94D5071BE090CF61E877E0F8CF1701B9
:100FE000512C412CA701FF0C660B770BCE014196CB
:100FF0000E944F206A962FAF6A976B963FAF6B9710
:101000006C964FAF6C976D965FAF6D976E966FAFA6
:101010006E976F967FAF6F97A0968FAFA097A196B0
:101020009FAFA19780914502893020F480914402BE
:101030008930B8F16FEA7AE280ED92E10F94F93EDF
:1010400000E020E030E340E150E0BE016F5F7F4F01
:10105000CE0141960E945E23BC0180ED92E10F9487
:10106000E33E63EA7AE280ED92E10F94F93E612F6C
:10107000110F770B4AE050E080ED92E10F949A3E19
:1010800061EA7AE280ED92E10F94F93ED4016D912C
:101090007C9180ED92E10F94E33E80ED92E10F941C
:1010A0008D3DA114B10409F0E8C0D12CF7C217019D
:1010B000512C412CB201A701CE0141960E944F2034
:1010C00062962FAF629763963FAF639764964FAF78
:1010D000649765965FAF659766966FAF66976796FC
:1010E0007FAF679768968FAF689769969FAF69974C
:1010F00099CFFE24EF24FE241701512C412CB2017C
:10110000A101CE0141960E944F202A962FAF2A9727
:101110002B963FAF2B972C964FAF2C972D965FAF0A
:101120002D972E966FAF2E972F967FAF2F976096A5
:101130008FAF609761969FAF619774CFFE24EF24C5
:10114000FE241701512C412CB201A101CE01419680
:101150000E944F2022962FAF229723963FAF2397CE
:1011600024964FAF249725965FAF259726966FAFAD
:10117000269727967FAF279728968FAF289729968F
:101180009FAF29974FCFFF241701512C412CB2015B
:10119000A701CE0141960E944F2029AF3AAF4BAF35
:1011A0005CAF6DAF7EAF8FAF21969FAF21973ACFE7
:1011B000EF2CFF241701512C412CB201A701CE01C5
:1011C00041960E944F2029AB3AAB4BAB5CAB6DAB69
:1011D0007EAB8FAB98AF26CF1701512C412C8A895B
:1011E000807F86608A8B2AE030E0D7010F94A87355
:1011F0006D8B7E8B8F8B988F15CF1701512C412CC7
:101200008A89807F87608A8BB701FF0C880B990BD6
:101210000F94D77120E030E048EC52E40F94307422
:101220006D8B7E8B8F8B988FFDCEC10124E09695C0
:1012300087952A95E1F70F946D15FFE02F2233244F
:1012400002C0969587952A94E2F7817099271C0130
:10125000512C412CB201AC01CE0141960E944F208D
:1012600029A73AA74BA75CA76DA77EA78FA798AB26
:10127000D9CE212C312C2101D5CEF50180858F705E
:101280008550823008F011CFB501CE0141960E9401
:10129000A026298B3A8B4B8B5C8B6D8B7E8B8F8B37
:1012A000988F211102C03F7009F180914502893069
:1012B00008F470C26CE17AE280ED92E10F94F93E9D
:1012C00000E020E030E340E150E0BE016F5F7F4F7F
:1012D000CE0141960E945E23BC0180ED92E10F9405
:1012E000E33E80ED92E10F948D3DDFCE65E877E03F
:1012F000C5010F94D5077C01009709F4D6CEDC0117
:1013000018968C918F70823009F4F3C0843009F004
:10131000CCCE80914502893020F4809144028930FE
:1013200090F062E57AE280ED92E10F94F93ED70108
:1013300019966D917C9180ED92E10F94E33E80EDE2
:1013400092E10F948D3DAC96EEADFFADAC9730972A
:1013500009F41BC380858F70863009F014C3D70150
:101360001996CD90DC90C114D10409F40CC3D301BB
:101370001296ED91FC9162E0848195810F9487082B
:10138000B6010F94D5070F945E186C01892B09F4F0
:10139000FAC280914502893020F48091440289305C
:1013A000A8F060E47AE280ED92E10F94F93EF60154
:1013B00041855285638574852AE030E080ED92E1B5
:1013C0000F94523E80ED92E10F948D3DD701199616
:1013D0006D917C91D3011496ED91FC918289938952
:1013E0000F94D5077C01009709F4CDC26AEA75E035
:1013F0000F94D507009749F0FC0120852F70243009
:1014000021F4818592850E94F386D60119964D912B
:101410005D916D917C911C97CE0141960E944F2069
:1014200029A33AA34BA35CA36DA37EA38FA398A784
:1014300065E876E0C7010F94D507BC01009791F0ED
:10144000FC0190859F709550923060F4CE014196DA
:101450000E94A026298B3A8B4B8B5C8B6D8B7E8BED
:101460008F8B988F80914502893020F480914402BF
:101470008930D8F06BE27AE280ED92E10F94F93E88
:1014800000E020E030E340E150E0BE016F5F7F4FBD
:10149000CE0141960E945E23BC0180ED92E10F9443
:1014A000E33E80ED92E10F948D3DD60118968C912C
:1014B0001897982F92959F7090FD65C221E0A29693
:1014C0002FAFA29791609295907F8F70892B18967D
:1014D0008C93DD24D394A896BFADA897BB2309F4C1
:1014E000F0C0AA964EAD5FADAA97452B09F4E9C0AE
:1014F0005AC280914502893020F48091440289309B
:10150000A8F06BE87AE280ED92E10F94F93EF701E2
:1015100041855285638574852AE030E080ED92E153
:101520000F94523E80ED92E10F948D3DD7011996B4
:101530006D917D918D919C911C97AE96EEADFFAD16
:10154000AE978F0130E020E06017710782079307A4
:101550000CF44DC0E0964EAD5FADE0978A0130E0EF
:1015600020E006171707280739070CF440C0AB0125
:101570004E1B5F0BDE01AF59BF4F5D01C12CE096E2
:10158000EEACFFACE0978F01A4962FADA497C301FA
:101590000E941687298B3A8B4B8B5C8B6D8B7E8BD5
:1015A0008F8B988F80914502893020F4809144027E
:1015B0008930D0F069E877E080ED92E10F94E33E66
:1015C00066EA77E080ED92E10F94E33EA2966FAD7C
:1015D000A29770E04AE050E080ED92E10F949A3ECD
:1015E00080ED92E10F948D3DDD24D39457C061E8E6
:1015F0007AE280ED92E10F94F93EF7014185528540
:10160000638574852AE030E080ED92E10F94523ECC
:1016100062E67AE280ED92E10F94F93E80ED92E18C
:101620000F948D3D81E080937210CE014996909386
:10163000F8108093F710A496FFADA4976F2F70E079
:1016400041E050E0D70119968D919C910E947386DC
:10165000D82E8823D1F0F701618572859E012F591C
:101660003F4F5901C12C7B018B01A4962FADA4974C
:1016700050E040E0C3010E941687298B3A8B4B8BC8
:101680005C8B6D8B7E8B8F8B988F80E48093721038
:1016900087E790E19093F8108093F710A896BFAD7C
:1016A000A897BB2339F0AA96EEADFFADAA97EF2B12
:1016B00009F079C1AC96EEADFFADAC97EF2B09F414
:1016C0003EC0AC96AEADBFADAC9718968C91189756
:1016D0008F708630A1F5F40160817181CD010F9486
:1016E000D5073C01009759F10F945E187C010097D3
:1016F00009F4C8C0FC0181859285A385B485821553
:101700009305A405B50509F089C0808582958F7081
:1017100081FD84C0A896FFADA897F1114BC080FD54
:1017200049C091E0A796AEADBFADA7979C938160ED
:101730008295807FF70190859F70892B808788E054
:10174000FE017196DE01599601900D928A95E1F79E
:10175000298D3A8D4B8D5C8D6D8D7E8D8F8D98A1F1
:10176000C159DF4F0FB6F894DEBF0FBECDBFDF917A
:10177000CF911F910F91FF90EF90DF90CF90BF908E
:10178000AF909F908F907F906F905F904F903F9021
:101790002F90089580914402893008F486CC8ACD38
:1017A000F3016281738140E050E1CE0141960E94D5
:1017B000BD3380CFA796AEADBFADA7971C92DD20FD
:1017C00009F4BDCFA896BFADA897BB2309F4B7CF46
:1017D000A2968FADA297811108C0A796AEADBFADFE
:1017E000A7978C91882309F4AACF912C812CB12C36
:1017F000A12CD12CC12CE988FA880B891C892D8950
:101800003E894F89588D6FEFC3010E9482D581E0D8
:10181000A796EEADFFADA797808391CF809145024B
:10182000893020F4809144028930F8F06BEA77E047
:1018300080ED92E10F94E33E2AE030E0B201A10195
:1018400080ED92E10F94A83D69EB77E080ED92E1A5
:101850000F94E33EF4016081718180ED92E10F9479
:10186000E33E80ED92E10F948D3DC101032C000C0D
:10187000AA0BBB0BF70181879287A387B48780856A
:101880008F708087D1109ECFA796AEADBFADA797C2
:101890008C91882309F453CFA896BFADA897BB239A
:1018A00009F44DCFF30180858F708530B1F58681C5
:1018B000978164EC77E00F94D507A5969FAF8EAF24
:1018C000A597009761F1DC0118968C9118978F709D
:1018D000823029F519968D919D910D90BC91A02D86
:1018E00082159305A405B505D1F480914502893090
:1018F00020F480914402893050F065EF79E280ED68
:1019000092E10F94F93E80ED92E10F948D3DA79600
:10191000EEADFFADA797108212CFC301CACF912CB5
:10192000812CB12CA12CD12CC12CE988FA880B89EF
:101930001C892D893E894F89588D6FEFC3010E9404
:1019400082D5A5962EAD3FADA5972115310509F499
:10195000F6CED30118968C9187FDF1CEF901218640
:10196000328643865486EBCE19821A821B821C82F1
:101970008A81807F8A831D821E821F82188688E06A
:10198000FE013196DFCED12CA6CDA896EFADA8975B
:10199000EE2309F4D4CEAA962EAD3FADAA97D12C52
:1019A000232B09F4CCCEAA96AEADBFADAA9718965C
:1019B0008C9118978F70823009F07CCE19968D919A
:1019C0009D910D90BC91A02D81309105A105B1058F
:1019D00009F4E6CE0297A105B10509F06BCED3015B
:1019E00012966D917C9140E050E2DFCE0895EF9227
:1019F000FF921F93CF93DF93192F7B01C82FD92F0D
:101A0000D7FF03C0D195C195D10961E08C2F0F9408
:101A1000451982E0E816F10499F460E08C2F0F94E8
:101A200017196AE374E280ED92E10F94F93E80EDBC
:101A300092E1DF91CF911F91FF90EF900D948D3D3A
:101A4000612FEF2851F46095661F6627661F8C2F63
:101A50000F94171966E374E2E6CF661F6627661FC8
:101A60008C2F0F94171961E374E2DDCFAF92BF9210
:101A7000DF92EF92FF920F931F93CF93DF93CDB737
:101A8000DEB72E970FB6F894DEBF0FBECDBF209104
:101A9000391430913A14232B09F4B8C0209138142A
:101AA0002111B4C07C01809138148F5F8093381469
:101AB000809137148F5F809337140F947C1D0091B1
:101AC000E00D1091E10D2091E20D3091E30D601BCE
:101AD000710B820B930B6B3071058105910508F436
:101AE0008BC083E0E816F104A9F00F947C1D0091EF
:101AF000DC0D1091DD0D2091DE0D3091DF0D601BAE
:101B0000710B820B930BDD24D39464367105810530
:101B1000910508F4D12CE0913914F0913A14068122
:101B200017810115110509F449C0F80180858F70EE
:101B3000863009F03FC01987088770E060E0CE0169
:101B400008960E94883CB701CE0108960E94136453
:101B5000DD2031F064E070E0CE0108960E9413644D
:101B60006AE675E0C8010F94D507FC01892B11F1D5
:101B700090859F7095509230E8F4A680B780A114AC
:101B8000B104C1F0BA82A982B801CE0101960E94C7
:101B9000883CB701CE0101960E941364DD2031F02C
:101BA00064E070E0CE0101960E941364F501A2800A
:101BB000B380E5CFF80102811381B3CFF3E0EF16D4
:101BC000F10451F00F947C1D6093E00D7093E10DD2
:101BD0008093E20D9093E30DDD2051F00F947C1D76
:101BE0006093DC0D7093DD0D8093DE0D9093DF0D1F
:101BF00010923F13109240138091371481508093BC
:101C00003714809138148150809338142E960FB673
:101C1000F894DEBF0FBECDBFDF91CF911F910F9122
:101C2000FF90EF90DF90BF90AF900895A89582E06D
:101C300090E00C94368D8091D00E8F5F8093D00E03
:101C4000A89583E090E00E94368D0F942046809105
:101C5000D00E81508093D00E08956FE074E28FE132
:101C600092E10F94F93E6CEF73E28FE192E10F94F1
:101C7000F93E6EEE73E28FE192E10F94F93E66EE6B
:101C800073E28FE192E10F94F93E8FE192E10F94BC
:101C90008D3D66ED73E28FE192E10F94F93E6AECBF
:101CA00073E28FE192E10F94F93E6DEB73E28FE105
:101CB00092E10F94F93E68EA73E28FE192E10F94AA
:101CC000F93E69E973E28FE192E10F94F93E61E92F
:101CD00073E28FE192E10F94F93E60E873E28FE1E5
:101CE00092E10F94F93E6AE573E28FE192E10F947D
:101CF000F93E6DE473E28FE192E10F94F93E63E403
:101D000073E28FE192E10F94F93E64E373E28FE1B5
:101D100092E10F94F93E6CE273E28FE192E10F944D
:101D2000F93E60E273E28FE192E10F94F93E66E0E2
:101D300073E28FE192E10F94F93E67EE72E28FE178
:101D400092E10F94F93E62ED72E28FE192E10F941D
:101D5000F93E6AEB72E28FE192E10F94F93E6CEA90
:101D600072E28FE192E10F94F93E60EA72E28FE154
:101D700092E10F94F93E68E972E28FE192E10F94EB
:101D8000F93E6DE872E28FE192E10F94F93E60E86E
:101D900072E28FE192E10F94F93E68E772E28FE11F
:101DA00092E10F94F93E6DE672E28FE192E10F94B9
:101DB000F93E6EE572E28FE192E10F94F93E65E53E
:101DC00072E28FE192E10F94F93E67E472E28FE1F3
:101DD00092E10F94F93E69E372E28FE192E10F9490
:101DE000F93E6DE272E28FE192E10F94F93E6FE10C
:101DF00072E28FE192E10F94F93E67E172E28FE1C6
:101E000092E10F94F93E64E072E28FE192E10F9467
:101E1000F93E6AEF71E28FE192E10F94F93E8FE1B2
:101E200092E10D948D3D0F931F93CF93DF9300D0DC
:101E300000D0CDB7DEB70E942D8E63EC79E18FE143
:101E400092E10F94F93ECE0101960F942016CE0137
:101E500001960E9429CE00E415E01A83098380913F
:101E60001C1090911D10A0911E10B0911F108B831B
:101E70009C83AD83BE83CE0101960E9429CE1A8336
:101E800009831B821C821D821E8280E590E00F94D4
:101E90001D1644E050E0BE016D5F7F4F81E090E091
:101EA0000F940D490F94044ACE0101960E9429CE49
:101EB0001A8309831B821C821D821E8280E590E0AA
:101EC0000F941D1644E050E0BE016D5F7F4F85E02A
:101ED00090E00F940D490F94044ACE0101960E94A0
:101EE00029CE69EE79E18FE192E10F94F93E88EC19
:101EF00090E026960FB6F894DEBF0FBECDBFDF91FF
:101F0000CF911F910F910895CF92DF92EF92FF92A0
:101F10001F93CF93DF9300D000D0CDB7DEB76DE035
:101F200075E18FE192E10F94F93E83E0E82E82E1C2
:101F3000F82E10E090E1C92ED12CF70181917F019C
:101F4000803130F46EEB76E08FE192E10F94E33E66
:101F5000153041F1F7013197808190E0B0E0A0E0C9
:101F600089839A83AB83BC83DE82CD82BE016F5F9F
:101F70007F4F8FE192E10E9469386BE075E10F9429
:101F8000F93E1F5F1630C9F626960FB6F894DEBFED
:101F90000FBECDBFDF91CF911F91FF90EF90DF90EB
:101FA000CF9008958091081290E0B0E0A0E089837E
:101FB0009A83AB83BC83DE82CD82BE016F5F7F4F8D
:101FC0008FE192E10E9469380F948D3DDACFEF9254
:101FD000FF920F931F93CF93DF9300D000D01F92F7
:101FE000CDB7DEB77B01CE0107969F938F93019704
:101FF0009F938F9301979F938F9301979F938F93B5
:1020000001979F938F9301979F938F938E010F5FFB
:102010001F4F1F930F9387EC97E09F938F93DB01E4
:1020200013968C9113978F9312968C918F930F9494
:10203000B3780FB6F894DEBF0FBECDBF0697ECF4B1
:1020400067E870E289E292E10F94F93ED7011296B7
:102050006D917C9189E292E10F94E33E80E991E0F9
:1020600027960FB6F894DEBF0FBECDBFDF91CF919C
:102070001F910F91FF90EF9008958091FB11909127
:10208000FC11892B09F449C00F945709882309F4DE
:1020900044C0A091FB11B091FC1152961C921E926B
:1020A000519754961C921E92539784E890E01D9687
:1020B0009C938E931C971E961C921E9782E75596B2
:1020C0008C935597ED91FC9111970088F189E02D43
:1020D00064E070E0CD0119958091FB119091FC11A5
:1020E000DC01ED91FC910280F381E02D46E050E0AF
:1020F000B801199586E0F801A3E0B2E101900D92D4
:102100008A95E1F78091FB119091FC11DC01ED9132
:10211000FC910488F589E02D19950E94848F69E966
:1021200070E28FE192E10F94F93E88EC90E098CF55
:102130006F927F928F929F92AF92BF92CF92DF92D7
:10214000EF92FF920F931F93CF93DF933C01DC013B
:1021500014968D919C911597892B71F41296CD91BF
:10216000DC9184E190E00F94A269BC01CE010E9451
:10217000BE2CE3019D838C83F301C481D58120971C
:1021800069F46EEA79E289E292E10F94F93E89E21C
:1021900092E10F948D3D90E080E0C6C24FEF5FEF7B
:1021A000BA0180E00F94095E6E837F8388879987E8
:1021B000D3011496ED90FC901597E114F104D1F041
:1021C0001296ED91FC913097A9F0C481D5812097AA
:1021D00089F088858F70853069F4CE010F944709A6
:1021E000823040F000916B0D10916C0D01151105BE
:1021F00009F096C061E779E289E292E10F94F93E35
:1022000061E070E0E3018C819D81892B11F470E025
:1022100060E04AE050E089E292E10F949A3E6FE676
:1022200079E289E292E10F94F93E61E070E0F30116
:1022300082819381892B11F470E060E04AE050E0E4
:1022400089E292E10F949A3E6DE679E289E292E1A9
:102250000F94F93ED3011296ED91FC9161E070E08C
:1022600084819581892B11F470E060E04AE050E0B0
:1022700089E292E10F949A3E6BE679E289E292E17B
:102280000F94F93EE301EA81FB810480F581E02DA2
:1022900080858F7061E070E0853011F470E060E05F
:1022A0004AE050E089E292E10F949A3E69E679E2D1
:1022B00089E292E10F94F93ED3011296ED91FC91DF
:1022C000848195810F94470961E070E0823010F0BD
:1022D00070E060E04AE050E089E292E10F949A3EBB
:1022E00089E292E10F948D3D66E879E289E292E11C
:1022F0000F94F93E89E292E10F948D3DD301ED9167
:10230000FC910484F585E02D61E0C3011995E3019A
:10231000E881F9810084F185E02DC30119953BCF57
:1023200061E0CE010F948708EC0188858F708430BE
:1023300029F469857A856115710539F461E579E2D9
:1023400089E292E10F94F93ECBCFC8010F94D507F3
:102350008C01009769F46FE279E289E292E10F94CF
:10236000F93E69857A8589E292E10F94E33EB8CF20
:102370006BED77E00F94D507009709F4D8C0EC0116
:1023800028852F70243009F0D2C0C984DA84D0E0C7
:10239000C0E0C114D10409F4BDC0BE016758774D37
:1023A000C6010F94DB6B892B09F0AFC0FE01E35827
:1023B000F74D25913491922F832FF70192838383D8
:1023C00062EE77E0C8010F94D507E301EC81FD814F
:1023D000009709F4B4C0DC0118962C9118972F705F
:1023E000223009F0ACC019968D919D910D90BC9151
:1023F000A02D0097A105B10509F4A1C091838083A8
:1024000040815181052E000C660B770B228181E7FC
:102410009FE00F94464067EE77E0C8010F94D50720
:102420007C01F301C481D581009709F48EC0DC01E1
:1024300018968C918F70863009F087C06CEE77E02B
:10244000C7010F94D5079B878A8761EF77E0C701A3
:102450000F94D5079D878C8765EF77E0C7010F94B0
:10246000D5079F878E876BEF77E0C7010F94D5075D
:10247000998B888B60E078E0C7010F94D5070097AF
:1024800009F460C0FC01818592859D838C8366E0A0
:1024900078E0C8010F94D5079B8B8A8B892B09F4B0
:1024A00021C169E279E280ED92E10F94F93E63E1A6
:1024B00079E280ED92E10F94F93E80ED92E10F9484
:1024C0008D3DD3011496ED91FC910288F389E02DA6
:1024D000C681D781209709F441C06AE078E0CE0137
:1024E0000F94D507009769F0FC0120852F702130EB
:1024F00041F48185882329F068817981C3010E9494
:1025000055710A80DB81C02DE5CF2696C834D105F0
:1025100009F03FCF6CE578E280ED92E10F94F93E4F
:1025200080ED92E10F948D3D96E080E046CF86E00D
:1025300090E0D70113969C938E93129741CF80E839
:1025400095E25CCF88EE93E0A0CF1B861A8688EEDA
:1025500093E09D838C831D861C8699CF6DE079E284
:1025600080ED92E10F94F93E67EF78E280ED92E121
:102570000F94F93E80ED92E10F948D3DD3011496B6
:10258000ED91FC910288F389E02DE680F780E1145B
:10259000F10409F47BC065E876E0C7010F94D50724
:1025A000009709F468C065E877E00F94D5078C01BF
:1025B000009709F460C0EC0188858F70823009F0C3
:1025C0004EC0C984DA84D3011496ED91FC9102883F
:1025D000F389E02D309709F456C0C681D7814601B2
:1025E0000D2C000CAA08BB08209709F44CC065E725
:1025F00077E0CE010F94D507009709F440C0FC01A5
:1026000020852F702230D9F581859285A385B485E8
:1026100088159905AA05BB0591F560ED78E280ED76
:1026200092E10F94F93E6881798180ED92E10F94F7
:10263000E33E61EC78E280ED92E10F94F93E4AE0EE
:1026400050E0B60180ED92E10F949A3E80ED92E168
:102650000F948D3D68817981C3010E945571F80105
:1026600080858F70843039F4D80119966D917C91F2
:10267000C3010E945571E701EA80FB8088CF0A8080
:10268000DB81C02DB1CF70E060E0E6CF61EF78E292
:1026900080ED92E10F94F93E67ED78E280ED92E1F2
:1026A0000F94F93E80ED92E10F948D3DD301129687
:1026B000ED91FC9162E0848195810F9487080097E9
:1026C00089F0FC01C681D781209761F0CE010E947C
:1026D0008670882319F0CE010F9419180A80DB81C7
:1026E000C02DF2CF69E979E28FE192E10F94F93ED2
:1026F000D3011296ED91FC910280F381E02D60816F
:1027000071818FE192E10F94E33E8FE192E10F94AA
:102710008D3DE301E881F9810484F585E02D62E0D7
:10272000C301199581E090E0DF91CF911F910F9146
:10273000FF90EF90DF90CF90BF90AF909F908F90E1
:102740007F906F900895CF93DF93EC0167EF77E26E
:1027500080ED92E10F94F93EEA81FB810280F381E2
:10276000E02D6081718180ED92E10F94E33E80ED78
:1027700092E10F948D3DE881F9810484F585E02D87
:1027800062E0CE01199581E090E0DF91CF9108954C
:10279000DC01ED91FC910484F585E02D62E0199552
:1027A00081E090E008950F931F93CF93DF93DC01B6
:1027B00012962D913C91232B81F1EC0167E676E294
:1027C00080ED92E10F94F93E4AE050E06E8180ED99
:1027D00092E10F94B03D80ED92E10F948D3D8C819C
:1027E0009D81892B61F40A811B818CE290E00F941A
:1027F000A269BC01C8010E94BE2C9D838C83EC8120
:10280000FD81309769F465E576E289E292E10F9403
:10281000F93E89E292E10F948D3D90E080E04BC05B
:1028200085E2DF011D928A95E9F7EC81FD8182E264
:102830008283EC81FD8116A2EC81FD8115A2EC81E1
:10284000FD8117A20C811D814FEF5FEFBA0180E07F
:102850000F94095EF80160A771A782A793A78E81E4
:10286000811116C062E00F9445196CE176E28FE1A8
:1028700092E10F94F93E8FE192E10F948D3D83E355
:1028800092E10F944D361092450281E080931F141F
:1028900026E040E855E260E070E08F8198850F9473
:1028A0004640E881F9810484F585E02D62E0CE019F
:1028B000199581E090E0DF91CF911F910F910895DC
:1028C000FF920F931F93CF93DF9300D000D0CDB72B
:1028D000DEB78C01BC01CE0101960F941A3BBE01FC
:1028E0006F5F7F4F80ED92E10F94EB3E80ED92E1C0
:1028F0000F948D3DCE0101960F94123B1A821982DE
:102900001C821B821E821D826DEC70E2CE0101963C
:102910000F94B53AF801248135818D819E81F12C87
:102920002817390738F0BE016F5F7F4FC8010F9439
:102930008017F82ECE0101960F94123BFF2069F00C
:10294000B801CE0101960F941A3BCE0101960F9467
:102950002226CE0101960F94123B26960FB6F894CC
:10296000DEBF0FBECDBFDF91CF911F910F91FF90C2
:1029700008950F931F93CF93DF9300D000D0CDB76E
:10298000DEB7A091FB11B091FC11109709F478C04B
:1029900052961C921E92519754961C921E925397D7
:1029A00084E890E01D969C938E931C971E961C9233
:1029B0001E9787E755968C935597ED91FC9111974B
:1029C0000088F189E02D70E060E0CD01199510E0FC
:1029D00000E08091FB119091FC11DC01ED91FC91E4
:1029E00011971C962D913C910217130740F401900A
:1029F000F081E02D60E019950F5F1F4FEACF00884E
:102A0000F189E02D70E060E019950FE814E0809105
:102A1000FB119091FC11F80161918F01DC01ED91A6
:102A2000FC910190F081E02D1995B4E003391B076A
:102A300071F78091FB119091FC11DC01ED91FC91FB
:102A40000488F589E02D199563EC7CE0CE010196B0
:102A50000F94233BCE0101960F942226CE010196BE
:102A60000F94123B87E090E00F94030D87E090E015
:102A70000F940D0D62EA70E28FE192E10F94F93E3E
:102A800010921B1210921A1280E090E1909316128D
:102A90008093151284E890E090931D1280931C128D
:102AA00081E08093171282E780931E1289E092E101
:102AB0000E94E71C89E092E10E944D1D88EC90E0A5
:102AC00026960FB6F894DEBF0FBECDBFDF91CF9133
:102AD0001F910F9108956F927F928F929F92AF9264
:102AE000BF92CF92DF92EF92FF920F931F93CF93FB
:102AF000DF93CDB7DEB7AE970FB6F894DEBF0FBE4B
:102B0000CDBF8091680D9091690D892B09F47FC626
:102B10008091371481117BC6809137148F5F809329
:102B2000371462E77EE18FE192E10F94F93E8FE185
:102B300092E10F948D3D0091680D1091690D63E154
:102B400078E0C8010F94D50790933C1480933B1410
:102B500069E178E0C8010F94D5079093F40D809354
:102B6000F30D6DE67BE0C8010F94D50790933A14FE
:102B70008093391460E278E0C8010F94D5079093F0
:102B8000660D8093650D009749F1DC011696ED9175
:102B9000FC91309719F120852F702530F9F46EE5FE
:102BA0007EE18FE192E10F94F93E8091650D909165
:102BB000660D0F9447098093640D4AE050E0682F3A
:102BC0008FE192E10F94B03D8FE192E10F948D3D42
:102BD000E091650DF091660D868197819093630D6C
:102BE0008093620D0E94728565E278E08091680DA5
:102BF0009091690D0F94D5079093610D8093600DAE
:102C0000009709F4B2C00F944709082F10E001158E
:102C1000110509F4AAC0000F111F000F111F8091A8
:102C20005E0D90915F0D892B09F08EC078010138FF
:102C300011051CF040E8E42EF12CC7010F94A269A5
:102C400090935F0D80935E0DE0925D0D10922C14B9
:102C500010922B141092DB0D1092DA0D10922A14A0
:102C600010922E1410922D14C70101960F94A26990
:102C70009093301480932F149093291480932814E8
:102C80008E0D9F1D90932314809322140F947C1D0E
:102C90006093241470932514809326149093271422
:102CA00090E080E0E0912F14F0913014E80FF91FCC
:102CB00010820196E816F906ACF782E090E0909356
:102CC0002C1480932B148091DA0D9091DB0D0097DA
:102CD00041F061E00F94451960E08091DA0D0F94A6
:102CE000171980E98093C9001092C8001092CD0096
:102CF00083E08093CC008EE08093CA00F092430280
:102D0000E092420220912F143091301480914202BF
:102D100090914302820F931F909323148093221467
:102D2000232B09F45FC06EEE7DE180ED92E10F94FC
:102D3000F93EB70180ED92E10F94180D83E49FE115
:102D4000909321148093201464E47EE18FE192E15A
:102D50000F94F93E4AE050E0B8018FE192E10F9400
:102D60009A3E8FE192E10F948D3D6BE278E0809185
:102D7000680D9091690D0F94D5078C01009709F4A7
:102D800071C00F944709882309F46CC06FEF680F76
:102D9000C8010F948708FC01E184F28490911E140D
:102DA000992359F0809170008E7F8093700010926B
:102DB0001E1410923E0210923D0282E180933C026A
:102DC00091110F943357C7010F945B5701E010E046
:102DD000E016F10674F060E0C8010F948F570F5FA2
:102DE0001F4FF6CF67ED7DE180ED92E10F941D3F1F
:102DF000A5CF69EC7DE180ED92E10F94F93E0E9450
:102E000016CFAB01BC012AE030E080ED92E10F94D7
:102E1000A83D80ED92E10F948D3D68E27EE18FE167
:102E200092E10F94F93E4AE050E0B7018FE192E160
:102E30000F949A3E8FE192E10F948D3D62E27EE124
:102E400080ED92E10F94F93E0E9416CFAB01BC01D8
:102E50002AE030E080ED92E10F94A83D80ED92E110
:102E60000F948D3D0091680D1091690D6FE278E02F
:102E7000C8010F94D50790936C0D80936B0D66E39A
:102E800078E0C8010F94D50790933E1480933D14C9
:102E9000892B09F448C080913F14811144C080916E
:102EA000331490913414892B09F0DFC163EA7DE17A
:102EB00080ED92E10F94F93E80ED92E10F948D3D0B
:102EC0008FE090E00F94A2698C0188E1D8011196FF
:102ED0008C93119712961C9212971C921E961C921C
:102EE0001E921D970F94A81410933414009333145A
:102EF000012B09F08CC064E97DE189E292E10F9435
:102F0000F93E89E292E10F948D3D80E081708093DB
:102F10003F1480913F14882331F062E17EE18FE11C
:102F200092E10F94F93E1092361410923514E0910C
:102F30003B14F0913C14309709F4CCC2C680D78082
:102F400000913B1410913C140115110509F4BBC20A
:102F5000C114D10409F4B7C2F60180858F708530A1
:102F600099F7C6010F944709823070F3A801B601A2
:102F7000CE0101960E945138CE0101960E94DB2BB2
:102F80008823E1F18C859D85009709F40DC2DC0151
:102F9000ED91FC910284F385E02D1995892B49F080
:102FA0008C859D85DC01ED91FC910084F185E02DFF
:102FB00019958C859D85DC01ED91FC910680F7814A
:102FC000E02D1995892BD1F0CE0101960E94653430
:102FD000882341F040E050E160E070E0CE010196CE
:102FE0000E94AC2E8F819885892B41F040E050E201
:102FF00060E070E0CE0101960E94AC2ED6011296E0
:10300000CD90DC90CE0101960E941E3899CF0F948E
:10301000A81480913314909134140F94BD5782E218
:1030200090E10F946259811189C065E77DE18FE1DC
:1030300092E10F941D3F80913314909134140F94BA
:10304000015BE0913314F091341481E0808380912E
:103050003314909134140F940F5B61E67DE181117C
:1030600002C06CE47DE180ED92E10F941D3F809100
:103070003D1490913E14892B09F447CF809131146F
:1030800090913214892B09F0E2C083E190E00F9413
:10309000A2698C01809133149091341427EF31E0B0
:1030A000F801328B218B968385831482108289E00C
:1030B000818381E0828383831093321400933114DF
:1030C0000F947C1D6B017C01F0E1CF0EF7E2DF1E57
:1030D000E11CF11CD8011596ED91FC9116978FEF2C
:1030E00083871486138214821582168217821086B3
:1030F0001186128614961C92BB24B394BE01605EA6
:103100007F4FF801858196810F94E95B18160CF0CA
:1031100099C00F947C1D6C157D058E059F0508F0E8
:1031200091C0DE01909698E080E0915039F1ED91E8
:10313000E827F0E0EA56FB4C8491F7CF0F948F5DBF
:1031400080913314909134140F94BD5782E290E132
:103150000F94625981110BC06FE27DE18FE192E122
:103160000F94F93E8FE192E10F948D3D80CF63E1A2
:103170007DE189E292E10F941D3FC7CE9FA1981394
:10318000BDCFD8018C91811138C015968D919C913D
:103190000F940F5BBE01605E7F4FF80185819681C1
:1031A0000F94E25A40E064EBD80115968D919C9102
:1031B0000F94BC5AF80185809680C4010F94405A40
:1031C000C4010F94BD5767E882E290E10F949A38EA
:1031D00060E882E290E10F949A380F941415C401CC
:1031E0000F94405AA82ED80115968D919C910F945A
:1031F0000F5BA5FC02C0F801B082AE014F5F5F4FCC
:10320000BE01605E7F4FC8010F94505BD8011196DC
:10321000AC9088A1803109F4FCC2BE01605E7F4F92
:10322000C8010F94BF5B8A1510F5F8018181D801A0
:1032300011968C93119714968C9114978F5F149616
:103240008C935CCFE0913114F09132141282E091B2
:103250003D14F0913E14E680F7803FE7D32E809135
:103260003D1490913E14892B71F481E04FCE88A1DA
:10327000803111F48CE0DBCFBE01605E7F4FC8016E
:103280000F94BF5BD4CFE114F10479F3BE01605E0B
:103290007F4FF701808191810E94ABD0882329F371
:1032A0006CEF7CE180ED92E10F94F93ED7016D91D6
:1032B0007C9180ED92E10F94E33E80ED92E10F94DA
:1032C0008D3D0091311410913214AE014F5F5F4F6C
:1032D000BE01605E7F4FC8010F94A55B882309F48F
:1032E0005EC088A1803109F45AC0DD82F801858171
:1032F00096810F940F5BBE01605E7F4FD8011596DB
:103300008D919C910F94E25A40E06EE4F801858122
:1033100096810F94BC5A40E06B81D80115968D912F
:103320009C910F94BC5A40E06C81F8018581968194
:103330000F94BC5A88A1803141F040E06D81D801E2
:1033400015968D919C910F94BC5AF80185819681B8
:103350000F940F5BBE01605E7F4FD80115968D9173
:103360009C910F94E25AF801408168E4858196812E
:103370000F94BC5A64E170E080E090E00F948A1BE7
:10338000D8018C91882331F06AE070E080E090E011
:103390000F948A1BF801858196810F940F5BD701EA
:1033A0001296ED90FC905BCF70E060E0CE0101964C
:1033B0000E94A42D8C01912C812C97FF06C01195A1
:1033C0000195110988248394912CCE0101960E94C5
:1033D0006534E82EF12C8B85853091F0863009F02C
:1033E0000DCEB02E61E0802F0F94451961E0892841
:1033F00009F443C0EA94EF2809F043C060E041C0FB
:10340000EF2829F462E0CE0101960E949E3340E04D
:1034100050E160E070E0CE0101960E94AC2E8F81F9
:103420009885892B41F040E050E260E070E0CE01E9
:1034300001960E94AC2E61E0802F0F94451960E048
:10344000802F0F9417196AE07EE180ED92E10F94CE
:10345000F93E4AE050E0B80180ED92E10F949A3EC7
:1034600065E07EE180ED92E10F94F93E63E07EE15C
:1034700080ED92E10F94F93EC1CDEA94EF2809F076
:10348000BDCFE62EF12C8B2D0F9417196EEF7DE139
:1034900080ED92E10F94F93E4AE050E0B80180EDF2
:1034A00092E10F949A3E6CEF7DE180ED92E10F94F2
:1034B000F93E4AE050E0B70180ED92E10F949A3E68
:1034C0006AEF7DE1D5CFF80186819781909336141C
:1034D0008093351480ED92E10F948D3D68EE7CE190
:1034E0008FE192E10F94F93E8FE192E10F948D3DCF
:1034F000E0913914F0913A14309709F4CFC08091DB
:1035000037148F5F80933714068117815E01F8E2CC
:10351000AF0EB11C86EE682E82E0782E94ED892ED7
:1035200092E0992E0115110509F4B3C0D80118963F
:103530008C918F70863009F07CC019A708A770E0C5
:1035400060E0C5010E94883C8DA59EA5892B09F4E9
:1035500070C08091680D9091690D892B09F469C044
:10356000E8A4F9A4E114F104B9F1F70180858F70A2
:10357000863091F5F9A2E8A270E060E0CE01809675
:103580000E94883CEDA1FEA110821182128213825A
:103590006AE675E0C7010F94D507FC01892BE1F0BD
:1035A00090859F7095509230B8F4C680D780C11432
:1035B000D10491F0DA82C982B701CE0101960E944E
:1035C000883CEE81FF811082118212821382D60123
:1035D0001296CD90DC90EBCF63EE7CE180ED92E132
:1035E0000F94F93E4AE050E06BA580ED92E10F9414
:1035F000B03D61EE7CE180ED92E10F94F93E4AE04E
:1036000050E06AA580ED92E10F94B03D80ED92E12B
:103610000F948D3DEDA5FEA51082118212821382BA
:103620008AA5853069F148F48230F0F060E084309A
:10363000E0F0F8010281138175CF8032A9F058F4CF
:103640008630B9F7BC82AB829A828982CE0101961C
:103650000E941481EECF803489F060E0823449F713
:103660008BA50F944519E5CF62E08BA50F94451902
:10367000EDA5FEA58181807F8183DBCF62E0F0CF65
:10368000BC82AB827A826982CE0101960E94C3819C
:10369000D0CF8091371481508093371464ED7CE152
:1036A0008FE192E10F94F93E6CEC7CE18FE192E1C5
:1036B0000F94F93E81E020913B1430913C14232B70
:1036C00009F480E00E94D27063EC7CE18FE192E12A
:1036D0000F94F93E81E02091391430913A14232B54
:1036E00009F480E00E94D27064EB7CE18FE192E10A
:1036F0000F94F93E69EA7CE18FE192E10F94F93E83
:1037000081E020916B0D30916C0D232B09F480E04A
:103710000E94D27062EA7CE18FE192E10F94F93E5F
:1037200081E02091620D3091630D232B09F480E03C
:103730000E94D27069E97CE18FE192E10F94F93E39
:1037400081E020913D1430913E14232B09F480E058
:103750000E94D27060E97CE18FE192E10F94F93E22
:103760008091F00D0E94D2708FE192E10F948D3D17
:103770006BE87CE18FE192E10F94F93E0E9416CF55
:10378000AB01BC012AE030E08FE192E10F94A83D4B
:103790008FE192E10F948D3D81E08093670D8EEE75
:1037A00091E10F948C4E882351F08EEE91E10F94AD
:1037B000445584E090E09093D20E8093D10E809196
:1037C000D10E9091D20E079731F484E090E090935F
:1037D000D20E8093D10E809137148150809337148C
:1037E0008091670DAE960FB6F894DEBF0FBECDBFC9
:1037F000DF91CF911F910F91FF90EF90DF90CF90CD
:10380000BF90AF909F908F907F906F90089580E0D1
:10381000E9CFFCE0FA1508F408CD2CCD4F925F9269
:103820006F927F928F929F92AF92BF92CF92DF92D0
:10383000EF92FF920F931F93CF93DF93CDB7DEB735
:10384000C659D1090FB6F894DEBF0FBECDBF8E01A9
:103850000F5B1F4FD8011D921C92FE01ED5BFF4FC5
:103860008EE1DF011D928A95E9F78091FB1190911D
:10387000FC11892B09F4FEC10F945709882309F420
:10388000F9C1A091FB11B091FC1152961C921E92AD
:10389000519754961C921E92539784E890E01D967F
:1038A0009C938E931C971E961C921E9782E75596AA
:1038B0008C935597ED91FC9111970088F189E02D3B
:1038C00060E270E0CD0119954FE150E0B8018091C0
:1038D000FB119091FC110F94AC097C018091FB11BC
:1038E0009091FC11DC01ED91FC910488F589E02DAB
:1038F0001995E114F10409F4BDC1F801EE0DFF1DA5
:103900001082809108121F928F93809107121F924C
:103910008F93809106121F928F93809105121F92B0
:103920008F93809104121F928F93809103121F92A4
:103930008F9389E398E09F938F931F9280E48F93F6
:10394000FE0131966F01FF93EF930F9446786CEB75
:1039500071E28FE192E10F94F93EB8018FE192E1BB
:103960000F94E33EB6018FE192E10F94E33E8FE1C5
:1039700092E10F948D3D7E01F1E6EF0EF11CD7012F
:1039800013961C921E92129788EE93E0A0E0B0E08E
:10399000F70184839583A683B78384E0848788ECCA
:1039A00094E09183808316861586108B0787128A90
:1039B000118A80E590E0948B838B178A64ED70E226
:1039C00080ED92E10F94F93E6DEF71E1CE018758E1
:1039D0009F4F0F941A3BBE0167587F4F80ED92E1D5
:1039E0000F94EB3E80ED92E10F948D3DCE01875810
:1039F0009F4F0F94123B68E678E0CE0185579F4FAA
:103A00000F94233B68E678E0CE0187589F4F0F94D0
:103A1000233BBE0167587F4FCE018D579F4F0F94B8
:103A20001A3B40910112509102126091FD11709168
:103A3000FE11CE018D579F4F0F943E3A0FB6F8946A
:103A4000DEBF0FBECDBF811105C0CE018D579F4F88
:103A50000F94A33AC157DF4F48815981CF58D040C6
:103A6000C557DF4F68817981CB58D040CE018D5743
:103A70009F4F0F943E3A811105C0CE018D579F4F45
:103A80000F94A33ABE016D577F4FCE018F569F4FC3
:103A90000F941A3BCE018D579F4F0F94123BCE01CE
:103AA00087589F4F0F94123BCE0185579F4F0F941D
:103AB000123B8AE698E0CD57DF4F99838883C3583D
:103AC000D040C957DF4F19821882C758D040C75716
:103AD000DF4F19821882C958D040CF56DF4F8881F6
:103AE0009981C159D040CB57DF4F99838883C558FE
:103AF000D04066EB71E280ED92E10F94F93E0E94B6
:103B000016CFAB01BC012AE030E080ED92E10F94CA
:103B1000A83D80ED92E10F948D3D64E670E080E079
:103B200090E00F948A1B80E694E9D7011E969C933F
:103B30008E931D976BE771E085E992E00F94E56C39
:103B40008C01892B09F4EEC083E090E00F94A26908
:103B5000F80195878487DC011196FC92EE9212960B
:103B60001C92C7010F948C4E882319F0C7010F9443
:103B70004455F70161897289A388B488611571057C
:103B800009F48FC0CE0187589F4F0F943E3FA50187
:103B9000BE0167587F4FC7010F94F45518161906D8
:103BA0000CF0BDC0D7011F96BC901F975096AC90EB
:103BB000DF92CF928FE291E29F938F931F930F93A7
:103BC0000F946C6DDF92CF928AE291E29F938F9374
:103BD0001F930F930F946C6DD8011C96ED91FC917F
:103BE00081E08283DF92CF9287E291E29F938F936D
:103BF0001F930F930F946C6DD8011C96ED91FC915F
:103C00001282AF92BF9281EF90E29F938F931F93A6
:103C10000F930F946C6D0FB6F894DEBF0FBECDBF3F
:103C2000B12C88EEC82E80E2D82EBB2D24E0B20243
:103C3000F001112483E890E08C0F9D1FE80FF91F1D
:103C4000808191810097A1F1228133812115310575
:103C5000C9F33F932F939F938F93DF92CF921F933C
:103C60000F930F946C6DB3940FB6F894DEBF0FBE34
:103C7000CDBFDBCF40E250E06EEE71E2C8010F94A1
:103C8000126C60ED71E28FE192E10F94F93EB801A0
:103C90008FE192E10F94E33E8FE192E10F948D3D2D
:103CA00030CE67857089A501C7010F943F5276CF4A
:103CB0008CE291E29F938F931F930F930F946C6DFF
:103CC000F701168A158AD8011C96ED91FC91C080E7
:103CD000D1800F900F900F900F9043E3A42EB12C42
:103CE000D601ED91FC910084F185E02DC601199576
:103CF00041975CF4B1E0AB1AB10839F064E170E0CF
:103D000080E090E00F948A1BEBCFD601ED91FC91FF
:103D10000084F185E02DC6011995419734F4C8015E
:103D20000F94304810E000E065C063EC7CE0CE0109
:103D300085579F4F0F94233B912CA12CD601ED91D9
:103D4000FC910688F789E02DC6011995882309F4AE
:103D500046C0BDE0AB1201C0A92CD601ED91FC918B
:103D60000688F789E02DC60119958111C5C0D601D5
:103D7000ED91FC910084F185E02DC6011995892B08
:103D800009F4CCC0D601ED91FC910284F385E02DBD
:103D9000C6011995B82EBAE08B1709F4C1C0EDE041
:103DA0008E1709F4BDC0FFEF8F1709F4B7C0EA966C
:103DB0008FAFEA97EB961FAEEB9741E050E0BE0164
:103DC00067587F4FCE0185579F4F0F943E3A9A2CEC
:103DD000AB2CB4CFBAE0BB12FACFAB12F8CFCC24E5
:103DE000C394D12CCE0185579F4F0F94123BCD2801
:103DF00009F498CFD7015596ED90FC9068EA71E2EE
:103E000080ED92E10F94F93E4AE050E0B70180ED79
:103E100092E10F949A3E80ED92E10F948D3D64E61D
:103E200070E080E090E00F948A1B0115110509F401
:103E30007DC1B8ECEB16F10409F054C16CE971E2F4
:103E40008FE192E10F94F93E64EF71E080E090E041
:103E50000F948A1BED961FAE1EAEED97EF961FAE28
:103E60001EAEEF978FEF9FEFC158DF4F9983888386
:103E7000CF57D04088EF92E0EB969FAF8EAFEB9795
:103E8000CF57DF4F19830883C158D040F89490E092
:103E900080E00E94EC3C8111E6C060E971E289E2B9
:103EA00092E10F94F93E89E292E10F948D3DC801B1
:103EB0000F94304824EFE22EFF24F394CE018F5666
:103EC0009F4F0F94123BC701CA56DF4F0FB6F894AD
:103ED000DEBF0FBECDBFDF91CF911F910F91FF903D
:103EE000EF90DF90CF90BF90AF909F908F907F909A
:103EF0006F905F904F900895D601ED91FC910084F2
:103F0000F185E02DC6011995892B09F030CF64E6C3
:103F100070E080E090E00F948A1B1FCFBB24BA941E
:103F200068E778E083E392E10F94E33EBE016557D2
:103F30007F4F83E392E10F94EB3E83E392E10F9492
:103F40008D3DEB961FAE1EAEEB97ED961FAE1EAEEF
:103F5000ED97EF961FAE1EAEEF976FED70E2CE01BC
:103F600087589F4F0F94B53AC157DF4F2881398149
:103F7000CF58D040EF968EAD9FADEF97912C28177C
:103F8000390748F0BE0167587F4FCE0185579F4FD4
:103F90000F948017982ECE0187589F4F0F94123B95
:103FA000992079F1C157DF4F28813981CF58D0400E
:103FB00049E050E0BE0165577F4FCE0187589F4FC3
:103FC0000F94343BEB968EAD9FADEB97412C512C6B
:103FD0003201009719F00F948D6B2B014201CE0135
:103FE00087589F4F0F94123B4114510429F0D70179
:103FF00056965C924E925597B40183E392E10F94EA
:10400000180DF7018584968481149104D1F0C1576D
:10401000DF4F88819981CF58D040892B91F0BE0124
:1040200065577F4FCE0187589F4F0F941A3BCE01A3
:1040300087589F4FF4011995CE0187589F4F0F94D1
:10404000123B50E040E063EC7CE0CE0185579F4F8F
:104050000F94DA3AFFEFBF12BDCEC8010F9430487B
:10406000D12CC12CBFCECE0187589F4F0F948C16F8
:104070009093690D8093680D7894C8010F9430482F
:104080008091680D9091690D892BD1F463EC7CE0EF
:10409000CE0185579F4F0F94233BCE0185579F4FED
:1040A0000F942226CE0185579F4F0F94123B69E74C
:1040B00071E289E292E10F94F93EF12CE12CFECEFF
:1040C0000E946B958091670D882329F00F943C0C1A
:1040D00071FF0E94988262E771E28FE192E10F9492
:1040E000F93EECCEE0E3EE16E1E0FE0651F46EE5BB
:1040F00071E28FE192E10F94F93EC8010F943048CC
:10410000DDCE66E471E289E292E10F94F93EC801E6
:104110000F9430484AE050E0B70189E292E10F94F1
:104120009A3E89E292E10F948D3DC8CE63E371E23D
:1041300080ED92E10F94F93EEE24EA94FE2CBECE7F
:104140000F931F93CF93DF93CDB7DEB760970FB672
:10415000F894DEBF0FBECDBF80913714811143C1EB
:10416000809137148F5F809337146DEC7EE18FE17F
:1041700092E10F94F93E8FE192E10F948D3D109200
:104180001B1210921A1280E090E190931612809305
:10419000151284E890E090931D1280931C1281E028
:1041A0008093171282E780931E1289E092E10E94A9
:1041B000A71E8B37910509F0EDC06FEB7EE180ED16
:1041C00092E10F94F93E80ED92E10F948D3D809144
:1041D000680D9091690D892B21F081E090E00E949B
:1041E000EC3C1C821B828EE093E09A83898389E0F9
:1041F00092E19E838D838FEF9FEF98878F83CE010F
:1042000001960F948C169093690D8093680D89E048
:1042100092E10E944D1D8091680D9091690D892B4E
:1042200001F563EB7EE189E292E10F94F93E89E2C8
:1042300092E10F948D3D63EC7CE0CE0109960F94E2
:10424000233BCE0109960F942226CE0109960F94A6
:10425000123B8091371481508093371490E080E0B6
:1042600019C060EA7EE18FE192E10F94F93E8FE19F
:1042700092E10F948D3D80913714815080933714D3
:104280000E946B958091FB119091FC11892B69F430
:1042900081E090E060960FB6F894DEBF0FBECDBF10
:1042A000DF91CF911F910F9108950F9457098823A3
:1042B00079F3A091FB11B091FC1152961C921E92C1
:1042C000519754961C921E92539784E890E01D9645
:1042D0009C938E931C971E961C921E9782E7559670
:1042E0008C935597ED91FC9111970088F189E02D01
:1042F00060E670E0CD0119950091FB111091FC1161
:1043000063EC7CE0CE0109960F94233BC8010F9427
:10431000E13C1816190664F48F87188A41E050E0D2
:10432000BE01615F7F4FCE0109960F943E3AEECFFA
:10433000BE01675F7F4F8DEF91E10F946A3ACE0126
:1043400009960F94123B8091FB119091FC11DC01B6
:10435000ED91FC910488F589E02D199562E87EE1E4
:1043600080ED92E10F94F93E6DEF71E1CE01099677
:104370000F941A3BBE01675F7F4F80ED92E10F946F
:10438000EB3E80ED92E10F948D3DCE0109960F94A6
:10439000123B7ECF89E092E10E94BD1C892BA1F0E7
:1043A00089E092E10E94E71C63EC7CE0CE0101967B
:1043B0000F94233BCE0101960F942226CE01019645
:1043C0000F94123B0F94A32689E092E10E944D1DA9
:1043D0006FE87EE18FE192E10F94F93E8FE192E187
:1043E0000F948D3D36CF8FEF9FEF54CF4F925F925A
:1043F0006F927F928F929F92AF92BF92CF92DF92F5
:10440000EF92FF920F931F93CF93DF93CDB7DEB759
:10441000C357D1400FB6F894DEBF0FBECDBF209179
:10442000D10E3091D20EF9017196E532F10508F006
:104430007EC68827E15EFD458F4F0D9491730EB2C5
:10444000F9B197A897A897A897A855B141B197A88F
:1044500097A897A897A897A897A897A897A897A864
:1044600044A2EFA9F6A90CAA53AA29AE39B197A87C
:1044700097A897A897A897A870B182B1BBB198B137
:1044800097A897A897A8A5B18091670D80E495E0BB
:10449000C259DE4F99838883CE56D140C059DE4F32
:1044A000188219821A821B82C057D140C859DE4F28
:1044B00099838883C856D140C659DE4F1882198225
:1044C0001A821B82CA56D140CE59DE4F9983888307
:1044D000C256D140CC59DE4F188219821A821B82F3
:1044E000C456D140CE5BDE4F99838883C254D140FD
:1044F000CC5BDE4F188219821A821B82C454D140D1
:1045000060E476E18FE192E10F94F93E8FE192E170
:104510000F948D3D8091FB119091FC118E010F57EE
:104520001F4F892B09F471C00F945709882309F490
:104530006CC0A091FB11B091FC1152961C921E927E
:10454000519754961C921E92539784E890E01D96C2
:104550009C938E931C971E961C921E9782E75596ED
:104560008C935597ED91FC9111970088F189E02D7E
:1045700060E170E0CD01199544E050E0BE016F5F4D
:104580007F4F8091FB119091FC110F940F3D898119
:104590009A81AB81BC81C059DE4F88839983AA83FD
:1045A000BB83C057D1408091FB119091FC11DC017D
:1045B000ED91FC910488F589E02D1995C059DE4FE5
:1045C0008881C057D140882301F18F3FA9F4CF588B
:1045D000DE4F8881C157D1408F3F71F4CE58DE4FF6
:1045E0008881C257D1408F3F39F4CD58DE4F888142
:1045F000C357D1408F3F49F00F943C0C72FF8FC1DD
:104600008091D40D833008F08AC164E376E18FE1B4
:1046100092E10F94F93E0FB6F894A895809160004E
:10462000886180936000109260000FBE8091CB0D76
:1046300081112AC01092B30D1092B20D88EE93E052
:10464000A0E0B0E08093B40D9093B50DA093B60DAB
:10465000B093B70D88E195E09093B10D8093B00DC4
:1046600080E495E09093BF0D8093BE0D1092C00D35
:104670001092C10D1092C20D1092C30D84E0809370
:10468000C80D81E08093CB0D8DE69DE090932110C5
:10469000809320100F94E91B80E590E00F941D1685
:1046A00046E050E063E072E189E090E00F943D491C
:1046B00080E495E09A8389831B821C821D821E827E
:1046C000CE0103960F94EF490F94044A8091201075
:1046D00090912110FC0112A213A214A215A2DC01D8
:1046E00016A217A210A611A612A613A614A615A606
:1046F00040EE5EE260E070E046AB57AB60AF71AF9A
:1047000040EA5FE060E070E042AF53AF64AF75AF86
:10471000189626E0FD01322F11923A95E9F7AC0187
:10472000425F5F4F34E1FA0111923A95E9F7E3E015
:10473000F2E101900D922A95E1F7FC01EE5BFF4F4B
:1047400010820F94C0537C01019709F046C080E5A8
:1047500090E00F941D166091201070912110625FFF
:104760007F4FCE0101960F943E3FCE0103960F94EA
:10477000EF4960912010709121106A5E7F4FCE0149
:1047800001960F943E3FCE0103960F94FD49609130
:104790002010709121106E5E7F4FCE0101960F9414
:1047A0003E3FCE0103960F94F6490F94044A609160
:1047B000201070912110625E7F4FCE0101960F9400
:1047C0003E3F8B819C81AD81BE8180931C10909374
:1047D0001D10A0931E10B0931F1088E199E20FB630
:1047E000F894A895809360000FBE90936000A89500
:1047F000EF2809F429C36BE875E18FE192E10F948A
:10480000F93ECE0101960F9420168B819C81AD81DB
:10481000BE81C059DE4F88839983AA83BB83C0576A
:10482000D14080E4E82E85E0F82EFA82E982CE01BC
:1048300001960E9429CE8FE192E10F948D3DCE0129
:1048400082599E4F0F94980A80911C1090911D10D0
:10485000A0911E10B0911F108B839C83AD83BE83EB
:10486000C659DE4F88839983AA83BB83CA56D14039
:10487000CE0188599E4F0F946A0BFA82E9821B82FF
:104880001C821D821E8280E590E00F941D1644E07C
:1048900050E0BE016D5F7F4F81E090E00F940D49C5
:1048A0000F94044A8B819C81AD81BE81CC59DE4F2F
:1048B00088839983AA83BB83C456D140CE018E5985
:1048C0009E4F0F94D30BFA82E9821B821C821D82B9
:1048D0001E8280E590E00F941D1644E050E0BE017A
:1048E0006D5F7F4F85E090E00F940D490F94044A6F
:1048F0008B819C81AD81BE81CC5BDE4F88839983A7
:10490000AA83BB83C454D140CE018E5B9E4F0F94CB
:10491000010B81E00F94FA0C1092D40D16C26EE1D7
:1049200076E18FE192E10F94F93E80E495E09A837D
:104930008983C059DE4F88819981AA81BB81C05784
:10494000D1408B839C83AD83BE83CE0101960E94B0
:1049500029CE8091FB119091FC11892B09F45FC243
:104960000F945709882309F45AC2A091FB11B09102
:10497000FC1152961C921E92519754961C921E92B4
:10498000539784E890E01D969C938E931C971E96F7
:104990001C921E9782E755968C935597ED91FC914A
:1049A00011970088F189E02D64E170E0CD0119953F
:1049B00044E050E0BE016F5F7F4F8091FB1190910A
:1049C000FC110F940F3D89819A81AB81BC81C6593E
:1049D000DE4F88839983AA83BB83CA56D1408091D6
:1049E000FB119091FC11DC01ED91FC910488F5899B
:1049F000E02D1995C659DE4F8881CA56D1408823CB
:104A000009F40DC28F3FB1F4C559DE4F8881CB56F2
:104A1000D1408F3F79F4C459DE4F8881CC56D140C4
:104A20008F3F41F4C359DE4F8881CD56D1408F3F2F
:104A300009F4F5C168E176E18FE192E10F94F93E66
:104A400080E495E09A838983C659DE4F88819981F5
:104A5000AA81BB81CA56D1408B839C83AD83BE8320
:104A6000CE0101960E9429CE8091FB119091FC11FC
:104A7000892B09F4ADC10F945709882309F4A8C103
:104A8000A091FB11B091FC1152961C921E9251976D
:104A900054961C921E92539784E890E01D969C9326
:104AA0008E931C971E961C921E9782E755968C93A8
:104AB0005597ED91FC9111970088F189E02D68E1FF
:104AC00070E0CD01199544E050E0BE016F5F7F4F6B
:104AD0008091FB119091FC110F940F3D89819A8177
:104AE000AB81BC81CC59DE4F88839983AA83BB8379
:104AF000C456D1408091FB119091FC11DC01ED91E5
:104B0000FC910488F589E02D1995CC59DE4F8881F8
:104B1000C456D140882309F45BC18F3FB1F4CB590F
:104B2000DE4F8881C556D1408F3F79F4CA59DE4F98
:104B30008881C656D1408F3F41F4C959DE4F8881E4
:104B4000C756D1408F3F09F443C163E176E18FE15D
:104B500092E10F94F93E80E495E09A838983CC59E1
:104B6000DE4F88819981AA81BB81C456D1408B8355
:104B70009C83AD83BE83CE0101960E9429CE809195
:104B8000FB119091FC11892B09F4E2C00F94570995
:104B9000882309F4DDC0A091FB11B091FC1152965D
:104BA0001C921E92519754961C921E92539784E821
:104BB00090E01D969C938E931C971E961C921E97B8
:104BC00082E755968C935597ED91FC91119700884B
:104BD000F189E02D6CE170E0CD01199544E050E0E1
:104BE000BE016F5F7F4F8091FB119091FC110F947C
:104BF0000F3D89819A81AB81BC81CC5BDE4F88837C
:104C00009983AA83BB83C454D1408091FB119091B6
:104C1000FC11DC01ED91FC910488F589E02D1995DA
:104C2000CC5BDE4F8881C454D140882309F490C006
:104C30008F3FB1F4CB5BDE4F8881C554D1408F3FAD
:104C400079F4CA5BDE4F8881C654D1408F3F41F46E
:104C5000C95BDE4F8881C754D1408F3F09F478C0CB
:104C60006CE076E18FE192E10F94F93E90E4E92E59
:104C700095E0F92EFA82E982CC5BDE4F888199813A
:104C8000AA81BB81C454D1408B839C83AD83BE83F6
:104C9000CE0101960E9429CEFA82E982CC5BDE4FDA
:104CA00088819981AA81BB81C454D1408B839C8324
:104CB000AD83BE83F801F182E082CC59DE4F88815A
:104CC0009981AA81BB81C456D14082839383A483F6
:104CD000B583CE53DF4FF982E882C25CD040C6591B
:104CE000DE4F88819981AA81BB81CA56D140CC53BD
:104CF000DF4F88839983AA83BB83C45CD040CE5F97
:104D0000DE4FF982E882C250D140C059DE4F88811F
:104D10009981AA81BB81C057D140CC5FDE4F888387
:104D20009983AA83BB83C450D1409E012F5F3F4F1C
:104D3000A801BE016E537F4FCE018E5F9E4F0F9430
:104D40006B1C8FE192E10F948D3D82E090E08FC06B
:104D500080E495E09A838983CC59DE4F488159815C
:104D60006A817B81C456D1404B835C836D837E8393
:104D7000D8018D939C93C659DE4F488159816A8131
:104D80007B81CA56D140F801428353836483758383
:104D9000CE53DF4F99838883C25CD040C059DE4F29
:104DA00088819981AA81BB81C057D140CC53DF4F04
:104DB00088839983AA83BB83C45CD040AE014F5FD4
:104DC0005F4FB801CE018E539F4F0F94A81CB9CFEF
:104DD00080E495E09A838983C659DE4F48815981E2
:104DE0006A817B81CA56D1404B835C836D837E830D
:104DF000D8018D939C93C059DE4F88819981AA81F7
:104E0000BB81C057D140F80182839383A483B583CB
:104E1000BE016F5F7F4FC8010F94FA1C92CF80E4F0
:104E200095E09A838983C059DE4F88819981AA8150
:104E3000BB81C057D1408B839C83AD83BE83CE01A1
:104E400001960F94451D7DCF6AEC75E189E292E1F0
:104E50000F94F93E6BE975E189E292E10F94F93E16
:104E60008091D40D8F5F8093D40D86EF9FEF909348
:104E7000D20E8093D10E89E0E0E6F2E0D8010190F5
:104E80000D928A95E1F787E1F8013996DF011D92CD
:104E90008A95E9F787E092E1009731F0A801485F31
:104EA0005F4F62E00F948B5CCE018E539F4F0F9447
:104EB00020160F947C1D683B7B408105910538F4DA
:104EC00064E670E080E090E00F948A1BF2CFCC5350
:104ED000DF4F88819981AA81BB81C45CD0408093D7
:104EE000951190939611A0939711B0939811C801C2
:104EF0000F949517892BC9F0E0909111F0909211C1
:104F0000D701ED91FC91C088D18868E272E0CE01B2
:104F100001960F943E3F49EE54E1BE016F5F7F4F13
:104F2000C701F6011995811134C26AE675E189E27B
:104F300092E10F94F93E89E292E10F948D3DB5EA3A
:104F4000AB2EB1E1BB2E7501D12CC12CD7018D91B7
:104F50009C91892B49F1960143E050E060E070E0BC
:104F6000CB010F942D27D701ED91FC918085918580
:104F7000009711F00F943E6AD701ED91FC91868164
:104F80009781009711F00F943E6AD701ED91FC9143
:104F9000848195810F943E6AF701808191810F94FD
:104FA0003E6AD7011D921C92BFEFCB1ADB0AE2E0EA
:104FB000EE0EF11CF8E0CF16D10441F686E0E0E8F1
:104FC000F2E09E012F5F3F4F4901D90101900D9200
:104FD0008A95E1F7FE0137968AE1DF011D928A95F5
:104FE000E9F7AE014A5F5F4F8BE1FA0111928A95B2
:104FF000E9F783E092E1009719F066E00F948B5C8B
:105000006BE778E0C8010F94E877D12CC12CD5016B
:105010008D919D915D01892B09F0C4C18AE090E0DA
:105020000F94A2697C01009709F4BCC1FC011782AE
:1050300016821186108615821482D8010D900020E8
:10504000E9F7CD010197801B910B0F94A2695C01D8
:10505000F70195838483892B11F40C947DB2D401DC
:105060000D900020E9F7CD010197881999090F9457
:10507000A269F70191878087009711F40C947AB2A6
:10508000B4010F94077880E590E0D70111969C93C6
:105090008E9313961C921E921297B801C5010F941D
:1050A0000778F50101900020E9F73197AE16BF06A9
:1050B00020F4319781818E32C9F75F01B2E0AB0EE7
:1050C000B11CF50101900020E9F7CF018A199B0975
:1050D0000B960F94A2694C01D70117969C938E935F
:1050E0001697009741F0B5010F94077862E878E0D1
:1050F000C4010F94E877F601EE0FFF1FEB55FE4E4B
:10510000F182E082960142E050E060E070E0CB0185
:105110000F942D27019709F44EC16EE878E089E2DB
:1051200092E10F94E33E89E292E10F948D3D0FB638
:10513000F894A89580916000886180936000109237
:1051400060000FBE8091D10E9091D20E02970CF4A8
:10515000F9C08091D40D8111F5C0009120101091FB
:1051600021100115110509F4EDC00F947C1D4B01B0
:105170005C017801FEE3EF0EF11CF7018081918163
:10518000A281B381A5019401281B390B4A0B5B0B4B
:10519000CA01B901683E33E0730781059105B0F19A
:1051A00028EE33E040E050E00F941A73861A970A15
:1051B000A80AB90AD7018D929D92AD92BC9213971D
:1051C000F80186A597A5A0A9B1A969017A01CC0C1F
:1051D000DD1CEE1CFF1C8C159D05AE05BF0510F0F7
:1051E0000C942CB216A617A610AA11AAF80182A92F
:1051F00093A9A4A9B5A98C159D05AE05BF0510F00E
:105200000C9436B212AA13AA14AA15AAF80186A5FC
:1052100097A5A0A9B1A9892B8A2B8B2B11F00C94EF
:1052200040B2EE5BFF4F8081833011F00C9440B2AE
:1052300084E08083C8010F94C05301967C01F8017B
:1052400082A993A9A4A9B5A9892B8A2B8B2BA1F498
:10525000EE5BFF4F8081833011F081110DC0108211
:10526000F8013E9684E1DF011D928A95E9F7C801B5
:105270000F94C05303967C01B2E0EB16F10429F0C1
:10528000E4E0EE16F10409F046C080E590E00F94EA
:105290001D166091201070912110625F7F4FCE012A
:1052A00001960F943E3FCE0103960F94EF49609113
:1052B0002010709121106A5E7F4FCE0101960F94ED
:1052C0003E3FCE0103960F94FD49609120107091EE
:1052D00021106E5E7F4FCE0101960F943E3FCE01AE
:1052E00003960F94F6490F94044A60912010709130
:1052F0002110625E7F4FCE0101960F943E3F8B815D
:105300009C81AD81BE8180931C1090931D10A09351
:105310001E10B0931F10F3E0EF16F10411F40C947B
:1053200063B214F00C9444B231E0E316F10411F4CA
:105330000C9460B26DE778E142E0E416F10411F4F8
:105340000C9468B288E199E20FB6F894A89580931E
:1053500060000FBE909360002091D10E3091D20E6C
:10536000C901CD58DE4F0FB6F894DEBF0FBECDBFDA
:10537000DF91CF911F910F91FF90EF90DF90CF9031
:10538000BF90AF909F908F907F906F905F904F9065
:10539000089562E575E18FE192E10F94F93E8FE1A6
:1053A00092E1CBCDBFEFCB1ADB0AE8E0CE16D104F9
:1053B00009F02DCEB2CE61E475E18FE192E10F9458
:1053C000F93EB8018FE192E10F94E33E6AE375E1A3
:1053D0008FE192E10F94F93E8FE192E1A6CE82E057
:1053E00090E09093D20E8093D10EA1CE8091D90DF2
:1053F00081110FC00E94728562EA79E180ED92E12D
:105400000F94F93E80ED92E10F948D3D81E0809301
:10541000D90D83E090E0E5CF8091670D809137143E
:1054200081119ECF0F943C0C70FD2DC080915B0DBF
:1054300081111EC00E940E9C883C910519F484E0E5
:1054400090E0CFCF8091670D6BE779E1811112C0B9
:10545000CE0101960F9420168B819C81AD81BE8177
:10546000892B8A2B8B2B09F452C28FE090E0B9CFA5
:105470006BE679E18FE192E10F94F93E8FE192E1E1
:105480000F948D3DDCCF8091670D882349F084E037
:1054900090E09093D20E8093D10E61E379E198CFA2
:1054A0008FE090E0F6CFA8958091670D8091620D16
:1054B0009091630D009721F00F944709823068F4B2
:1054C0006EE179E18FE192E10F94F93E8FE192E193
:1054D0000F948D3D87E090E084CFCE59DE4F188247
:1054E000C256D140FE01EE5FFE4F119211928EE046
:1054F000DF011D928A95E9F70F94F307882319F0CD
:1055000085E090E06ECFE090620DF090630DE114C5
:10551000F10441F0C7010F944709082F10E0023051
:1055200011055CF465E777E189E292E10F94F93EB9
:1055300089E292E10F948D3D98CF70E060E0C70161
:105540000F94795D009709F49CC09093F20D8093BD
:10555000F10D68E677E18FE192E10F94F93E6091F9
:10556000F10D7091F20D8FE192E10F94E33E8FE126
:1055700092E10F948D3D8091F10D9091F20D0F9479
:105580009517892B09F080C06FEA78E089E292E1F3
:105590000F94E33E89E292E10F948D3DE090620D1D
:1055A000F090630D61E070E0C7010F94795D5C01DC
:1055B0000230110509F47FC062E0C7010F9487082B
:1055C000FC01C184D2840330110509F47DC063E07D
:1055D00070E0C7010F94795D7C018091FB1190917F
:1055E000FC11892B09F475C00F945709882309F41D
:1055F00070C0A091FB11B091FC1152961C921E92AA
:10560000519754961C921E92539784E890E01D96F1
:105610009C938E931C971E961C921E9782E755961C
:105620008C935597ED91FC9111970088F189E02DAD
:1056300060E470E0CD0119954FE050E0BE016E5F6F
:105640007E4F8091FB119091FC110F94AC094C019D
:105650008091FB119091FC11DC01ED91FC9104888B
:10566000F589E02D19958114910499F1E2E0F1E0BA
:10567000EC0FFD1FE80DF91D10828E010E5F1E4F0D
:105680003EC087EC92E061CF64E577E18FE192E183
:105690000F94F93E6091F10D7091F20D8FE192E15E
:1056A0000F94E33E6DE477E18FE192E10F94F93ED0
:1056B0008FE192E171CF7BE5C72E77E0D72E9E0177
:1056C0002E593E4F790189CFAE014E595E4F7A0176
:1056D00084CF053011058CF264E070E08091620D9A
:1056E0009091630D0F94795D8C016DE277E18FE10C
:1056F00092E10F94F93E8FE192E10F948D3DB092CB
:105700006810A0926710D0926A10C09269108BE95D
:1057100092EB9093601080935F1040E150E060E264
:1057200077E1CE018E539F4F0F94126C30E020E052
:1057300041E050E060E2CE018F579F4F0E9495CD2F
:1057400040E250E060EA76E3CE018F579F4F0F941E
:10575000F46B6FEF76E18FE192E10F94F93EB501C2
:105760008FE192E10F94E33E6DEF76E18FE192E1FC
:105770000F94F93E4AE050E0B6018FE192E10F94B8
:105780009A3E66EF76E18FE192E10F94F93EB70120
:105790008FE192E10F94E33E61EF76E18FE192E1D8
:1057A0000F94F93EF7018081811104C010E000E000
:1057B000F12CE12CA090F10DB090F20D0F94F307B5
:1057C0008111C8C180914A1090914B10DC01ED917C
:1057D000FC910688F789E02D1995882309F49AC071
:1057E00081E090E0909355108093541087E0E0EAB8
:1057F000F2E0DE01119601900D928A95E1F7FE012B
:10580000319685E090E02191A0914C10B0914D101F
:10581000A80FB91F2C9301968C309105A1F786E350
:10582000E114F10429F086EB0115110509F086EF6A
:10583000C0904C10D0904D10F6018487809151108B
:10584000858780915010868780904E1090904F10E1
:10585000B401C5010F94256C41968816990608F08D
:1058600090C080914A1090914B10DC01ED91FC9119
:105870000488F589E02D19956EEA76E189E292E1D6
:105880000F94F93E60916D1070916E104AE050E0F7
:1058900089E292E10F949A3E66E976E189E292E12B
:1058A0000F94F93E89E292E10F948D3D8091640D51
:1058B000882379F0E091620DF091630D82819381EC
:1058C0009093630D8093620D892B09F0B4C10E94FF
:1058D000E8700F947C1D6093D50D7093D60D809366
:1058E000D70D9093D80D8091D30D8F5F8093D30DFA
:1058F00083330CF4ABC168E676E189E292E10F9460
:10590000F93E89E292E10F948D3D1092D30D86EF1E
:105910009FEF67CD609167107091681080914A1079
:1059200090914B10DC01ED91FC91409169105091E8
:105930006A106115710571F00088F189E02D1995E3
:10594000019709F44DCF8EEF9FEF90936E108093E7
:105950006D1092CF0684F785E02D20E435E03A8380
:10596000298340906310509064106090651070908F
:1059700066104B825C826D827E82BE016F5F7F4FBC
:10598000DECF4FE050E0B601C5010F942B086C014B
:10599000A0904E10B0904F10B501CE018F579F4F81
:1059A0000F94256C8C0D9D1D0296A816B90608F45F
:1059B00058CF60914C1070914D10A601CE018F57B9
:1059C0009F4F0F942B086C01A0904E10B0904F1079
:1059D000B501CE018E539F4F0F94256C8C0D9D1DEC
:1059E0000296A816B90608F43CCF60914C1070914D
:1059F0004D10A601CE018E539F4F0F942B086C01C2
:105A0000E114F104B9F1A0904E10B0904F10B5011F
:105A1000C7010F94256C96012E5F3F4F820F931F95
:105A2000A816B90608F41DCF60914C1070914D1066
:105A3000A601C7010F942B086C0101151105D1F0C7
:105A4000E0904E10F0904F10B701C8010F94256CF4
:105A500096012E5F3F4F820F931FE816F90608F458
:105A600000CF60914C1070914D10A601C8010F94A9
:105A70002B086C01A6014550510960914C107091A2
:105A80004D1080E10F94881D0F947C1D609356107B
:105A900070935710809358109093591060935A1038
:105AA00070935B1080935C1090935D1080914A100E
:105AB00090914B10DC01ED91FC910084F185E02D7B
:105AC0001995892B21F50F947C1D00915A10109186
:105AD0005B1020915C1030915D106B017C01C01A4D
:105AE000D10AE20AF30A2091521030915310A8EE25
:105AF000B3E00F946E73C616D706E806F906B0F247
:105B00008CEF9FEF90936E1080936D10AACECE0114
:105B10008E5B9E4F0F946422643071058105910560
:105B200009F09FCEE0914C10F0914D10838190E0F0
:105B30008111E8CF0F947C1D60935A1070935B1015
:105B400080935C1090935D1010925E1010926E1016
:105B500010926D101092D30D63EE76E18FE192E119
:105B60000F94F93E6091F10D7091F20D8FE192E189
:105B70000F94E33E8FE192E10F948D3D81E080939D
:105B80005B0D30E020E043E050E061E4CE0101969F
:105B90000E9495CD69EC78E0CE0101960F94E877EC
:105BA000CE0101960F94B81E30E020E042E050E0B4
:105BB00061E4CE0101960E9495CD6DEC78E0CE01B6
:105BC00001960F94E877BE016F5F7F4F80ED92E101
:105BD0000F94913DCE0101960F94B81E30E020E065
:105BE00041E050E061E4CE0101960E9495CD6DEC5C
:105BF00078E0CE0101960F94E877BE016F5F7F4F8A
:105C000080ED92E10F94913DCE0101960F94B81E64
:105C100085E090E09093D20E8093D10E0F947C1D7E
:105C20006093D50D7093D60D8093D70D9093D80DBA
:105C300060EC76E1CDCB6DE476E18FE192E10F94FB
:105C4000F93E8FE192E10F948D3D43CE8CE090E0E0
:105C5000C8CB0F947C1D0091D50D1091D60D2091CD
:105C6000D70D3091D80D601B710B820B930B6034F4
:105C70007F418105910508F45ACA30E020E043E0F5
:105C800050E061E4CE018F579F4F0E9495CD69ECA3
:105C900078E0CE018F579F4F0F94E87700914E1018
:105CA00010914F10B801CE018F579F4F0F94256C64
:105CB00009960817190790F10F94F307882371F1DB
:105CC0008091541090915510019609F445C190931C
:105CD000551080935410E0914C10F0914D1080912C
:105CE00055108583E0914C10F0914D108091541027
:105CF000868360914C1070914D1047E050E0CE01CA
:105D00008F579F4F0F942B08AC014550510960915C
:105D10004C1070914D1082EA0F94881DFE01EE5FC9
:105D2000FE4F119211921EE3DF01212F1D922A9541
:105D3000E9F71A821982FE0133968EE7DF011D9280
:105D40008A95E9F730E020E041E050E060E4CE01E0
:105D50008E5F9E4F0E9495CD4FE350E060EA76E360
:105D6000CE018E5F9E4F0F94F46B4FE750E06AE9CF
:105D700076E3CE0101960F94126C41E0BE016F5F95
:105D80007F4FCE018E5F9E4F0F94191E30E020E0B2
:105D900041E050E060E4CE018E5F9E4F0E9495CDC1
:105DA0004FE350E068E478E1CE018E5F9E4F0F94A0
:105DB000F46B4FE750E06EE378E1CE0101960F946B
:105DC000126C4FE750E06BE278E1CE0101960F9440
:105DD000F46B41E0BE016F5F7F4FCE018E5F9E4F3F
:105DE0000F94191E30E020E041E050E060E4CE0165
:105DF0008E5F9E4F0E9495CD4FE350E067EB76E3B8
:105E0000CE018E5F9E4F0F94F46B4FE750E06BE135
:105E100078E1CE0101960F94126C41E0BE016F5FF4
:105E20007F4FCE018E5F9E4F0F94191E30E020E011
:105E300041E050E060E4CE018E5F9E4F0E9495CD20
:105E40004FE350E064E178E1CE018E5F9E4F0F9406
:105E5000F46B4FE750E06EE078E1CE0101960F94CD
:105E6000126C41E0BE016F5F7F4FCE018E5F9E4F8F
:105E70000F94191E809137148F5F80933714A0916F
:105E80003B14B0913C14109709F4E0C18091A70233
:105E90009091A802AE014E5B5E4FFA0181939193FF
:105EA0002EE111922A95E9F79E012E533F4FF901F9
:105EB0008193919311921A95E9F716960D911C9181
:105EC000F12CE12C80913B1490913C14892B09F426
:105ED00031C10115110509F42DC1D80118968C9115
:105EE0008F70853009F000C1C8010F9447098823DD
:105EF00009F4FAC0D801ED91FC91DF010D9000206A
:105F0000E9F7EE1AFF0AEA0EFB1E60E0C8010F94E3
:105F10008708FC0181859285A385B485823191052E
:105F2000A105B10550F5FC018827E656F0458F4FD5
:105F30000D94917379B08CB08CB079B079B0AFAF6B
:105F400079B079B079B079B0BDAFBDAFBDAFBDAFFD
:105F5000BDAFBDAFBDAF8CB081E090E0B8CE4FE13A
:105F600050E068E078E1CE018E5B9E4F0F94126C9A
:105F7000CE53DF4F1882C25CD04030E020E041E0D9
:105F800050E060E4CE018E5F9E4F0E9495CDD80117
:105F90006D917C914FE350E0CE018E5F9E4F0F9448
:105FA0000E786FEC78E0CE018E5F9E4F0F94E8770D
:105FB00040E450E066EE77E1CE018E5F9E4F0F9495
:105FC000F46B61EE77E1CE018E5F9E4F0F948925D1
:105FD00030E020E041E050E060E4CE018E5F9E4F73
:105FE0000E9495CDF801608171814FE350E0CE01B0
:105FF0008E5F9E4F0F940E786FEC78E0CE018E5F2F
:106000009E4F0F94E87740E450E069ED77E1CE01D0
:106010008E5F9E4F0F94F46B68EB77E1CE018E5F3D
:106020009E4F0F94892530E020E041E050E060E48D
:10603000CE018E5F9E4F0E9495CDD8016D917C91CF
:106040004FE350E0CE018E5F9E4F0F940E7865EDCA
:1060500078E0CE018E5F9E4F0F94E8774FE350E0DB
:1060600066EE77E1CE018E5F9E4F0F94F46B41E0B8
:10607000BE016E5B7E4FCE018E5F9E4F0F94191E48
:10608000CE53DF4F8881C25CD040882369F130E075
:1060900020E041E050E060E4CE018E5F9E4F0E9420
:1060A00095CDF801608171814FE350E0CE018E5FA4
:1060B0009E4F0F940E7865ED78E0CE018E5F9E4F77
:1060C0000F94E8774FE350E069ED77E1CE018E5F02
:1060D0009E4F0F94F46B41E0BE016E537F4FCE0193
:1060E0008E5F9E4F0F94191ED80112960D911C9130
:1060F000E9CE4FE150E060E078E1CE018E5B9E4F4B
:106100000F94126C4FE350E06AEF77E1CE018E53AB
:106110009F4F0F94126C31CF4FE150E064EF77E165
:10612000CE018E5B9E4F0F94126C4FE350E060EFF8
:1061300077E1ECCF30E020E041E050E060E4CE01D8
:106140008E5F9E4F0E9495CD4FE350E061EB77E16B
:10615000CE018E5F9E4F0F94F46B0F94F30788234C
:10616000F1F160914C1070914D1045E050E0CE017E
:106170008E5F9E4F0F942B088C01B6E0EB1AF1084E
:10618000A701480F591F60914C1070914D1081E389
:106190000F944D08A0914A10B0914B10A801480FE0
:1061A000591F4550510925E030E0281B390B6091FB
:1061B0004C1070914D10620F731FED91FC9111976F
:1061C0000280F381E02DCD0119950F947C1D609321
:1061D0005610709357108093581090935910E09177
:1061E0003B14F0913C140681178180913B149091EF
:1061F0003C14892B59F10115110541F1F8018085F5
:106200008F708530F1F4C8010F9447098823C9F0D5
:10621000D8016D917C91FB0101900020E9F7319745
:10622000AF01461B570B86E490E10F94C938F80183
:1062300082819381892B29F06CE286E490E10F94AE
:10624000E938D80112960D911C91CFCF8091371467
:1062500081508093371486E090E09093D20E809323
:10626000D10E61E079E18FE192E10F94F93E0C9457
:1062700097A88091670D0F94F30781110C9497A84C
:10628000DEC80F947C1D6093D50D7093D60D80935E
:10629000D70D9093D80D85EF9FEF9093D20E8093FA
:1062A000D10E8091670D0C9497A80F947C1D0091DE
:1062B000D50D1091D60D2091D70D3091D80D601BC2
:1062C000710B820B930B683873418105910510F4B3
:1062D0000C9497A81092D20E1092D10E0C9497A8FD
:1062E0000F94F30781110F944E250F947C1D60933A
:1062F000D50D7093D60D8093D70D9093D80D8DE06A
:1063000090E06FC80F947C1D0091D50D1091D60DB3
:106310002091D70D3091D80D601B710B820B930B20
:10632000603177428105910508F089C80C9497A8DF
:106330000F947C1D6093D50D7093D60D8093D70D6F
:106340009093D80D8EE090E04CC80F947C1D009186
:10635000D50D1091D60D2091D70D3091D80D601B21
:10636000710B820B930B603C744D8140910508F0DA
:10637000CECA0C9497A80E94A0A0009741F181304A
:10638000910509F45CC8019611F00C9497A80F943C
:106390007C1D0091D50D1091D60D2091D70D309117
:1063A000D80D601B710B820B930B60337547810511
:1063B000910510F40C9497A86EED78E189E292E1D2
:1063C0000F94F93EF0E0E0E019950C9497A883E172
:1063D00090E09093D20E8093D10E0F947C1D609329
:1063E000D50D7093D60D8093D70D9093D80D0C9446
:1063F00097A80F94F30781110F944E250E94E8701F
:106400000F947C1D6093D50D7093D60D8093D70D9E
:106410009093D80D8FEE9FEF0C94F1A98091670DAA
:106420008091371481110C94B0A982E190E090938F
:10643000D20E8093D10E0E940E9C883C910511F4DF
:106440000C941FAA8091670D882311F40C9428AA3C
:1064500067EB78E10C943AAA821B930BA40BB50B63
:1064600086A797A7A0ABB1AB0C94F6A8821B930BA1
:10647000A40BB50B82AB93ABA4ABB5AB0C9406A944
:10648000F12CE12C0C941FA954E0E516F104F1F075
:106490006EEA78E185E0E816F10411F00C94A2A907
:1064A00089E292E10F94F93E89E292E10F948D3DE9
:1064B00086EF9FEF9093D20E8093D10E0C94A2A9F9
:1064C0006AE978E1EDCF6AE678E1EACF6EE478E157
:1064D0008FE192E10F94F93ECE0101960F942016C0
:1064E000CE0101960E9429CE8FE192E10F948D3D5D
:1064F0000C94A2A9C5010F943E6AD70118968D91FC
:106500009C91009711F00F943E6AC7010F943E6A68
:106510000C948DA8A8950F94204682E090E00E94EC
:10652000368D0E94F6A1039724F00F94B5230F94A3
:10653000202A0C94666E8F929F92AF92BF92CF9258
:10654000DF92EF92FF920F931F93CF93DF93CDB71C
:10655000DEB7CF55D1090FB6F894DEBF0FBECDBF61
:106560008C016B016115710519F04115510579F523
:1065700069E075E180ED92E10F94F93E60E075E12C
:1065800080ED92E10F94F93EB80180ED92E10F9415
:10659000E33E6EEF74E180ED92E10F94F93E80ED01
:1065A00092E10F948D3DC15ADF4F0FB6F894DEBFD4
:1065B0000FBECDBFDF91CF911F910F91FF90EF9054
:1065C000DF90CF90BF90AF909F908F900895460F2F
:1065D000571FDA011C920E9416CF4B0168EF74E13D
:1065E00080ED92E10F94F93E4AE050E0B40180ED75
:1065F00092E10F949A3E65EF74E180ED92E10F9481
:10660000F93EB80180ED92E10F94E33E62EF74E150
:1066100080ED92E10F94F93EBAE38B16B1E09B0650
:106620004CF465EE74E189E292E10F94F93E89E25F
:1066300092E1B7CF63EE74E180ED92E10F94F93E01
:10664000B60180ED92E10F94E33E61EE74E180EDDE
:1066500092E10F94F93E80ED92E10F948D3D1A8204
:106660001982FE0133968EE3DF011D928A95E9F7C8
:106670008091D10E9091D20E059791F563E070E074
:10668000C8010E9436867C01892BD1F5E0914C101F
:10669000F0914D10808180FF86CF61E070E0C801ED
:1066A0000E943686892B09F47ECF64E270E0C8012F
:1066B0000F943B78892B09F076CF63EC74E180ED81
:1066C00092E10F94F93EB80180ED92E10F94E33E20
:1066D00080ED92E10F948D3DC8010F94D01763CFE8
:1066E00061E070E0C8010E9436867C01892B09F4C4
:1066F00065C04FE350E0B801CE0101960F942C78AD
:10670000A12CBB24B394E00EF11E6AEB74E1C70127
:106710000F94DB6B892B09F45EC064E270E0C80162
:106720000F943B78892B09F03ECFB11003C0AA200B
:1067300009F439CF40913B1450913C14B701CE017C
:106740008F5B9F4F0E948137CE018F5B9F4F0E94CE
:10675000DB2B182F882359F0B601CE018F5B9F4F9A
:106760000F94001111E0181619060CF010E0CE017C
:106770008F5B9F4F0E941E38112309F414CF89812B
:10678000882309F410CF8091D10E9091D20E0597F5
:1067900009F409CF6CE974E180ED92E10F94F93EC0
:1067A000BE016F5F7F4F80ED92E10F94E33E80ED7D
:1067B00092E10F948D3DCE0101968FCF62E070E0A3
:1067C000C8010E9436867C01892B09F4ECCEAA24EC
:1067D000A394B12C98CFF60101900020E9F73197EE
:1067E000EC19FD09329708F498CFC8010F94D0171F
:1067F000B11003C0AA2009F4D6CEF6018081882307
:1068000009F4D1CEC6010F94B045CDCE90E080E022
:106810000895DC01ED91FC910284F385E02D19943B
:10682000DF92EF92FF920F931F93CF93DF93EC01D0
:106830000C891D890115110559F01D8A1C8AC80192
:10684000DF91CF911F910F91FF90EF90DF9008950E
:10685000EC85FD858E859F85DF01A80FB91F2C91E2
:10686000243209F055C011962C912B3709F050C0F5
:106870000296E80FF91FF12CE12CDF01D190DD2009
:1068800009F446C08DE7D816E9F08FEFE81AF80A48
:10689000F4CF198A188A2C853D852115310579F0A8
:1068A0008E859F85280F391FF9012081222321F031
:1068B00001969F878E873EC01D861C86C0CF0FEF36
:1068C0001FEFBDCFE114F10419F11C928E859F8555
:1068D00002966C857D85680F791FE881F9810684B1
:1068E000F785E02DCE011995998B888B1B8A1A8A22
:1068F000EC85FD858E859F85E80FF91FEE0DFF1D48
:10690000D2828E859F850396E80EF91EFF86EE865D
:10691000288939892115310509F4BDCF8A899B89D8
:10692000280F391FF9012081222309F4B2CF0196E3
:106930009B8B8A8B022F220F110B81CFDC011C96BF
:10694000ED91FC911D971E968D919C91E80FF91F7A
:106950008081082E000C990B0895DC0115968D910D
:106960009C91009739F0DC01ED91FC910680F78154
:10697000E02D19940895FC01838594859C0144E0E1
:10698000359527954A95E1F756E0959587955A955F
:10699000E1F72817390719F081E090E0089582E0C7
:1069A00090E0089583E090E00895DC011296ED9167
:1069B000FC9113973097B9F016968D919C91843085
:1069C000910541F08530910541F0039749F482E04B
:1069D00090E0089581E090E0089581E190E00895CD
:1069E000828590E0089590E080E0089585E090E051
:1069F00008951F93CF93DF930097A1F0FC011085BA
:106A0000212F2F70223071F4EC016185728583850E
:106A100094850F94D77169877A878B879C87107FBD
:106A200013601887DF91CF911F9108958EE090E059
:106A300008950D943E6A0D943E6A0D943E6A0D943D
:106A40003E6A0D943E6AEF92FF920F931F93CF938D
:106A5000DF938C0169EC7CE280ED92E10F94F93ECA
:106A600080ED92E10F948D3DD8011496ED91FC914B
:106A7000309749F1C681D781209729F1E881F981C2
:106A80003097E9F080818823D1F06BED78E0CE017A
:106A90000F94D5077C01009791F0FC0181859285C8
:106AA000A385B4850097A105B10549F00F943E6A0E
:106AB000D70119961D921D921D921C921C970A8057
:106AC000DB81C02DD9CFD801ED91FC910484F585EF
:106AD000E02D60E0C801199581E090E0DF91CF9151
:106AE0001F910F91FF90EF9008950D943E6A0D94C1
:106AF0003E6AEF92FF920F931F93CF93DF93EC01C7
:106B00008B018091F30D9091F40D0097A9F0FC0199
:106B100020852F70263081F40F94D507FC019085D5
:106B20009F70943049F481859285DF91CF911F91B8
:106B30000F91FF90EF900895EE88FF88C7010197AD
:106B40000D97D0F46FED78E0C8010F94FE77892B94
:106B500099F48FE2888F85E08E9DB0018F9D700D36
:106B600011246A537E4C46E050E0CE0149960F94C2
:106B7000126CCE014896D9CF90E080E0D6CF3F92FC
:106B80004F925F926F927F928F929F92AF92BF923D
:106B9000CF92DF92EF92FF920F931F93CF93DF93E9
:106BA00000D000D0CDB7DEB77C01362E8091F00D3D
:106BB000882309F40CC1D70114969C91809144025A
:106BC000891708F404C18091500E9091510EBAE0DB
:106BD0006B1316C28550924FFC011082D701189694
:106BE0008D919C91892B09F4EEC08091F70D9091C5
:106BF000F80DA091F90DB091FA0D892B8A2B8B2BF2
:106C000009F0CDC00F947C1D2B013C01F7010085DC
:106C10001185D80119966D917C916115710599F4D2
:106C2000F80185809680A780B084809110109091A3
:106C30001110A0911210B091131088169906AA068F
:106C4000BB0609F486C0D8011B964D915C911C9738
:106C50004115510509F47DC0F701248153968C91AB
:106C6000539790E0322F377002C0959587953A95EB
:106C7000E2F780FF6EC0C22ED12CC601887F9370D0
:106C8000892B39F451968D919C91887F9370C82AF5
:106C9000D92AD8018D919C91DC01ED91FC9161156F
:106CA000710509F4C3C00688F789E02D199501978D
:106CB00009F04FC06CE3F801808191810F944B3E45
:106CC0004AE050E0B601D8018D919C910F94AA3D05
:106CD000F80122818081918168E771E3222311F01C
:106CE00066E771E30F94F93ED8011D966D917C9192
:106CF0001E978D919C910F94E33E60E2F801808194
:106D000091810F944B3ED8011F966D917C915097C5
:106D10008D919C910F94E33EF801228180819181B5
:106D20006BE671E3222311F065E671E30F94F93EFF
:106D30006BEF7DE0D8018D919C910F94E33EF801BB
:106D400080819181DC01ED91FC91008CF18DE02D31
:106D500019950F947C1DAB01BC01441955096609B6
:106D60007709F701858196814536510561057105E1
:106D700008F472C0009721F065EB71E30F941D3F9A
:106D80004FEF5FEFBA0180E00F94095E6093F70D5B
:106D90007093F80D8093F90D9093FA0D14C00F9431
:106DA0007C1D0091F70D1091F80D2091F90D309197
:106DB000FA0D601B710B820B930B603375478105D5
:106DC000910508F01FCF1092510E1092500ED7016E
:106DD00015968D919C911697009771F014963C91A1
:106DE00020914502231740F0DC01ED91FC910190C8
:106DF000F081E02D632D199581E090E026960FB685
:106E0000F894DEBF0FBECDBFDF91CF911F910F91E0
:106E1000FF90EF90DF90CF90BF90AF909F908F90BA
:106E20007F906F905F904F903F9008950488F58910
:106E3000E02D20E435E03A832983D80115968D9022
:106E40009D90AD90BC9018978B829C82AD82BE8243
:106E5000BE016F5F7F4F2ACF4091F70D5091F80D23
:106E60006091F90D7091FA0D452B462B472B09F4D3
:106E7000AACF009721F066EA71E30F941D3F1092AC
:106E8000F70D1092F80D1092F90D1092FA0DD7012E
:106E900018960D911C91F801618572856115710537
:106EA00091F4458056806780708480911010909195
:106EB0001110A0911210B0911310481659066A06CD
:106EC0007B0609F480CFD8011B964D915C911C97ED
:106ED0004115510509F477CFF701248153968C9120
:106EE000539790E0322F377002C0959587953A9569
:106EF000E2F780FF68CFC22ED12CC601887F937045
:106F0000892B39F451968D919C91887F9370C82A72
:106F1000D92AD8018D919C91DC01ED91FC916115EC
:106F2000710509F457C00688F789E02D1995019776
:106F300009F049CF6CE3F801808191810F944B3EB9
:106F40004AE050E0B601D8018D919C910F94AA3D82
:106F5000F80122818081918161E971E3222311F09E
:106F60006FE871E30F94F93ED8011D966D917C9105
:106F70001E978D919C910F94E33E60E2F801808111
:106F800091810F944B3ED8011F966D917C91509743
:106F90008D919C910F94E33EF80122818081918133
:106FA00064E871E3222311F06EE771E30F94F93E78
:106FB00067E971E3D8018D919C910F94F93EF80136
:106FC00080819181DC01ED91FC91008CF18DE02DAF
:106FD0001995F9CE0488F589E02D20E435E03A834F
:106FE0002983D80115964D905D906D907C901897EF
:106FF0004B825C826D827E82BE016F5F7F4F96CF37
:10700000843591050CF0E3CEBDE06B1709F4DFCEBB
:107010009C012F5F3F4F3093510E2093500E8550AF
:10702000924FFC016083D3CE2F923F924F925F929A
:107030006F927F928F929F92AF92BF92CF92DF9288
:10704000EF92FF920F931F93CF93DF93CDB7DEB7ED
:10705000AA970FB6F894DEBF0FBECDBF5C010E8FAE
:107060001F8F28A339A34AA35BA36CA37DA31C8A0B
:107070001B8ADC0118968D919C9101979E8B8D8BBC
:10708000E114F104D1F0CE0145969F938F930297BE
:107090009F938F9383EE98E09F938F93FF92EF924D
:1070A0000F94B3780FB6F894DEBF0FBECDBF019733
:1070B00021F48B899C899E8B8D8B6B897C894AE01E
:1070C00050E080ED92E10F949A3E63E671E380ED2B
:1070D00092E10F94F93E6D897E894AE050E080ED9F
:1070E00092E10F949A3E6DE571E380ED92E10F9489
:1070F000F93EFE8DFAA74AE050E06F2F80ED92E155
:107100000F94B03D80ED92E10F948D3D19861A8663
:107110001B861C861D861E861F86188A8A85807F90
:1071200084608A87D50118968D919C912D893E891E
:10713000281739071CF001979E8B8D8B8B899C89B2
:1071400097FF02C01C8A1B8A8B889C885401312CB3
:10715000212C8D899E898A159B050CF46AC1BAA5DC
:10716000B13091F1B23009F453C1EE24EA94FE2C0F
:107170000E8D1F8D28A139A14AA15BA16CA17DA113
:10718000CE0109960E94AD3E29833A834B835C83EE
:107190006D837E838F8398878091F50D9091F60D96
:1071A000FC0122813381A216B30608F088C06F85E6
:1071B0002E8530E050E040E0542F432F322F22271D
:1071C000462B6D85262B33C1E090F50DF090F60D22
:1071D000F70182819381A816B90608F070C09685E0
:1071E0005385018512854084A92FB0E06484712CF9
:1071F000658570E09401220D331D951372C0A901BD
:10720000440F551F240F351F200F311FA20FB31F2E
:107210009C91F301E20FF31F1081260F371FD90154
:107220000C91442009F452C0512C712C612C692F0F
:1072300070E0762F6627072E000C880B990BA301B0
:1072400092010F941A73C901772766276EA37FA353
:1072500088A799A7612F70E0762F6627072E000C6C
:10726000880B990BA30192010F941A73542F432F8B
:10727000322F22278EA19FA1A8A5B9A5822B932BDF
:10728000A42BB52B8EA39FA3A8A7B9A7602F70E04E
:10729000762F6627072E000C880B990BA30192010D
:1072A0000F941A736EA17FA188A599A5262B372B61
:1072B000482B592B232B242B252B09F4A0C0FFEF9F
:1072C000AF1ABF0A2FEF221A320A43CF212F30E024
:1072D00050E040E0542F432F322F2227492B202B00
:1072E000E9CFC901880F991F880F991F800F911F3F
:1072F000A80FB91F3C91DC01A50FB11D0C91F30142
:10730000E80FF91FD080860F971FDC011C914420E5
:1073100009F463C0512C712C612C632F70E0762F1F
:107320006627072E000C880B990BA30192010F947E
:107330001A73922F8827772766276EA37FA388A7C3
:1073400099A7602F70E0762F6627072E000C880B18
:10735000990BA30192010F941A73A90133272227D5
:107360008EA19FA1A8A5B9A5822B932BA42BB52BE9
:107370008EA39FA3A8A7B9A7612F70E0762F6627D9
:10738000072E000C880B990BA30192010F941A731E
:107390006EA17FA188A599A5622B732B842B952BB9
:1073A0006EA37FA388A799A76D2D70E0762F66271F
:1073B000072E000C880B990BA30192010F941A73EE
:1073C000542F432F322F22278EA19FA1A8A5B9A504
:1073D000282B392B4A2B5B2B6DCF802F90E0B0E010
:1073E000A0E0DC0199278827B32BAC01412B8A014F
:1073F0009D011D29012B022B032B09F060CF2FEFDC
:107400003FEF4FEF50E0B501C7010F94824357CFD4
:107410008091F50D9091F60DDC0112962D913C9125
:10742000A216B30608F04BCF20E030E0A901B50169
:10743000ECCFCC2009F488C00091F50D1091F60D29
:10744000D80119968D919C91892B09F473C00F94E2
:10745000751AF801C784D088E188F2886C157D051B
:107460008E059F0520F46787708B818B928BF801C6
:10747000C784D088E188F2886C197D098E099F093C
:107480006C3271408105910510F3F894D80114967F
:107490008D919C9115979A8B898B1996ED91FC9102
:1074A0007F01BFEFEB1AFB0A80818D8FF80190817D
:1074B0000388F489E02DD80155968C91992309F41D
:1074C0005EC09081982B9C8F9081809589238B8FB3
:1074D0008B8D888F88E08F8B5C8D6B8D4D8D3F8978
:1074E000288D89899A89D701508347FD252F3A95A0
:1074F0002083262F39F0441F00C000006083000065
:1075000000C0F2CF38E04D9160830000019761F731
:10751000D8015496FC93EE9353974D8F3F8B288F51
:107520009A8B898B78940F94751AF8016787708B02
:10753000818B928B68E571E380ED92E10F94F93EC7
:1075400080ED92E10F948D3D81E090E0AA960FB618
:10755000F894DEBF0FBECDBFDF91CF911F910F9189
:10756000FF90EF90DF90CF90BF90AF909F908F9063
:107570007F906F905F904F903F902F9008959081F3
:10758000982B9C8F9081809589238B8F8B8D8A8FF0
:1075900088E0898F5C8D6B8D4D8D398D2A8D898921
:1075A0009A89D701508347FD252F00C000C0208352
:1075B00000C000C000C000C000C060830000262FD3
:1075C0003A9541F0441F000000C000C000C000C058
:1075D00000C0E8CF38E04D9100C0608300C0019743
:1075E00009F7D8015496FC93EE9353974D8F398F3A
:1075F0002A8F96CFCF93DF93EC0168EC70E380ED98
:1076000092E10F94F93E6CEB70E380ED92E10F9400
:10761000F93E6C817D814AE050E080ED92E10F946B
:107620009A3E66EB70E380ED92E10F94F93E80EDB7
:1076300092E10F948D3D60E08C810F944519E881B3
:10764000F9810484F585E02D60E0CE01199581E093
:1076500090E0DF91CF9108950F931F93CF93DF9325
:107660008C0169EE78E080ED92E10F94913DC0913C
:10767000F50DD091F60D4C815D8170E060E089855B
:107680009A850F942B71209771F089859A850F94B4
:107690003E6A8E819F8197FD03C060E00F9445197B
:1076A000CE010F943E6AD801ED91FC910484F585DA
:1076B000E02D60E0C801199581E090E0DF91CF9165
:1076C0001F910F910895CF93DF93EC0169EF78E05C
:1076D00080ED92E10F94913D40E050E0BA018A8143
:1076E0009B810E94012DE881F9810484F585E02DBC
:1076F00060E0CE0119956D858C810F9417196D8509
:107700008D810F94171981E090E0DF91CF9108955A
:10771000FC01828193810E94653421E030E0823057
:1077200011F430E020E0C9010895FF920F931F93F8
:10773000CF93DF93CDB7DEB764970FB6F894DEBF73
:107740000FBECDBF8C01F62EDC0116966C91FF208A
:1077500011F081E06827F80184810F941719F8016E
:1077600087819085A185B285883E9340A105B105AA
:1077700008F463C068E071E380ED92E10F94F93E94
:1077800063E071E380ED92E10F94F93ED801149625
:107790006D917C914AE050E080ED92E10F949A3E29
:1077A0006EEF70E380ED92E10F94F93E6F2D70E083
:1077B0004AE050E080ED92E10F949A3E80ED92E134
:1077C0000F948D3D8FE290E09C878B87FE013D9664
:1077D00088E0DF011D928A95E9F767EF70E3CE013B
:1077E0000B960F94D06BF801828193810E946534CF
:1077F000FF2079F16FEE70E3853151F068EE70E3B0
:10780000863131F06CED70E38F3011F464EE70E38B
:10781000CE0101960F94E46BD8011296ED91FC9184
:107820000280F381E02DAE01455F5F4FBE016F5FC7
:107830007F4F808191810F94371E64960FB6F89424
:10784000DEBF0FBECDBFDF91CF911F910F91FF9093
:10785000089568ED70E38230D9F263ED70E3D8CF1C
:10786000AF92BF92CF92EF92FF920F931F93CF935D
:10787000DF9300D000D01F921F92CDB7DEB75C011E
:1078800009831A832B833C834D835E836F837887C0
:107890006DE471E380ED92E10F94F93ECE01019623
:1078A0000E948325E114F10439F066E471E3C70115
:1078B0000F94DB6B009759F1F501028113810115DB
:1078C000110519F18981811165C08B81813009F41D
:1078D00069C078F1823059F1082F10E063E271E35A
:1078E00080ED92E10F94F93E63E171E380ED92E166
:1078F0000F94F93E4AE050E0B80180ED92E10F9418
:107900009A3E80ED92E10F948D3D90E080E02896C4
:107910000FB6F894DEBF0FBECDBFDF91CF911F91A0
:107920000F91FF90EF90CF90BF90AF900895CC2033
:10793000D9F060E0CE0101960E94D020892B09F495
:1079400050C0C8010E94422D672B682B692BF9F4A7
:107950004FEF5FEFBA0180E00F94095EAB01BC010D
:10796000C8010E94012D13C0C8010E9465348E30E9
:1079700019F050F4813059F460E0CE0101960E9474
:10798000D020892B21F0DDCF83518430A8F381E012
:1079900090E0BDCF803100F58E3098F6813089F2CD
:1079A0008230F9F06BE371E380ED92E10F94F93EE0
:1079B0006EE271E380ED92E10F94F93E4AE050E00F
:1079C000698180ED92E10F94B03D80ED92E10F94DA
:1079D0008D3D01E010E082CF8351843008F4B1CFB7
:1079E000E1CF40E050E0BA01C8010E94012D60E003
:1079F000C5010E9495BBCBCF4F925F926F927F9251
:107A00008F929F92AF92BF92CF92DF92FF920F938D
:107A10001F93CF93DF9300D000D01F921F92CDB75A
:107A2000DEB76130710509F482C0FC0162817381A7
:107A30006115710509F47BC08C0119821A821B82C1
:107A40001C821D821E821F8218868A81807F8A8303
:107A500040E050E2CE0101960E94723460E0CE0117
:107A600001960E94D0206C01F801828193810E94CE
:107A7000422D2B013C01F80127813085418552853B
:107A8000D6010F9466732FEF30E040E050E00F9482
:107A90001A7349015A010F947C1DFF24F394811439
:107AA0009104A104B10461F064197509860997096C
:107AB000FF24F394681579058A059B0508F4F12CD9
:107AC000411451046104710491F1F801878090849C
:107AD000A184B2840F947C1DF80181149104A10447
:107AE000B10451F06419750986099709681579057B
:107AF0008A059B0508F449C0A280B3804FEF5FEF71
:107B0000BA0180E00F94095EAB01BC01C5010E947F
:107B1000012DCD2861F0F80184810F94F25DF80108
:107B20009681891304C061E0C8010E9495BB90E072
:107B300080E028960FB6F894DEBF0FBECDBFDF9170
:107B4000CF911F910F91FF90DF90CF90BF90AF909A
:107B50009F908F907F906F905F904F900895FF203F
:107B6000D9F060E0C8010E9495BBF8018281938141
:107B70000E945D57892BD9F640E050E0BA01F80128
:107B8000828193810E94012DD2CF84810F94F25D76
:107B9000F80196818913E3CFCD2849F2F801848159
:107BA0000F94F25DF80196818913C1CFF110BFCF18
:107BB000BACFAF92BF92CF92DF92EF92FF920F9324
:107BC0001F93CF93DF93CDB7DEB768970FB6F894C6
:107BD000DEBF0FBECDBFFC01098B1A8B2B8B3C8BFC
:107BE0004D8B5E8B6F8B788F82819381009709F428
:107BF000A1C024813581232B09F49CC0CC2009F439
:107C000099C06F0170E060E00E94A42D192FD60189
:107C1000ED91FC91008CF18DE02DC60119955C0170
:107C20008230910509F47AC0039709F445C095E0C4
:107C3000F1E0AF16B10409F091E019861A861B86AF
:107C40001C861D861E861F86188A8A85807F892B42
:107C50008A87EE24EA94FE2C09891A892B893C89AB
:107C60004D895E896F89788DCE0109960E94AD3E5F
:107C7000F1E0AF16B10409F453C082E0A816B104D4
:107C800009F049C06F8570E0D60114968C910F946D
:107C9000811961E070E0C6010E94183E6E8570E0B7
:107CA0000F94811962E070E0C6010E94183E6D8554
:107CB00070E00F9481192FC0612F661F6627661F21
:107CC000CE0141960E94D0205C01BC01D6011496E1
:107CD0008C910F9481196BE970E380ED92E10F9420
:107CE000F93EF601648175814AE050E080ED92E151
:107CF0000F949A3E69E970E380ED92E10F94F93EAA
:107D00004AE050E0B50180ED92E10F949A3E80ED9B
:107D100092E10F948D3D81E090E00EC094E08DCF14
:107D200063E070E0C6010E94183E688970E00F941D
:107D30008119A8CF90E080E068960FB6F894DEBF76
:107D40000FBECDBFDF91CF911F910F91FF90EF90AC
:107D5000DF90CF90BF90AF900895CF93DF93EC0169
:107D60006FE870E380ED92E10F94F93E6C817D81C4
:107D70004AE050E080ED92E10F949A3E6DE870E3A6
:107D800080ED92E10F94F93EEA81FB810280F3815C
:107D9000E02D6081718180ED92E10F94E33E67E810
:107DA00070E380ED92E10F94F93E80ED92E10F9443
:107DB0008D3DE881F981008CF18DE02DCE01199582
:107DC0008130910529F0029759F060E08C811AC04A
:107DD00063E070E0CE010E94183E60E00F94451908
:107DE00060E08C810F94451961E070E0CE010E9443
:107DF000183E60E00F94451962E070E0CE010E94E9
:107E0000183E60E00F944519E881F9810484F585F6
:107E1000E02D60E0CE01199581E090E0DF91CF91F7
:107E20000895CF92DF92FF920F931F93CF93DF932A
:107E300000D000D01F921F92CDB7DEB76C01F02E9C
:107E40001A83022F10E0FF2029F00115110511F40B
:107E500001E010E040E050E061E070E0F601828176
:107E600093810E94AC2E01301105A9F10230110559
:107E700041F0012BB1F565E87CE280ED92E10F94D1
:107E8000F93E8A818F70B9F1F60102811381C80130
:107E90000E94422D672B682B692B89F401E010E0CA
:107EA000C80128960FB6F894DEBF0FBECDBFDF9194
:107EB000CF911F910F91FF90DF90CF9008954FEFDA
:107EC0005FEFBA0180E00F94095EAB01BC01C8010D
:107ED0000E94012DE3CFF1E0FF1681F082E0F81659
:107EE00069F069E77CE280ED92E10F94F93E80ED64
:107EF00092E10F948D3D10E000E0D2CFF601C280F8
:107F0000D380C6010E94422D672B682B692B31F26A
:107F10004FEF5FEFBA0180E00F94095EAB01BC0147
:107F2000C6010E94012DBCCFCF92DF92EF92FF924B
:107F30000F931F93CF93DC011296ED91FC9160E0BB
:107F4000848195810F9487088C01009729F0FC01AA
:107F500080858F708530D1F068ED7FE289E292E113
:107F60000F94F93E89E292E10F948D3DC12CD12C02
:107F700090E8E92E9FEBF92EC701B601CF911F9132
:107F80000F91FF90EF90DF90CF900895C8010F946C
:107F90004709813040F18630A8F1893020F565E04D
:107FA000C8010F948708FC0190859F709330F9F405
:107FB000C184D284E384F484C1E060E0C8010F94FA
:107FC0008708FC0190859F70933009F56185728563
:107FD0008385948520E030E0A9010F94D07187FF5C
:107FE0001FC0C111C9CFC12CD12C7601C5CF923091
:107FF00049F461857285838594850F94D7716B01EF
:108000007C01DACFC0E0C12CD12C7601D6CF9230E2
:1080100039F461857285838594850F94D771DACFA1
:10802000C111AACFC12CD12C8FE7E82E83E4F82E02
:10803000A3CFCF93DF93EC0166EA7FE280ED92E17C
:108040000F94F93EEA81FB810280F381E02D60818B
:10805000718180ED92E10F94913DEC81FD8130972B
:1080600021F0808191810F943E6A8C819D810F94D3
:108070003E6A70E060E08A819B810E94BE2C1D8276
:108080001C8281E090E0DF91CF910895CF93DF9340
:10809000DC011496ED91FC91309741F1C681D781B6
:1080A000209721F1E881F9813097E1F080818823E0
:1080B000C9F020E030E0A9016EEE76E0CE010F9429
:1080C000445D603171054CF46E3071051CF4613013
:1080D000710541F481E090E00BC063517109643097
:1080E0007105C0F30A80DB81C02DDACF90E080E01B
:1080F000DF91CF9108951F93CF93DF93142F0F94A7
:10810000B45CEC01892BF9F08885982F9F70923030
:1081100039F0933071F0911116C0807F82608887AA
:10812000412F50E070E060E049875A876B877C8779
:108130000AC0612F70E090E080E00F94D5716987EC
:108140007A878B879C87CE01DF91CF911F9108950D
:10815000CF92DF92EF92FF92CF93DF9369017A0182
:108160000F94B45CEC01892BC9F08885982F9F701F
:10817000923039F0933051F0911110C0807F8260BD
:108180008887C986DA86EB86FC8608C0C701B601F7
:108190000F94D77169877A878B879C87CE01DF918F
:1081A000CF91FF90EF90DF90CF900895CF92DF9224
:1081B000EF92FF92CF93DF9369017A010F94B45C41
:1081C000EC01892BC9F08885982F9F70923039F087
:1081D000933071F0911110C0807F82608887C70151
:1081E000B6010F94A27469877A878B879C8704C035
:1081F000C986DA86EB86FC86CE01DF91CF91FF90AF
:10820000EF90DF90CF9008950F931F93CF93DF935C
:108210008A010F94B45CEC01892BF9F08885982FC2
:108220009F70923039F0933071F0911116C0807FB9
:1082300082608887012E000C220B330B09871A8776
:108240002B873C870AC0B801110F880B990B0F943C
:10825000D77169877A878B879C87CE01DF91CF9111
:108260001F910F910895CF92DF92EF92FF920F939B
:108270001F93CF93DF93009701F1DC011896EC91E7
:10828000EF70E630D1F469017A018B01EC010F94B3
:10829000D5070097A1F4A7019601B801CE010F946C
:1082A000F915B801CE01DF91CF911F910F91FF9089
:1082B000EF90DF90CF900D94D50790E080E0DF91B4
:1082C000CF911F910F91FF90EF90DF90CF90089585
:1082D000CF92DF92EF92FF920F931F93CF93DF9392
:1082E000009701F1DC011896EC91EF70E630D1F4C3
:1082F00069017A018B01EC010F94D5070097A1F475
:10830000A7019601B801CE010F94D515B801CE0191
:10831000DF91CF911F910F91FF90EF90DF90CF9061
:108320000D94D50790E080E0DF91CF911F910F91E0
:10833000FF90EF90DF90CF9008952F923F924F9251
:108340005F926F927F928F929F92AF92BF92EF92C5
:10835000FF920F931F93CF93DF93CDB7DEB72C9788
:108360000FB6F894DEBF0FBECDBF6130710509F4C2
:1083700063C18C01FC01E280F38040E050E061E0E9
:1083800070E0C7010E94D52E672B682B692B09F47A
:1083900053C140E050E062E070E0C7010E94D52E7A
:1083A000672B682B692B89F480912702882309F4B5
:1083B00043C140E050E062E070E0C7010E94AC2E93
:1083C00080912702815080932702F801E280F38098
:1083D000C7010E94422D4B015C0119821A821B8247
:1083E0001C821D821E821F8218868A81807F8A835A
:1083F00040E050E2B701CE0101960E94723460E085
:10840000CE0101960E94D0207C01F80182819381E7
:108410000E946534823011F0853011F4F12CE12C8A
:10842000F80186819AEC980F903108F0B7C1218548
:108430003285A90170E060E049875A876B877C87A5
:1084400043845484712C612C0F94581A9C01990F09
:10845000440B550B2419350946095709AFEFB0E015
:108460000F945B7329853A854B855C852419350902
:10847000460957090F943C73390137FDB9C15FEFC5
:108480006516710411F00CF0B6C181149104A104B9
:10849000B10409F08BC1E618F70856EFE5165FEF57
:1084A000F5060CF0F6C0F801658585810F94171963
:1084B000F801A280B380C5010E94422D672B682B72
:1084C000692B59F44FEF5FEFBA0180E00F94095E1A
:1084D000AB01BC01C5010E94012DF801B480658586
:1084E0008EEF8B0D8C3028F084ED8B0D833008F0EF
:1084F00070C0AA27BB27AE19BF09662309F45CC068
:108500009D01A1E0BFEF0F94A07329E130E040E0AE
:1085100050E00F943C73BA01A90141505F4F6F4F77
:108520007F4F942F852F692F782F6F3F710519F09A
:1085300014F06FEF70E06634710514F466E470E0D7
:108540008B2D78C06AE67CE280ED92E10F94F93ED3
:1085500080ED92E10F948D3D68E079E080ED92E14D
:108560000F94913DF801658584810F941719F801E6
:10857000658585810F94171940E050E0BA01F80134
:10858000828193810E94012D40E050E061E070E023
:10859000F801828193810E94832E40E050E062E0E6
:1085A00070E0F801828193810E94832E80912702DE
:1085B0008F5F8093270240C02FEF30E00F94A873A5
:1085C00029E130E040E050E00F943C73922F832F7C
:1085D000AACF858191E069279EEF980F9C3020F00B
:1085E0008C52833008F0D6C08B2D0F941719AA2710
:1085F000BB27AE19BF09F80185858823B1F12FEF9C
:1086000030E00F94A87329E130E040E050E00F948F
:108610003C73922F832F692F782F6F3F710519F0CC
:1086200014F06FEF70E06634710514F466E470E0E6
:10863000F80185810F94811990E080E02C960FB6A7
:10864000F894DEBF0FBECDBFDF91CF911F910F9188
:10865000FF90EF90BF90AF909F908F907F906F9022
:108660005F904F903F902F9008959D01A1E0BFEF44
:108670000F94A07329E130E040E050E00F943C7388
:10868000BA01A90141505F4F6F4F7F4F942F852F43
:10869000C2CFFBE0EF16F1040CF45ECFF801658564
:1086A00084810F941719F801A280B380C5010E943C
:1086B000422D672B682B692B59F44FEF5FEFBA01FE
:1086C00080E00F94095EAB01BC01C5010E94012D41
:1086D000F801B58065858EEF8B0D8C3020F084ED30
:1086E0008B0D8330B0F4662351F09701A1E0BFEF0A
:1086F0000F94A07323E330E040E050E00ACF2FEF67
:1087000030E0D7010F94A87323E330E040E050E05D
:108710005BCF848191E069279EEF980F9C3018F021
:108720008C528330B8F58B2D0F941719F80185857D
:108730008823E1F02FEF30E0D7010F94A87329E1EF
:1087400030E040E050E00F943C73922F832F692F6C
:10875000782F77FF02C070E060E06F3F710519F07D
:1087600014F06FEF70E0F801848164CF9701A1E00D
:10877000BFEF0F94A07329E130E040E050E00F9488
:108780003C73BA01A90141505F4F6F4F7F4F942F47
:10879000852FDDCF8B2D0F9417194ECF66246A9449
:1087A000762C81149104A104B104F1F0F801278022
:1087B0003084032C000C440855080F947C1D2114B0
:1087C00031044104510409F4BDCE681979098A09BC
:1087D0009B09621573058405950508F0B3CEFFEF7C
:1087E0006F167F0609F057CE4FE7E41AF10855CE11
:1087F000712C612C4ACE66246A94712C46CE5F920D
:108800006F927F928F929F92AF92BF92CF92DF92A0
:10881000EF92FF920F931F93CF93DF93CDB7DEB705
:1088200060970FB6F894DEBF0FBECDBFE986FA861B
:108830000B871C872D873E874F87588B61157105E5
:1088400011F0011103C090E080E0D7C04B018C0112
:10885000DB01AD90BC9019821A821B821C821D82A2
:108860001E821F8218868A81807F8A836AEA75E069
:10887000C4010F94D5076C0165E876E0C4010F943C
:10888000D5077C0166E179E0C4010F94D5074C015E
:10889000C114D10471F1F60180858F70843049F5DF
:1088A000818592850E94F386782EF9E08F17D1F1A9
:1088B000F8173CF081E07816F4F4C12CD12C760145
:1088C0006AC0AAE08A13F9CFB701CE0109960E94C7
:1088D000102929833A834B835C836D837E838F8346
:1088E00098873F7009F4AFCFCE0101960E94F22223
:1088F00016C077247394B701CE0109960E941029FF
:1089000029833A834B835C836D837E838F8398872F
:108910003F7009F498CFCE0101960E94E2216B01CD
:108920007C0139C0B701CE0109960E941029298324
:108930003A834B835C836D837E838F8398873F70FC
:1089400009F481CF31503B3008F0B7CFE32FF0E08E
:108950008827E255FB438F4F0D949173C2C4C2C464
:108960005DC4B9C4B9C420C513C513C513C5B9C402
:10897000B9C42D813E814F815885AAE0B0E00F94A3
:108980005B73CDCFCD80BAE0CB9E600111240D2C5E
:10899000000CEE08FF0880914502893020F4809198
:1089A00044028930E8F068E37CE280ED92E10F94C4
:1089B000F93EB50180ED92E10F94E33E61E37CE284
:1089C00080ED92E10F94F93E2AE030E0B701A60174
:1089D00080ED92E10F94523E80ED92E10F948D3D37
:1089E000D8011296ED91FC9162E0848195810F94FB
:1089F0008708009791F581E090E060960FB6F894B3
:108A0000DEBF0FBECDBFDF91CF911F910F91FF90C1
:108A1000EF90DF90CF90BF90AF909F908F907F901E
:108A20006F905F90089520E030E040E251E46D8166
:108A30007E818F8198850F9436720F94A2746FCFC8
:108A40006D817E818F8198852AE030E040E050E0A2
:108A50000F943C7369017A019ECFFC0120852F7031
:108A6000263049F6B5010F94D5078C01009719F20D
:108A7000DC0118968C9118978F709BEF980F9230AD
:108A800008F0B9CF502E612E853029F416965C90EF
:108A9000169717966C9064EC77E0852D962D0F94C1
:108AA000D5075C01852D962D0F945E18A114B10495
:108AB000F9F081149104E1F0F40120852F70213048
:108AC000B9F421852223A1F0009749F1DC01199620
:108AD0004D915D916D917C911C974C155D056E05D6
:108AE0007F0531F418968C91807F62E279E071F114
:108AF000D80118968C911897806818968C93A114B9
:108B0000B10469F1F501C186D286E386F4867294D8
:108B100090EF792280858F70782A70866CCFF5016E
:108B200081859285A385B4858C159D05AE05BF050D
:108B3000F9F6208522952F70872D8F70082E000C56
:108B4000990B28171906A1F663E479E080ED92E10C
:108B50000F94E33E80ED92E10F948D3D4CCF68E29F
:108B60007CE280ED92E10F94F93ED8016D917C9109
:108B700080ED92E10F94E33E80ED92E10F948D3D04
:108B8000A701960164EC77E0852D962D0F94D515FD
:108B900064EC77E0852D962D0F94D507FC01892B89
:108BA00009F429CF729480EF782290859F70792AFA
:108BB000B4CF2F923F924F925F927F928F929F926B
:108BC000AF92BF92CF92DF92EF92FF920F931F93DB
:108BD000CF93DF9300D000D01F921F92CDB7DEB7A6
:108BE00009831A832B833C834D835E836F8378874D
:108BF000DC011496ED91FC910FEF1FEF3097F9F027
:108C000057014C01C288D388E114F10489F1F701BE
:108C10008081882369F1C114D10489F1B701C601AB
:108C20000F94D507E980FA800B811C812D813E814C
:108C30004F815885BC01C4010E94FFC38C01C8014B
:108C400028960FB6F894DEBF0FBECDBFDF91CF914F
:108C50001F910F91FF90EF90DF90CF90BF90AF905A
:108C60009F908F907F905F904F903F902F900895AE
:108C7000C114D10421F0D6011696CD90DC907B80F2
:108C8000F12C0FEF1FEF272C312C512C412CC1144C
:108C9000D10449F16CED78E0C6010F94D507009737
:108CA000E9F0FC0120852F702230C1F48185928586
:108CB000A385B48582159305A405B50579F4E980EB
:108CC000FA800B811C812D813E814F815885B60130
:108CD000C4010E94FFC38C01FF24F394D6011296B5
:108CE000CD90DC90D4CFF110AACF63E57CE289E28D
:108CF00092E10F94F93EB50189E292E10F94E33ECF
:108D000067E47CE289E292E10F94F93E672D70E01E
:108D10004AE050E089E292E10F949A3E89E292E1C2
:108D20000F948D3D8CCFCF93DF93EC01EC81FD81CF
:108D300040815181052E000C660B770B228181E763
:108D40009FE00F94464070E060E08A819B810E9422
:108D5000A42DEFE6F0E1828381E79FE09183808399
:108D600010927F111092811110928011DF91CF919A
:108D700008952F923F924F925F926F927F928F92BF
:108D80009F92AF92BF92CF92DF92EF92FF920F939A
:108D90001F93CF93DF93CDB7DEB768970FB6F894E4
:108DA000DEBF0FBECDBF6115710509F491C05E8BAA
:108DB000498B9D8B8C8BFB0186809780811491045D
:108DC00009F486C0F40180858F70823031F08530DF
:108DD00031F1F40182809380F1CF6184728441E0AB
:108DE00050E069897E89C3010E947386882389F3D4
:108DF000B12CA12CCC24C39473018301298950E0A8
:108E000040E0B3018C899D890E94168729873A87A3
:108E10004B875C876D877E878F87988BDACFC401FD
:108E20000F9447098230A9F660E0C4010F948708C7
:108E3000FC01C184D284E384F48461E0C4010F9412
:108E40008708FC012184328443845484388E2F8A1D
:108E5000DB8ACA8AA1014C195D094F5F5F4F69899E
:108E60007E89C6010E947386882309F4B2CF80915F
:108E70004502893020F480914402893020F080ED51
:108E800092E10F948D3D712C612C6A897B89660D6E
:108E9000771D8F89988D861797070CF49ACFB12C80
:108EA000A12CCC24C39471010A891B892989A301AF
:108EB0008C899D890E94168729833A834B835C8322
:108EC0006D837E838F8398879FEF691A790ADDCF40
:108ED00068960FB6F894DEBF0FBECDBFDF91CF917D
:108EE0001F910F91FF90EF90DF90CF90BF90AF90C8
:108EF0009F908F907F906F905F904F903F902F90BA
:108F000008952F923F924F925F926F927F928F922D
:108F10009F92AF92BF92CF92DF92EF92FF920F9308
:108F20001F93CF93DF9300D01F921F92CDB7DEB770
:108F300061307105D1F490E080E00F900F900F90B8
:108F40000F900F90DF91CF911F910F91FF90EF90B5
:108F5000DF90CF90BF90AF909F908F907F906F9059
:108F60005F904F903F902F9008952091EE0D30919B
:108F7000EF0D232B01F78C01DC01ED91FC910284B4
:108F8000F385E02D19950297B1F68091EA0D909145
:108F9000EB0DA091EC0DB091ED0D892B8A2B8B2B55
:108FA00079F4D8011296ED91FC9162E0848195816B
:108FB0000F9487089C838B83892BB1F4B12C0EC44A
:108FC0000F947C1DC090EA0DD090EB0DE090EC0D5D
:108FD000F090ED0D6C197D098E099F09683C7105B3
:108FE00081059105F0F6A7CFEB81FC8180858F701C
:108FF000863021F7C680D7801D82B12CC114D104E0
:1090000009F4E8C3D60118968C91982F9F702BEF26
:10901000290F223008F0DEC3BD81B111DBC3282F38
:1090200022952F7087FF7DC522FD7BC5953009F005
:10903000A7C0F6018681978164EC77E00F94D5078D
:109040001C01892B09F46DC581E090E09093EF0D30
:109050008093EE0DB11003C0C8010E9493C6D101E8
:1090600019964D905C9064E679E080ED92E10F9462
:10907000E33ED8011296ED91FC910280F381E02D40
:109080006081718180ED92E10F94E33E63ED78E0C1
:1090900080ED92E10F94E33EF6016081718180EDF5
:1090A00092E10F94E33E63ED79E080ED92E10F945D
:1090B000E33ED10119964D915D916D917C911C9784
:1090C0002AE030E080ED92E10F94523E80ED92E193
:1090D0000F948D3DF60180809180D8011496ED911A
:1090E000FC9163E97BE2309759F0B401828993895E
:1090F0000F94D5077C01009709F044C060E77BE23C
:1091000089E292E10F94F93E89E292E10F948D3D5C
:10911000EE24EA94FE2C4201550CAA08BB08D101AA
:1091200019964D905D906D907C901C9784149504D9
:10913000A604B70409F4AAC48091EA0D9091EB0D3E
:10914000A091EC0DB091ED0D892B8A2B8B2B09F49E
:1091500086CF0F947C1D2091EA0D3091EB0D40914C
:10916000EC0D5091ED0D621B730B840B950B683C5D
:1091700071058105910508F072CF0E948AB2D6CFA1
:10918000C6015ACF65E777E00F94D5073C01892BDC
:1091900079F46CE777E0C7010F94D5073C016DE4E3
:1091A0007BE2892B69F0F10180858F70806B80876D
:1091B000D30118968C918F70823079F067E37BE24F
:1091C00089E292E10F94F93E89E292E10F948D3D9C
:1091D000EEEFEE2EFF24FA949ECF6AE078E0C7010E
:1091E0000F94D5077C01009709F442C1FC018085EA
:1091F0008F70813009F061C18185882309F45DC1D8
:10920000D10118968C91807FF12CE12C803B19F0D4
:1092100072E0E72EF12C6CE27BE280ED92E10F949C
:10922000F93EB40180ED92E10F94E33E69E27BE206
:1092300080ED92E10F94F93EF301418552856385FB
:1092400074852AE030E080ED92E10F94523E60E7B1
:1092500079E080ED92E10F94E33E4AE050E0B701FF
:1092600080ED92E10F949A3E61ED76E080ED92E11F
:109270000F94E33EF1E0F093721081E090E08C0FE8
:109280009D1F9093F8108093F71041E050E0B701D4
:10929000D30119968D919C910E947386F82E4FEF01
:1092A0005FEFBA0180E00F94095E6093EA0D70935E
:1092B000EB0D8093EC0D9093ED0DFF2009F4FAC0B7
:1092C000D8011296ED91FC9162E0848195810F9412
:1092D00087087C01009709F4C2C0FC0180858F706B
:1092E000863009F0E7C0B401C7010F94D5077C01AF
:1092F000009709F4B4C00F945E187C01892B09F41F
:10930000AEC080914502893020F4809144028930BA
:1093100028F162E27BE280ED92E10F94F93ED70101
:1093200019964D915D916D917C911C972AE030E0EA
:1093300080ED92E10F94523E6CE17BE280ED92E190
:109340000F94F93E69817A814AE050E080ED92E124
:109350000F94AA3D80ED92E10F948D3DF701418578
:1093600052856385748589819A81B0E0A0E04817B1
:1093700059076A077B0719F166E17BE280ED92E10C
:109380000F94F93EB40180ED92E10F94E33E68E062
:109390007BE280ED92E10F94F93E80ED92E10F9433
:1093A0008D3DF0E4F093721087E790E19093F81010
:1093B0008093F7106DEFE62EFF24FA94ACCEF10106
:1093C00081859285A385B485481759076A077B076D
:1093D00089F562E07BE280ED92E10F94F93EB40101
:1093E00080ED92E10F94E33E60E07BE280ED92E15C
:1093F0000F94F93E69817A814AE050E080ED92E174
:109400000F94AA3D6FEE7AE280ED92E10F94F93E5F
:1094100080ED92E10F948D3DF0E4F093721087E7B8
:1094200090E19093F8108093F7105CEFE52EFF2405
:10943000FA9471CE69EE7AE280ED92E10F94F93EF2
:10944000B40180ED92E10F94E33E6EEC7AE280EDA0
:1094500092E10F94F93E80ED92E10F948D3D90E4FE
:1094600090937210A7E7B0E1B093F810A093F710B3
:10947000D1011896EC91E295EF70E150AA24AA94DC
:10948000BA2CEB3008F066C0F0E0D30119962D91AC
:109490003C918827E15BF5438F4F0D94917360CA2F
:1094A00075CA60CA75CA22CB1DCB22CB1DCB60CA40
:1094B00060CA2ECBF12CE12CD2CFF12CE12CD8CFED
:1094C000F101818592853093FA102093F910109262
:1094D000FC101092FB109093FE108093FD1086E01C
:1094E0000F940B1FA82EB12C35C0D10119968D9168
:1094F0009C919827892798273093FA102093F91088
:109500001092FC101092FB109093FE108093FD10AF
:1095100086E00F940B1FA82EB12CF1018185928556
:10952000A385B4853A2F2B2FD30119968D919C9149
:1095300001969093FA108093F9101092FC101092FB
:10954000FB103093FE102093FD1086E00F940B1F4C
:10955000A80EB11C4FEF5FEFBA0180E00F94095ED7
:109560006093EA0D7093EB0D8093EC0D9093ED0DED
:1095700063EC7AE280ED92E10F94F93E4AE050E02C
:10958000B50180ED92E10F949A3E61EC7AE280EDB4
:1095900092E10F94F93EB40180ED92E10F94E33E25
:1095A00067E779E080ED92E10F94E33EF3014185B6
:1095B0005285638574852AE030E080ED92E10F9456
:1095C000523E6BEB7AE280ED92E10F94F93ED101CD
:1095D00019964D915D916D917C911C972AE030E038
:1095E00080ED92E10F94523E80ED92E10F948D3D1B
:1095F000A114B104D1F4F10180858F708230A9F4F7
:10960000E114F10491F0D70118968C918F7082309B
:1096100061F441855285052E000C660B770BF7012E
:109620004187528763877487808791E080E0AB2809
:1096300009F090E0E92EF82E6ECDF101818592853A
:10964000992741CFF10181859285A385B485892F22
:109650009A2FAB2FBB27A7FDBA95F2CFD101199650
:109660008C913093FA102093F910882341F080E018
:109670009FEF9093FC108093FB1085E031CF90E03A
:1096800080E0F7CFD60118968C91189780641896D1
:109690008C9360E27CE289E292E10F94F93ED8017A
:1096A0001296ED91FC910280F381E02D6081718131
:1096B00089E292E10F94E33E63ED78E089E292E182
:1096C0000F94E33EF6016081718189E292E10F948B
:1096D000E33E62E17CE289E292E10F94F93ED60139
:1096E00018968C911897982F92959F70292F237018
:1096F000233039F09F5F9295907F8F70892B189659
:109700008C936AE07CE289E292E10F94F93ED80101
:109710001296ED91FC910280F381E02D60817181C0
:1097200089E292E10F94E33E63ED78E089E292E111
:109730000F94E33EF6016081718189E292E10F941A
:10974000E33E6DE779E089E292E10F94E33ED601D2
:1097500018966C916295637070E04AE050E089E27F
:1097600092E10F949A3E89E292E10F948D3DD7C128
:109770006CEF7BE289E292E10F94F93ED8011296F8
:10978000ED91FC910280F381E02D6081718189E28D
:1097900092E10F94E33E63ED78E089E292E10F9469
:1097A000E33EF6016081718189E292E10F94E33E2C
:1097B00069EE7BE289E292E10F94F93E89E292E15F
:1097C0000F948D3DD60118968C9118978F7018962E
:1097D0008C93A5C11092EF0D1092EE0DD801149646
:1097E000ED91FC91C480D580F12CE12C0F947C1D6F
:1097F000C114D104E104F10491F0D8011496ED9163
:10980000FC914680578060847184641975098609CB
:1098100097096C157D058E059F0508F4C3C08091DE
:10982000EA0D9091EB0DA091EC0DB091ED0D892B0F
:109830008A2B8B2B09F0A2C0EB81FC81EF2B09F066
:10984000B8C0D8011496ED91FC9182859385892B3F
:1098500069F484859585892B49F486859785892BBC
:1098600029F480899189892B09F4FFC080914502F0
:10987000893020F4809144028930B8F063EC7BE2B7
:1098800080ED92E10F94F93ED8011296ED91FC9192
:109890000280F381E02D6081718180ED92E10F946F
:1098A000E33E80ED92E10F948D3D81E090E0909356
:1098B000EF0D8093EE0DB11003C0C8010E9493C656
:1098C000D8011496ED91FC916285738542E050E0D9
:1098D000C8010E94B9C6D8011496ED91FC91648527
:1098E000758543E050E0C8010E94B9C6D8011496BE
:1098F000ED91FC916685778550E040E0C8010E94BB
:10990000B9C6D8011496ED91FC916089718941E046
:1099100050E0C8010E94B9C680914502893020F408
:10992000809144028930B8F063EB7BE280ED92E1F4
:109930000F94F93ED8011296ED91FC910280F381CB
:10994000E02D6081718180ED92E10F94E33E80ED26
:1099500092E10F948D3D0F947C1D6B017C010F945F
:109960007C1D6C197D098E099F0962337105810583
:10997000910508F076C00E948AB2F1CF0F947C1D49
:10998000C090EA0DD090EB0DE090EC0DF090ED0D55
:109990006C197D098E099F09683C71058105910547
:1099A00008F04ACFD8011496ED91FC9184819581FD
:1099B000C4CAAB81BC8118968C9118978F70863081
:1099C00009F03FCF1696ED90FC90E114F10409F4F4
:1099D00038CFF7018085982F9F702BEF290F223009
:1099E00008F02FCF82958F7082FF05C08B70829513
:1099F000807F892B8087D70118968C918295837000
:109A0000833059F568E879E089E292E10F94E33E0A
:109A1000D8011296ED91FC910280F381E02D6081D6
:109A2000718189E292E10F94E33E63ED78E089E28F
:109A300092E10F94E33EF7016081718189E292E146
:109A40000F94E33E89E292E10F948D3DD701189681
:109A50008C9118978F7018968C93F701E280F380A1
:109A6000B4CF1092EF0D1092EE0DF801E480F58066
:109A70004FEF5FEFBA0180E00F94095ED7011696B1
:109A80006D937D938D939C9319978CCFBDEFEB16BF
:109A9000BFEFFB0609F46CCEACF5FCEFEF16FFEF61
:109AA000FF06B9F16BED7BE289E292E10F94F93E9A
:109AB000D8011296ED91FC910280F381E02D608136
:109AC000718189E292E10F94E33E63ED78E089E2EF
:109AD00092E10F94E33EF6016081718189E292E1A7
:109AE0000F94E33E60ED7BE289E292E10F94F93E50
:109AF00089E292E10F948D3DD60118968C911897CA
:109B00008F7765CEE114F10409F4BCCDEA94EF2817
:109B100049F6F60180858F708087F1E0FD83BB24D4
:109B2000B394F601C280D38069CA8F929F92AF929C
:109B3000BF92CF92DF92EF92FF920F931F93CF933A
:109B4000DF937C014A015901C091F30DD091F40DCE
:109B5000062F660F110B209709F45CC088858F7063
:109B6000863009F055C06BE979E0CE010F94D50736
:109B70006C0182E08816910449F060EA79E0E3E044
:109B80008E16910429F0D0E0C0E006C064EA79E0C6
:109B9000CE010F94D507EC01C114D104D9F1F6011F
:109BA00080858F708430B1F561857285A801C70109
:109BB0000F942C78A80163ED78E0C7010F940E781C
:109BC000209779F188858F70843059F569857A8579
:109BD000A801C7010F940E78A80163ED78E0C701D2
:109BE0000F940E78A114B10429F0A801B501C701A2
:109BF0000F940E78C701DF91CF911F910F91FF90C5
:109C0000EF90DF90CF90BF90AF909F908F9008958E
:109C1000D0E0C0E0A80169E172E3C7010F94126CC3
:109C2000C9CFF2E08F16910481F083E08816910489
:109C300029F06091F10D7091F20DCACFA80163E196
:109C400072E3C7010F94F46BC7CFA80160E172E320
:109C5000F8CFAF92BF92CF92DF92EF92FF921F9315
:109C6000CF93DF9300D000D0CDB7DEB76C017C017D
:109C700010E08AE0A82EB12C133061F1F701828147
:109C800090E0B0E0A0E089839A83AB83BC83BE827E
:109C9000AD82BE016F5F7F4F8FE192E10E94693814
:109CA0006EE072E30F94F93E1F5FFFEFEF1AFF0AB9
:109CB000143011F726960FB6F894DEBF0FBECDBF55
:109CC000DF91CF911F91FF90EF90DF90CF90BF90E9
:109CD000AF900895F601858190E0B0E0A0E089831F
:109CE0009A83AB83BC83BE82AD82BE016F5F7F4F20
:109CF0008FE192E10E9469386CE072E3D3CFFC01FE
:109D0000DC018D918111FDCF30E020E050E040E09A
:109D10008AE09191992301F1443051055CF59E321E
:109D200071F42F3F310509F02CF5DB01A40FB51FAD
:109D300012962C934F5F5F4F30E020E0EACF829F76
:109D4000D001839FB00D1124292F990F330B20537D
:109D500031092A0F3B1FDDCF2F3F310509F054F4A5
:109D6000443051053CF4640F751FFB01228381E0F0
:109D700090E0089590E080E00895CF92DF92EF9216
:109D8000FF920F931F93CF93DF93EC016A017B0146
:109D9000CB01BA010F94A2748B011F936F938CE8CF
:109DA00095E09F938F93DF93CF930F9483780F90D9
:109DB0000F900F900F900F900F9020E030E0A901CE
:109DC000C701B6010F94D874181624F0F7FAF0946E
:109DD000F7F8F09409900020E9F721978EE2888344
:109DE000B80117FF03C0719561957109072E000C2A
:109DF000880B990B0F94D7719B01AC01C701B60179
:109E00000F94C37320E030E040E251E40F943672C7
:109E10000F94A274605D69831A82DF91CF911F91C4
:109E20000F91FF90EF90DF90CF900895CF93DF9345
:109E30001F921F92CDB7DEB780914C1590914D15B2
:109E4000009711F488E595E1BE016F5F7F4F681BB5
:109E5000790B072E000C880B990B0F900F90DF9158
:109E6000CF9108954F925F926F927F929F92AF929F
:109E7000BF92CF92DF92EF92FF920F931F93CF93F7
:109E8000DF93CDB7DEB768970FB6F894DEBF0FBE8D
:109E9000CDBFFC01198A1A8A1B8A1C8A1D8A1E8A58
:109EA0001F8A188E8A89807F8A8BA081B181109742
:109EB00009F47AC08C91882309F476C0008111815D
:109EC000D8019C91992309F443C09D3209F4DAC06A
:109ED00090539A3028F00F5F1F4F11830083EECF0D
:109EE000C801912CDC016D01C81AD90A2D91022EEE
:109EF000000C330B205331092A303105A0F37F01C8
:109F00006EE270E0C8010F94F377FC01009709F44A
:109F100048C0DC015D01AE1ABF0A11968C91119701
:109F2000082E000C990BC09711960A9798F381811F
:109F3000282F082E000C330B205331092A3031050D
:109F400018F480330CF057C020E030E0A90108C0BD
:109F5000912CD12CC12CD3CF29E030E040E050E04F
:109F6000AAE0B0E00F945B732B013C012281822FA9
:109F7000022E000C990BC0978A30910570F42033A3
:109F80000CF441C02A330CF042C0092E000CAA0B7D
:109F9000BB0B480E591E6A1E7B1EA114B10409F0AA
:109FA00088C0CD2809F073C088E0FE017196DE01FB
:109FB000199601900D928A95E1F729853A854B858E
:109FC0005C856D857E858F85988968960FB6F89437
:109FD000DEBF0FBECDBFDF91CF911F910F91FF90DC
:109FE000EF90DF90CF90BF90AF909F907F906F9059
:109FF0005F904F9008958A330CF0AECF032E000C83
:10A00000440B550BADCF80E090E0DC01C2CF89E07E
:10A0100090E0A0E0B0E0BDCFB8E0CB16D1040CF0EA
:10A020004DC0C8010F948D6B9B01AC01A4E6B0E05C
:10A030000F945B73992041F0709460945094409415
:10A04000411C511C611C711C2A89207F26602A8BAF
:10A05000460E571E681E791E4D8A5E8A6F8A788E5C
:10A060006CE270E0F701808191810F94F3770097A3
:10A0700021F4D7011D921C9297CF0196F70191838D
:10A08000808392CFC8010196992493942BCFC80165
:10A090000F948D6BAB01BC01CE0141960E944F2005
:10A0A00029833A834B835C836D837E838F83988778
:10A0B000D7CFF3E0AF16B1040CF4AECFC8010F94C4
:10A0C0006B6B2A89207F27602A8B6D8B7E8B8F8B11
:10A0D000988FC6CFCF92DF92EF92FF920F931F938C
:10A0E000CF93DF93EC01A881B981109781F18C9116
:10A0F000882369F108811981F8019081992351F031
:10A100009D3241F090539A3028F00F5F1F4F198312
:10A110000883F0CFC8010F948D6B6B017C016CE25A
:10A1200070E0C8010F94F377009769F419821882E0
:10A13000C701B601DF91CF911F910F91FF90EF9072
:10A14000DF90CF900895019699838883F1CFC12C39
:10A15000D12C7601EDCF0097B1F1FC01DB01AC0110
:10A16000405F5F4F80E090812FE9290F263098F4FF
:10A1700097559295907F9C9321813FE9320F36301D
:10A18000B0F42755922B9D933296E417F50759F7B3
:10A1900091E0892708952FEB290F263010F497536B
:10A1A000E8CF90539A3028F381E090E0E2CF3FEB84
:10A1B000320F363010F42753E5CF20532A3010F3F6
:10A1C00081E020E0DFCF80E008950097D1F0DC014E
:10A1D0001696ED91FC913097A1F080858F708430B8
:10A1E00021F481859285009771F40680F781E02D36
:10A1F000309739F080858F70843019F4818592858D
:10A20000089590E080E0089508950F931F93CF93F1
:10A21000DF93EC010A811B8170E060E0C8010E94BD
:10A22000A42D1816D4F48A8761E070E0C8010E945A
:10A23000A42D181619069CF49987888762E070E0AF
:10A24000C8010E94A42D1816190664F49C878B87F8
:10A25000DF91CF911F910F91089583E0E4CF8BE2BE
:10A2600090E0EACF88E590E0F1CF08950895089551
:10A27000089508950F931F93CF93DF93EC011D86EC
:10A280000A811B8170E060E0C8010E94A42D87FD57
:10A2900044C08C838C818150853410F080E28C83A3
:10A2A00061E070E0C8010E94A42D87FD3BC08D8352
:10A2B0008D818150853410F081E28D8362E070E001
:10A2C000C8010E94A42D863490F58E8363E070E06F
:10A2D000C8010E94A42D9C01215031092115344050
:10A2E00040F59A87898764E070E0C8010E94A42D38
:10A2F000813024E0920700F59C878B8765E070E051
:10A30000C8010E94A42D18161906CCF498878F83D3
:10A31000DF91CF911F910F91089581958C8381E0FA
:10A320008D87B8CF81958D8381E08D87C1CF1E82C7
:10A33000CDCF1A861986D7CF80E094E0DDCF80E1BB
:10A3400097E2E4CFCF93DF93EC016BEA70E380ED0B
:10A3500092E10F94F93E66EA70E380ED92E10F948A
:10A36000F93E6C817D814AE050E080ED92E10F94EE
:10A370009A3E60EA70E380ED92E10F94F93E80ED41
:10A3800092E10F948D3D61E08C810F9445196E81AF
:10A390008C810F9417198A819B81009729F040E0E6
:10A3A00050E0BA010E94012DE881F9810484F5850D
:10A3B000E02D62E0CE0119958A819B81009799F08A
:10A3C0000E945D571816190674F40A80DB81C02DAF
:10A3D0004FEF5FEFBA0180E00F94095EAB01BC0163
:10A3E000CE010E94012D81E090E0DF91CF91089590
:10A3F000CF93DF93EC016DE770E380ED92E10F9472
:10A40000F93E6C817D814AE050E080ED92E10F944D
:10A410009A3E6BE770E380ED92E10F94F93EEA819A
:10A42000FB810280F381E02D6081718180ED92E1FA
:10A430000F94E33E65E770E380ED92E10F94F93EFF
:10A4400080ED92E10F948D3D8A819B81892B09F4E7
:10A4500051C08C819D81892B09F04CC0E881F98124
:10A46000008CF18DE02DCE0119958130910529F0F8
:10A47000029759F061E08C811AC063E070E0CE0170
:10A480000E94183E61E00F94451961E08C810F94A1
:10A49000451961E070E0CE010E94183E61E00F9422
:10A4A000451962E070E0CE010E94183E61E00F9411
:10A4B00045198091A100887F8093A100809191002F
:10A4C000887F809391008091A10082608093A10099
:10A4D00080919100826080939100E881F9810484E9
:10A4E000F585E02D62E0CE01199581E090E0DF91E5
:10A4F000CF91089590E080E0FACF2F923F924F9253
:10A500005F926F927F928F929F92AF92BF92CF9203
:10A51000DF92EF92FF920F931F93CF93DF93CDB70C
:10A52000DEB76A970FB6F894DEBF0FBECDBF9C872B
:10A530008B87DC011496ED91FC91309709F48FC262
:10A54000268037802114310409F450C2D101ED91E5
:10A55000FC91309709F445C28081882309F441C2F7
:10A560002FEF3FEFA90166EC7BE0C1010E9468C1BB
:10A5700022E030E040E050E06EEE76E0C1010E9463
:10A5800068C12FEF3FEFA90160EA79E0C1010E94A5
:10A5900068C16BED78E0C1010F94D5079A83898378
:10A5A000009709F41EC2FC0180858F70853009F088
:10A5B00018C2CF010F944709833008F412C220E07B
:10A5C00030E040EA51E469EE76E0C1010E9433C117
:10A5D0005C010E94F9B420E030E040EC5FE768E9FC
:10A5E00075E0C1010E9433C16C010E94F9B420E002
:10A5F00030E040E050EC69EA79E0C1010E9433C1EB
:10A600007C010E94F9B400E010E020E83FE350E054
:10A6100040E06CEA79E089819A810F94075D2B0113
:10A620003C0120E030E0A9010F94D071912C812CE5
:10A6300087FF07C077FA709477F870948824839422
:10A64000912C00E010E0980141E050E06FEA79E0E1
:10A6500089819A810F94075D6B837C838D839E83B0
:10A6600000E010E0980142E050E062EB79E089817F
:10A670009A810F94075D6F83788789879A8700E0B6
:10A6800010E020EA30E443E050E065EB79E08981B6
:10A690009A810F94075D698B7A8B8B8B9C8B00E082
:10A6A00010E020EF32E444E050E068EB79E0C101D3
:10A6B0000F94075D6D877E878F87988B00E010E091
:10A6C000980145E050E062EC79E0C1010F94075D2C
:10A6D0006D8B7E8B8F8B988F88E490E00F94A269AE
:10A6E0009A8F898FF9E0EF0EF11CDC015F96FC92E6
:10A6F000EE925E97B9E0CB0ED11CFC01D58EC48ED4
:10A70000F9E0AF0EB11CDC019196BC92AE9290972D
:10A71000FC01EA5BFF4F108238971082118212828F
:10A720001382349680E090E0AFE7B3E480839183B6
:10A73000A283B38384E690E0A0E0B0E0E98DFA8DD7
:10A7400082AF93AFA4AFB5AFB401CF010F94A840CF
:10A7500020E030E0A901C301B2010F94D07187FD60
:10A760009FC020E030E0A9016B817C818D819E81BA
:10A770000F94D07187FD94C020E030E0A9016F8173
:10A78000788589859A850F94D07187FD89C081E08D
:10A7900090E0A98DBA8D5B969C938E935A97FD019C
:10A7A000E95BFF4FB1E0B083E98DFA8D40825182C1
:10A7B000628273828B819C81AD81BE81848395830B
:10A7C000A683B7838F819885A985BA85808791876D
:10A7D000A287B38762AD73AD84AD95AD0F94D5718B
:10A7E00020E030E04AE754E40F9430746B017C01C0
:10A7F000A98DBA8D1C964D925D926D927C921F9799
:10A80000AC019B016B817C818D819E810F9436729E
:10A810004B015C01E98DFA8D808A918AA28AB38A04
:10A82000A70196016F81788589859A850F94307488
:10A830006B017C01A98DBA8D5496CD92DD92ED927B
:10A84000FC92579758968D919C91019749F5A301D9
:10A85000920160E070E0CB010F94C373E98DFA8D33
:10A860006487758786879787A501940160E070E00B
:10A87000CB010F94C373A98DBA8D50966D937D93C0
:10A880008D939C935397A701960160E070E0CB01F4
:10A890000F94C373E98DFA8D648B758B868B978BC0
:10A8A00020E030E04AE754E46D857E858F85988905
:10A8B0000F9436720F94A9746B017C010F947C1D68
:10A8C000A98DBA8DDA968D909D90AD90BC90DD9754
:10A8D000681979098A099B09FD0166A377A380A7F6
:10A8E00091A79E96CD92DD92ED92FC92D1978D89A3
:10A8F0009E89AF89B88D82A393A3A4A3B5A312A602
:10A9000013A614A615A6CD28CE28CF2859F0048C5E
:10A91000F58DE02D80E090E0A0ECBFE7808391838F
:10A92000A283B383E98DFA8DC2A0D3A0E4A0F5A0E1
:10A93000A7019601C701B6010F943875811109C0AE
:10A94000A98DBA8D5E96ED91FC91C082D182E28292
:10A95000F382E98DFA8DCF01FF0FAA0BBB0BE981C2
:10A96000FA8181879287A387B48720E030E04AE7A5
:10A9700054E469897A898B899C890F9436720F9483
:10A98000A274898D9A8D0F9435436CEB7CE280ED37
:10A9900092E10F94F93EB301A20180ED92E10F9490
:10A9A0004A0D6DEC79E080ED92E10F94E33E4B812E
:10A9B0005C816D817E8180ED92E10F944A0D61EDA5
:10A9C00079E080ED92E10F94E33E4F8158856985EF
:10A9D0007A8580ED92E10F944A0D80ED92E10F941B
:10A9E0008D3DD10112962D903C90ACCD61EB7CE277
:10A9F00080ED92E10F94F93E80ED92E10F948D3D50
:10AA000040E050E0BA01EB85FC85828193810E9491
:10AA1000012DAB85BC85ED91FC9111970484F585E2
:10AA2000E02D62E0CD01199581E090E06A960FB6C5
:10AA3000F894DEBF0FBECDBFDF91CF911F910F9174
:10AA4000FF90EF90DF90CF90BF90AF909F908F904E
:10AA50007F906F905F904F903F902F9008956DE999
:10AA60007CE280ED92E10F94F93E80ED92E10F944B
:10AA70008D3D90E080E0DACFCF93DF93EC010E9430
:10AA80003AD165ED79E080ED92E10F94913D61E07E
:10AA90008C810F94451961E08D810F9445196D8566
:10AAA0008C810F9417196D858D810F94171960E0B3
:10AAB0008E810F94451940E050E0BA018A819B8154
:10AAC0000E94012D40E050E061E070E08A819B81AE
:10AAD0000E94832E40E050E062E070E08A819B811A
:10AAE0000E94832EE881F9810484F585E02D62E0DF
:10AAF000CE01199582E08093270281E090E0DF91FA
:10AB0000CF9108952F923F924F925F926F927F92D2
:10AB10008F929F92AF92BF92CF92DF92EF92FF926D
:10AB20000F931F93CF93DF93CDB7DEB7CB57D109E8
:10AB30000FB6F894DEBF0FBECDBFE296EFAEE29740
:10AB4000E396FFAEE397E4960FAFE497E5961FAF69
:10AB5000E597E6962FAFE697E7963FAFE797E8963B
:10AB60004FAFE897E9965FAFE9970097B9F12401F5
:10AB70002B2CEC96AFAEEC97EB96DFAEEB97EA960C
:10AB8000CFAEEA97362E8C0180914502893020F4B1
:10AB9000809144028930C0F0C8010F94C1107C013B
:10ABA000892B91F061EE79E080ED92E10F94E33E24
:10ABB000B70180ED92E10F94E33E80ED92E10F94B6
:10ABC0008D3DC7010F943E6AF80180858F708430F7
:10ABD00009F461C128F4882309F466C180E02FC01C
:10ABE000853009F446C08630C9F76AE675E0C801C9
:10ABF0000F94D5073C01009709F476C0912C812C65
:10AC0000B12CA12CD12CC12CE296EFACE297E396AB
:10AC1000FFACE397E4960FADE497E5961FADE5979B
:10AC2000E6962FADE697E7963FADE797E8964FADEE
:10AC3000E897E9965FADE997632D0E9482D5C558E4
:10AC4000DF4F0FB6F894DEBF0FBECDBFDF91CF91BF
:10AC50001F910F91FF90EF90DF90CF90BF90AF903A
:10AC60009F908F907F906F905F904F903F902F902C
:10AC70000895809137148F5F8093371466807780B2
:10AC80006114710459F14201EC96AFACEC97B22C0F
:10AC9000EA96CFACEA97EB96DFACEB97E296EFAC97
:10ACA000E297E396FFACE397E4960FADE497E59661
:10ACB0001FADE597E6962FADE697E7963FADE79790
:10ACC000E8964FADE897E9965FADE997632DC3012C
:10ACD0000E9482D5F30162807380D2CF80913714B5
:10ACE0008150809337147ACF69E176E0C8010F94E0
:10ACF000D5072C0161ED75E0C8010F94D5077C01E3
:10AD00006EE176E0C8010F94D507332039F0F1E009
:10AD10003F1609F4A1C0D12CC12C0CC067EE79E01C
:10AD2000C8010F94D5073C0167E17AE0C8010F9490
:10AD3000D5076C016114710409F43801C114D10400
:10AD400009F468014114510431F4EA964FACEA97D2
:10AD5000EB965FACEB97E114F10421F4EC96EFACC9
:10AD6000EC97F22C6114710409F4A7C0F3018085FB
:10AD70008F70843009F0A1C061847284C114D10441
:10AD800009F49EC0F60180858F70843009F098C068
:10AD9000C184D28410E000E04114510409F4F5C0EC
:10ADA0006114710409F4B3C066E672E380ED92E1C8
:10ADB0000F94F93EF2016185728580ED92E10F9466
:10ADC000E33E61E672E380ED92E10F94F93EB30158
:10ADD00080ED92E10F94E33E80ED92E10F948D3D82
:10ADE000CE018F589F4F0E948325E114F10409F092
:10ADF000D5C0F20180858F70843009F085C1409103
:10AE00003B1450913C1461857285CE0101960E94DD
:10AE10008137CE0101960E94DB2B8823C1F00E946E
:10AE200016CF6B01683C71050CF085C060E272E3DF
:10AE300089E292E10F94F93E4AE050E0B60189E2DE
:10AE400092E10F949A3E89E292E10F948D3DCE01FA
:10AE500001960E941E3858C16CEE79E0C8010F942B
:10AE6000D5073C0161EF79E0C8010F94D5076C016B
:10AE70006114710409F04AC167EE79E0C8010F94CA
:10AE8000D5073C01C114D10409F44ECF892B09F038
:10AE900059CF380157CFD12CC12C712C612CF12CFA
:10AEA000E12C512C412C46CFD12CC12C712C612C82
:10AEB000F12CE12C512C412C45CF712C612C5ECF13
:10AEC00000E020E030E340E150E0BE016F597F4FE9
:10AED000CE018F589F4F0E945E236C01E4960FAD08
:10AEE000E49710E00115110509F056CFE2968FADF9
:10AEF000E297811109C0E3968FADE3978F7009F453
:10AF00004BCF02E010E048CF01E010E045CF67E50D
:10AF100072E380ED92E10F94F93EF2016185728552
:10AF200080ED92E10F94E33E62E572E380ED92E101
:10AF30000F94F93E55CF6114710431F0B301CE0185
:10AF400001960F94001183CFA12CC12CF12CE12C80
:10AF5000E2960FADE297E3961FADE397E4962FAD2F
:10AF6000E497E5963FADE597E6964FADE697E79611
:10AF70005FADE797E8966FADE897E9967FADE99703
:10AF8000CE0101960E94DF4362CFE114F10409F47F
:10AF9000BBC0C114D10409F4B7C004C0C114D104AA
:10AFA00009F427CFF70180858F70843009F0A8C09D
:10AFB0008185928525961FAE1EAE259748EE53E0FB
:10AFC00060E070E029964CAF5DAF6EAF7FAF299720
:10AFD00024E233E023963FAF2EAF23972F969FAF07
:10AFE0008EAF2F9761961FAE1EAE619763961FAE10
:10AFF0001EAE639765961FAE1EAE659767961FAE31
:10B000001EAE679769961FAF0EAF69976A961FAE1F
:10B010006A9740E450E0BE016F5F7F4FCE018F5BC7
:10B020009F4F0F94AC0921E030E02C0F3D1F820FA1
:10B03000931FFC0110826AE472E380ED92E10F94A9
:10B04000F93EF7016185728580ED92E10F94E33E50
:10B0500066EF79E080ED92E10F94E33EBE016F5F11
:10B060007F4F80ED92E10F94E33E65E472E380ED63
:10B0700092E10F94F93EB60180ED92E10F94E33E28
:10B0800080ED92E10F948D3D0F94F3078823C1F179
:10B090008091D00E811134C06FE270E0CE01019634
:10B0A0000F94F377892B51F4F7012185328543E022
:10B0B00050E060E4CE0101960E9495CD6EE372E30C
:10B0C00080ED92E10F94F93EBE016F5F7F4F80EDFE
:10B0D00092E10F94E33E69E372E380ED92E10F9415
:10B0E000F93EB60180ED92E10F94E33E80ED92E1EE
:10B0F0000F948D3D41E0B601CE0101960F94191ECB
:10B100004114510409F075CE81E099CD892B09F0E5
:10B1100019CE0ACE8F929F92AF92BF92CF92DF92BA
:10B12000EF92FF920F931F93CF93DF9300D000D045
:10B130001F921F92CDB7DEB7DC011296ED91FC9104
:10B14000309709F468C024813581232B09F463C04A
:10B150008C01662309F472C00E9494BFE62EB72EBC
:10B160006C01D8011296ED91FC910280F381E02DE3
:10B170006081718189E292E10F94E33E6EEF7FE29C
:10B1800089E292E10F94F93E89E292E10F948D3DBC
:10B1900020E030E0A9016E2D7B2DC6010F94D874FC
:10B1A00087FD39C062EF7FE289E292E10F94F93EB8
:10B1B0004E2D5B2DB60189E292E10F944A0D89E292
:10B1C00092E10F948D3DD8011296ED91FC9161E0D2
:10B1D000848195810F94870819821A821B821C82B0
:10B1E0002A81207F2760F22E2E2D4E2D5B2DB60159
:10B1F0004D835E836F837887912C812CB12CA12C99
:10B20000D12CC12CE9800B811C813E814F81588556
:10B210006FEF0E9482D528960FB6F894DEBF0FBE5E
:10B22000CDBFDF91CF911F910F91FF90EF90DF90F5
:10B23000CF90BF90AF909F908F9008950280F38140
:10B24000E02D608171818FE192E10F94E33E6BE02C
:10B2500070E38FE192E10F94F93E8FE192E128963D
:10B260000FB6F894DEBF0FBECDBFDF91CF911F9117
:10B270000F91FF90EF90DF90CF90BF90AF909F9095
:10B280008F900D948D3D4F925F926F927F928F922F
:10B290009F92AF92BF92CF92DF92EF92FF920F9365
:10B2A0001F93CF93DF93CDB7DEB7E8970FB6F8942F
:10B2B000DEBF0FBECDBF09AB1AAB2BAB3CAB4DAB6A
:10B2C0005EAB6FAB78AFDC011496ED91FC913097DB
:10B2D00019F490E080E0CBC020813181232BC9F3A9
:10B2E0003C01DC01ED91FC910284F385E02D199580
:10B2F000029779F78BA9E82EF12C19A9112321F0D7
:10B30000E114F10409F433C1823009F4D9C0A0F486
:10B310008130B9F06EE170E380ED92E10F94F93E77
:10B320004AE050E0B70180ED92E10F949A3E80ED43
:10B3300092E10F948D3DCDCF833009F44AC089301E
:10B3400049F7D3011296ED91FC9161E084819581DA
:10B350000F9487082C0119A61AA61BA61CA61DA6C9
:10B360001EA61FA618AA8AA5807F8AA719A761E032
:10B37000CE0189960E940B2029A33AA34BA35CA37C
:10B380006DA37EA38FA398A71150193108F013C2A3
:10B39000E12FF0E08827E053F6428F4F0D94917330
:10B3A000FDDABBDADBDBDBDBDBDBDBDBDBDBDBDBED
:10B3B000DBDB2CDB8CDBDBDBDBDBFDDAFDDADBDB99
:10B3C000DBDBDBDBFDDAFDDAFDDAFDDADBDBDBDB49
:10B3D000C8DB8AA98F7009F47CCFCE01C1960E9488
:10B3E0009C21D3011496ED91FC916683778380872D
:10B3F00091876FE670E380ED92E10F94F93ED301FF
:10B400001296ED91FC910280F381E02D60817181B3
:10B4100080ED92E10F94E33E61E670E380ED92E10E
:10B420000F94F93ED3011496ED91FC91468157811A
:10B430006085718580ED92E10F944A0D80ED92E177
:10B440000F948D3DF301E480F5800F947C1DD701AE
:10B4500052966D937D938D939C935597D30114963B
:10B46000ED91FC918689811119C081E090E0E89608
:10B470000FB6F894DEBF0FBECDBFDF91CF911F9105
:10B480000F91FF90EF90DF90CF90BF90AF909F9083
:10B490008F907F906F905F904F900895168A60E034
:10B4A000C3010E948AD8D3011496ED91FC9180E0EB
:10B4B00090E0A0E0B0EC86879787A08BB18BD5CFCA
:10B4C0008AA98F7009F405CFCE01C1960E949C21F4
:10B4D000D3011496ED91FC916287738784879587D9
:10B4E0006BE570E380ED92E10F94F93ED301129683
:10B4F000ED91FC910280F381E02D6081718180EDFE
:10B5000092E10F94E33E60E570E380ED92E10F94E9
:10B51000F93ED3011496ED91FC91428553856485E3
:10B52000758580ED92E10F944A0D80ED92E10F94C4
:10B530008D3DD3011296ED91FC9162E0848195815D
:10B540000F948708009709F490CF912C812CB12C8F
:10B55000A12CD12CC12CE9A8FAA80BA91CA92DA9B2
:10B560003EA94FA958AD6FEF0E9482D57ECFEE2441
:10B57000E394F12CE6CE8091D10E9091D20E0597F6
:10B58000F1F019821A821B821C821D821E821F8288
:10B5900018868A81807F8A836BE0CE0101960E94A3
:10B5A0002D20912C812CB12CA12CD12CC12C7901D6
:10B5B0008A019B01AC016FEFC2010E9482D5912CE0
:10B5C000812CB12CA12CD12CC12CE9A4FAA40BA55F
:10B5D0001CA52DA53EA54FA558A96FEFC2010E943D
:10B5E00082D530E020E040E050E460E070E0F3011C
:10B5F000828193810E94013538CF19821A821B8281
:10B600001C821D821E821F8218868A81807F8A8307
:10B6100040E051E060E070E0D30112968D919C9182
:10B620000E94D52E672B682B692BA1F06BE0CE0111
:10B6300001960E942D20912C812CB12CA12CD12C73
:10B64000C12C79018A019B01AC016FEFC2010E94FC
:10B6500082D5BBCF6AE0EBCF8091D10E9091D20E14
:10B66000059791F061E0D30112968D919C910E9413
:10B670009E3330E020E040E050E160E070E0F30114
:10B68000828193810E94013540E050E061E070E0EA
:10B69000D30112968D919C910E94AC2E912C812CFD
:10B6A000B12CA12CD12CC12CE9A4FAA40BA51CA56A
:10B6B0002DA53EA54FA558A96FEFC2010E9482D5C6
:10B6C000D301ED91FC910288F389E02DC301199516
:10B6D000892B09F4E8CE19821A821B821C821D82F2
:10B6E0001E821F8218868A81807F8A8361E0CE0154
:10B6F00001960E942D2029873A874B875C876D87AA
:10B700007E878F87988B79018A019B01AC016FEF4F
:10B71000C2010E9482D5C7CE912C812CB12CA12CC4
:10B72000D12CC12CE9A4FAA40BA51CA52DA53EA5DE
:10B730004FA558A96FEFC2010E9482D5D301ED91A8
:10B74000FC910288F389E02DC3011995892B09F03A
:10B750008CCE19861A861B861C861D861E861F8621
:10B76000188A8A85807F8A8762E0CE0109960E94C6
:10B770002D2029833A834B835C836D837E838F8363
:10B78000988779018A019B01AC016FEFC201ECCE71
:10B79000D3011496ED91FC91808191810F94E74043
:10B7A00065E470E380ED92E10F94F93E80ED92E163
:10B7B0000F948D3D5ACE63E370E380ED92E10F94D8
:10B7C000F93E4AE050E069A980ED92E10F94B03D66
:10B7D00080ED92E10F948D3D9DCD2F923F924F923F
:10B7E0005F926F927F928F929F92AF92BF92CF9211
:10B7F000DF92EF92FF920F931F93CF93DF93CDB71A
:10B80000DEB768970FB6F894DEBF0FBECDBF1C0140
:10B81000DC0114968D919C911597892B99F41296C1
:10B82000ED91FC91FA83E98389E190E00F94A2699C
:10B83000BC0189819A810E94BE2CD10115969C93EE
:10B840008E931497F1010480F581E02DFE83ED8342
:10B85000EF2B69F463E97FE289E292E10F94F93E0C
:10B8600089E292E10F948D3D90E080E089C4AD8142
:10B87000BE811D921C92F1010280F381E02DF88FB0
:10B88000EF8B309791F0848195819A83898300971B
:10B8900061F0DC0118968C9118978F70853029F42F
:10B8A000CD010F944709811190C069E57FE289E2DB
:10B8B00092E10F94F93E61E070E0F101848195819D
:10B8C000892B11F470E060E04AE050E089E292E1F7
:10B8D0000F949A3E67E57FE289E292E10F94F93E88
:10B8E00061E070E0D10112968D919C91892B11F449
:10B8F00070E060E04AE050E089E292E10F949A3E05
:10B9000065E57FE289E292E10F94F93ED10112965A
:10B91000ED91FC9161E070E084819581892B11F4B7
:10B9200070E060E04AE050E089E292E10F949A3ED4
:10B9300063E57FE289E292E10F94F93ED10112962C
:10B94000ED91FC910480F581E02D80858F7061E0A0
:10B9500070E0853011F470E060E04AE050E089E288
:10B9600092E10F949A3E61E57FE289E292E10F94C1
:10B97000F93ED1011296ED91FC91848195810F944D
:10B98000470961E070E0823010F070E060E04AE06A
:10B9900050E089E292E10F949A3E89E292E10F949D
:10B9A0008D3D6DE67FE289E292E10F94F93E89E2F6
:10B9B00092E10F948D3DD101ED91FC910484F585C8
:10B9C000E02D61E0C10119954FCF60E089819A8136
:10B9D0000F9487089E8B8D8B009729F0FC01808542
:10B9E0008F70853039F067E37FE289E292E10F944E
:10B9F000F93ED3CF8D899E890F94470981508830B5
:10BA000008F099C1E82FF0E08827E65FF2428F4FF7
:10BA10000D9491736DDE41DE14DE94DD7CDD7CDD02
:10BA200067DD12DD67E08D899E890F948708FC0130
:10BA300090859F70933009F03FC0418452846384A5
:10BA4000748411E066E08D899E890F948708FC015B
:10BA500090859F70933009F042C081859285A385BF
:10BA6000B48589839A83AB83BC8311E064E08D89BC
:10BA70009E890F948708FC0180858F70833009F0C0
:10BA80004CC061857285838594850F94A9744B01A0
:10BA900063E08D899E890F948708FC0180858F70F3
:10BAA000833009F05CC081859285A385B485898B3C
:10BAB0009A8BAB8BBC8B60C0923049F461857285E8
:10BAC000838594850F94D7712B013C01BACF412C0B
:10BAD000512C1FE7612E13E4712E10E0B3CF92308A
:10BAE000B9F461857285838594850F94D7716983D4
:10BAF0007A838B839C83B9CF412C512CBFE76B2E6B
:10BB0000B3E47B2E19821A821B821C8210E0AECF16
:10BB100019821A821B821C82A9CF8230C1F48184CF
:10BB20009284A384B484B4CFF0EC8F2EF7E29F2EDE
:10BB3000F9E0AF2EB12C412C512CAFE76A2EA3E4D3
:10BB40007A2E19821A821B821C8210E0A1CFE0ECAF
:10BB50008E2EE7E29E2EE9E0AE2EB12C99CF8230F8
:10BB600009F07DC061857285838594850F94D771B6
:10BB7000698B7A8B8B8B9C8B62E08D899E890F946D
:10BB80008708FC0180858F70833009F06DC0818546
:10BB90009285A385B48589879A87AB87BC8761E046
:10BBA0008D899E890F948708FC0180858F70833072
:10BBB00009F086C081859285A385B4858D879E878F
:10BBC000AF87B88B60E08D899E890F948708FC0150
:10BBD00090859F70933009F0A3C0C184D284E38420
:10BBE000F48420E030E0A901C701B6010F94D071C0
:10BBF00087FFCCC0F7FAF094F7F8F094A1E0B0E03A
:10BC0000BE8BAD8BAF89B88D1696ED91FC9180857A
:10BC10008F70823009F4BDC0833009F4CAC280E05D
:10BC200090E0A0EAB1E4C9C260EC862E67E2962EED
:10BC300069E0A62EB12C80E090E0A0EAB0E4898B08
:10BC40009A8BAB8BBC8B412C512C7FE7672E73E416
:10BC5000772E19821A821B821C8210E08DCF80E021
:10BC600090E0A0EAB0E423CF823029F561857285A7
:10BC7000838594850F94D77169877A878B879C8792
:10BC80008ECF40EC842E47E2942E49E0A42EB12CB6
:10BC900080E090E0A0EAB0E4898B9A8BAB8BBC8B00
:10BCA000412C512C5FE7652E53E4752E19821A82C0
:10BCB0001B821C8210E019861A861B861C866FCF99
:10BCC000823049F561857285838594850F94D7719B
:10BCD0006D877E878F87988B75CF20EC822E27E229
:10BCE000922E29E0A22EB12C80E090E0A0EAB0E4F0
:10BCF000898B9A8BAB8BBC8B412C512C3FE7632EED
:10BD000033E4732E19821A821B821C8210E019867A
:10BD10001A861B861C861D861E861F86188A52CF91
:10BD2000923089F561857285838594850F94D771EA
:10BD30006B017C0156CF80EC882E87E2982E89E03B
:10BD4000A82EB12C80E090E0A0EAB0E4898B9A8B19
:10BD5000AB8BBC8B412C512C9FE7692E93E4792E41
:10BD600019821A821B821C8210E01E8A1D8A198683
:10BD70001A861B861C861D861E861F86188AC12C65
:10BD8000D12C76013FCF1E8A1D8AF9CF1E8A1D8ACB
:10BD900039CF61857285838594850F94D771ED8144
:10BDA000FE816287738784879587AD81BE811696F1
:10BDB0001D921D921D921C921997FD0112821382F1
:10BDC000148215820F947C1DAD81BE8152966D93B5
:10BDD0007D938D939C935597D1011496ED91FC9191
:10BDE00001E0068B908E878A61E0C1010E948AD8AB
:10BDF000F101A480B580D5018D919C916EE17FE227
:10BE0000892B09F0F2CD88E490E00F94A269988F15
:10BE10008F8BC5010296EF89F88D978F868F0496D8
:10BE2000958F848FFAE0AF0EB11CAF89B88D9196D3
:10BE3000BC92AE929097FD01EA5BFF4F108238975B
:10BE40001082118212821382349680E090E0AFE774
:10BE5000B3E480839183A283B38384E690E0A0E07F
:10BE6000B0E0EF89F88D82AF93AFA4AFB5AF6D8925
:10BE70007E89CF010F94A84020E030E0A901C701DE
:10BE8000B6010F94D07187FDA1C020E030E0A90178
:10BE90006D857E858F8598890F94D07187FD96C0BA
:10BEA00020E030E0A90169857A858B859C850F9417
:10BEB000D07187FD8BC081E090E0AF89B88D5B9633
:10BEC0009C938E935A97FD01E95BFF4F0083FD0120
:10BED000C082D182E282F3828D859E85AF85B8894A
:10BEE00084839583A683B78389859A85AB85BC8532
:10BEF00080879187A287B38762AD73AD84AD95AD1E
:10BF00000F94D57120E030E04AE754E40F94307488
:10BF10004B015C01AF89B88D1C96CD92DD92ED92FC
:10BF2000FC921F97AC019B016D857E858F8598895A
:10BF30000F9436726D837E838F839887EF89F88D97
:10BF4000608B718B828B938BA501940169857A85B7
:10BF50008B859C850F9430744B015C01AF89B88D43
:10BF600054968D929D92AD92BC92579758968D9112
:10BF70009C91019759F5A701960160E070E0CB0113
:10BF80000F94C373EF89F88D6487758786879787C9
:10BF90002D813E814F81588560E070E0CB010F9488
:10BFA000C373AF89B88D50966D937D938D939C9399
:10BFB0005397A501940160E070E0CB010F94C37327
:10BFC000EF89F88D648B758B868B978B0F947C1D16
:10BFD000AF89B88DDA96CD90DD90ED90FC90DD972D
:10BFE0006C197D098E099F09FD0166A377A380A7BF
:10BFF00091A79E961D921D921D921C92D19780E052
:10C0000090E0A0ECBFE782A393A3A4A3B5A312A6DC
:10C0100013A614A615A6D1011496ED91FC918F8953
:10C02000988D91838083009709F4BBCC7C0196E4C2
:10C03000E90EF11CD7018C91811104C08F89988D74
:10C040000F94E74081E0F7018083D1011496ED91D0
:10C05000FC91808191819E838D83112309F452C0CC
:10C06000A301920169817A818B819C810F94D8749C
:10C0700087FF48C0ED81FE81FE9689819A81AB8160
:10C08000BC8180839183A283B383ED81FE81EE5BCB
:10C09000FF4F4082518262827382ED81FE81EA5BB2
:10C0A000FF4F8081882371F1AD81BE815E96ED9056
:10C0B000FC90F70180809180A280B380A50194015B
:10C0C000C301B2010F94D07187FF7EC0D7014D929A
:10C0D0005D926D927C921397AD81BE81D296CD9088
:10C0E000DD90ED90FC90D597A7019601C301B201B8
:10C0F0000F94D07187FF7DC0ED81FE8142AA53AAC3
:10C1000064AA75AA20E030E04AE754E469897A8994
:10C110008B899C890F9436720F94A2748D819E81B5
:10C120000F9435436FE77FE28FE192E10F94F93E80
:10C13000D1011296ED91FC910280F381E02D608196
:10C1400071818FE192E10F94E33E8FE192E10F94D0
:10C150008D3DD1011496ED91FC9180E090E0A0E03E
:10C16000B0EC86879787A08BB18BD101ED91FC91C4
:10C170000484F585E02D62E0C101199581E090E02D
:10C1800068960FB6F894DEBF0FBECDBFDF91CF919A
:10C190001F910F91FF90EF90DF90CF90BF90AF90E5
:10C1A0009F908F907F906F905F904F903F902F90D7
:10C1B000089581859285A385B485ED81FE8182876E
:10C1C0009387A487B587F1CDA501940169817A8110
:10C1D0008B819C810F94D87418160CF07DCF8981C7
:10C1E0009A81AB81BC81F70180839183A283B38361
:10C1F00073CFA701960169817A818B819C810F940D
:10C20000D87418160CF07ECF89819A81AB81BC81DD
:10C21000ED81FE8182AB93ABA4ABB5AB73CF4F92F4
:10C220005F926F927F928F929F92AF92BF92CF92C6
:10C23000DF92EF92FF920F931F93CF93DF93CDB7CF
:10C24000DEB760970FB6F894DEBF0FBECDBF61308A
:10C25000710509F4DDC1DC011496ED91FC91309774
:10C26000C9F481E090E060960FB6F894DEBF0FBE8F
:10C27000CDBFDF91CF911F910F91FF90EF90DF9095
:10C28000CF90BF90AF909F908F907F906F905F9076
:10C290004F90089520813181232B19F33C01DC015B
:10C2A000ED91FC910284F385E02D19950297C9F672
:10C2B000F301E280F380E114F10499F2C7010E94D6
:10C2C0006534823071F240E051E060E070E0C70117
:10C2D0000E94D52E672B682B692B19F6D301149673
:10C2E000ED91FC9180819181FC01EA5BFF4F2081FF
:10C2F000222309F455C10F944141882309F450C108
:10C30000D3011496ED91FC9186898823A1F0C30195
:10C310000E9494BF6B017C0120E030E0A9010F94E2
:10C32000D87487FD08C0D3011496ED91FC91C282A8
:10C33000D382E482F58262ED7FE280ED92E10F9498
:10C34000F93ED3011296ED91FC910280F381E02D2C
:10C350006081718180ED92E10F94E33E6CEC7FE2AD
:10C3600080ED92E10F94F93ED3011496ED91FC918A
:10C37000428553856485758580ED92E10F944A0D61
:10C3800067EC7FE280ED92E10F94F93ED3011496C1
:10C39000ED91FC91468157816085718580ED92E138
:10C3A0000F944A0D69EF79E080ED92E10F94E33E3E
:10C3B000D3011496ED91FC91428153816481758182
:10C3C00080ED92E10F944A0D63EC7FE280ED92E103
:10C3D0000F94F93ED3011496ED91FC910190F081F8
:10C3E000E02D408151816281738180ED92E10F9453
:10C3F0004A0D6FEB7FE280ED92E10F94F93ED3019D
:10C400001496ED91FC910190F081E02D44815581CD
:10C410006681778180ED92E10F944A0D6BEB7FE2AC
:10C4200080ED92E10F94F93ED3011496ED91FC91C9
:10C430000190F081E02D408551856285738580ED06
:10C4400092E10F944A0DD3011496ED91FC918689E7
:10C45000882331F064EB7FE280ED92E10F94F93EA6
:10C4600080ED92E10F948D3DF301E480F580D701DA
:10C4700056968C918111F5CE0281138161E0F8010D
:10C48000848195810F9487082C0120E030E0A90178
:10C49000D7011E966D917D918D919C9151970F942E
:10C4A000D07181110CC020E030E0A901F701628158
:10C4B0007381848195810F94D87418165CF040E0E4
:10C4C00050E061E070E0C8010E94D52E672B682B18
:10C4D000692B31F119861A861B861C861D861E86DD
:10C4E0001F86188A8A85807F8A8761E0CE01099637
:10C4F0000E942D2029833A834B835C836D837E8346
:10C500008F839887912C812CB12CA12CD12CC12CFC
:10C5100079018A019B01AC016FEFC2010E9482D5B3
:10C5200040E050E061E070E0D30112968D919C9163
:10C530000E94832ED3011496ED91FC913281638188
:10C540005481458119861A861B861C868A85807FC0
:10C550008760F82E8A87232F832F962FA52FB42F3D
:10C560008D879E87AF87B88B912C812CB12CA12C05
:10C57000D12CC12CE9840B851C853E854F855889BB
:10C580006FEFC2010E9482D5D3011496ED91FC9108
:10C5900082819381A481B58186879787A08BB18B97
:10C5A000D3011496ED91FC91868981115ACE878929
:10C5B000908D009709F455CE28EE33E0829F20013C
:10C5C000839F500C929F500C11240F947C1DD3011B
:10C5D0001496ED91FC914114510499F06201F12CF3
:10C5E000E12C0289138924893589AB01BC01401BE8
:10C5F000510B620B730B4C155D056E057F0508F43E
:10C6000030CE81E0868B61E0C3010E948AD829CEBA
:10C6100090E080E028CE2F923F924F925F926F92EF
:10C620007F928F929F92AF92BF92CF92DF92EF92C2
:10C63000FF920F931F93CF93DF93CDB7DEB7EF97A2
:10C640000FB6F894DEBF0FBECDBF09AB1AAB2BAB54
:10C650003CAB4DAB5EAB6FAB78AFFC010681178195
:10C660000115110509F4DDC11C012FE030E040E0A7
:10C6700050E06FEF79E0C8010F94445D2B01D9A819
:10C68000DD2009F495C020E030E0A90167E07AE000
:10C69000C8010F94445D7B0120E030E0A90160E116
:10C6A0007AE0C8010F94445DCB01892B79F0F2E068
:10C6B000DF1661F0CE01C1960E942D2029A73AA76E
:10C6C0004BA75CA76DA77EA78FA798AB89A98E15EE
:10C6D0001F0431F4C20184709927892B09F068C0C6
:10C6E0006CE17AE080ED92E10F94E33ECE01C196D9
:10C6F0000E94832580ED92E10F948D3D19861A8664
:10C700001B861C868A85807F8A8789A98987898577
:10C710009A85AB85BC85898B9A8BAB8BBC8B1D8A2C
:10C720001E8A1F8A188E61E0CE0141960E940B205E
:10C73000298F4B8F5C8F6D8F7E8F8F8F98A3307F6B
:10C740003A8F88E0FE017996DE01119601900D92F4
:10C750008A95E1F788E0FE013196DE01919601901D
:10C760000D928A95E1F7912C812CB12CA12CD12C22
:10C77000C12CE9A0FAA00BA11CA12DA13EA14FA1A3
:10C7800058A56FEFF101868197810E9482D549A952
:10C7900067E07AE0F101868197810E947BC04FEFCC
:10C7A0005FEF62E37AE0F101868197810E9404C124
:10C7B0008AA98F70D9F481E090E0EF960FB6F894D3
:10C7C000DEBF0FBECDBFDF91CF911F910F91FF90C4
:10C7D000EF90DF90CF90BF90AF909F908F907F9021
:10C7E0006F905F904F903F902F900895F1010681D8
:10C7F00017812FEF3FEFA90162E37AE0C8010F94A0
:10C80000445D6B017FAF6EAF20E030E0A9016BE3C8
:10C810007AE0C8010F94DB5C4B015C012FEF3FEF26
:10C82000A90160E377E0C8010F94445D6AAF7BAF74
:10C830008CAF9DAF8AAD9BAD8230910519F001960A
:10C8400009F068C021E029AF8EAD9FAD181619061A
:10C850000CF019AE8BA9823009F479C0873009F049
:10C86000CAC0E1E04E225524452869F0CE01C196A8
:10C870000E94E2210D2C000CEE08FF08C616D70618
:10C88000E806F90619F164E47AE080ED92E10F948C
:10C89000E33ECE01C1960E94832580ED92E10F9484
:10C8A0008D3D60E0CE01C1960E942D20912C812CFF
:10C8B000B12CA12CD12CC12C79018A019B01AC0196
:10C8C0006FEFF101868197810E9482D5CE01C196DA
:10C8D0000E94E2219B01AC0162E37AE0F1018681D2
:10C8E00097810E94A8C0CE01C1960E94E2216115E5
:10C8F00071058105910589F4F9ADFF2309F45BCF3A
:10C900004AAD5BAD6AE57AE0F101868197810E94CC
:10C9100004C151CF91E099AF9DCF161617061806A6
:10C9200019060CF048CFF9ADF11145CFF1010681A0
:10C9300017812FE030E040E050E06AE57AE0C8017E
:10C940000F94445DAB0167E07AE0C801E0CFF2E00C
:10C950004F2255244528B1F0CE01C1960E949C215A
:10C960006B017C01C501B4010F94A274072E000C69
:10C97000880B990B0F94D771A70196010F94D07172
:10C98000882359F162E67AE080ED92E10F94E33E6C
:10C99000CE01C1960E94832580ED92E10F948D3DDA
:10C9A00060E0CE01C1960E942D20298B3A8B4B8BE3
:10C9B0005C8B6D8B7E8B8F8B988F912C812CB12C07
:10C9C000A12CD12CC12C79018A019B01AC016FEF04
:10C9D000F101868197810E9482D5CE01C1960E9485
:10C9E0009C219B01AC016BE37AE0F1018681978188
:10C9F0000E94D6C0E0CE60E0CE01C1960E942D20FC
:10CA0000912C812CB12CA12CD12CC12C79018A0123
:10CA10009B01AC016FEFF101868197810E9482D565
:10CA2000CACE90E080E0C9CEEF92FF920F931F93A1
:10CA3000CF93DF9300D000D01F921F92CDB7DEB707
:10CA400009831A832B833C834D835E836F837887AE
:10CA5000DC011696ED91FC91309709F445C02085D4
:10CA60002F70263031F4418552856385748560FDD1
:10CA70003BC07C0168E77AE080ED92E10F94E33EF1
:10CA800080ED92E10F948D3DF7010681178125E13C
:10CA900030E040E050E069EE76E0C8010F94445D7C
:10CAA000AB0167E87AE0C8010E9404C109811A81DC
:10CAB0002B813C814D815E816F817885C7010E9409
:10CAC0000BE3D7011696ED91FC91309769F08085C4
:10CAD0008F70863049F481859285A385B485A160E5
:10CAE00081879287A387B48728960FB6F894DEBF14
:10CAF0000FBECDBFDF91CF911F910F91FF90EF90AF
:10CB000008956F927F928F929F92AF92BF92CF9231
:10CB1000DF92EF92FF920F931F93CF93DF93CDB7E6
:10CB2000DEB760970FB6F894DEBF0FBECDBFE986C3
:10CB3000FA860B871C872D873E874F87588B009777
:10CB400031F1FC0120852F70263009F50F94D507AF
:10CB50003C01892BE1F090E080E0CC2029F065E8F1
:10CB600076E0C3010F94D507BC01CE0109960E945F
:10CB7000A026912C812CB12CA12CD12CC12C790177
:10CB80008A019B01AC016FEFC3010E9482D56096C0
:10CB90000FB6F894DEBF0FBECDBFDF91CF911F91CE
:10CBA0000F91FF90EF90DF90CF90BF90AF909F904C
:10CBB0008F907F906F9008952F923F924F925F9247
:10CBC0006F927F928F92AF92BF92CF92DF92EF924D
:10CBD000FF920F931F93CF93DF93CDB7DEB7AA9742
:10CBE0000FB6F894DEBF0FBECDBF8C013B01342ED3
:10CBF00020E030E0A9016FE87AE0C3010F94445DC2
:10CC000021E0672B682B692B09F420E0231509F438
:10CC1000B4C065E97AE0C3010F94D5072C0167ED34
:10CC20007CE280ED92E10F94F93E632D70E04AE0E2
:10CC300050E080ED92E10F949A3E80ED92E10F94E6
:10CC40008D3D6FE87AE0C3010F94B45C5C010097FE
:10CC500011F1FC018085982F9F70923039F093304C
:10CC600079F0911118C0807F82608087832D90E0D9
:10CC7000B0E0A0E0F50181879287A387B4870BC05D
:10CC8000632D70E090E080E00F94D571F50161872D
:10CC9000728783879487332009F487C08091D10EEF
:10CCA0009091D20E059799F1F80122803380F3011B
:10CCB000A080B18019821A821B821C821D821E8272
:10CCC0001F8218868A81807F8A836EE0CE0101965A
:10CCD0000E942D2029873A874B875C876D877E8746
:10CCE0008F87988B67E0CE0109960E940B20022F58
:10CCF000242F88248394C12CE0E1DE2EE12CF12C3A
:10CD0000132F352FAB01BC01C1010E94F92E1982EE
:10CD10001A821B821C821D821E821F8218868A81B3
:10CD2000807F8A836EE0CE0101960E942D20298BA0
:10CD30003A8B4B8B5C8B6D8B7E8B8F8B988F67E0E8
:10CD4000CE0141960E940B2029873A874B875C874A
:10CD50006D877E878F87988BC12C79018A019B0113
:10CD6000AC0166EC7BE0C2010E9481E550E040E04E
:10CD700066EC7BE0C3010E9404C1AA960FB6F8944A
:10CD8000DEBF0FBECDBFDF91CF911F910F91FF90FE
:10CD9000EF90DF90CF90BF90AF908F907F906F908B
:10CDA0005F904F903F902F90089566EC7BE0C30119
:10CDB0000F94D5071C01009701F3FC0180858F704B
:10CDC0008230D9F68091D10E9091D20E059709F458
:10CDD00042C06185728583859485F8010280F38164
:10CDE000E02DFAA7E9A7F301A080B18019821A8289
:10CDF0001B821C821D821E821F8218862A81207F30
:10CE00002A83CE0101960E94782029873A874B8792
:10CE10005C876D877E878F87988B67E0CE01099648
:10CE20000E940B20022F242F098F3A8F4B8F5C8F8B
:10CE30006D8F7E8F8F8F98A388248394C12C40E2BE
:10CE4000D42EE12CF12C132F352FAB01BC0189A579
:10CE50009AA50E94F92E19861A861B861C861D86A5
:10CE60001E861F86188A8A85807F8A87F1016185E0
:10CE70007285CE0109960E947820298B3A8B4B8BC4
:10CE80005C8B6D8B7E8B8F8B988F67E0CE0141968C
:10CE90000E940B2029833A834B835C836D837E83BE
:10CEA0008F839887CC24C39479018A019B01AC01BC
:10CEB00066EC7BE0C2010E9481E55FCF2F923F923A
:10CEC0004F925F926F927F928F929F92AF92BF929A
:10CED000CF92DF92EF92FF920F931F93CF93DF9346
:10CEE000CDB7DEB7C550D1400FB6F894DEBF0FBE48
:10CEF000CDBFC752DF4F0883C95DD040C652DF4F58
:10CF00001883CA5DD040C552DF4F2883CB5DD04027
:10CF1000C452DF4F3883CC5DD040C352DF4F4883CB
:10CF2000CD5DD040C252DF4F5883CE5DD040C1525C
:10CF3000DF4F6883CF5DD040C052DF4F7883C05E43
:10CF4000D040DC0114962D913C911597232B09F4C8
:10CF500076C616962D913C91232B09F470C6202F8E
:10CF60002A50223008F46BC6CB5FDE4FC882C55012
:10CF7000D140C650DF4FF982E882CA5FD040CF511E
:10CF8000DF4F99838883C15ED040C552DF4F8881CF
:10CF9000CB5DD040E82FF0E0CB51DF4FF983E88341
:10CFA000C55ED04069E97AE080ED92E10F94E33EFE
:10CFB000C650DF4F68817981CA5FD04080ED92E131
:10CFC0000F94E33E61ED76E080ED92E10F94E33E55
:10CFD000CE0187529F4F0E948325C752DF4F188191
:10CFE000C95DD040112381F0CB51DF4F28813981B9
:10CFF000C55ED040232B41F441E050E0CB51DF4FE0
:10D0000059834883C55ED04020E030E0A90165EA3D
:10D010007AE0CF51DF4FA881B981C15ED04016962A
:10D020008D919C910F94445DCE5FDE4F6883C2501A
:10D03000D140CA50DF4F6883C65FD040C950DF4F30
:10D040007883C75FD040C552DF4F8881CB5DD04029
:10D05000873009F066C0113109F452C1123109F468
:10D06000ADC1103109F008C26FEF70E0CE018752F8
:10D070009F4F0E947820CF52DF4F2883C15DD04060
:10D08000CE52DF4F3883C25DD040CD52DF4F488350
:10D09000C35DD040CC52DF4F5883C45DD040CB52EB
:10D0A000DF4F6883C55DD040CA52DF4F7883C65DCD
:10D0B000D040C952DF4F8883C75DD040C852DF4F90
:10D0C0009883C85DD04060E0CE0187529F4F0E9498
:10D0D0002D20C753DF4F2883C95CD040C653DF4F94
:10D0E0003883CA5CD040C553DF4F4883CB5CD04007
:10D0F000C453DF4F5883CC5CD040C353DF4F6883A9
:10D10000CD5CD040C253DF4F7883CE5CD040C1535A
:10D11000DF4F8883CF5CD040C053DF4F9883C05D22
:10D12000D040C650DF4FE881F981CA5FD040EF2B75
:10D13000A1F4CB51DF4F28813981C55ED040233027
:10D14000310509F466C20CF0D2C12130310509F471
:10D1500017C52230310509F418C3CF51DF4FA8811C
:10D16000B981C15ED0401496ED91FC91309711F4D5
:10D170000C94C1F426803780C050DF4F198218828A
:10D18000C050D140CC50DF4F19821882C45FD040CC
:10D19000C251DF4F19821882CE5ED040C551DF4F99
:10D1A00019821882CB5ED040CE50DF4F1982188290
:10D1B000C25FD0402114310411F40C94D9F466EC10
:10D1C0007BE0C1010F94D507C751DF4F9983888356
:10D1D000C95ED0406EEE76E0C1010F94D507CD5107
:10D1E000DF4F99838883C35ED04065E97AE0C1014F
:10D1F0000F94D507C850DF4F99838883C85FD0400C
:10D200006BED78E0C1010F94D5075C01C751DF4F8A
:10D21000E881F981C95ED040309711F40C9404F490
:10D22000CD51DF4F28813981C35ED04021153105B2
:10D2300011F40C9404F480858F70823011F00C94FA
:10D2400004F4D90118968C918F70823011F00C94EF
:10D2500004F42CE330E040E050E065EC77E0C101FD
:10D260000F94445DC450DF4F688379838A839B8326
:10D27000CC5FD04020E030E0A9016FE87AE0C10146
:10D280000F94445D6B017C01B1E0C351DF4FB88363
:10D29000CD5ED040C114D104E104F10429F4C3519E
:10D2A000DF4F1882CD5ED040C650DF4FE881F98154
:10D2B000CA5FD040309711F40C9488F3BF01D101BC
:10D2C0008D919C910F94FE77892B11F00C9488F32B
:10D2D000CB51DF4FE881F981C55ED040E230F105E6
:10D2E00011F40C9470F20CF07DC4412C512C3201DD
:10D2F000319709F44BC6412C512C32010C94D0F1DA
:10D3000060E870E0CE0187529F4F0E947820CF5393
:10D31000DF4F2883C15CD040CE53DF4F3883C25CDF
:10D32000D040CD53DF4F4883C35CD040CC53DF4F58
:10D330005883C45CD040CB53DF4F6883C55CD0407A
:10D34000CA53DF4F7883C65CD040C953DF4F888310
:10D35000C75CD040C853DF4F9883C85CD04060E0C2
:10D36000CE0187529F4F0E942D20C754DF4F288344
:10D37000C95BD040C654DF4F3883CA5BD040C55428
:10D38000DF4F4883CB5BD040C454DF4F5883CC5B26
:10D39000D040C354DF4F6883CD5BD040C254DF4FD1
:10D3A0007883CE5BD040C154DF4F8883CF5BD040C1
:10D3B000C054DF4F9883C05CD040B3CE60E470E0CF
:10D3C000CE0187529F4F0E947820CF54DF4F288391
:10D3D000C15BD040CE54DF4F3883C25BD040CD54C8
:10D3E000DF4F4883C35BD040CC54DF4F5883C45BCE
:10D3F000D040CB54DF4F6883C55BD040CA54DF4F69
:10D400007883C65BD040C954DF4F8883C75BD04068
:10D41000C854DF4F9883C85BD04060E0CE0187528C
:10D420009F4F0E942D20C755DF4F2883C95AD040F7
:10D43000C655DF4F3883CA5AD040C555DF4F4883A1
:10D44000CB5AD040C455DF4F5883CC5AD040C35537
:10D45000DF4F6883CD5AD040C255DF4F7883CE5A14
:10D46000D040C155DF4F8883CF5AD040C055DF4FE1
:10D470009883C05BD04055CEC652DF4F8881CA5DCD
:10D48000D0408F7009F44DCECE0187529F4F0E943D
:10D49000E221CE0187529F4F0E947820CF55DF4F67
:10D4A0002883C15AD040CE55DF4F3883C25AD0406E
:10D4B000CD55DF4F4883C35AD040CC55DF4F5883FA
:10D4C000C45AD040CB55DF4F6883C55AD040CA55A7
:10D4D000DF4F7883C65AD040C955DF4F8883C75A7B
:10D4E000D040C855DF4F9883C85AD0401ACECB5190
:10D4F000DF4F48815981C55ED0404730510509F45E
:10D50000D7C04830510509F028CEC752DF4F888177
:10D51000C95DD040882309F483C061EF7DE280EDCE
:10D5200092E10F94F93E67EE7DE280ED92E10F9477
:10D53000F93E4AE050E0C752DF4F6881C95DD040F4
:10D5400080ED92E10F94B03D80ED92E10F948D3D1E
:10D55000CF51DF4FE881F981C15ED040068117814C
:10D560000115110509F443C0C752DF4FF880C95DAA
:10D57000D0406F2C712C20E030E0A90167E07AE008
:10D58000C8010F94445D4B0120E030E0A90160E345
:10D5900077E0C8010F94445D1B012FEF3FEFA90115
:10D5A00062E37AE0C8010F94445D232809F01EC2AB
:10D5B00062E27BE080ED92E10F94E33E4AE050E0CE
:10D5C000B30180ED92E10F949A3E80ED92E10F94C9
:10D5D0008D3DA30167E07AE0CF51DF4FA881B9818B
:10D5E000C15ED04016968D919C910E9404C1C75295
:10D5F000DF4F4881C95DD04060E377E0CF51DF4F16
:10D60000E881F981C15ED040868197810E947BC00C
:10D6100007C0C652DF4F8881CA5DD0408F7029F4A1
:10D6200066246A94762C0C94E3F460E47EE280ED48
:10D6300092E10F94F93E62E37EE280ED92E10F9475
:10D64000F93ECE0187529F4F0E949C21AB01BC0145
:10D6500080ED92E10F944A0D80ED92E10F948D3DA3
:10D66000CF51DF4FA881B981C15ED04012960D9194
:10D670001C914FEF5FEFBA0180E00F94095EAB01A0
:10D68000BC01C8010E94012DCE0187529F4F0E940C
:10D690009C219B01AC0168E975E0CF51DF4FE88127
:10D6A000F981C15ED040868197810E94D6C0B8CFF3
:10D6B000C652DF4F8881CA5DD0408F7009F4B0CF69
:10D6C0006BE27EE280ED92E10F94F93E62E27EE24F
:10D6D00080ED92E10F94F93ECE0187529F4F0E9458
:10D6E000E221AB01BC012AE030E080ED92E10F9431
:10D6F000523E80ED92E10F948D3DCE0187529F4FB7
:10D700000E94E2216B01CF51DF4FA881B981C15E38
:10D71000D04016968D919C91009711F120E030E059
:10D72000A90166EC7BE00F94445DC616D706C1F0F4
:10D730006FEA7AE080ED92E10F94E33E80ED92E1B2
:10D740000F948D3D4FEF5FEF62E37AE0CF51DF4FF3
:10D75000E881F981C15ED040868197810E9404C131
:10D76000CE0187529F4F0E94E2219B01AC0166ECE3
:10D770007BE0CF51DF4FA881B981C15ED0401696C2
:10D780008D919C910E94A8C04BCFC652DF4F8881DB
:10D79000CA5DD0408F7009F443CF6BE17EE280ED2B
:10D7A00092E10F94F93E62E17EE280ED92E10F9406
:10D7B000F93ECE0187529F4F0E949C21AB01BC01D4
:10D7C00080ED92E10F944A0D80ED92E10F948D3D32
:10D7D000CE0187529F4F0E949C21CF51DF4FE8819D
:10D7E000F981C15ED040E680F780E114F10481F157
:10D7F0000F94A2741B012FEF3FEFA9016BE37AE0B6
:10D80000C7010F94445D6B01CB016F3F760709F0B0
:10D810006EC064ED7AE080ED92E10F94E33E4AE061
:10D8200050E0B10180ED92E10F949A3E80ED92E1DB
:10D830000F948D3DA1016BE37AE0CF51DF4FA881BA
:10D84000B981C15ED04016968D919C910E9404C111
:10D85000CE0187529F4F0E949C219B01AC0169EE33
:10D8600076E0CF51DF4FE881F981C15ED0408681FB
:10D8700097810E94D6C0CE0187529F4F0E949C2163
:10D880006B017C0120E030E040EF51E40F94D07157
:10D89000882351F020E030E048E851E4C701B601A8
:10D8A0000F94D0718111BCCECF51DF4FA881B981C7
:10D8B000C15ED0401696ED91FC91309769F080855D
:10D8C0008F70863049F481859285A385B485A160E7
:10D8D00081879287A387B48768EF7DE280ED92E12C
:10D8E0000F94F93E80ED92E10F948D3D99CE892BF6
:10D8F00009F4AECF2616370609F4AACF65EF7AE011
:10D9000080ED92E10F94E33E4AE050E0B60180EDF5
:10D9100092E10F949A3E65E675E080ED92E10F94F6
:10D92000E33E4AE050E0B10180ED92E10F949A3E6F
:10D9300080ED92E10F948D3D69E17BE0CF51DF4FA7
:10D94000E881F981C15ED040868197810F94D50727
:10D950003C01892B09F46ECF198A1A8A1B8A1C8A0A
:10D960001D8A1E8A1F8A188E8A89807F8A8BA10150
:10D97000032C000C660B770BCE0141960E944F20C2
:10D9800029873A874B875C876D877E878F87988B3F
:10D9900062E0CE0109960E940B2029833A834B83D3
:10D9A0005C836D837E838F83988765E876E0C3010F
:10D9B0000F94D507BC01CE0101960E94A026298FA5
:10D9C0003A8F4B8F5C8F6D8F7E8F8F8F98A3912CAA
:10D9D000812CB12CA12CD12CC12C79018A019B0165
:10D9E000AC016FEFC3010E9482D524CF8114910452
:10D9F00009F4FDCD6814790409F4F9CDB2E06B1691
:10DA0000710419F4672B09F49DC064E47BE080ED98
:10DA100092E10F94E33E4AE050E0B40180ED92E1E0
:10DA20000F949A3E65E675E080ED92E10F94E33E37
:10DA30004AE050E0B30180ED92E10F949A3E80ED10
:10DA400092E10F948D3DCF51DF4FE881F981C15EA6
:10DA5000D04084819581F2E0FF1286C0892B41F08D
:10DA6000CF51DF4F88819981C15ED0400F941E0154
:10DA700069E17BE0CF51DF4FA881B981C15ED04021
:10DA800016968D919C910F94D5072C01892B09F442
:10DA900059C019A61AA61BA61CA61DA61EA61FA61F
:10DAA00018AA8AA5807F8AA76F2DCE0189960E9429
:10DAB0002D2029A33AA34BA35CA36DA37EA38FA320
:10DAC00098A761E0CE0181960E940B20298F4B8F91
:10DAD0005C8F6D8F7E8F8F8F98A3307F3A8F88E019
:10DAE000FE017996DE01199601900D928A95E1F773
:10DAF00088E0FE013996DE01519601900D928A95DB
:10DB0000E1F788E0FE017196DE01119601900D9219
:10DB10008A95E1F765E876E0C2010F94D507BC016C
:10DB2000CE0101960E94A026912C812CB12CA12C13
:10DB3000D12CC12C79018A019B01AC016FEFC2018C
:10DB40000E9482D5A30167E07AE0CF51DF4FE881E0
:10DB5000F981C15ED040868197810E9404C14FEF58
:10DB60005FEF62E37AE038CD892B09F481CFCF51A2
:10DB7000DF4F88819981C15ED0400F94930078CFA8
:10DB8000C752DF4F8881C95DD0408031C0F48E30EC
:10DB9000D0F48130C1F0823009F042CDCF51DF4F57
:10DBA000A881B981C15ED04014968D919C91159742
:10DBB000892B09F435CDCD010F941E0131CD835150
:10DBC000843008F02DCDCF51DF4FE881F981C15E5F
:10DBD000D04084819581892B09F422CDCF010F9407
:10DBE00093001ECDCB51DF4F28813981C55ED040D7
:10DBF0002330310509F40EC62730310509F07BCBFF
:10DC0000D10118968C9118978F708630E9F4199687
:10DC10008D919D910D90BC91A02D88279670AA277B
:10DC2000BB27892B8A2B8B2B79F065ED7DE280ED6C
:10DC300092E10F94F93E80ED92E10F948D3D9EEFBD
:10DC4000692E77247A94BFC6C652DF4F8881CA5D99
:10DC5000D0408F7009F406C1CE0187529F4F0E94B9
:10DC6000E2219B01AC01CB5FDE4FB881C550D140B2
:10DC7000B11131C069E67BE0C1010E94A8C060E734
:10DC80007BE080ED92E10F94E33ECE0187529F4FFF
:10DC90000E94E221AB01BC012AE030E080ED92E17C
:10DCA0000F94523E80ED92E10F948D3DA114B1048A
:10DCB00091F0F50181859285A385B4850097A10532
:10DCC000B10549F08A5B9F4FDC018C91882319F0E4
:10DCD00063EB7DE2ACCFCE0187529F4F0E94E221E1
:10DCE000CD51DF4FE881F981C35ED04001851285B7
:10DCF00023853485672B682B692B09F471C00230AA
:10DD000011052105310509F051C0CA50DF4F2881A6
:10DD10003981C65FD040232B09F448C0CE5FDE4F67
:10DD20006881C250D140CE0187529F4F0E942D2062
:10DD3000C756DF4F2883C959D040C656DF4F3883B6
:10DD4000CA59D040C556DF4F4883CB59D040C4563E
:10DD5000DF4F5883CC59D040C356DF4F6883CD592D
:10DD6000D040C256DF4F7883CE59D040C156DF4FE6
:10DD70008883CF59D040C056DF4F9883C05AD040D7
:10DD800062E97BE080ED92E10F94E33E4AE050E0EF
:10DD9000CA50DF4F68817981C65FD04080ED92E143
:10DDA0000F949A3E80ED92E10F948D3DCE01875203
:10DDB0009F4F0E94E221C751DF4FA881B981C95E00
:10DDC000D04019966D937D938D939C931C97CD288D
:10DDD000CE28CF2809F40FC1412C512C3201B9C0F3
:10DDE000023011052105310509F3CA50DF4F488182
:10DDF0005981C65FD040452BC9F262E0CE018752FF
:10DE00009F4F0E942D20CF56DF4F2883C159D0400D
:10DE1000CE56DF4F3883C259D040CD56DF4F4883AE
:10DE2000C359D040CC56DF4F5883C459D040CB564D
:10DE3000DF4F6883C559D040CA56DF4F7883C65933
:10DE4000D040C956DF4F8883C759D040C856DF4FEE
:10DE50009883C859D04060EB7BE080ED92E10F944D
:10DE6000E33EA0CFC752DF4F8881C95DD0408E30DE
:10DE700009F0ABC041E0B101CF51DF4F88819981FA
:10DE8000C15ED0400E94DCE562E0CE0187529F4F28
:10DE90000E942D20C757DF4F2883C958D040C6574E
:10DEA000DF4F3883CA58D040C557DF4F4883CB581F
:10DEB000D040C457DF4F5883CC58D040C357DF4FB2
:10DEC0006883CD58D040C257DF4F7883CE58D040BA
:10DED000C157DF4F8883CF58D040C057DF4F98835A
:10DEE000C059D04061E0CE0187529F4F0E940B2065
:10DEF000CF57DF4F2883C158D040CE57DF4F3883EC
:10DF0000C258D040CD57DF4F4883C358D040CC577C
:10DF1000DF4F5883C458D040CB57DF4F6883C55874
:10DF2000D040CA57DF4F7883C658D040C957DF4F1B
:10DF30008883C758D040C857DF4F9883C858D0400F
:10DF4000412C512C3201B1E0C351DF4FB883CD5E7B
:10DF5000D040C752DF4F8881C95DD040882309F483
:10DF60001FC26AEC7BE080ED92E10F94E33E4AE051
:10DF700050E0C752DF4F6881C95DD04080ED92E12B
:10DF80000F94B03D80ED92E10F948D3DC752DF4F6D
:10DF90008881C95DD040882309F402C2813009F02C
:10DFA000EEC0F10180858F70863059F581859285AC
:10DFB000A385B48588279670AA27BB27892B8A2B2F
:10DFC0008B2BF9F061EA7DE232CE823009F004CF8A
:10DFD00040E0B101CF51DF4F88819981C15ED040CF
:10DFE0000E94DCE5412C512C3201C351DF4F1882D5
:10DFF000CD5ED040AECF412C10E2512E612C712C61
:10E00000F4CFCD51DF4FE881F981C35ED0408185E7
:10E010009285A385B48582309105A105B10529F0CB
:10E020000597A105B10509F0BBC1C751DF4FA88114
:10E03000B981C95ED04019966D917C91CE0187520D
:10E040009F4F0E947820EA962FAFEA97EB963FAF5A
:10E05000EB97EC964FAFEC97ED965FAFED97EE96A2
:10E060006FAFEE97EF967FAFEF97C158DF4F888382
:10E07000CF57D040C058DF4F9883C058D04067E09A
:10E08000CE0187529F4F0E940B20E2962FAFE2975E
:10E09000E3963FAFE397E4964FAFE497E5965FAF23
:10E0A000E597E6966FAFE697E7967FAFE797E89636
:10E0B0008FAFE897E9969FAFE9972FE030E040E017
:10E0C00050E06CEF7BE0C1010F94445DCD51DF4F18
:10E0D000E881F981C35ED040618772878387948726
:10E0E00064E07CE080ED92E10F94E33ECD51DF4FA0
:10E0F000A881B981C35ED04019964D915D916D9113
:10E100007C911C972AE030E080ED92E10F94523E22
:10E1100080ED92E10F948D3DCD51DF4FE881F98183
:10E12000C35ED0406185CE0187529F4F0E942D2053
:10E13000AA962FAFAA97AB963FAFAB97AC964FAFCF
:10E14000AC97AD965FAFAD97AE966FAFAE97AF960B
:10E150007FAFAF97E0968FAFE097E1969FAFE197E3
:10E1600040E0B101CF51DF4F88819981C15ED0403D
:10E170000E94DCE5412CB0E35B2E612C712CC75270
:10E18000DF4FE881C95DD040E150E63108F0C7C0FB
:10E19000F0E08827E153FF408F4F0D94917318F200
:10E1A000E5F08FF18FF18FF18FF18FF18FF18FF11A
:10E1B0008FF18FF1E2F1D2F16BF225F28FF18FF155
:10E1C0008FF122F21BF2F3F1F3F1D10118968C9149
:10E1D00018978F70863089F419968D919D910D90C6
:10E1E000BC91A02D88279670AA27BB27892B8A2B44
:10E1F0008B2B19F06FE87DE21ACDCD51DF4FE8810E
:10E20000F981C35ED0402185328543855485223013
:10E2100031054105510529F06CEF7BE0C1010E94F9
:10E22000A8C070E060E0CE0187529F4F0E94782026
:10E23000A2962FAFA297A3963FAFA397A4964FAFF6
:10E24000A497A5965FAFA597A6966FAFA697A7963A
:10E250007FAFA797A8968FAFA897A9969FAFA997CA
:10E2600067E0CE0187529F4F0E940B206A962FAF26
:10E270006A976B963FAF6B976C964FAF6C976D96A6
:10E280005FAF6D976E966FAF6E976F967FAF6F971C
:10E29000A0968FAFA097A1969FAFA1976BE17CE06E
:10E2A00080ED92E10F94E33ECD51DF4FA881B9811B
:10E2B000C35ED04019964D915D916D917C911C97F4
:10E2C0002AE030E080ED92E10F94523E80ED92E141
:10E2D0000F948D3D689454F8C351DF4FB881CD5EE3
:10E2E000D040B11105C0412CA0E35A2E612C712CF5
:10E2F00022E030E040E050E0CD51DF4FA881B9810D
:10E30000C35ED04019962D933D934D935C931C971B
:10E310004FEF5FEF70E060E0C5010F947518912C2E
:10E320008091D10E9091D20E0597D1F1992009F4E8
:10E33000F2C0C751DF4FE881F981C95ED0408185C5
:10E340009285A385B4854497A105B1054CF52EE1CE
:10E3500030E040E050E021873287438754876EE108
:10E3600070E0CE0187529F4F0E94782022962FAFF7
:10E37000229723963FAF239724964FAF2497259655
:10E380005FAF259726966FAF269727967FAF279783
:10E3900028968FAF289729969FAF2997689455F8AC
:10E3A000912CB9C0F10180858F70863009F038C991
:10E3B00081859285A385B485966081879287A3879E
:10E3C000B4872EC9D10118968C9118978F7086301A
:10E3D00009F026C919968D919D910D90BC91A02DA3
:10E3E000997FF101EACF41E050E061E070E0C501C2
:10E3F0000F947518689454F8C752DF4F8881C95D2F
:10E40000D04090E0B0E0A0E0CD51DF4FE881F9814D
:10E41000C35ED04081879287A387B48740E0B10173
:10E42000CF51DF4F88819981C15ED0400E94DCE5E9
:10E430009924939475CF50E040E061E070E0C5010D
:10E440000F9475184FEF5FEFD0CF689455F8C75110
:10E45000DF4FA881B981C95ED04019966D917C913A
:10E46000CE0187529F4F0E94782062962FAF62970D
:10E4700063963FAF639764964FAF649765965FAFBF
:10E48000659766966FAF669767967FAF6797689652
:10E490008FAF689769969FAF699767E0CE01875203
:10E4A0009F4F0E940B202A962FAF2A972B963FAFA3
:10E4B0002B972C964FAF2C972D965FAF2D972E96BE
:10E4C0006FAF2E972F967FAF2F9760968FAF609785
:10E4D00061969FAF61974FEF5FEF70E060E087CF8D
:10E4E000C652DF4F8881CA5DD0408F7009F498C84A
:10E4F000CE0187529F4F0E949C219B01AC0169EE87
:10E5000076E0C1010E94D6C0412CF0E25F2E612C62
:10E51000712C992493948091D10E9091D20E0597ED
:10E5200009F48EC054FE4DC0CF51DF4FE881F98110
:10E53000C15ED0400280F381E02DCD5FDE4FF983D4
:10E54000E883C350D140D101AD90BC9019861A86A2
:10E550001B861C868A85807F8A87C752DF4F888109
:10E56000C95DD040898789859A85AB85BC85898BB3
:10E570009A8BAB8BBC8B1D8A1E8A1F8A188E61E01A
:10E58000CE0141960E940B2029AF3AAF4BAF5CAF52
:10E590006DAF7EAF8FAF21969FAF21978824839474
:10E5A000C12CE0E1DE2EE12CF12C89019A01AB01B6
:10E5B000BC01CD5FDE4F88819981C350D1400E945C
:10E5C000F92E55FE3DC0F101A080B18088248394CE
:10E5D000C12C20E2D22EE12CF12CC752DF4F088152
:10E5E000C95DD040C652DF4F1881CA5DD040C552C8
:10E5F000DF4F2881CB5DD040C452DF4F3881CC5DE6
:10E60000D040C352DF4F4881CD5DD040C252DF4F72
:10E610005881CE5DD040C152DF4F6881CF5DD04080
:10E62000C052DF4F7881C05ED040CF51DF4FA8810C
:10E63000B981C15ED04012968D919C910E94F92EB5
:10E64000C850DF4FE881F981C85FD040EF2B09F453
:10E650005CC054FE4DC019861A861B861C868A85AE
:10E66000807F8A87C752DF4F8881C95DD040898704
:10E6700089859A85AB85BC85898B9A8BAB8BBC8B46
:10E680001D8A1E8A1F8A188E61E0CE0141960E9463
:10E690000B20298F4B8F5C8F6D8F7E8F8F8F98A370
:10E6A000307F3A8F88E0FE017996DE011196019065
:10E6B0000D928A95E1F788E0FE013196DE01999688
:10E6C00001900D928A95E1F7CC24C394E9A4FAA4B1
:10E6D0000BA51CA52DA53EA54FA558A96EEE76E06D
:10E6E000C850DF4F88819981C85FD0400E9481E582
:10E6F00055FE0BC0C552DF4F8881CB5DD0408230C4
:10E7000009F4E5C0873009F413C191100C9410EBA3
:10E71000CD51DF4FE881F981C35ED040818592857C
:10E72000A385B48582309105A105B10529F08F3FFD
:10E730009F4FAF4FBF4F41F4C351DF4F2881CD5E94
:10E74000D040222309F44CC0C751DF4FE881F98142
:10E75000C95ED04081859285A385B485C450DF4FC2
:10E7600048815981CC5FD040849F9001859F300DB6
:10E77000949F300D1124CE50DF4FE881F981C25FA4
:10E78000D040E20FF31FCE50DF4FF983E883C25F22
:10E79000D040C050DF4FE881F981C050D140AF0177
:10E7A000FF0F660B770B481759076A077B07C4F4FE
:10E7B000C050DF4F99838883C050D140CC50DF4F89
:10E7C00039832883C45FD040C450DF4F288139810A
:10E7D000CC5FD040C251DF4F39832883CE5ED0401A
:10E7E000C551DF4F48815981CB5ED040C450DF4FC7
:10E7F00088819981CC5FD040480F591FC551DF4FA8
:10E8000059834883CB5ED040D10112962D903C9025
:10E810000C94DAE8C652DF4F8881CA5DD0408F7011
:10E8200011F40C9410EBA114B10411F40C9410EB3E
:10E83000F501018512852385348501151105210512
:10E84000310511F40C9410EBCE0187529F4F0E94BA
:10E850009C21D8015C96ED91FC9160837183828349
:10E8600093830F947C1D611571058105910529F134
:10E87000F80162A773A784A795A76DE77DE280EDF5
:10E8800092E10F94F93ED1016D917C9180ED92E17E
:10E890000F94E33E6AE67DE280ED92E10F94F93E4B
:10E8A000CE0187529F4F0E949C21AB01BC0180ED9D
:10E8B00092E10F944A0D0C9472EC81E090E0A0E09C
:10E8C000B0E0F80182A793A7A4A7B5A7D6CFCC2420
:10E8D000C394C752DF4FE880C95DD040C652DF4FB6
:10E8E000F880CA5DD04002E0C452DF4F1881CC5D91
:10E8F000D040C352DF4F2881CD5DD040C252DF4FA0
:10E900003881CE5DD040C152DF4F4881CF5DD040CD
:10E91000C052DF4F5881C05ED04069EE76E0C850EB
:10E92000DF4F88819981C85FD0400E9481E5EDCE9C
:10E93000CC24C394C752DF4FE880C95DD040C65293
:10E94000DF4FF880CA5DD04007E0C452DF4F188126
:10E95000CC5DD040C352DF4F2881CD5DD040C25244
:10E96000DF4F3881CE5DD040C152DF4F4881CF5D4F
:10E97000D040C052DF4F5881C05ED04066EC7BE093
:10E98000CECFCC50DF4F19821882C45FD040C25125
:10E99000DF4F19821882CE5ED040C551DF4F1982F9
:10E9A0001882CB5ED040CE50DF4F19821882C25FF2
:10E9B000D040C551DF4FE881F981CB5ED040EF2BCD
:10E9C000E9F4712C612CC301CB5FDE4F0FB6F894D4
:10E9D000DEBF0FBECDBFDF91CF911F910F91FF9092
:10E9E000EF90DF90CF90BF90AF909F908F907F90EF
:10E9F0006F905F904F903F902F900895CE50DF4FD3
:10EA000088819981C25FD040C551DF4F688179818B
:10EA1000CB5ED0400F947D733B016BE57DE280EDD2
:10EA200092E10F94F93E4AE050E0C551DF4F688112
:10EA30007981CB5ED04080ED92E10F949A3E60E503
:10EA40007DE280ED92E10F94F93E0FEF10E0CE50A1
:10EA5000DF4F88819981C25FD040B8010F947D73E8
:10EA60004AE050E080ED92E10F949A3E69E47DE245
:10EA700080ED92E10F94F93E4AE050E0B30180ED61
:10EA800092E10F949A3E6FE37DE280ED92E10F9464
:10EA9000F93ECC50DF4F88819981C45FD040B801E6
:10EAA0000F947D734AE050E080ED92E10F949A3E1E
:10EAB00068E37DE280ED92E10F94F93E4AE050E098
:10EAC000C251DF4F68817981CE5ED04080ED92E106
:10EAD0000F949A3E64E37DE280ED92E10F94F93E5B
:10EAE00080ED92E10F948D3D6114710409F469CFBA
:10EAF000CF51DF4FA881B981C15ED0401496ED910E
:10EB0000FC91309709F45FCF26813781CF51DF4FD9
:10EB100039832883C15ED040C251DF4F88819981FB
:10EB2000CE5ED040092E000CAA0BBB0BC251DF4FAA
:10EB300088839983AA83BB83CE5ED040CC50DF4FBD
:10EB400028813981C45FD040032E000C440B550B43
:10EB5000CB51DF4F288339834A835B83C55ED04026
:10EB6000CF51DF4F48815981C15ED040452B09F418
:10EB70002ACF2CE330E040E050E065EC77E0CF5165
:10EB8000DF4F88819981C15ED0400F94445D6B0155
:10EB900060EA79E0CF51DF4F88819981C15ED04032
:10EBA0000F94D507CD51DF4F99838883C35ED04042
:10EBB00066EC7BE0CF51DF4F88819981C15ED04008
:10EBC0000F94D5075C016EEE76E0CF51DF4F888160
:10EBD0009981C15ED0400F94D5074C0120E030E010
:10EBE000A9016FE87AE0CF51DF4F88819981C15E3A
:10EBF000D0400F94445D1B012C01CD51DF4F888123
:10EC00009981C35ED040009709F4EAC0A114B10411
:10EC100009F4E6C08114910409F4E2C0DC011896FD
:10EC20008C918F70823009F0DBC0F50180858F7088
:10EC3000823009F0D5C0D40118968C9118978F7046
:10EC4000823009F0CDC0C114D10409F4C9C01996AD
:10EC50008D919D910D90BC91A02D82309105A105C3
:10EC6000B10529F08F3F9F4FAF4FBF4F31F42114B3
:10EC700031044104510409F46DC0CC50DF4F2881A8
:10EC80003981C45FD040212C312C2101232B09F480
:10EC900061C0D50119968D919C918C9D50018D9DDF
:10ECA000B00C9C9DB00C11242FEF30E0D5010F94D7
:10ECB000A8739601DD0C440B550B0F943C73C251A5
:10ECC000DF4F688179818A819B81CE5ED0400F942D
:10ECD0000A73CB51DF4F288139814A815B81C55E40
:10ECE000D0400F943C7319012A016DE27DE280ED62
:10ECF00092E10F94F93ECF51DF4FE881F981C15E77
:10ED0000D0406081718180ED92E10F94E33E67E233
:10ED10007DE280ED92E10F94F93EC5016FEF70E066
:10ED20000F947D734AE050E080ED92E10F949A3E9B
:10ED300061E27DE280ED92E10F94F93E2AE030E05D
:10ED4000B201A10180ED92E10F94523E80ED92E17B
:10ED50000F948D3DCD51DF4FE881F981C35ED040E6
:10ED600081859285A385B48582159305A405B50593
:10ED7000B9F119861A861B861C861D861E861F867B
:10ED8000188A8A85807F8A87B101CE0109960E9400
:10ED9000782029A33AA34BA35CA36DA37EA38FA3E2
:10EDA00098A7912C812CB12CA12CD12CC12C7901AC
:10EDB0008A019B01AC016FEFCF51DF4F88819981B0
:10EDC000C15ED0400E9482D5CD51DF4FA881B9816C
:10EDD000C35ED04019962D923D924D925C921C9745
:10EDE000CF51DF4FE881F981C15ED0400280F381CD
:10EDF000E02DCF51DF4FF983E883C15ED040B0CE24
:10EE00002F923F924F925F926F927F928F929F923A
:10EE1000AF92BF92CF92DF92EF92FF920F931F9328
:10EE2000CF93DF93CDB7DEB7C459D1090FB6F894AD
:10EE3000DEBF0FBECDBF1C0161307105B9F5DC012D
:10EE400012968D919C910E94422D672B682B692B05
:10EE500069F14FEF5FEFBA0180E00F94095E6B013B
:10EE60007C01F10102811381C8010E94422DC61A62
:10EE7000D70AE80AF90AF0E6CF16FAEEDF06E1044F
:10EE8000F104A0F040E050E0BA01C8010E94012D59
:10EE900068E975E0D10116968D919C910F94D50784
:10EEA000009721F0FC012085207F2087D101169654
:10EEB000ED90FC9020E030E040EC5FE768E975E021
:10EEC000C7010F94DB5C4B015C0120E030E0A9013D
:10EED00060E377E0C7010F94445D2B01C657DF4F15
:10EEE00079836883CA58D04026EE30E040E050E095
:10EEF00068E47CE0C7010F94445DC057DF4F68832E
:10EF000079838A839B83C059D04020E030E040EF72
:10EF100051E4C501B4010F94D87418160CF491C1D2
:10EF200020E030E040E751E4C501B4010F94D07116
:10EF300087FD90C1EFE0F0E0C158DF4FF983E8832F
:10EF4000CF57D040A5019401C501B4010F94387585
:10EF5000882371F0C657DF4FA881B981CA58D040C5
:10EF6000AB2B31F0C158DF4F59824882CF57D04088
:10EF7000D1011496ED91FC9126813781EB963FAF3C
:10EF80002EAFEB978FEF9FEFEF969FAF8EAFEF9780
:10EF9000C157DF4F1882CF58D040CC56DF4F188270
:10EFA000C459D040C257DF4F1882CE58D040C757FF
:10EFB000DF4F1882C958D040CB57DF4F19821882D3
:10EFC000C558D040EB96AEADBFADEB97109709F4A6
:10EFD0004CC6ED91FC911197309709F411C48081D2
:10EFE000882309F40DC420E030E0A9016EEE76E03C
:10EFF000CD010F94445D6B01C957DF4F798368835E
:10F00000C758D04020E030E0A90169EE76E0EB96E9
:10F010008EAD9FADEB970F94DB5C4B015C0120E064
:10F0200030E0A90168E975E0EB968EAD9FADEB97F6
:10F030000F94DB5C2B013C0120E030E0A90166EC81
:10F040007BE0EB968EAD9FADEB970F94445DC95777
:10F05000DF4FE881F981C758D040EF30F10509F45E
:10F06000AEC10CF000C1E230F10509F40BC13E97CE
:10F0700009F4B0C110E0ED961FAE1EAEED9720E092
:10F0800030E0A9016FE87AE0EB968EAD9FADEB978B
:10F090000F94445D2B013C016BED78E0EB968EAD57
:10F0A0009FADEB970F94D507C457DF4F99838883A3
:10F0B000CC58D04069EA79E0EB968EAD9FADEB97E6
:10F0C0000F94D507CF57DF4F99838883C158D0401D
:10F0D00068E975E0EB968EAD9FADEB970F94D50781
:10F0E000FC01C457DF4F28813981CC58D04021150D
:10F0F000310509F485C3D90119968D909D90AD9085
:10F10000BC901C9781149104A104B10409F478C344
:10F11000CF57DF4F28813981C158D04021153105A3
:10F1200009F46EC3D90118969C919F70933009F031
:10F1300067C3309709F464C380858F70833009F00A
:10F140005FC3CD57DF4F99828882C358D040F40106
:10F15000EA5BFF4FC158DF4F28813981CF57D0403C
:10F160002431310509F45CC12531310509F498C118
:10F17000411451046104710449F4111107C0ED9662
:10F180008EAD9FADED97029709F061C18081882314
:10F1900009F45DC110826EEE7EE280ED92E10F9483
:10F1A000F93EEB96AEADBFADEB976D917C9180EDE6
:10F1B00092E10F94E33E80ED92E10F948D3DEB964A
:10F1C000EEADFFADEB97E080F18019861A861B86C5
:10F1D0001C861D861E861F86188A8A85807F8A87E0
:10F1E00020E030E0A90169E67BE0CF010F94445DA7
:10F1F000CE0109960E94782029833A834B835C8351
:10F200006D837E838F83988767E0CE0101960E948D
:10F210000B2029A33AA34BA35CA36DA37EA38FA3CA
:10F2200098A7CC24C39489019A01AB01BC01C10108
:10F230000E945EE797FD0BC1EF969FAF8EAFEF97F1
:10F2400006C124E130E0C158DF4F39832883CF570E
:10F25000D04078CE85E190E0C158DF4F9983888314
:10F26000CF57D0406FCEC957DF4F28813981C7585B
:10F27000D0402331310561F00CF4FCCE263131054C
:10F280000CF0F8CEED96DFAECEAEED9710E0F7CEF7
:10F29000C657DF4F88819981CA58D0408431910583
:10F2A00081F1459709F458C020E030E040E85FE381
:10F2B000C301B2010F94C4739B01AC01C501B40139
:10F2C0000F94D87418160CF473C0ED961FAE1EAED2
:10F2D000ED9720E030E040E85FE3C301B2010F9416
:10F2E000C3739B01AC01C501B4010F94D07110E050
:10F2F00087FFC5CE85E190E0ED969FAF8EAFED978D
:10F30000BECEA3019201C501B4010F94D8741816A2
:10F31000E4F0ED961FAE1EAEED9720E030E040E841
:10F320005FE3C301B2010F94C3739B01AC01C5013C
:10F33000B4010F94D07110E087FFA1CEE5E1F0E0B9
:10F34000ED96FFAFEEAFED979ACEA4E1B0E0ED966B
:10F35000BFAFAEAFED97E1CFA3019201C501B401FC
:10F360000F94D07187FD1DC0ED961FAE1EAEED97B8
:10F3700020E030E040E85FE3C301B2010F94C473C2
:10F380009B01AC01C501B4010F94D87410E01816AC
:10F390000CF075CE24E130E0ED963FAF2EAFED9747
:10F3A0006ECEE5E1F0E0ED96FFAFEEAFED97E0CF8A
:10F3B00024E130E0ED963FAF2EAFED978ACF1616E1
:10F3C000170694F08FE090E0ED969FAF8EAFED972B
:10F3D00011E055CE16161706ACF0AEE0B0E0ED9693
:10F3E000BFAFAEAFED97F4CFAFE0B0E0ED96BFAFFB
:10F3F000AEAFED9711E0B1E0C757DF4FB883C95802
:10F40000D0403DCEEEE0F0E0ED96FFAFEEAFED97F1
:10F4100011E0F1E0C257DF4FF883CE58D0402FCE35
:10F42000111105C0411451046104710459F0808127
:10F43000811103C0C4010F94E74081E0F401EA5B4D
:10F44000FF4F808370E060E0C4010F94A840CD5767
:10F45000DF4FA881B981C358D0405C96ED91FC91F3
:10F4600060817181828193817401B6E4EB0EF11C9D
:10F47000F70110819B01AC010F943875811125C0F3
:10F48000ED968EAD9FADED9744970297F0F4112362
:10F4900009F4ABC3CC56DF4F1883C459D04018C011
:10F4A000111105C0411451046104710459F08081A7
:10F4B000811103C0C4010F94E74081E0F401EA5BCD
:10F4C000FF4F808361E070E0BFCF112309F48DC34B
:10F4D000C4010F944141D82E882309F486C367EEF6
:10F4E0007EE280ED92E10F94F93ED1011296ED910A
:10F4F000FC910280F381E02D6081718180ED92E1C9
:10F500000F94E33E63ED78E080ED92E10F94E33EEB
:10F51000EB96EEADFFADEB976081718180ED92E1EE
:10F520000F94E33E62EE7EE280ED92E10F94F93EAD
:10F53000CD57DF4FA881B981C358D0405C96ED917B
:10F54000FC91408151816281738180ED92E10F9441
:10F550004A0D6CED7EE280ED92E10F94F93ECD57BD
:10F56000DF4FA881B981C358D0409096ED91FC91AE
:10F57000408151816281738180ED92E10F944A0D47
:10F5800066ED7EE280ED92E10F94F93ECD57DF4FBC
:10F59000A881B981C358D0405E96ED91FC9140811D
:10F5A00051816281738180ED92E10F944A0D6EE486
:10F5B0007CE080ED92E10F94E33ECD57DF4FE88190
:10F5C000F981C358D040408151816281738180EDBF
:10F5D00092E10F944A0D62E57CE080ED92E10F9498
:10F5E000E33ECD57DF4FA881B981C358D040149670
:10F5F0004D915D916D917C91179780ED92E10F9403
:10F600004A0D66E57CE080ED92E10F94E33ECD5734
:10F61000DF4FE881F981C358D0404085518562852C
:10F62000738580ED92E10F944A0DCD57DF4FA8818D
:10F63000B981C358D04058968D919C916AE37CE083
:10F64000892B11F460E47CE080ED92E10F94E33EBD
:10F65000B6E48B0E911CF40180816FEF75E0882376
:10F6600011F066E47CE080ED92E10F94E33ECD572B
:10F67000DF4FA881B981C358D0405C96ED91FC91D1
:10F6800060817181828193819B01AC010F943875F7
:10F69000882331F06FEC7EE280ED92E10F94F93E29
:10F6A00080ED92E10F948D3DCF57DF4FE881F981D6
:10F6B000C158D04081849284A384B484A50194016C
:10F6C000C501B4010F94387581119AC0ED962EAD25
:10F6D0003FADED972431310519F12531310509F49C
:10F6E000BAC0C158DF4F28813981CF57D04024316B
:10F6F000310509F449C12531310509F4E5C12F303F
:10F70000310509F07DC0C457DF4FA881B981CC58BD
:10F71000D0401996ED91FC91EA5BFF4F108270C0CA
:10F72000EB96AEADBFADEB97ED90FC90C158DF4FBF
:10F73000E881F981CF57D04019861A861B861C862E
:10F740001D861E861F86188A8A85807F8A87759700
:10F7500009F063C070E060E0CE0109960E94782055
:10F7600029833A834B835C836D837E838F83988761
:10F7700067E0CE0101960E940B2029A73AA74BA76C
:10F780005CA76DA77EA78FA798ABCC24C3948901F3
:10F790009A01AB01BC01C1010E945EE77C0197FFA9
:10F7A00004C0EF96EEACFFACEF97CB57DF4F28814C
:10F7B0003981C558D040B901330F880B990B0F948C
:10F7C000D771CF57DF4FA881B981C158D040199662
:10F7D0002D913D914D915C911C970F94C4730F94A2
:10F7E000A274CB57DF4F79836883C558D040EF961A
:10F7F000FFAEEEAEEF97C157DF4FD882CF58D04063
:10F80000EB96AEADBFADEB9712960D90BC91A02DCF
:10F81000EB96BFAFAEAFEB97D5CBC501B4010F945C
:10F82000A274CE0109960E94782029833A834B83E3
:10F830005C836D837E838F83988767E0CE0101961A
:10F840000E940B2029AB3AAB4BAB5CAB6DAB7EABF4
:10F850008FAB98AF9ACFEB96EEADFFADEB97E08014
:10F86000F180C158DF4F28813981CF57D0401986A8
:10F870001A861B861C861D861E861F86188A8A8508
:10F88000807F8A872431310509F046C070E060E04E
:10F89000CE0109960E94782029833A834B835C83AA
:10F8A0006D837E838F83988767E0CE0101960E94E7
:10F8B0000B2029AF3AAF4BAF5CAF6DAF7EAF8FAFD0
:10F8C00021969FAF2197CC24C39489019A01AB0163
:10F8D000BC01C1010E945EE77C0197FF04C0EF9666
:10F8E000EEACFFACEF97CB57DF4FA881B981C5587D
:10F8F000D040BD01BB0F880B990B0F94D771CF5728
:10F90000DF4FE881F981C158D04021853285438598
:10F9100054850F94C37363CFC501B4010F94A274CF
:10F92000CE0109960E94782029833A834B835C8319
:10F930006D837E838F83988767E0CE0101960E9456
:10F940000B20022F22962FAF2297132F23963FAF23
:10F950002397242F24964FAF2497352F25965FAFFA
:10F960002597462F26966FAF2697572F27967FAF5E
:10F970002797682F28968FAF2897792F29969FAFC2
:10F980002997CC24C394A5CF69EB7EE280ED92E168
:10F990000F94F93ED1011296ED91FC910280F38112
:10F9A000E02D6081718180ED92E10F94E33E63ED83
:10F9B00078E080ED92E10F94E33EEB96EEADFFAD83
:10F9C000EB976081718180ED92E10F94E33E63EBF0
:10F9D0007EE280ED92E10F94F93ECF57DF4FA88190
:10F9E000B981C158D04019964D915D916D917C912E
:10F9F0001C9780ED92E10F944A0D80ED92E10F94F7
:10FA00008D3DC957DF4FE881F981C758D040329703
:10FA100029F445284628472809F4F2CEEB96AEADE6
:10FA2000BFADEB97ED90FC9019861A861B861C865D
:10FA30001D861E861F86188A8A85807F8A87CF57F3
:10FA4000DF4FE881F981C158D04061857285838597
:10FA500094850F94A274CE0109960E947820298380
:10FA60003A834B835C836D837E838F83988767E0C3
:10FA7000CE0101960E940B202A962FAF2A972B9633
:10FA80003FAF2B972C964FAF2C972D965FAF2D97AE
:10FA90002E966FAF2E972F967FAF2F9760968FAFD2
:10FAA000609761969FAF6197CC24C39489019A01B6
:10FAB000AB01BC01C1010E945EE797FDA1CEEF96AC
:10FAC0009FAF8EAFEF979CCE6DE97EE280ED92E125
:10FAD0000F94F93ED1011296ED91FC910280F381D1
:10FAE000E02D6081718180ED92E10F94E33E63ED42
:10FAF00078E080ED92E10F94E33EEB96EEADFFAD42
:10FB0000EB976081718180ED92E10F94E33E67E9AC
:10FB10007EE280ED92E10F94F93ECF57DF4FA8814E
:10FB2000B981C158D04019964D915D916D917C91EC
:10FB30001C9780ED92E10F944A0D80ED92E10F94B5
:10FB40008D3DC957DF4FE881F981C758D0403297C2
:10FB500029F445284628472809F452CEEB96AEAD45
:10FB6000BFADEB97ED90FC9019861A861B861C861C
:10FB70001D861E861F86188A8A85807F8A87CF57B2
:10FB8000DF4FE881F981C158D04061857285838556
:10FB900094850F94A274CE0109960E94782029833F
:10FBA0003A834B835C836D837E838F83988767E082
:10FBB000CE0101960E940B2062962FAF629763964A
:10FBC0003FAF639764964FAF649765965FAF659755
:10FBD00066966FAF669767967FAF679768968FAFA9
:10FBE000689769969FAF69975FCFF70180818823F7
:10FBF00009F406CECF57DF4FA881B981C158D04054
:10FC00001996CD90DD90ED90FC901C97A701960180
:10FC1000C701B6010F9438758111F2CDCD57DF4F72
:10FC2000E881F981C358D040808D918D892B21F0D6
:10FC3000F7FAF094F7F8F094CB57DF4F2881398129
:10FC4000C558D040B901330F880B990B0F94D77169
:10FC5000A70196010F94C4730F94A274CB57DF4F82
:10FC600079836883C558D040CBCDC157DF4FB88169
:10FC7000CF58D040BB2309F484C0C057DF4F088160
:10FC80001981C059D04063E87EE280ED92E10F9483
:10FC9000F93E4AE050E0CB57DF4F68817981C55883
:10FCA000D04080ED92E10F949A3E68E77EE280EDCD
:10FCB00092E10F94F93E4AE050E0C057DF4F68816F
:10FCC0007981C059D04080ED92E10F949A3E80ED49
:10FCD00092E10F948D3DCB57DF4FE881F981C558F4
:10FCE000D0400E171F070CF094C0198A1A8A1B8A7D
:10FCF0001C8A1D8A1E8A1F8A188E8A89807F8A8B99
:10FD000064E1CE0141960E942D2029873A874B87D6
:10FD10005C876D877E878F87988B4EE150E060E02F
:10FD200070E0CE0109960E944F2029833A834B83CD
:10FD30005C836D837E838F83988762E0CE0101961A
:10FD40000E940B206A962FAF6A976B963FAF6B9716
:10FD50006C964FAF6C976D965FAF6D976E966FAF69
:10FD60006E976F967FAF6F97A0968FAFA097A19673
:10FD70009FAFA19789019A01AB01BC01C1010E940B
:10FD800014E5CC56DF4FB881C459D040BB2309F4E9
:10FD90009FC0C757DF4F1882C958D040EF968EAD2D
:10FDA0009FADEF97181619060CF4C8C0EF96AEADCC
:10FDB000BFADEF97AB2B89F4C158DF4F8881998194
:10FDC000CF57D0404497029708F0B8C0C757DF4FCD
:10FDD000B881C958D040B111B1C081E090E0CC5693
:10FDE000DF4F0FB6F894DEBF0FBECDBFDF91CF91CE
:10FDF0001F910F91FF90EF90DF90CF90BF90AF9049
:10FE00009F908F907F906F905F904F903F902F903A
:10FE10000895CB57DF4F88819981C558D04091957F
:10FE200081959109081719070CF046C0198A1A8A9A
:10FE30001B8A1C8A1D8A1E8A1F8A188E8A89807FC7
:10FE40008A8B65E1CE0141960E942D2029873A8751
:10FE50004B875C876D877E878F87988B41E150E069
:10FE600060E070E0CE0109960E944F2029833A831A
:10FE70004B835C836D837E838F83988762E0CE01A2
:10FE800001960E940B20A2962FAFA297A3963FAF98
:10FE9000A397A4964FAFA497A5965FAFA597A696F4
:10FEA0006FAFA697A7967FAFA797A8968FAFA89793
:10FEB000A9969FAFA9975ECFCB57DF4F6881798115
:10FEC000C558D040675F7F4F6331710508F059CF47
:10FED000D1011696ED91FC91309709F060C0C257A0
:10FEE000DF4FB881CE58D040BB2309F4D4C0EF9681
:10FEF000EEADFFADEF971E161F060CF0FBC0198686
:10FF00001A861B861C861D861E861F86188A8A8571
:10FF1000807F8A876EE0CE0109960E942D20298B72
:10FF20003A8B4B8B5C8B6D8B7E8B8F8B988F890183
:10FF30009A01AB01BC01C1010E940BE3AD961CAE5E
:10FF40001DAE1EAE1FAEAD97E1961CAE1DAE1EAE31
:10FF50001FAEE197AB968FADAB97807FAB968FAF1F
:10FF6000AB97EF966EAD7FADEF97CE0187599F4F60
:10FF70000E94782029873A874B875C876D877E8728
:10FF80008F87988B67E0CE0109960E940B2089012C
:10FF90009A01AB01BC01C1010E940BE31ECF808519
:10FFA0008F70863009F09BCF81859285A385B485BB
:10FFB000A0FF95CF6AE57CE080ED92E10F94E33EEF
:10FFC00080ED92E10F948D3D25E130E040E050E07E
:10FFD00067E87AE0F101868197810F94445D6B01B7
:10FFE000CB0142970C9728F085E1C82ED12CE12C4B
:10FFF000F12C19861A861B861C861D861E861F8676
:020000022000DC
:10000000188A8A85807F8A8760E0CE0109960E94DF
:100010002D20298B3A8B4B8B5C8B6D8B7E8B8F8B42
:10002000988FA601DD0C660B770BCE0141960E94DE
:100030004F20298F3A8F4B8F5C8F6D8F7E8F8F8FE4
:1000400098A362E0CE0149960E940B2029833A834F
:100050004B835C836D837E838F83988789019A01AC
:10006000AB01BC01C1010E940BE3D1011696ED91D9
:10007000FC91309709F433CF80858F70863009F07A
:100080002ECF81859285A385B485AE7F81879287A7
:10009000A387B48724CFC757DF4FF881C958D04012
:1000A000FF2309F1EF962EAD3FADEF971216130621
:1000B0000CF07CCE19861A861B861C861D861E8631
:1000C0001F86188A8A85807F8A876FE0CE0109960D
:1000D0000E942D20298F3A8F4B8F5C8F6D8F7E8FE2
:1000E0008F8F98A324CF31E0C757DF4F3883C9588B
:1000F000D04054CEC257DF4F9881CE58D040C7571A
:10010000DF4F9883C958D04051CEFC0126813781FA
:10011000232B31F024813581232B11F00C9400F72F
:1001200090E080E008958F929F92AF92BF92CF921D
:10013000EF92FF920F931F93CF93DF93CDB7DEB76C
:1001400068970FB6F894DEBF0FBECDBF4C016EE5C9
:100150007EE280ED92E10F94F93E80ED92E10F9402
:100160008D3DD4011496ED91FC91A680B780A11429
:10017000B10409F451C0F501E080F180E114F1040B
:1001800009F446C0D7018C91882309F441C022E0CC
:1001900030E040E050E06AE67CE0C5010F94445D49
:1001A0009B012D7F232B69F119861A861B861C86DD
:1001B0001D861E861F86188A2A85207F2A87CE01E3
:1001C00009960E942D2029833A834B835C836D839B
:1001D0007E838F83988761E0CE0101960E940B2079
:1001E000298B3A8B4B8B5C8B6D8B7E8B8F8B988F97
:1001F000CC24C39489019A01AB01BC01C4010E94C3
:100200005EE750E040E06AE67CE0C5010E9404C180
:10021000F501A280B380ABCF68960FB6F894DEBF2D
:100220000FBECDBFDF91CF911F910F91FF90EF9047
:10023000CF90BF90AF909F908F9008958F929F9294
:10024000AF92BF92CF92EF92FF920F931F93CF93F3
:10025000DF93CDB7DEB768970FB6F894DEBF0FBE59
:10026000CDBF4C0167E47EE280ED92E10F94F93E50
:1002700080ED92E10F948D3DD4011496ED91FC91A7
:10028000A680B780A114B10409F45EC0D501ED9138
:10029000FC91309709F453C08081882309F44FC042
:1002A00020E030E0A9016EEE76E0C5010F94445DD8
:1002B0009B0160317105F4F56E3071051CF46130FD
:1002C0007105E9F5AB016AE67CE0C5010E9404C155
:1002D000F501E080F18019861A861B861C861D8632
:1002E0001E861F86188A8A85807F8A8762E0CE01F3
:1002F00009960E942D2029833A834B835C836D836A
:100300007E838F83988761E0CE0101960E940B2047
:10031000298B3A8B4B8B5C8B6D8B7E8B8F8B988F65
:10032000CC24C39489019A01AB01BC01C4010E9491
:100330005EE705C0235131092430310518F2D5019B
:100340001296AD90BC909ECF68960FB6F894DEBF23
:100350000FBECDBFDF91CF911F910F91FF90EF9016
:10036000CF90BF90AF909F908F900895AF92BF9223
:10037000CF92EF92FF920F931F93CF93DF93CDB75E
:10038000DEB7A0970FB6F894DEBF0FBECDBF5C01FD
:10039000C12C0E945EE77C0197FD4EC06AE07DE2C1
:1003A00080ED92E10F94F93E4AE050E0B70180ED14
:1003B00092E10F949A3E80ED92E10F948D3D198663
:1003C0001A861B861C861D861E861F86188A8A85AD
:1003D000807F8A87B701CE0109960E947820298BF9
:1003E0003A8B4B8B5C8B6D8B7E8B8F8B988F67E002
:1003F000CE0141960E940B2089019A01AB01BC01FC
:10040000C5010E940BE381E090E02EEFE2162FEF92
:10041000F20611F490E080E0A0960FB6F894DEBFEB
:100420000FBECDBFDF91CF911F910F91FF90EF9045
:10043000CF90BF90AF90089566EF7CE280ED92E19F
:100440000F94F93E6CEE7CE22FEFE216F20611F407
:1004500063EF7CE280ED92E10F94F93E80ED92E152
:100460000F948D3DD0CF0F931F93CF93DF93EC016B
:100470000E9405D166E77CE080ED92E10F94913D0A
:100480008091F50D9091F60D892B19F586E190E09C
:100490000F94A2698C012B853C854A85042E000CA3
:1004A000550B688579850F94DE431093F60D009304
:1004B000F50DF8018681978197FD1AC061E00F94D0
:1004C000451960E0F80186810F94171981E0F80161
:1004D0008183E881F9810484F585E02D62E0CE0115
:1004E000199581E090E0DF91CF911F910F910895D0
:1004F0001182EFCF4F925F926F927F928F929F9275
:10050000AF92BF92CF92DF92EF92FF920F931F9321
:10051000CF93DF93EC014B017A012901DB010D91AF
:100520001C918881882309F45AC05E01FE0181E094
:1005300090E02191222321F02E3211F00196F9CF83
:100540006C01B1E0CB1AD108F7013196D701CC92FA
:100550003E01680E791E2BE030E0D5018D915D01E2
:10056000A615B70509F5CC0EDD1EE601BFEFCB1AC7
:10057000DB0A88818E32C9F32C30310591F28091EB
:100580009111909192114CE050E06A01C21AD30A85
:10059000DC01ED91FC910280F381E02DA601B70111
:1005A00019950C0D1D1DBDCF808321503109319649
:1005B0001216130694F28091911190919211DC0120
:1005C000ED91FC910280F381E02D4CE050E0B70109
:1005D0001995045F1F4FF7012CE030E0BECF45288E
:1005E00091F0F70110828091911190919211DC01AC
:1005F000ED91FC910280F381E02D41E050E0B701E4
:1006000019950F5F1F4FF40111830083DF91CF9184
:100610001F910F91FF90EF90DF90CF90BF90AF9020
:100620009F908F907F906F905F904F900895CF92A2
:10063000DF92EF92FF920F931F93CF93DF931F925E
:100640001F92CDB7DEB76C018B01DC018D919C91BF
:100650009A83898381E9E82E81E1F82E21E030E058
:10066000AB01BE016F5F7F4FF701828993890F94C1
:100670007A02D8011C9281E011968C93119790E830
:1006800012969C93129713968C93F7018081918117
:10069000DC01ED91FC910280F381E02D44E050E01B
:1006A000B801199589819A8104969A83898380E09B
:1006B00090E0A0E0B8E7F80180839183A283B38340
:1006C00080E094E095838483D70115962C9115974B
:1006D00016969C91169717968C91179714963C91A5
:1006E000149736832783908781878D919C91DC01B5
:1006F000ED91FC910280F381E02D4AE050E0B801D9
:10070000199589819A810A96F601918380830F90C9
:100710000F90DF91CF911F910F91FF90EF90DF909D
:10072000CF900895AF92BF92CF92DF92EF92FF9257
:100730000F931F93CF93DF931F921F92CDB7DEB716
:100740007B016A015901FB01208131813A832983B0
:100750008C01065F1F4FF801EE0FFF1FEF56FE4E94
:100760000190F081E02DA114B10459F186819781A7
:100770009501A601BE016F5F7F4F0F947A02AB28EF
:1007800071F4000F111FF801EF56FE4E0190F08139
:10079000E02D828193810097B9F0019709F1898159
:1007A0009A81F701918380830F900F90DF91CF9111
:1007B0001F910F91FF90EF90DF90CF90BF90AF907F
:1007C000089584819581D4CF82E898E021E030E0DB
:1007D000A601BE016F5F7F4F01960F947A02DFCFB3
:1007E00085EB9CE0F3CFAF92BF92CF92DF92EF9276
:1007F000FF920F931F93CF93DF938C01EB01A8809F
:10080000B980DC01ED91FC9180E090E0A216B30686
:100810002CF1CA017F01D7017D917D01DC016D9131
:10082000CD01472F50E071547A3110F4405E5F4F94
:10083000C62ED12C61546A3118F4B0E2CB0ED11C13
:100840004C195D0931F4B7016E1B7F0B62177307FA
:1008500010F381E090E0452B09F080E0E20FF31FF8
:10086000D8011196FC93EE93A501421B530B9A01FC
:100870005983488340814E3239F43196ED93FC938D
:100880002150310939832883DF91CF911F910F9136
:10089000FF90EF90DF90CF90BF90AF9008954F9270
:1008A0005F926F927F92AF92BF92CF92DF92EF9260
:1008B000FF920F931F93CF93DF931F921F92CDB799
:1008C000DEB76C015B017A0128013901DB018D91F2
:1008D0009C919A83898321E030E0BE016F5F7F4F56
:1008E000C6010F949203F70110828CE0818312827B
:1008F00081E08383742C66245524442444825582E9
:1009000066827782F601EE0FFF1FEB55FE4E0190D7
:10091000F081E02D0480F581E02DDF010D900020B5
:10092000E9F7CD018E1B9F0B0C96982789279827F6
:10093000F701918780878091911190919211DC014C
:10094000ED91FC910280F381E02D4AE050E0B70187
:10095000199589819A810A969A83898330E020E0EB
:10096000A701BE016F5F7F4FC6010F94920389817B
:100970009A81F501918380830F900F90DF91CF9141
:100980001F910F91FF90EF90DF90CF90BF90AF90AD
:100990007F906F905F904F9008952F923F924F926B
:1009A0005F926F927F928F929F92AF92BF92CF92FF
:1009B000DF92EF92FF920F931F93CF93DF9300D0BC
:1009C00000D01F921F92CDB7DEB78C016B010F9440
:1009D000E646019619F48FEF9FEF1DC0D801ED9107
:1009E000FC910284F385E02DC80119957C018F3FAD
:1009F000980789F3D801ED91FC910684F785E02DE5
:100A0000682FC8011995B2E2EB16F104E9F4B601BA
:100A1000C8010F946A4728960FB6F894DEBF0FBE40
:100A2000CDBFDF91CF911F910F91FF90EF90DF909D
:100A3000CF90BF90AF909F908F907F906F905F907E
:100A40004F903F902F900895EDE2EE16F10429F0BB
:100A5000C701C0970A9708F03DC1D801ED91FC91FC
:100A60000284F385E02DC80119957C018F3F98071A
:100A700009F4B1CF8D9799F5D801ED91FC910284DD
:100A8000F385E02DC80119957C01019609F4A3CFE7
:100A9000EFEFFFEFF887EF83C701C097812C912C10
:100AA00054010A9708F5AAE0B0E0A50194010F945B
:100AB0005B7330E3E31AF1084701FF0CAA08BB0897
:100AC000860E971EA81EB91ED801ED91FC910284D6
:100AD000F385E02DC80119957C01C097E2CF21E094
:100AE00030E038872F83D8CFBEE2EB16F104F1F067
:100AF000C7018F7D85349105C9F0AF81B885A50107
:100B000094010F946673F6016187728783879487D7
:100B100082E08087D801ED91FC910684F785E02D75
:100B20006E2DC801199590E080E075CFC501B40124
:100B30000F94D7712B013C01312C212CFEE2EF16D2
:100B4000F10499F5D801ED91FC910284F385E02D33
:100B5000C80119957C01312C212C20E030E040E2C5
:100B600051E4C301B2010F9436724B015C01B7012D
:100B700060537109072E000C880B990B0F94D771E5
:100B8000A50194010F94C4732B013C01B1E02B1A11
:100B90003108D801ED91FC910284F385E02DC80164
:100BA00019957C01C0970A97C0F2C7018F7D8534E3
:100BB000910509F040C0D801ED91FC910284F385C4
:100BC000E02DC80119957C01D801ED91FC918B3283
:100BD000910519F50284F385E02DC80119957C0172
:100BE000E1E0EE83B12CA12C8AE0982ED801ED91A2
:100BF000FC91C701C0978A30910508F59A9C900135
:100C00009B9C300D11245C01A20EB31E0284F3855F
:100C1000E02DC80119957C01E9CF8D9749F4028434
:100C2000F385E02DC80119957C013FEF3E83DACFB3
:100C300081E08E83D7CFB1E0BE83B12CA12CEF81B0
:100C4000F885BF01FF0F880B990B0F94D771A30193
:100C500092010F9436722B013C01B501BB0C880B3D
:100C6000990B0F94D7714B015C01FE816F2FFF0F21
:100C7000770B880B990B0F94D7719B01AC01C501C1
:100C8000B4010F9436724B015C01B101330C880B37
:100C9000990B0F94D7719B01AC01C501B4010F945E
:100CA000C4739B01AC0160E070E080E291E40F94BA
:100CB000DD749B01AC01C301B2010F943672D60101
:100CC00019966D937D938D939C931C9783E0189652
:100CD0008C9320CFBBE5EB16F10409F060C0D8017E
:100CE000ED91FC910284F385E02DC80119958B35B7
:100CF000910509F070CE85E0F6018087C8010F9458
:100D0000E646D801ED91FC910284F385E02DC801FF
:100D100019958D35910509F406CFD801ED91FC9117
:100D20000684F785E02D682FC8011995BB24BA9475
:100D30000F9424487C01009709F44DCEBB2031F17B
:100D4000F60197838683C8010F94E646B701C80170
:100D50000F94CD04892B09F03ECEC8010F94E646CE
:100D6000D801ED91FC910284F385E02DC80119951D
:100D7000B12C47018C329105D9F221E030E08D355C
:100D8000910509F08BC030E020E088C0D4011396B3
:100D90009C938E931297FC0195828482D4CFBBE7FB
:100DA000EB16F10409F088C0D801ED91FC910284A2
:100DB000F385E02DC80119958B37910509F00BCE0D
:100DC00086E0F6018087C8010F94E646D801ED91D0
:100DD000FC910284F385E02DC80119958D379105AA
:100DE00009F4A1CED801ED91FC910684F785E02DA0
:100DF000682FC801199599249A940F9424487C016E
:100E0000009709F4E8CD992009F44DC0F6019783C5
:100E10008683C8010F94E646B701C8010F946A475C
:100E2000019609F4D8CDC8010F94E646D70119966A
:100E30008D919C911A9711969C938E931A961C9261
:100E40001E921997D801ED91FC910284F385E02D53
:100E5000C8011995CA9709F0BECDC8010F94E6469E
:100E6000B701C8010F94CD04019609F4B4CDC801AF
:100E70000F94E646D801ED91FC910284F385E02DB4
:100E8000C8011995912C57018C32910509F4B5CF01
:100E900021E030E08D37910509F475CF8827992737
:100EA000821B930BB8CDD50113969C938E9312970A
:100EB000FC01B582A482ADCFBEE6EB16F10411F5BC
:100EC00019821A821B821C82D801ED91FC91048444
:100ED000F585E02D44E050E0BE016F5F7F4FC80113
:100EE0001995049709F077CD44E050E063E87CE081
:100EF000CE0101960F941E78009709F06CCDF60193
:100F0000108689CDF6E6EF16F10431F59E012F5FCC
:100F10003F4F790185E0D9011D928A95E9F7D80103
:100F2000ED91FC910484F585E02D45E050E0B90198
:100F3000C8011995059709F04ECD45E050E068E8E5
:100F40007CE0C7010F941E78009709F044CD21E0A2
:100F5000F601208711865FCDF4E7EF16F10409F062
:100F60003ACD19821A821B821C82D801ED91FC9124
:100F70000484F585E02D44E050E0BE016F5F7F4FB3
:100F8000C8011995049709F026CD44E050E06EE8B9
:100F90007CE0CE0101960F941E78009709F01BCDDE
:100FA00021E0F6012087218736CD0F931F93CF9341
:100FB000DF93EC018B01892B81F00E80DF81C02D46
:100FC000209759F0B801888199810F94D577892BA2
:100FD00021F00A80DB81C02DF3CFCE01DF91CF91CC
:100FE0001F910F91089580914A1090914B10009796
:100FF00011F480E02FC0DC01ED91FC910688F789A7
:10100000E02D199520916D1030916E1081111FC047
:10101000232B79F78DEF9FEF90936E1080936D10D7
:1010200080914A1090914B10DC01ED91FC9106806B
:10103000F781E02D199580914A1090914B10DC01B9
:10104000ED91FC910488F589E02D1995D2CF81E0CE
:10105000232B79F60895CF93DF93EC01FA013296B2
:10106000E60FF71FDC019D012C1B3D0BCF01861BFA
:10107000970B4D91442311F04193F5CFAC01421BE6
:10108000530B640F751FFB01329730836150710958
:10109000FB012083DF91CF9108950F931F93CF938E
:1010A000DF9300D01F92CDB7DEB720E08E010F5F37
:1010B0001F4F942F9F77440F452F441F550B519579
:1010C0004115510509F09068F801E20FF11D908378
:1010D0002F5F4115510569F730E0FB01E21BF30B6F
:1010E00084833596D801CD01801B910B821793071D
:1010F0001CF48D918193F7CFC90101960F900F9049
:101100000F900F90DF91CF911F910F91089500974D
:1011100061F0FC0186819781009739F0662329F000
:101120006150FC0182819381F7CF0895FC01918188
:101130009F70963009F128F49150923088F080E049
:101140000895973081F09A509230C8F78CE490E07F
:10115000A0E0B0E084839583A683B78381E00895FF
:101160008CE48483FBCF80E090E0A8E9B2E4848340
:101170009583A683B783F2CF82EE9DE1A0E0B0E035
:1011800084839583A683B783DACFCF92DF92EF92E1
:10119000FF92DC011196EC911197EF70EC3098F40E
:1011A000F0E08827E952F74F8E4F0D949173E302D8
:1011B00019021902730473047304AF03D502730494
:1011C0007304E703E7038FEF9FEFFF90EF90DF904B
:1011D000CF90089514968D919D910D90BC91A02D66
:1011E000B7FD4FC085369105A105B10574F384E6BE
:1011F00090E0A0E0B0E0E9CF14962C9130E0A4E6B6
:10120000B0E00F946E732FEF30E040E050E00F94A9
:101210003C73C901DACF1496CD90DD90ED90FC902F
:10122000179720E030E0A901C701B6010F94D071F3
:1012300087FD27C020E030E048EC52E4C701B6014A
:101240000F94D874181604F1C701B6010F94A27454
:10125000CB01BBCF14966D917D918D919C91179789
:101260006D392FEF7207820792075CF0643727E22F
:1012700072078105910544F424E630E040E050E037
:10128000C6CF90E080E0A1CF84E690E09ECF0097AB
:1012900061F0DC011696ED91FC9180E0309731F021
:1012A0008F5F0280F381E02DF9CF80E00895CF9326
:1012B000DF93A091FB11B091FC11109709F442C08B
:1012C00052961C921E92519754961C921E925397BE
:1012D00084E890E01D969C938E931C971E961C921A
:1012E0001E9782E755968C935597ED91FC91119737
:1012F0000088F189E02D70E060E0CD011995CFE81C
:10130000D4E08091FB119091FC11DC01ED91FC91F6
:10131000B4E0C339DB07C1F00284F385E02D1995F1
:101320002991022E000C330B8217930751F3809101
:10133000FB119091FC11DC01ED91FC910488F58981
:10134000E02D199580E005C00488F589E02D1995F8
:1013500081E0DF91CF910895AF92BF92CF92DF925B
:10136000EF92FF920F931F93CF93DF935C017B016A
:101370008B01040F151FEB016E01CE18DF08C0179B
:10138000D10741F0C5010F94E13C1816190614F479
:101390008993F2CFC601DF91CF911F910F91FF90FA
:1013A000EF90DF90CF90BF90AF900895CF93DF93F1
:1013B0002091FB113091FC11232B11F480E054C0DB
:1013C000EC010F9457098823C9F3FE010190002016
:1013D000E9F73197EC1BFD0B709780F7A091FB119B
:1013E000B091FC1152961C921E92519754961C92E9
:1013F0001E92539784E890E01D969C938E931C97C1
:101400001E961C921E9782E755968C935597ED91E8
:10141000FC9111970088F189E02D60E470E0CD0126
:101420001995BE018091FB119091FC110F94E33E40
:101430008091FB119091FC11DC01ED91FC910190E8
:10144000F081E02D60E01995EC018091FB11909105
:10145000FC11DC01ED91FC910488F589E02D1995D2
:1014600081E0CD2B09F4AACFDF91CF910895CF93DE
:10147000DF932091FB113091FC11232B11F480E0BC
:1014800054C0EC010F9457098823C9F3FE01019061
:101490000020E9F73197EC1BFD0B709780F7A091C6
:1014A000FB11B091FC1152961C921E9251975496CA
:1014B0001C921E92539784E890E01D969C938E9305
:1014C0001C971E961C921E9782E755968C935597F3
:1014D000ED91FC9111970088F189E02D60E570E0B5
:1014E000CD011995BE018091FB119091FC110F94D3
:1014F000E33E8091FB119091FC11DC01ED91FC9198
:101500000190F081E02D60E01995EC018091FB11D4
:101510009091FC11DC01ED91FC910488F589E02D9E
:10152000199581E0CD2B09F4AACFDF91CF910895D1
:101530000F931F93CF93DF9300D01F92CDB7DEB7E9
:10154000FC0182819381A481B58189839A83AB83D5
:10155000BC838091FB119091FC11892B11F480E0E8
:1015600047C00F9457098823D1F3A091FB11B09184
:10157000FC1152961C921E92519754961C921E92E8
:10158000539784E890E01D969C938E931C971E962B
:101590001C921E9782E755968C935597ED91FC917E
:1015A00011970088F189E02D60E170E0CD01199577
:1015B0008091FB119091FC11DC01ED91FC91028076
:1015C000F381E02D44E050E0BE016F5F7F4F19953D
:1015D0008C018091FB119091FC11DC01ED91FC914B
:1015E0000488F589E02D199581E0012B09F4B7CF26
:1015F0000F900F900F900F90DF91CF911F910F914F
:1016000008950F931F93CF93DF9300D01F92CDB710
:10161000DEB7FC0182819381A481B58189839A839D
:10162000AB83BC838091FB119091FC11892B11F449
:1016300080E047C00F9457098823D1F3A091FB1194
:10164000B091FC1152961C921E92519754961C9286
:101650001E92539784E890E01D969C938E931C975E
:101660001E961C921E9782E755968C935597ED9186
:10167000FC9111970088F189E02D6CE170E0CD01BB
:1016800019958091FB119091FC11DC01ED91FC9179
:101690000280F381E02D44E050E0BE016F5F7F4F98
:1016A00019958C018091FB119091FC11DC01ED9159
:1016B000FC910488F589E02D199581E0012B09F44E
:1016C000B7CF0F900F900F900F90DF91CF911F9198
:1016D0000F9108950F931F93CF93DF9300D01F9224
:1016E000CDB7DEB7FC0182819381A481B581898366
:1016F0009A83AB83BC838091FB119091FC11892B61
:1017000011F480E047C00F9457098823D1F3A091CA
:10171000FB11B091FC1152961C921E925197549657
:101720001C921E92539784E890E01D969C938E9392
:101730001C971E961C921E9782E755968C93559780
:10174000ED91FC9111970088F189E02D64E170E042
:10175000CD0119958091FB119091FC11DC01ED9167
:10176000FC910280F381E02D44E050E0BE016F5F08
:101770007F4F19958C018091FB119091FC11DC0138
:10178000ED91FC910488F589E02D199581E0012BFC
:1017900009F4B7CF0F900F900F900F90DF91CF917A
:1017A0001F910F9108950F931F93CF93DF9300D054
:1017B0001F92CDB7DEB7FC0182819381A481B581F0
:1017C00089839A83AB83BC838091FB119091FC1138
:1017D000892B11F480E047C00F9457098823D1F377
:1017E000A091FB11B091FC1152961C921E92519740
:1017F00054961C921E92539784E890E01D969C93F9
:101800008E931C971E961C921E9782E755968C937A
:101810005597ED91FC9111970088F189E02D68E1D1
:1018200070E0CD0119958091FB119091FC11DC01C4
:10183000ED91FC910280F381E02D44E050E0BE0187
:101840006F5F7F4F19958C018091FB119091FC1176
:10185000DC01ED91FC910488F589E02D199581E07A
:10186000012B09F4B7CF0F900F900F900F90DF91DD
:10187000CF911F910F910895CF93DF9300D01F92C6
:10188000CDB7DEB719821A821B821C8287E7898353
:101890008091FB119091FC11892BE9F10F9457096C
:1018A0008823C9F1A091FB11B091FC1152961C92B2
:1018B0001E92519754961C921E92539784E890E082
:1018C0001D969C938E931C971E961C921E9782E7E2
:1018D00055968C935597ED91FC9111970088F1895D
:1018E000E02D6CE070E0CD01199544E050E0BE01C0
:1018F0006F5F7F4F8091FB119091FC110F940F3D12
:101900008091FB119091FC11DC01ED91FC91048818
:10191000F589E02D199569817A818B819C810F90E1
:101920000F900F900F90DF91CF9108950F931F9319
:10193000CF93DF9300D01F92CDB7DEB769837A8350
:101940008B839C838091FB119091FC11892B11F466
:1019500080E047C00F9457098823D1F3A091FB1171
:10196000B091FC1152961C921E92519754961C9263
:101970001E92539784E890E01D969C938E931C973B
:101980001E961C921E9782E755968C935597ED9163
:10199000FC9111970088F189E02D6CE070E0CD0199
:1019A00019958091FB119091FC11DC01ED91FC9156
:1019B0000280F381E02D44E050E0BE016F5F7F4F75
:1019C00019958C018091FB119091FC11DC01ED9136
:1019D000FC910488F589E02D199581E0012B09F42B
:1019E000B7CF0F900F900F900F90DF91CF911F9175
:1019F0000F910895CF93C82F0F943C0CC0FB72F940
:101A0000CF910D94960CCF93C82F0F943C0CCF70B0
:101A1000607F6C2BCF910D94960CCF93C82F0F94B1
:101A20003C0CC295C07F6F706C2BCF910D94960CBF
:101A30000F931F93CF93DF93EC014AE050E00F9494
:101A40009A3E8C01CE010F948D3D800F911FDF9146
:101A5000CF911F910F910895CF93DF93EC010E94D6
:101A6000DB2B8823A1F0EA85E83188F4E13028F007
:101A7000E33010F0E13109F4E0E0F0E0EE0FFF1F99
:101A8000E15FFC4E80819181DF91CF91089590E0DC
:101A900080E0FACF8F929F92AF92BF92CF92DF9267
:101AA000EF92FF920F931F93CF93DF93EC016A01A4
:101AB0007B01AB019601CB01B6010F94387563E948
:101AC0007CE0811126C046015701E894B7F82FEF5A
:101AD0003FEF4FE75FE7C501B4010F9438758111FF
:101AE0000CC02FEF3FEF4FE75FE7C501B4010F9444
:101AF000D07167E97CE0181664F02FEF3FEF4FE7F5
:101B00005FE4C701B6010F94D87418168CF46BE922
:101B10007CE0CE01DF91CF911F910F91FF90EF906C
:101B2000DF90CF90BF90AF909F908F900D94323DFB
:101B30002FEF3FEF4FE75FECC701B6010F94D07175
:101B400087FDE5CF20E030E0A901C701B6010F9481
:101B5000D07110E000E087FF09C06DE2CE010F9464
:101B60004B3E8C01F7FAF094F7F8F0942AE037ED49
:101B700043EA5BE3C701B6010F94C4736B017C01B8
:101B80000F94A9744B015C010F94D5719B01AC01BA
:101B9000C701B6010F94C3736B017C012AE0B50144
:101BA000A401CE010F94413D080F191F6EE2CE0132
:101BB0000F944B3E080F191F20E030E040E251E443
:101BC000C701B6010F9436724B015C010F94A974E2
:101BD0006B014AE050E0CE010F94AA3D080F191F97
:101BE000B60190E080E00F94D5719B01AC01C50176
:101BF000B4010F94C37320E030E040E251E40F944D
:101C000036720F94A9744AE050E0CE010F94AA3DB9
:101C1000800F911FDF91CF911F910F91FF90EF9057
:101C2000DF90CF90BF90AF909F908F9008950F94CA
:101C30002448009721F0FC012085207F2087FC01AB
:101C400020852F70208708950097D9F061157105C0
:101C5000C1F0DC011696ED91FC911797309731F4A5
:101C600017967C936E9316970895FC018281938159
:101C70000097D9F773836283DB011596FC93EE938B
:101C800014970895853108F09BC0E82FF0E088276D
:101C9000E35BF14F8E4F0D9491731F030304030414
:101CA0007D030304030403040304030403042F0358
:101CB000EF033102CF009D0303043D0303043B0304
:101CC0000304BF0188E090E00F94A269FC01138235
:101CD0001282158214821782168283E794E0918320
:101CE00080832CC088E090E00F94A269FC011382ED
:101CF0001282158214821782168283E594E0EFCF58
:101D00008DE090E00F94A269FC011382128215828B
:101D100014821782168283E394E0E1CF89E090E099
:101D20000F94A269FC011382128281E693E09183F1
:101D3000808315821482168210861782CF0108953F
:101D40008EE090E00F94A269FC011382128285E17B
:101D500094E0C5CF86E090E00F94A269FC01138265
:101D6000128287EF93E09183808315821482E6CFFD
:101D700086E090E00F94A269FC011382128289ED43
:101D800093E0F1CF8BE090E00F94A269FC01138205
:101D900012828BEB93E0A3CF88E090E00F94A269CE
:101DA000FC01138212828DE993E099CF84E090E0E8
:101DB0000F94A269FC01138212828FE793E08FCF08
:101DC000F0E0E0E0BBCFDF92EF92FF920F931F9322
:101DD000CF93DF93EC017B0140E050E20E9472342C
:101DE000D82E811175C064E174E380ED92E10F9407
:101DF000F93ED7011B968D919C91009709F441C043
:101E0000DC01ED91FC91008CF18DE02D19958C0198
:101E100090E00231110520F4F801E55BFC4F908160
:101E20009F708981807F892B898369E074E380EDCD
:101E300092E10F94F93E4AE050E0B80180ED92E162
:101E40000F949A3E61E074E380ED92E10F94F93EC5
:101E500069816F704AE050E080ED92E10F94B03DEF
:101E600080ED92E10F948D3D89818F70843068F40C
:101E70008230B8F58130D9F11C821D821E821F820A
:101E800015C0F701028510E0C3CF883039F08930E2
:101E900099F780E090E0A6E9B2E404C080E090E029
:101EA000A0EAB1E48C839D83AE83BF8340E050E21F
:101EB000B701CE010E94BD33CE010E94832530E0E0
:101EC00020E040E058E260E070E0C7010E94013588
:101ED0008D2DDF91CF911F910F91FF90EF90DF90AB
:101EE000089584E68E838F818E7F8F831D828FEF8E
:101EF0008C83DCCF8F929F92AF92BF92CF92DF9272
:101F0000EF92FF920F931F93CF93DF9361157105AB
:101F100019F490E080E0D4C0DB011896EC9118979A
:101F2000EF70E830B0F7EC01F0E08827E556F04FAD
:101F30008E4F0D9491730701AD03FB00C90161043D
:101F400037026103FB0063E87CE0CE01DF91CF91B3
:101F50001F910F91FF90EF90DF90CF90BF90AF90C7
:101F60009F908F900D94323D19968C9168E87CE09B
:101F7000882359F36EE87CE0E8CF19964D915D9186
:101F80006D917C911C972AE030E0CE01DF91CF91DA
:101F90001F910F91FF90EF90DF90CF90BF90AF9087
:101FA0009F908F900D94523E1996CD90DD90ED90BC
:101FB000FC901C9720E030E0A901C701B6010F9406
:101FC000D07187FF09C06CE677E0CE010F94E33E45
:101FD000F7FAF094F7F8F094C701B6010F94A974DA
:101FE0004B015C012AE030E0BC01A401CE010F945A
:101FF000A83D6FE97CE0CE010F94E33EC501B4013A
:102000000F94D5719B01AC01C701B6010F94C37346
:102010002AE037ED43EA5BE30F94C47320E030E03D
:1020200040E251E40F9436724B015C010F94A974A5
:102030006B014AE050E0CE010F94AA3DB60190E05A
:1020400080E00F94D5719B01AC01C501B4010F94E0
:10205000C3736B017C0120E030E0A9010F94D071C3
:10206000882309F456CF20E030E040E251E4C70174
:10207000B6010F9436720F94A9744AE050E0CE0175
:102080000F94AA3D46CF19966D917C91CE01DF91B8
:10209000CF911F910F91FF90EF90DF90CF90BF9065
:1020A000AF909F908F900D941A4716960D911C91AA
:1020B0006BE5CE010F944B3E019679F48FEF9FEFC5
:1020C000DF91CF911F910F91FF90EF90DF90CF9014
:1020D000BF90AF909F908F9008950115110579F0F2
:1020E000B801CE010F947A0F019641F3D8011296F0
:1020F0000D911C910115110511F06CE2DACF6DE51F
:10210000CE010F944B3E21E030E0019611F030E01B
:1021100020E088279927821B930BD2CF16960D912A
:102120001C916BE7CE010F944B3E019639F20115DD
:10213000110529F1D8016D917C91CE010F941A47B8
:10214000019609F4BBCF6AE3CE010F944B3E019692
:1021500009F4B4CFB801CE010F947A0F019609F4B7
:10216000ADCFD80112960D911C910115110539F0D2
:102170006CE2CE010F944B3E0196C9F69FCF6DE7FE
:10218000BFCFEF92FF920F931F93CF93DF93CDB703
:10219000DEB760970FB6F894DEBF0FBECDBF7C01EF
:1021A00080E091E00F94A2698C01892BD9F01C8208
:1021B0001B821E821D828FEF9FEF98878F8389E39A
:1021C00093E09A8389831A8619861C870B8780E09F
:1021D00091E0988B8F871E861D86B701CE010196F0
:1021E0000F947A0FC80160960FB6F894DEBF0FBE49
:1021F000CDBFDF91CF911F910F91FF90EF90089588
:102200006F927F928F929F92AF92CF92DF92EF92D6
:10221000FF920F931F93CF93DF93CDB7DEB7CC54CC
:10222000D1090FB6F894DEBF0FBECDBF2D967FAF9C
:102230006EAF2D972B961FAE1EAE2B97672B09F412
:10224000C7C24C010E9416CF6B01683C710544F572
:1022500063EE73E389E292E10F94F93E4AE050E0C5
:10226000B60189E292E10F949A3E89E292E10F94DD
:102270008D3D8FEF9FEFC45BDF4F0FB6F894DEBF4D
:102280000FBECDBFDF91CF911F910F91FF90EF90C7
:10229000DF90CF90AF909F908F907F906F90089538
:1022A000F4018585882331F0C4010D962B969FAFEC
:1022B0008EAF2B972B96EEADFFAD2B97309791F508
:1022C000F401058D168D01151105B9F560E470E076
:1022D0002D968EAD9FAD2D970F94F377A12C00977F
:1022E00041F0FC0111922D96FFAFEEAF2D97AA247D
:1022F000A394F12CE12C2D968EAD9FAD2D973C0132
:102300006E0C7F1CF3012081222309F44AC0822F26
:10231000220F990B0F948B77F3018083FFEFEF1A55
:10232000FF0AE9CF8081882359F2CE01875B9F4F56
:102330000E94B82B8C01892B19F20D30110531F652
:102340002D962EAD3FAD2D9719861A861B861C86BD
:102350001D861E861F86188A8A85807F8C608A87E4
:102360003E872D876DE0CE0109960E940B202983C0
:102370003A834B835C836D837E838F8398872B9610
:10238000EEACFFAC2B97A12CC12C09851A852B85AF
:102390003C854D855E856F857889C4010E94DF4349
:1023A0006ACF0E9427267C0125961CAE1DAE1EAE6C
:1023B0001FAE259729961CAE1DAE1EAE1FAE2997E7
:1023C00023968FAD2397807F23968FAF23972296F6
:1023D000EFAE22970530110509F440C00630110513
:1023E00019F497E1E92EF12CD02E602FCE018F5BEE
:1023F0009F4F0E940B2029873A874B875C876D8708
:102400007E878F87988B2AE0E216F1045CF588E0DE
:10241000E816F1040CF0B7C19EEFE9169FEFF9063C
:1024200044F0EFEFEE16FE0609F00CF4D1C1EF28F0
:1024300081F1CE01855B9F4F0E946AD0AB01BC0148
:10244000411551056105710529F0CE018F5B9F4F44
:102450000E944F20C12CF12CE12C6EC088E1E82EA7
:10246000F12CC2CFF7E1EF16F10409F42AC128E1FB
:10247000E216F104F1F660E0CE018F5B9F4F0E94FF
:102480002D20298B3A8B4B8B5C8B6D8B7E8B8F8BAE
:10249000988FCE01855B9F4F0E9432CF29833A836C
:1024A0004B835C836D837E838F8398876D2DCE01F4
:1024B00001960E940B20298F3A8F4B8F5C8F6D8F76
:1024C0007E8F8F8F98A38A818F70D82E3E0181E2F4
:1024D000680E711CF12CE12C2D968EAD9FAD2D97C1
:1024E000892B89F093E0E916F10469F0CE01855B50
:1024F0009F4F0E946AD0EFEFEE1AFE0AF30161933C
:1025000071933F01E9CF0B30110579F10C301105C2
:1025100009F444C00A30110509F04AC0CE01019601
:102520000E94E221CE018F5B9F4F0E9409262B96CD
:10253000EEACFFAC2B97C12C22960FAD22972396C1
:102540001FAD239724962FAD249725963FAD259751
:1025500026964FAD269727965FAD279728966FADA5
:10256000289729967FAD299718CFCE0101960E9412
:10257000E22123968FAD2397982F9F7049F09230D8
:10258000B1F6653608F064E627966FAF2797CFCF90
:10259000807F826023968FAF2397F3CFCE01019681
:1025A0000E94E221CE018F5B9F4F0E94CF25BFCFBB
:1025B00081E090E0D11002C090E080E08E0D9F1D80
:1025C0008230910509F441C06CF4019799F166EDF0
:1025D00073E389E292E10F94F93E89E292E10F946C
:1025E0008D3DA5CF8330910509F44BC0049779F751
:1025F0001BA109A1CE0101960E94E22123968FAD75
:102600002397807F826023968FAF239728966FAFA2
:10261000289729968FAD299770FB80F929968FAF5F
:10262000299727960FAF279726961FAF26976DA15C
:102630007EA1B8CF88E0FE013196DE01AF5BBF4FCF
:1026400001900D928A95E1F772CF19A1CE01019602
:102650000E94E22123968FAD2397807F836023968B
:102660008FAF239728966FAF289729968FAD29971C
:1026700070FB80F929968FAF299727961FAF279770
:1026800056CF1BA109A1CE0101960E94E2212396FB
:102690008FAD2397807F826023968FAF23972896F4
:1026A0006FAF289729968FAD299770FB80F92996EF
:1026B0008FAF299727960FAF279726961FAF26979C
:1026C00036CF60E0CE018F5B9F4F0E942D2029A363
:1026D0003AA34BA35CA36DA37EA38FA398A7CE01BF
:1026E00001967C0110E000E02D968EAD9FAD2D97F8
:1026F000892B79F00430110591F0CE01855B9F4F55
:102700000E946AD00F5F1F4FF701619371937F01A1
:10271000EBCF03301105E1F00430110569F59F811D
:102720002D813B81498123968FAD2397807F8560E2
:1027300023968FAF239728964FAF289727963FAFC2
:10274000279726962FAF269729969FAF299714C0D3
:102750009D812B81398123968FAD2397807F846063
:1027600023968FAF239728963FAF289727962FAFB2
:10277000279726969FAF26972B96EEACFFAC2B970C
:10278000CC24C394D9CECE01855B9F4F0E9432CF1B
:1027900029833A834B835C836D837E838F83988701
:1027A0006E2DCE0101960E942D20602FCE01019644
:1027B0000E940B202B96EEACFFAC2B97C12C09810D
:1027C0001A812B813C814D815E816F817885E5CDB9
:1027D00090E080E050CDCF93DF93EC016DEC73E39C
:1027E00080ED92E10F94F93E62EB73E3C230D105C4
:1027F000A9F058F465EC73E3209781F06CEB73E378
:10280000219761F062E873E309C063EA73E3C330C0
:10281000D10521F065E973E32497A1F780ED92E1FA
:10282000DF91CF910D94F93E91E09093CF0E80937C
:1028300044131092CE0E1092CD0E0895EF92FF9297
:102840001F93CF93DF93C82F7B01809130100F949B
:10285000141480912E1090912F10DC01ED91FC91B9
:102860000190F081E02D6C2F199580912E109091A0
:102870002F100F946259C2E0D0E0811102C0D0E065
:10288000C0E041E06091301080912E1090912F10A7
:102890000F94655911E080912E1090912F10DC015A
:1028A000ED91FC910084F185E02D1995892B69F05B
:1028B00080912E1090912F10DC01ED91FC910284FB
:1028C000F385E02D1995182FE6CFF7011083CE017F
:1028D000DF91CF911F91FF90EF9008950F931F9379
:1028E000CF93DF93182FEB01809130100F941414C5
:1028F00080912E1090912F10DC01ED91FC910190B0
:10290000F081E02D612F19958E010C5F1F4F809192
:102910002E1090912F10DC01ED91FC910190F0812F
:10292000E02D699119950C171D0789F780912E10DC
:1029300090912F100F946259882339F082E090E033
:10294000DF91CF911F910F91089590E080E0F8CF33
:102950001092800E10927F0E1092CE0E1092CD0E1D
:102960000F94D25787EA93E090937E0E80937D0E6A
:1029700089E991E090937C0E80937B0E08958830D6
:1029800008F051C0E82FF0E0EE0FFF1FE45DFD4FAF
:10299000718360838150873058F5E82FF0E08827F5
:1029A000EB52FB4E8E4F0D949173DF012B04870287
:1029B0009B0279038F01F702809169008360809305
:1029C0006900E89A0895809169008C60809369009D
:1029D000E99A089580916900806380936900EA9A7A
:1029E000089580916900806C80936900EB9A089546
:1029F00080916A00836080936A00EC9A08958091C8
:102A00006A008C6080936A00ED9A089580916A0054
:102A1000806380936A00EE9A089580916A00806CCA
:102A200080936A00EF9A089582E290E10D946259D2
:102A3000FF920F931F93CF93DF93C82F062FF72E8C
:102A4000142F809130100F94141480912E109091B7
:102A50002F10DC01ED91FC910190F081E02D6C2FA5
:102A6000199580912E1090912F100F946259811119
:102A700029C0412F6091301080912E1090912F101D
:102A80000F946559C02FDF2D80912E1090912F103B
:102A9000DC01ED91FC910084F185E02D1995892BE5
:102AA000C9F08C2F801B8117A8F480912E10909173
:102AB0002F10DC01ED91FC910284F385E02D199536
:102AC0008993E2CF82E090E0DF91CF911F910F9147
:102AD000FF90089590E080E0F7CF909172108917F1
:102AE00068F490E0880F991F2091F7103091F8104A
:102AF000820F931FFC018081918108958FEF9FEFDA
:102B000008950F931F93CF93DF93EC01209701F16A
:102B10000A811B81888583FD06C08E819F81009775
:102B200011F00F94811588858F70843031F4898578
:102B30009A85009711F00F947446888199810097C7
:102B400011F00F947446CE010F943E6AE801DECF77
:102B5000DF91CF911F910F910895EF92FF920F9304
:102B60001F93CF93DF9341155105C1F0EA017B011B
:102B70008C0188819981009711F00F947446C701E8
:102B80000F94A34699838883BE01C801DF91CF913A
:102B90001F910F91FF90EF900D94240EDF91CF9134
:102BA0001F910F91FF90EF900895CF92DF92EF92D7
:102BB000FF920F931F93CF93DF93EC018B01690179
:102BC0007A010F942448009739F022E0FC01208715
:102BD000C186D286E386F486AC01B801CE01DF91CE
:102BE000CF911F910F91FF90EF90DF90CF900D94B8
:102BF000AD15CF92DF92EF92FF920F931F93CF9379
:102C0000DF93EC018B0169017A010F94244800974E
:102C100039F023E0FC012087C186D286E386F48662
:102C2000AC01B801CE01DF91CF911F910F91FF90C0
:102C3000EF90DF90CF900D94AD158CBD9DBD0895A4
:102C4000CF93DF93EC0180E495E0998388831A8227
:102C50001B821C821D8280E590E00F941D16BE0130
:102C60006E5F7F4F44E050E08FE090E00F940D499D
:102C70000F94044ACE01DF91CF910895EF92FF9215
:102C80000F931F93CF93DF9300D01F92CDB7DEB782
:102C900010926A0E02967C0110E000E0F70181912B
:102CA0007F014AE0BE016F5F7F4F90E00F94576C49
:102CB00040E150E0BE016F5F7F4F8AE69EE00F94D7
:102CC0000E780330110531F06FE97CE08AE69EE072
:102CD0000F94E8770F5F1F4F04301105F9F68AE66D
:102CE0009EE00F900F900F900F90DF91CF911F916A
:102CF0000F91FF90EF900895CF93C82F462F61E07A
:102D000070E00F94904961E070E08C2F0F94AB4914
:102D10008111F9CFCF9108950F931F93CF93DF9334
:102D20008C010F942448EC01892B71F0C8010F9499
:102D3000E646BE01C8010F94CD04019629F4CE01E8
:102D40000F948115D0E0C0E0CE01DF91CF911F91AB
:102D50000F910895AF92BF92CF92DF92EF92FF92C0
:102D60000F931F93CF93DF931F921F92CDB7DEB7C0
:102D70007A836983BA01A901E981FA81F770082F82
:102D800010E0000F111F0E59114FD8018D919C9129
:102D90008E0F9F1F9F01240F351F21303840A0F058
:102DA0005A016B0160E078E07B01EE1AFF0AA7018F
:102DB000B6010F940D49A5014E195F09B6016E0DBC
:102DC0007F1DF801808191810F900F90DF91CF914D
:102DD0001F910F91FF90EF90DF90CF90BF90AF9039
:102DE0000D940D498F929F92AF92BF92CF92DF9236
:102DF000EF92FF921F93CF93DF93182F7B014A012D
:102E0000590164E270E00F94AB49C82E65E270E0AE
:102E1000812F0F94AB499C2DE80EF91E9701377056
:102E2000C12ED12CCC0CDD1CC601865A914F6C01F1
:102E3000FC0180819181820F931FA9014A0D5B1DC6
:102E40004130584060F1C0E0D8E0C21BD30BAE0166
:102E5000B4010F943D49A5014C1B5D0BB4016C0FEF
:102E60007D1FF601808191810F943D49EA0CFB1C86
:102E70004F2D64E270E0812F0F9490494E2D65E252
:102E800070E0812FDF91CF911F91FF90EF90DF9045
:102E9000CF90BF90AF909F908F900D949049A501D7
:102EA000B401E2CFFF920F931F93CF93DF93F82EDD
:102EB00010E000E08F2D0F94DC49EC01892B21F00C
:102EC0008F2D0F94DC498C01C017D10799F7CE01E3
:102ED000DF91CF911F910F91FF90089520E3FC01A6
:102EE00020833296862F82958F706F706A3030F40F
:102EF000605D6293682F8111F5CF0895695CF9CF09
:102F0000FB01DC018D919C91009761F060817181E2
:102F10006115710539F0448155810F941E7821E0C7
:102F2000892B09F020E0822F08950F931F93CF93F0
:102F3000DF93009739F490E080E0DF91CF911F910B
:102F40000F910895EC018091A3119091A411009725
:102F500011F00F943E6AFE0101900020E9F7CF01C5
:102F60008C1B9D0B06960F94A2698C019093A41163
:102F70008093A3110097F9F2BE010F940778FE0128
:102F800001900020E9F73197CF018C1B9D0B67E87A
:102F900078E0800F911F0F94077881E090E0CDCF0B
:102FA000EF92FF920F931F93CF93DF93CDB7DEB7CE
:102FB000C054D1090FB6F894DEBF0FBECDBF7C015F
:102FC0000F94F307282F882329F1F701019000209F
:102FD000E9F731978F010E191F0981E3898382E098
:102FE000800F8A831B820C834BE350E0B701CE0134
:102FF00005960F942C78A80155274C5F5F4FBE01B2
:103000006F5F7F4F86E490E10F94C93821E0892BF0
:1030100009F420E0822FC05CDF4F0FB6F894DEBFCA
:103020000FBECDBFDF91CF911F910F91FF90EF9019
:1030300008950F931F93CF93DF93EC01009739F41A
:1030400090E080E0DF91CF911F910F910895288546
:103050002F708C01253029F40E811F810115110577
:1030600079F361EA7CE0C8010F94D507892B41F719
:103070006DEC72E380ED92E10F94F93E6881798105
:1030800080ED92E10F94E33E80ED92E10F948D3D4F
:1030900020E030E0A90161EA7CE0C8010F94D51579
:1030A00061EA7CE0C8010F94D507009749F2FC0162
:1030B00020852062208781E090E0C4CF0097A1F0B6
:1030C000FC0120852F70253011F48681978161EAFB
:1030D0007CE00F94D507009739F0FC0120852F7014
:1030E000223011F090E080E00895DF92EF92FF929D
:1030F0000F931F93CF93DF93EC01892B49F18985BF
:103100009A85AB85BC850097A105B10509F18A01B7
:10311000262F2170D22EFC01EA5BFF4F7F01613028
:10312000710529F42081211102C00F94E740F701B5
:10313000D0820F3F100761F0B80189859A85DF9131
:10314000CF911F910F91FF90EF90DF900D94A840C9
:10315000DF91CF911F910F91FF90EF90DF90089535
:103160008150823108F05AC0E82FF0E08827E454FB
:10317000F74E8E4F0D9491734703CB01E700DD03AB
:103180000B04050353026303A702AD010904C30145
:1031900057045504050323010702E30380918000CF
:1031A0008F77809380000895809180008F7DF9CF84
:1031B00080918000877FF5CF84B58F7784BD089597
:1031C00084B58F7DFBCF8091B0008F778093B00066
:1031D00008958091B0008F7DF9CF809190008F7716
:1031E000809390000895809190008F7DF9CF809119
:1031F0009000877FF5CF8091A0008F778093A0000B
:1032000008958091A0008F7DF9CF8091A000877FE5
:10321000F5CF809120018F778093200108958091D0
:1032200020018F7DF9CF80912001877FF5CF1F93FB
:10323000CF93DF93282F30E0F901E957FD4C8491BB
:10324000F901EA50FD4CD491F901E45CFC4CC491C5
:10325000CC23A9F0162F81110F94B018EC2FF0E0B9
:10326000EE0FFF1FE359FD4CA591B4918FB7F89471
:10327000EC91111108C0D095DE23DC938FBFDF9154
:10328000CF911F910895DE2BF8CFCF93DF9390E07D
:10329000FC01EA50FD4C2491845C9C4CFC0184911F
:1032A0008823C9F090E0880F991FFC01E452FD4C7F
:1032B000A591B491FC01E359FD4CC591D4916111E4
:1032C0000DC09FB7F8948C91209582238C938881B0
:1032D000282328839FBFDF91CF910895623051F456
:1032E0009FB7F8943C91822F809583238C93E8813B
:1032F0002E2BEFCF8FB7F894EC912E2B2C938FBF02
:10330000EACF1F93CF93DF93182FEB0161E00F9467
:103310004519209739F460E0812FDF91CF911F91FB
:103320000D941719CF3FD10511F461E0F5CFE12FCE
:10333000F0E0E957FD4CE491E150E23108F0B3C010
:10334000F0E08827E955F64E8E4F0D94917359049D
:10335000D90375030101FF002904490367036101D3
:10336000D500D3012702FD03BB0229049D02A5015C
:10337000DB0084B5806884BDC7BDDF91CF911F910C
:10338000089584B5806284BDC8BDF7CF8091800068
:10339000806880938000D0938900C0938800EDCF2F
:1033A00080918000806280938000D0938B00C093D6
:1033B0008A00E3CF80918000886080938000D09362
:1033C0008D00C0938C00D9CF8091B000806880932D
:1033D000B000C093B300D1CF8091B00080628093E1
:1033E000B000C093B400C9CF8091900080688093F2
:1033F0009000D0939900C0939800BFCF8091900027
:10340000806280939000D0939B00C0939A00B5CFC8
:1034100080919000886080939000D0939D00C0932D
:103420009C00ABCF8091A00080688093A000809129
:10343000A0008F7B8093A000D093A900C093A80028
:103440009CCF8091A00080628093A000D093AB00BD
:10345000C093AA0092CF8091A00088608093A000C2
:10346000D093AD00C093AC0088CF809120018068DC
:1034700080932001D0932901C09328017ECF8091B1
:103480002001806280932001D0932B01C0932A01F8
:1034900074CF80912001886080932001D0932D010A
:1034A000C0932C016ACFC038D1050CF03ECF33CF8A
:1034B000863308F0865320917B00982F9870277FE1
:1034C000922B90937B008770806480937C00809126
:1034D0007A00806480937A0080917A0086FDFCCF28
:1034E000809178009091790008953FB7F894809189
:1034F000560E9091570EA091580EB091590E26B5C8
:10350000A89B05C02F3F19F00196A11DB11D3FBF1B
:10351000BA2FA92F982F8827BC01CD01620F711DEA
:10352000811D911D42E0660F771F881F991F4A95E4
:10353000D1F708958F929F92AF92BF92CF92DF9270
:10354000EF92FF920F931F93CF93DF93D091CD0E05
:10355000D13208F0D7C0182FC09144130F94751AB8
:103560006B017C018091A70E81116BC082E080937A
:10357000A70E1093A60E8FEF8093A50E1092A40EA7
:10358000D093A30EADEABEE0E3E8FEE080E0D813FE
:1035900091C01092820E8091820ECC0FC82BC093E6
:1035A000820E8091810E813009F088C01092810EC8
:1035B0000F94751A6B017C018091820E8093BB0081
:1035C0008091A90E9091AA0EA091AB0EB091AC0E75
:1035D000892B8A2B8B2BA1F00F94751A0091A90EC1
:1035E0001091AA0E2091AB0E3091AC0E6C197D0992
:1035F0008E099F09061717072807390708F442C0E4
:103600008091BC0083FDD8CF85EC8093BC000F94E3
:10361000751A6B017C018091A70E823009F450C0AD
:103620008091A50E8F3F09F46FC08091A50E803266
:1036300009F46CC08091A50E803309F469C084E060
:1036400026C08091A90E9091AA0EA091AB0EB091C8
:10365000AC0E892B8A2B8B2B09F484CF0F94751A0F
:103660008090A90E9090AA0EA090AB0EB090AC0ED8
:103670006C197D098E099F0986169706A806B9065A
:1036800008F070CF8091A80E0F94F05785E010924B
:10369000CE0E1092CD0E1092CF0EDF91CF911F91D2
:1036A0000F91FF90EF90DF90CF90BF90AF909F90E1
:1036B0008F9008959D9191938F5F69CF85EEA5CFEF
:1036C0008091A90E9091AA0EA091AB0EB091AC0E74
:1036D000892B8A2B8B2B09F49ECF0F94751A00919E
:1036E000A90E1091AA0E2091AB0E3091AC0E6C1960
:1036F0007D098E099F09061717072807390708F063
:103700008ACFC0CF81E0C3CF80E0C1CF82E0BFCFFE
:1037100083E0BDCF8F929F92AF92BF92CF92DF9204
:10372000EF92FF926B017C010F94751A4B015C01C3
:10373000C114D104E104F104B9F00F94751A6819A9
:1037400079098A099B09683E73408105910580F3D8
:1037500021E0C21AD108E108F10888EE880E83E062
:10376000981EA11CB11CE4CFFF90EF90DF90CF908A
:10377000BF90AF909F908F900895CF93C82F809166
:1037800045100F9414146C2F82E290E10F949A3834
:1037900082E290E10F94625969E070E080E090E08D
:1037A0000F948A1B42E06091451082E290E10F94F1
:1037B000655982E290E10F945338C82F82E290E17C
:1037C0000F94533820E03C2FA901482BCA01CF9118
:1037D0000895CF936CE271E080E090E00F948A1B33
:1037E000CFB7F89480914313811127C0E1E7F3E349
:1037F0008491EBE2F3E39491E82FF0E0EE0FFF1FEA
:10380000E452FD4CA591B491EC91E92321F461E0DF
:1038100085E30F94171961E085E30F9445198CB582
:1038200080618CBD8CB580648CBD61E084E30F94B5
:10383000451961E083E30F944519809143138F5F2D
:1038400080934313CFBF249A80E590E00F941D1618
:1038500067E090E080E00F94754965E58BE190E0CA
:103860000F94754965E58AE190E00F9475490F94CE
:10387000044A80E090E490935B0E80935A0E80E0BF
:1038800090E69093630E8093620E80E098E49093AC
:103890005D0E80935C0E80E098E69093650E8093B9
:1038A000640E80E090E590935F0E80935E0E80E062
:1038B00090E79093670E8093660E80E098E5909372
:1038C000610E8093600E80E098E79093690E80937C
:1038D000680ECF910895CF92DF92EF92FF920F93EF
:1038E0001F93CF93DF936C01EB017A0189010F9451
:1038F000E91B80E590E00F941D1646E050E063E080
:1039000072E189E090E00F943D49C60102960F9460
:10391000EF49C70102960F94FD49C80102960F9422
:10392000F6490F94044A8A819B81AC81BD818093C2
:103930001C1090931D10A0931E10B0931F10DF91C8
:10394000CF911F910F91FF90EF90DF90CF9008954E
:10395000CF92DF92EF92FF92CF93DF93CDB7DEB796
:1039600068970FB6F894DEBF0FBECDBFFA0120E412
:1039700035E03A8329835FEF5B835C835D831E823E
:1039800038872F83C280D380E480F580C986DA86A9
:10399000EB86FC863E872D87FB0142815381648143
:1039A00075814F87588B698B7A8B3C8B2B8BFC01F5
:1039B00082819381A481B5818D8B9E8BAF8BB88FD3
:1039C0009E012F5F3F4FAE01495F5F4FBE01635FB6
:1039D0007F4FCE0143960F946B1C68960FB6F894F8
:1039E000DEBF0FBECDBFDF91CF91FF90EF90DF9094
:1039F000CF9008950F931F93CF93DF93CDB7DEB78A
:103A000068970FB6F894DEBF0FBECDBFFB01DC0197
:103A100012964D915D916D917C9115974D8B5E8BBA
:103A20006F8B788F80E495E09A83898321E0288FDB
:103A30000D891E892F89388D0B831C832D833E832E
:103A400098878F83028113812481358109871A87A2
:103A50002B873C879E878D874F87588B698B7A8B06
:103A6000AE014F5F5F4FBE01695F7F4FCE010D9684
:103A70000F94A81C68960FB6F894DEBF0FBECDBF9A
:103A8000DF91CF911F910F910895CF93DF93CDB721
:103A9000DEB762970FB6F894DEBF0FBECDBFFC0154
:103AA00082819381A481B5818F87988BA98BBA8BF2
:103AB00020E435E03A83298341E04A8B4F855889D9
:103AC00069897A894B835C836D837E8338872F83F2
:103AD00089879A87AB87BC87BE016F5F7F4FCE0116
:103AE00007960F94FA1C62960FB6F894DEBF0FBECD
:103AF000CDBFDF91CF9108952FB7F8946091520E0A
:103B00007091530E8091540E9091550E2FBF0895D1
:103B10000F931F93CF93DF93EB018A010F944D080E
:103B20009C0180914A1090914B103327020F131F74
:103B3000BE01621B730B6B5F7F4FDC01ED91FC914B
:103B40000280F381E02DA8011995EC010F947C1DF2
:103B5000609356107093571080935810909359109B
:103B600081E00C171D0709F080E0DF91CF911F91D4
:103B70000F910895AF92BF92CF92DF92FF920F9371
:103B80001F93CF93DF936C01EB018A01F22E0F9408
:103B9000F307882309F442C0A0904E10B0904F1054
:103BA000B501C6010F94256C9801295F3F4F820F24
:103BB000931FA816B90690F160914C1070914D10AA
:103BC00045E050E0C6010F942B08AC019E01200F88
:103BD000311FFE01EC01CE1BDF0BDE01AE0FBF1F5C
:103BE00060914C1070914D10E217F30729F081910C
:103BF000A60FB71F8C93F1CF0550110980E3F11088
:103C000081E3400F511FDF91CF911F910F91FF90E2
:103C1000DF90CF90BF90AF900D94881D80E0DF9132
:103C2000CF911F910F91FF90DF90CF90BF90AF90F9
:103C30000895FF920F931F93CF93DF938C01EB01B5
:103C4000F42E90E080E0209739F060914E10709152
:103C50004F10CE010F94256C2F2DAC01BE01C80171
:103C6000DF91CF911F910F91FF900D94BA1DCF92CC
:103C7000DF92EF92FF920F931F93CF93DF93CDB715
:103C8000DEB7C054D1090FB6F894DEBF0FBECDBF6A
:103C90002091D10E3091D20E2530310509F44AC061
:103CA000009709F447C06A017B018C0140E450E0B1
:103CB000BC01CE0101960F942C786FE270E0CE012A
:103CC00001960F94F377892B41F4980143E050E07B
:103CD00060E4CE0101960E9495CD4FE350E0B6011D
:103CE000CE0101960F940E780F94F307882311F1FB
:103CF0008091D10E9091D20E0697E1F48091D00E72
:103D0000811118C041E0B701CE0101960F94191E30
:103D100081E090E0C05CDF4F0FB6F894DEBF0FBECD
:103D2000CDBFDF91CF911F910F91FF90EF90DF906A
:103D3000CF90089590E080E0EDCF0F931F93CF9345
:103D4000DF938C01EB0190E080E0209739F06091E7
:103D50004E1070914F10CE010F94256C20E0AC01F5
:103D6000BE01C801DF91CF911F910F910D94BA1D33
:103D70000F931F93CF93DF93EC0100914E1010919E
:103D80004F10B8010F94256C099608171907E8F130
:103D90000F94F3078823C9F1809154109091551026
:103DA000019681F19093551080935410E0914C103E
:103DB000F0914D10809155108583E0914C10F09159
:103DC0004D1080915410868360914C1070914D106D
:103DD00047E050E0CE010F942B08E0914C10F09199
:103DE0004D10E80FF91F1082AC0144505109609149
:103DF0004C1070914D1082E8DF91CF911F910F917F
:103E00000D94881D81E090E0CDCF80E0DF91CF91CF
:103E10001F910F9108958F929F92AF92BF92DF9260
:103E2000EF92FF920F931F93CF93DF93CDB7DEB73F
:103E3000DA950FB6F894DEBF0FBECDBFD82E8091B5
:103E400071108983DA828FEF8D0D8430C8F58091EF
:103E50007310909174109B838C8380917510909156
:103E600076109D838E83E6E02E2F30E042E04E0FE9
:103E700081E08E0F90E08E010F5F1F4F55E0D51649
:103E800039F1A6E0DA1691F17801D8018FEF9FEFB2
:103E9000B02E2A2F201B2E1770F52D91822728E097
:103EA00030E0AC014170552796958795452B21F060
:103EB000F1E08F27F0EA9F272150310991F7E9CFF0
:103EC0008091F9109091FA109B838C83E4E0CCCF21
:103ED0005091FB106091FC10200F311FF90160839D
:103EE000800F911FDC015C93E42FCECF5091FD1029
:103EF0006091FE10F1CFD801AE0FB11D8C9322E07E
:103F0000A22EAE0EEF5FE00FF12FF11D9083F801AE
:103F1000EA0DF11D108280916F1090917010DC01FC
:103F2000ED91FC910284F385E02D1995019699F7A6
:103F3000E0918811F0918911309709F019958091DD
:103F40006F1090917010DC01ED91FC912E2D2B19CA
:103F50002A1540F4D7016D917D010190F081E02D8B
:103F60001995EDCF0680F781E02D1995E0918A1122
:103F7000F0918B11309709F019950F947C1D4B012E
:103F80005C01E12C88E0F82E80916F109091701008
:103F9000DC01ED91FC910084F185E02D1995892BD0
:103FA00009F43FC080916F1090917010DC01ED9189
:103FB000FC910284F385E02D199590917110891779
:103FC00019F0EE2009F48EC0F801EE0DF11D80838A
:103FD000FA94E394B5E0EB1285C0EA818E2F8F77D7
:103FE000D81221C1E7FF5CC08B818823A1F1109218
:103FF0007F11109281111092801110928411D3952B
:104000000FB6F894DEBF0FBECDBFDF91CF911F91E9
:104010000F91FF90EF90DF90BF90AF909F908F90A7
:104020000895E0918611F0918711309799F21995D2
:1040300080916F1090917010DC01ED91FC910084E3
:10404000F185E02D1995892B29F2F1109DCFF4E02F
:10405000FE1508F05BC02FEF3FEFE0E08E2D90E003
:10406000AC01425051096E2F70E0641775070CF0D7
:1040700085C0600F711FDB016C91262768E070E03E
:10408000D901A170BB2736952795AB2B21F0B1E064
:104090002B27B0EA3B276150710991F7EF5FE3CF1F
:1040A000E150E731F8F4F0E08827E65AFF4D8E4FF3
:1040B0000D94917391039103910391034F034F0367
:1040C0003503350335033503350335033503350330
:1040D0004F034F03350335033503350335030F0213
:1040E0009103FB800F947C1D681979098A099B094B
:1040F000613D77408105910508F4A7CF82EE77CF27
:10410000B5E0FB2EEFCFA3E0FA2EECCF8A8185300D
:1041100038F4833038F4813008F03FC080E067CF56
:104120008731E1F76B8170E075956795A091F71085
:10413000B091F81020E0422F50E04617570774F76F
:10414000809172102817B0F4CA010296880F991F47
:10415000440F551F7D01E40EF51EAE01480F591F97
:10416000FA013081800F911FFC018081932FF701AC
:1041700091838083209385112F5FDDCF400F511FE6
:10418000FA014081421307C08C0F9D1FDC018C9106
:10419000831709F4BBCF83EE2ACFFB806F2D70E02D
:1041A000759567954091F7105091F81020E0822F97
:1041B00090E08617970704F5309172102317C0F42A
:1041C000880F991FDA01A80FB91F05E010E00C0F46
:1041D0001D1F080F191FF8013081E4E0F0E0EC0F1B
:1041E000FD1F8E0F9F1FFC018081932F8D939C9349
:1041F000209385112F5FDBCFF0FE90CF30917210AE
:10420000231768F4880F991F480F591F8C0F9D1FA3
:10421000DC0114968C9190E0FA01918380832F5FEA
:10422000209385117BCF81EEE2CE8F929F92AF9249
:10423000BF92CF92DF92EF92FF920F931F93CF9393
:10424000DF93CDB7DEB7C054D1400FB6F894DEBFD0
:104250000FBECDBF8C010F947C1DF801C184D284A8
:10426000E384F4849B01AC012C193D094E095F09DC
:1042700069017A0130EDC31637E0D306E104F10499
:10428000A8F48189C05CDE4F0FB6F894DEBF0FBE84
:10429000CDBFDF91CF911F910F91FF90EF90DF90F5
:1042A000CF90BF90AF909F908F9008956187728755
:1042B000838794871482138212821182108262E0B3
:1042C00085810F94451961E070E080E090E00F94E3
:1042D0008A1B61E0F80185810F94451960E0F801BF
:1042E00085810F941719F80186818551823028F550
:1042F0008BE291E10197F1F762E0F80185810F947B
:104300004519F801828990E08230910538F0880FD4
:10431000991F880F991F05970197F1F7F89460E0AE
:10432000C8010F945E446F3F7F4F8F4F9F4F61F4E2
:10433000F801118A789480E0A5CF64E170E080E014
:1043400090E00F948A1BD8CF61E0C8010F945E44BF
:104350006F3F7F4F8F4F9F4F59F39E012F5F3F4F0E
:1043600079015E013FEBA31A3EEFB30A670160E0FB
:10437000C8010F945E44F601608371838283938346
:1043800061E0C8010F945E44F601648375838683FF
:104390009783F8E0CF0ED11CCA14DB0441F7789460
:1043A00030E020E0F70180809180A280B3804481DA
:1043B000558166817781FFEF8F169F06AF06BF0696
:1043C00031F04F3F8FEF58076807780719F4F8016D
:1043D000118AB1CFF90183E0F595E7958A95E1F768
:1043E000E00FF11F8081880F84169506A606B70698
:1043F000F0F080832F5F3F4FF8E0EF0EF11C283282
:10440000310581F6F801448120818181280F33270D
:10441000331F8281280F311D8381820F932F911DBD
:1044200099274817190699F681E0818B2BCF816077
:10443000E0CF8F929F92AF92BF92CF92DF92EF9296
:10444000FF92CF93DF93EC010F947C1D4B015C0135
:1044500080914A1090914B10DC01ED91FC91008409
:10446000F185E02D1995892BB9F40F947C1D6B0112
:104470007C01C818D908EA08FB0820915210309135
:104480005310A8EEB3E00F946E73C616D706E80675
:10449000F906F0F280E00DC080914A1090914B1027
:1044A000DC01ED91FC910284F385E02D1995888360
:1044B00081E0DF91CF91FF90EF90DF90CF90BF90A0
:1044C000AF909F908F9008952F923F924F925F925E
:1044D0006F927F928F929F92AF92BF92CF92DF9214
:1044E000EF92FF920F931F93CF93DF9300D000D0F2
:1044F00000D01F92CDB7DEB71C0180914C10909177
:104500004D100F94192281111CC060E070E0CB01A6
:104510002A960FB6F894DEBF0FBECDBFDF91CF91C4
:104520001F910F91FF90EF90DF90CF90BF90AF90D1
:104530009F908F907F906F905F904F903F902F90C3
:104540000895E0914C10F0914D10D0801982EE2426
:10455000E394F12C812C912C5401412C512C3201EB
:104560004394CE0101960F941922882371F287019A
:104570000F5F1F4F8981E0914C10F0914D10EE0DAF
:10458000FF1D8083E981AE2FAF77B0E0A3019201D8
:104590000F945B73860E971EA81EB91E37E0440C5D
:1045A000551C661C771C3A95D1F7E7FD3FC0BD2D21
:1045B000B07FBE838FEF800FF1018083B03309F0AD
:1045C0004CC080914C1090914D10800F911F0F9412
:1045D0001922882309F499CF20914C1030914D1065
:1045E000C7010296820F931F0F941922882309F4A2
:1045F0008CCF0E5F1F4FE0914C10F0914D10D10108
:104600008C91DF01A80FB11D11968C91119790E04C
:10461000982F882712962C91820F911D208121FDC1
:104620000296F2E0E0E030E020E01DC078010530C5
:10463000110509F096CF8FEF9FEF90936E10809346
:104640006D1080914A1090914B10DC01ED91FC911E
:104650000488F589E02D199558CFF0E0E0E030E0CE
:1046600020E090E080E070E060E0CF2EDE2EE32ED0
:10467000F22E28013B014C185D086E087F084A8223
:104680005B826C827D822C01712C612C4F8258865A
:1046900069867A864A805B806C807D804C0C5D1CCC
:1046A0006E1C7F1CC814D904EA04FB0408F046C041
:1046B000CE0101960F941922882309F426CF809108
:1046C0006B1090916C10009711F12E812033F9F44A
:1046D000D1012C914EEF5FEF6FEF7FEF421B51093D
:1046E00061097109440E551E661E771E2F8138859B
:1046F00049855A85241535054605570540F4DC01E2
:10470000ED91FC910190F081E02D698119958091E6
:104710004E1090914F100817190750F48981E091BD
:104720004C10F0914D10E00FF11F80830F5F1F4F71
:10473000BFEFCB1ADB0AEB0AFB0AACCF80916B1000
:1047400090916C10892B69F480914E1090914F10CC
:10475000B0E0A0E084159505A605B70510F410E0BB
:1047600000E0B80190E080E0D3CE2F923F924F92CC
:104770005F926F927F928F929F92AF92BF92CF92F1
:10478000DF92EF92FF920F931F93CF93DF931F92CD
:10479000CDB7DEB70F94F307B82E882309F431C1E3
:1047A0000F947C1D6B017C012091501030915110B1
:1047B000A8EEB3E00F946E7300915A1010915B1045
:1047C00020915C1030915D1036014701601A710A2A
:1047D000820A930A94018301601771078207930785
:1047E000B0F0009156101091571020915810309150
:1047F000591036014701601A710A820A930A94011E
:104800008301601771078207930708F046C0809103
:104810005E10882399F08CEF9FEF90936E10809339
:104820006D1080914A1090914B10DC01ED91FC913C
:104830000488F589E02D1995B12CE3C0E0914C1066
:10484000F0914D1080EC8083E0914C10F0914D1070
:10485000118280914A1090914B1060914C10709190
:104860004D10DC01ED91FC910280F381E02D42E0DE
:1048700050E01995C0925610D0925710E0925810FF
:10488000F0925910C0925A10D0925B10E0925C10D6
:10489000F0925D1081E080935E1080914A109091BB
:1048A0004B10DC01ED91FC910084F185E02D199510
:1048B000892B09F4A6C0CE0101960F9464222B0126
:1048C000672B09F4E6C0C0925A10D0925B10E092B8
:1048D0005C10F0925D10E0914C10F0914D108081D1
:1048E000807F803309F0B4C080915F109091601098
:1048F000892B09F486C0498150E0CA0102968E0FC7
:104900009F1FDF01A40FB51F11960C9110E0102F0F
:104910000027DC016C91060F111D4D5F5F4FBF0139
:10492000640F751FA8010F94C377E98180914C1023
:1049300090914D10800F911FE80FF92FF11D1282F9
:10494000E0914C10F0914D10298130E0C9010296A0
:104950008E0F9F1F40814670A42E80905F10909014
:104960006010B2E04B1362C0B801620F731FDF0129
:10497000A60FB71F13964C91139750E0542F44275E
:1049800014962C90240E352E311C4BEF5FEF421BFA
:10499000530B401B510B440D551D6B5F7F4F6E0F2A
:1049A0007F1FF4011995E0914C10F0914D1080E4B7
:1049B0008083E0914C10F0914D10A182E0914C1059
:1049C000F0914D103282E0914C10F0914D10238205
:1049D00080914A1090914B1060914C1070914D1045
:1049E000DC01ED91FC910280F381E02D44E050E088
:1049F0001995C0925610D0925710E0925810F0922C
:104A000059108B2D0F90DF91CF911F910F91FF9037
:104A1000EF90DF90CF90BF90AF909F908F907F905E
:104A20006F905F904F903F902F9008954DEF5FEF04
:104A3000421B530B401B510B440D551D2D5F3F4F27
:104A4000020F131FBF01600F711FF4011995D9CF19
:104A5000803CC9F480ED8083E0914C10F0914D10C2
:104A6000118280914A1090914B1060914C1070917E
:104A70004D10DC01ED91FC910280F381E02D42E0CC
:104A800050E01995BECF803D09F0BBCF10925E106B
:104A9000B8CF0F94F3078111B4CFCECECF93DF936D
:104AA000C6E4D0E1EE81FF8180EE8083EE81FF815C
:104AB00011828C819D816E817F81DC01ED91FC9161
:104AC0000280F381E02D42E050E019958FEF9FEFD7
:104AD00098A78FA38C819D81DC01ED91FC910680CC
:104AE000F781E02D19958C819D81DC01ED91FC9180
:104AF0000488F589E02D19950F947C1D688B798BBE
:104B00008A8B9B8B6C8B7D8B8E8B9F8BDF91CF9158
:104B100008959F92AF92BF92CF92DF92EF92FF9251
:104B20000F931F93CF93DF937C015B0160914E1035
:104B300070914F10C5010F94256C8C010F94F307F1
:104B4000882309F473C060914E1070914F10C70113
:104B50000F94256C6C01E0914C10F0914D1081E3A5
:104B60008083E8012296CC0DDD1D21E030E08C2F02
:104B70008F77CC0FCD2FCC1FDD0BD195209709F06F
:104B80008068A9014F5F5F4FE0914C10F0914D108C
:104B9000E20FF31F808399249A94940E209779F55D
:104BA00060914C1070914D10C7010F942B08A0918B
:104BB0004A10B0914B1060914C1070914D10ED91D6
:104BC000FC9111970280F381E02DAC01CD01199584
:104BD0007C010C171D07A9F080914A1090914B1091
:104BE000F501EC0FFD1F6491DC01ED91FC9101904A
:104BF000F081E02D1995E80EF91E2196EACF9A0171
:104C0000B6CF0F947C1D609356107093571080930D
:104C10005810909359100D5F1F4F0C0D1D1D090D5D
:104C2000111D81E00E151F0509F080E0DF91CF9185
:104C30001F910F91FF90EF90DF90CF90BF90AF90BA
:104C40009F9008959F92AF92BF92CF92DF92EF9282
:104C5000FF920F931F93CF93DF9300D000D0CDB777
:104C6000DEB76C01FC01E480F580E114F104E1F0B1
:104C7000A080B18062E270E0C5010F94F3778C01EF
:104C80000A191B09892B11F40FEF1FEFEA0CFB1C0B
:104C9000F7019080108262E270E0C5010F943B78CA
:104CA000F7019082009731F4B6018DEF91E10F94F6
:104CB000FB3A1BC09C012A193B0917FDF5CF1216C0
:104CC000130694F7A8014F5F5F4FB601CE0101961E
:104CD0000F94343BBE016F5F7F4F8DEF91E10F94D6
:104CE0006A3ACE0101960F94123B6DE374E380EDB6
:104CF00092E10F94F93E6DEF71E1CE0101960F94B0
:104D00001A3BBE016F5F7F4F80ED92E10F94EB3E47
:104D100080ED92E10F948D3DCE0101960F94123BF0
:104D200081E026960FB6F894DEBF0FBECDBFDF91AF
:104D3000CF911F910F91FF90EF90DF90CF90BF9098
:104D4000AF909F9008950F931F93CF93DF9300D060
:104D500000D0CDB7DEB78091FB119091FC11892B6B
:104D600011F480E06FC00F9457098823D1F380912C
:104D70000112909102128097A0F7A091FB11B091BF
:104D8000FC1152961C921E92519754961C921E92A0
:104D9000539784E890E01D969C938E931C971E96E3
:104DA0001C921E9782E755968C935597ED91FC9136
:104DB00011970088F189E02D60E670E0CD0119952A
:104DC0006DEF71E18091FB119091FC110F94EB3E1E
:104DD0008091FB119091FC11DC01ED91FC9101900F
:104DE000F081E02D60E019958C018091FB1190918C
:104DF000FC11DC01ED91FC910488F589E02D1995F9
:104E000001151105D9F061E374E380ED92E10F948F
:104E1000F93E6DEF71E1CE0101960F941A3BBE0190
:104E20006F5F7F4F80ED92E10F94EB3E80ED92E15A
:104E30000F948D3DCE0101960F94123B81E0012B22
:104E400009F48FCF26960FB6F894DEBF0FBECDBF04
:104E5000DF91CF911F910F9108954F925F926F92C2
:104E60007F92AF92BF92CF92DF92EF92FF920F9319
:104E70001F93CF93DF93CDB7DEB764970FB6F89447
:104E8000DEBF0FBECDBF8A0179011C8A1B8AFE01DD
:104E900033962AE0DF011D922A95E9F776276727E6
:104EA00076277A8369834230510509F457C06CF440
:104EB0004130510509F45BC080E091E098878F8311
:104EC0008B81806884608B8308C0CA010497029735
:104ED00098F780E091E09E838D83C0909111D090EF
:104EE0009211D601ED91FC91A488B58868E272E038
:104EF000CE010D960F943E3F49EE54E1BE01635F33
:104F00007F4FC601F50119958091911190919211F1
:104F1000DC01ED91FC910280F381E02D4CE050E04A
:104F2000BE016F5F7F4F19958B899C890C969C8B76
:104F30008B8B0330110509F4D1C13CF5013011050B
:104F400009F4FAC10230110509F46CC0BE016F5FAB
:104F50007F4FCE0143960F941703CCC180E094E0BD
:104F600098878F8380E091E09C878B87A9CF80E032
:104F700091E09E838D839C878B878C81807F83606B
:104F80008C838B81846080689ECF06301105F4F697
:104F90008091BB119091BC110530110521F08091D9
:104FA000B9119091BA1121E030E0AE014F5F5F4F2F
:104FB000BE016D5E7F4F0F947A021B82198281E0E1
:104FC0000530110509F48CE08A8381E08C8380919F
:104FD000911190919211DC01ED91FC910280F3818D
:104FE000E02D4CE050E0BE016F5F7F4F19958B893B
:104FF0009C890C969C8B8B8B0F947C1D21E030E060
:105000000530110511F030E020E0F9013B96EE0F7C
:10501000FF1FEE0FFF1FEF56FE4E608371838283EA
:10502000938368C130E020E0AE014F5F5F4FBE0167
:105030006D5E7F4FC7010F949203198281E28A83CC
:1050400000E80B8311E01C83412C512C612C48E7B4
:10505000742E4D825E826F827886E091A311F0916A
:10506000A411DF010D900020E9F7CD018E1B9F0BED
:1050700007969827892798279A8789878091911181
:1050800090919211DC01ED91FC910280F381E02D71
:105090004AE050E0BE016F5F7F4F19958B899C8974
:1050A0000A969C8B8B8B1C821B821A821982670149
:1050B000BAE0CB0ED11CC601880F991FFC01EF5638
:1050C000FE4E5F010190F081E02D80819181982753
:1050D000892798279E838D838091911190919211B9
:1050E000DC01ED91FC910280F381E02D46E050E07F
:1050F000BE016F5F7F4F19958B899C8906969C8BAB
:105100008B8B21E030E0AE014F5F5F4FBE016D5EE3
:105110007F4F8091A3119091A4110F947A0230E0F7
:1051200020E0AE014F5F5F4FBE016D5E7F4FC70154
:105130000F949203198280E18A830B831C834D8232
:105140005E826F8278868091911190919211DC013C
:10515000ED91FC910280F381E02D48E050E0BE012A
:105160006F5F7F4F19958B899C8908969C8B8B8BE1
:10517000D501ED91FC910084F185E02D8091911194
:1051800090919211309709F074C019821A831B8292
:10519000DC01ED91FC910280F381E02D43E050E0D1
:1051A000BE016F5F7F4F19958B899C8903969C8BFD
:1051B0008B8B21E030E0AE014F5F5F4FBE016D5E33
:1051C0007F4F84EA9CE00F947A0219828CE08A83F4
:1051D0001B8281E08C8380E090E0A0E0B8E78D83C3
:1051E0009E83AF83B887F601EE0FFF1FEF56FE4E8A
:1051F0000190F081E02D0680F781E02DDF010D9018
:105200000020E9F7CD018E1B9F0B01969827892777
:1052100098279A8789878091911190919211DC014A
:10522000ED91FC910280F381E02D4AE050E0BE0157
:105230006F5F7F4F19958B899C890A969C8B8B8B0E
:1052400021E030E0AE014F5F5F4FBE016D5E7F4FEA
:10525000C7010F94920308E710E020E030E0AE01B0
:105260004F5F5F4FBE016D5E7F4FC7010F944F04CC
:105270006DCEDF010D900020E9F711978D010E1B17
:105280001F0B302F212F3A832983DC01ED91FC91F4
:105290000280F381E02D42E050E0BE016F5F7F4F5E
:1052A00019958B899C8902969C8B8B8B809191118F
:1052B00090919211D501ED91FC9160857185DC0191
:1052C000ED91FC910280F381E02DA80119958B8965
:1052D0009C89080F191F1C8B0B8B6BCF00E010E013
:1052E0009801AE014F5F5F4FBE016D5E7F4FC701FA
:1052F0000F944F048091911190919211DC01ED91E6
:10530000FC91008CF18DE02D199581E090E0649680
:105310000FB6F894DEBF0FBECDBFDF91CF911F91C6
:105320000F91FF90EF90DF90CF90BF90AF907F9064
:105330006F905F904F90089521E030E0AE014F5F95
:105340005F4FBE016D5E7F4F8091A3119091A411BC
:105350000F947A021B8219828CE18A8381E08C830C
:105360008091911190919211DC01ED91FC9102805C
:10537000F381E02D44E050E0BE016F5F7F4F19954F
:105380008B899C8904969C8B8B8BE0CDEF92FF924E
:105390000F931F93CF93DF9300D000D0CDB7DEB72C
:1053A0008C018091CF119091D011892B09F10115B9
:1053B000110569F0F80101900020E9F731970E1707
:1053C0001F0720F4319781818E32C9F71182E09056
:1053D000CF11F090D0116115710509F1CE01019640
:1053E0000F943E3FBE016F5F7F4FC801F7011995D3
:1053F0008091B9119091BA110F943E6A1092BA112E
:105400001092B91126960FB6F894DEBF0FBECDBF2D
:10541000DF91CF911F910F91FF90EF90089580E45D
:1054200095E09A8389838091471390914813A091C6
:105430004913B0914A138B839C83AD83BE83D2CF33
:105440002F923F924F925F926F927F928F929F9294
:10545000AF92BF92CF92DF92EF92FF920F931F9382
:10546000CF93DF93CDB7DEB7C35DD1090FB6F89404
:10547000DEBF0FBECDBF0F947C1DC154DF4F6883CC
:1054800079838A839B83CF5BD040FE01E558FF4F31
:105490008AE0DF011D928A95E9F7C755DF4F19822F
:1054A0001882C95AD0408091911190919211DC01DB
:1054B000ED91FC91028CF38DE02D19958C010097F4
:1054C00089F00F94A2693C01809191119091921101
:1054D000DC01ED91FC916114710491F40680F78177
:1054E000E02D1995C555DF4F1882CB5AD040C754CF
:1054F000DF4F188219821A821B82C95BD04052C0CA
:10550000048CF58DE02DA801B30119951E01BFE6AD
:105510002B0E311C8CE0F301D10101900D928A9584
:10552000E1F7F101808191819827892798279C01D3
:1055300050E040E0C754DF4F288339834A835B83C0
:10554000C95BD04084819581B82EA92ECD53DF4F01
:10555000B982A882C35CD040A680B780E084F18481
:10556000028513858281887F79F4809191119091D1
:105570009211DC01ED91FC9102A0F3A1E02D1995AF
:10558000893E944109F445C0F1018281887F8038C9
:1055900009F4D9C1C555DF4F1882CB5AD040C30199
:1055A0000F943E6A4E012BE7820E911C31E9A32E27
:1055B00031E1B32E7501D12CC12C84017724739471
:1055C000D4018D914D01882311F40D945A33C114E7
:1055D000D10411F00D944C3360919111709192119E
:1055E000DB01ED91FC9100A0F1A1E02DCE0101962F
:1055F000199530E020E050E040E0C754DF4F68816B
:1056000079818A819B81C95BD0400F942D270D94AD
:105610005A330CE010E0C555DF4F1882CB5AD0400A
:10562000C355DF4F19821882CD5AD040C355DF4F82
:10563000A880B980CD5AD040CD53DF4F2881398121
:10564000C35CD040A216B30609F4A9CFA091A31160
:10565000B091A411B8A3AF8F1FAEFD01019000203F
:10566000E9F73197EA1BFB0BFA83E98381E08BAB07
:1056700044EA5CE05AA349A321961FAE21972CE18E
:1056800030E03C832B838CABA5EAEA2EA1E1FA2E15
:105690002E015FE1450E511CDE01DF96CE01C3965F
:1056A0009E012F5F3F4FA201DD24D394F70161914A
:1056B00071917F016115710509F4AFC0FB0166812D
:1056C00077816115710509F4A8C0FA0175836483B7
:1056D000FB0101900020E9F731975F01A61AB70A94
:1056E000F901B582A482FC01D28212961C92129713
:1056F0004E5F5F4F2E5F3F4F01961196F5EBEF1611
:10570000F1E1FF0699F6F301E00FF11FA080C1550A
:10571000DF4FA882CF5AD040D101AC92C801019688
:10572000CA2CD12CB1E8CB16D1040CF47FC0860D65
:10573000971DFC012081D1012C930E5F1F4FFE01AC
:10574000FF9690E080E03191332349F0231739F040
:10575000A3E3B0E0AC0FBD1FA80FB91F1C920196C8
:105760008A30910581F7C155DF4F2881CF5AD0404B
:105770002150330B2038310530F2F301E00FF11FD7
:1057800084E0D10101900D928A95E1F70C5F1F4FE3
:10579000D1014C9113965C91139712963C911297FC
:1057A0003F7711962C91FE01E558FF4F90E080E085
:1057B000FF24F39461916111A7C0D2016D917C9196
:1057C000672B09F4A1C0A3E3B0E0AC0FBD1FA80F85
:1057D000B91F6C91662309F497C0DC01AA0FBB1FA7
:1057E000AA24A394B12CAC0EBD1EAA0DBB1D6D91B5
:1057F0007C91672B09F088C0411186C0513009F0B7
:1058000083C0311181C0009709F075C0213009F0C3
:1058100091C0DF011197FC9277C0FA0115821482C2
:10582000F90115821482FC0112825FCF8C01C11430
:10583000D10409F498CF5601BDE0CB16D1041CF079
:10584000FCE0AF2EB12CB301600F711FA501C101A7
:105850000F94BA770A0D1B1DCA18DB08FE01E55824
:10586000FF4FCD54DF4FF983E883C35BD0409E01E7
:105870002D5C3F4F7901912C812CCD54DF4FA881B5
:10588000B981C35BD0408D91CD54DF4FB983A883DC
:10589000C35BD040811120C0F701F081CF54DF4FAE
:1058A000F883C15BD040FF23B9F0C401880F991F72
:1058B00061E070E06C0F7D1F680F791F9501A101F9
:1058C000840D951D0F94F303CF54DF4F2881C15BE6
:1058D000D0408223D7018C93BFEF8B1A9B0AEFEF46
:1058E000EE1AFE0AFAE08F16910439F61C141D0414
:1058F0000CF4A1CF38CF2C3009F48BCF203109F430
:1059000088CF213209F485CF019672E0470E511CF1
:105910008A30910509F04ECFC355DF4F88819981B8
:10592000CD5AD0400196C355DF4F99838883CD5A15
:10593000D0407CCE2C3141F761E0C555DF4F688304
:10594000CB5AD040E1CF8091911190919211DC011E
:10595000ED91FC9102A0F3A1E02D1995893E9441AF
:1059600009F018CE8091B9119091BA11892B39F4B0
:105970008091BB119091BC11892B09F40BCE8EE163
:10598000FE013196DF011D928A95E9F7FE968CE0C3
:10599000DF01282F1D922A95E9F7B496DF011D92A9
:1059A0008A95E9F7C855DF4F1882C85AD040C955C3
:1059B000DF4F1882C75AD040BA24AB24BA24CD5343
:1059C000DF4FE881F981C35CD040EA0DFB1DCB536A
:1059D000DF4FF983E883C55CD040FE24EF24FE242A
:1059E000EE0DFF1DC753DF4FF983E883C95CD0403C
:1059F000102701271027E00FF11FC353DF4FF98352
:105A0000E883CD5CD040C354DF4F1882CD5BD040DB
:105A10008CE090E0F12CE12C27E930E02C0F3D1FC9
:105A20002E5F3F4FC053DF4F39832883C05DD04086
:105A30004BE950E04C0F5D1F4E5F5F4FCE52DF4F82
:105A400059834883C25DD040C353DF4FA880B980DB
:105A5000CD5CD040EA14FB0408F075C5A091B911E3
:105A6000B091BA11109709F030C2C556DF4F1982B4
:105A70001882CB59D040CB55DF4F1882C55AD04041
:105A8000C956DF4F19821882C759D040A091BB1167
:105A9000B091BC11109709F432C2C356DF4FB983DD
:105AA000A883CD59D040FD0101900020E9F731973E
:105AB000EA1BFB0BC756DF4FF983E883C959D04077
:105AC00021E0CA55DF4F2883C65AD0409E012D5988
:105AD0003F4FC555DF4F39832883CB5AD040AE01A5
:105AE000415E5F4FC355DF4F59834883CD5AD04045
:105AF0001E015BE8250E311C59016CE0A60EB11C9D
:105B0000A101C355DF4F68817981CD5AD0408E0104
:105B10000D5C1F4FDD24D394F901A191B1919F0138
:105B2000109779F0F801B183A083FD010190002066
:105B3000E9F73197EA1BFB0BDB01ED93FC93FA01CC
:105B4000D0820E5F1F4F6E5F7F4F4F5F5F4F2A15F2
:105B50003B0511F7FE01ED55FF4F11821082CE5526
:105B6000DF4F1882C25AD040CF55DF4F1882C15A3A
:105B7000D040C056DF4F1882C05AD040C156DF4FC8
:105B80001882CF59D04010E050E040E0F301E80F18
:105B9000F91FA080CB54DF4FA882C55BD040E096B0
:105BA000AFAEE0976C012FEFC21AD20A8A2C912C6B
:105BB000BA016F5F7F4FC155DF4F79836883CF5A3A
:105BC000D04071E8871691040CF4C4C1F301EC0DC8
:105BD000FD1D2081E0962FAFE0970296C955DF4F5B
:105BE0003881C75AD0403111A3C131E0C156DF4FCF
:105BF0003883CF59D04031E0CF55DF4F3883C15A79
:105C0000D040C855DF4F3881C85AD040311199C1B2
:105C100031E0C056DF4F3883C05AD04031E0CE5516
:105C2000DF4F3883C25AD040DA011296C155DF4F98
:105C3000B983A883CF5AD040112309F4CCC2CB54E6
:105C4000DF4F4881C55BD0404150550B403851056E
:105C500008F467C1CD53DF4FA880B980C35CD04042
:105C60006C0124E0C20ED11CEA14FB0408F458C3F2
:105C7000CB53DF4FA880B980C55CD040EA14FB0449
:105C800040F0C354DF4FB880CD5BD040BB2009F457
:105C90005AC42E012FE6420E511C24E0F301E80FF6
:105CA000F91FD20101900D922A95E1F76C0134E0C1
:105CB000C30ED11CCB53DF4FA880B980C55CD04048
:105CC000EA14FB0408F0A4C29E0129553F4FC954B1
:105CD000DF4F39832883C75BD040AE0145565F4F05
:105CE000C553DF4F59834883CB5CD040BE0161561A
:105CF0007F4FC355DF4F79836883CD5AD040CE01A3
:105D000087559F4FCD54DF4F99838883C35BD04025
:105D1000DE01AF55BF4FCB54DF4FB983A883C55BBE
:105D2000D040FE01E956FF4FCF54DF4FF983E8839F
:105D3000C15BD04021E030E0C953DF4F3983288375
:105D4000C75CD040312C212C20E08CEFC155DF4FB7
:105D50003881CF5AD040831BC153DF4F8883CF5C3B
:105D6000D040C954DF4FA881B981C75BD0408D9125
:105D7000C954DF4FB983A883C75BD040811109C0E4
:105D8000FD013197C153DF4F8881CF5CD0408C0D2E
:105D90008083C553DF4FE881F981CB5CD04081918E
:105DA0009191C553DF4FF983E883CB5CD040892BB9
:105DB00009F47FC0E5EAF0E0EC0FFD1FE20DF31DF2
:105DC0008081882351F0CF54DF4FA881B981C15B16
:105DD000D0404D915C91452BF9F0E3EAF0E0EC0FF7
:105DE000FD1FE20DF31D9081992349F0CB54DF4F45
:105DF000E881F981C55BD040908191110DC0C355F8
:105E0000DF4FA881B981CD5AD0409C91992309F4E4
:105E100050C0882309F44DC0F2018081811149C02E
:105E2000818190E02114310409F4DAC50C9709F05E
:105E300040C0D20112968C9112978F77D1F51396AC
:105E40008C9113978130A9F5CD54DF4FE881F9810A
:105E5000C35BD0408083F301EC0DFD1D86E0019013
:105E60000D928A95E1F7D2011496AD90BC90BA24B8
:105E7000AB24BA2486010A5F1F4F2114310409F0B4
:105E8000ACC1B4E0AB16B10481F484E0F301E00FDF
:105E9000F11FD20101900D928A95E1F7B201809134
:105EA000B9119091BA110F94C6296501C00ED11E87
:105EB00021E0C953DF4FE881F981C75CD0403297B8
:105EC00009F091C521112CC251C2C556DF4FB983CB
:105ED000A883CB59D040FD0101900020E9F731970C
:105EE000EA1BFB0BC956DF4FF983E883C759D04043
:105EF00021E0CB55DF4F2883C55AD040C7CDC356CC
:105F0000DF4F19821882CD59D040CA55DF4F188211
:105F1000C65AD040C756DF4F19821882C959D0409F
:105F2000D5CDC155DF4F48815981CF5AD0402ECEB3
:105F3000231709F45ACECB55DF4F1882C55AD040EB
:105F40005ACE231709F464CECA55DF4F1882C65AB9
:105F5000D04064CE8114910409F43BC1CD53DF4F8E
:105F6000A880B980C35CD040C601880D991DEA1491
:105F7000FB0408F464CE111102C01FEF1C0D2401B4
:105F800052012DE0421651041CF0ACE0AA2EB12CB7
:105F9000B3016C0D7D1DA501CE0181599F4F0F945A
:105FA000BA77CA0CDB1C4A185B08C755DF4F8881DB
:105FB000C95AD040811121C0CB55DF4F0881C55A45
:105FC000D0400023D1F0C556DF4F88819981CB594D
:105FD000D040892B91F09501AE0141595F4FBE0130
:105FE00069567F4FCE0185569F4F0F94F303802350
:105FF000CB55DF4F8883C55AD040CD55DF4F8881C0
:10600000C35AD04081110AC0CB55DF4F8881C55A91
:10601000D040CD55DF4F8883C35AD040CF55DF4F96
:106020001882C15AD040C655DF4F8881CA5AD04025
:10603000811127C0CA55DF4F0881C65AD0400023BE
:1060400001F1C356DF4F88819981CD59D040892B0A
:10605000C1F09501AE0141595F4FC053DF4F6881D8
:106060007981C05DD040CE52DF4F88819981C25D79
:10607000D0400F94F3038023CA55DF4F8883C65A5C
:10608000D040CC55DF4F8881C45AD04081110AC01E
:10609000CA55DF4F8881C65AD040CC55DF4F888320
:1060A000C45AD040CE55DF4F1882C25AD040CD548A
:1060B000DF4F39822882C35BD040C555DF4F48810E
:1060C0005981CB5AD040C954DF4F59834883C75BAD
:1060D000D040CF54DF4F19821882C15BD040C954E1
:1060E000DF4FA881B981C75BD0408D919D91C95484
:1060F000DF4FB983A883C75BD040892BC1F1CD5452
:10610000DF4FE881F981C35BD0400081002379F142
:10611000CF54DF4F88819981C15BD040880F991F90
:10612000EFE1F0E0EC0FFD1FE80FF91F2081318156
:106130002A153B05E4F0C355DF4F68817981CD5ABC
:10614000D040680F791F9501AE0141595F4FA3E31D
:10615000B0E0AC0FBD1F8A0F9B1F0F94F303802389
:10616000CD54DF4FE881F981C35BD0408083CF54A9
:10617000DF4F28813981C15BD0402F5F3F4FCF5423
:10618000DF4F39832883C15BD040CD54DF4F488136
:106190005981C35BD0404F5F5F4FCD54DF4F598370
:1061A0004883C35BD0402630310509F098CF1414E2
:1061B00015040CF4E5CEC155DF4FA880B980CF5A45
:1061C000D040A80CB91CC155DF4FB982A882CF5A64
:1061D000D040C60134CD122F32CDC555DF4FE881F6
:1061E000F981CB5AD040D12CC12C81919191892B2E
:1061F00009F495C32FEFC21AD20A36E0C316D104B0
:10620000A1F753CEF401EA0DFB1D33971082BEC3F4
:10621000C753DF4FA880B980C95CD040EA14FB04A3
:1062200008F4A4C0D20111962C91213209F0B2C019
:10623000FE01E95AFF4F30E020E0412F50E0C55504
:10624000DF4FA881B981CB5AD0406D917D91C55562
:10625000DF4FB983A883CB5AD040672B09F46EC0B7
:10626000112329F0608171814617570781F0C355CA
:10627000DF4FA881B981CD5AD0406D917C91672BB9
:1062800009F05CC0D1016C91662309F457C0F30199
:10629000EC0DFD1D46E0DE01A159BF4F01900D92AE
:1062A0004A95E1F78C01065F1F4FE596CEACDFAC57
:1062B000E597DC24CD24DC24B8E0CB16D10470F1C2
:1062C00088E0F301E00FF11FDE01A159BF4F0190FB
:1062D0000D928A95E1F7F901EE0FFF1F7BE4A72EDF
:1062E000B12CAC0EBD1EEA0DFB1DE5968EAD9FAD2B
:1062F000E59798278927982791838083E6968FAD25
:10630000E697813890F041E950E04C0F5D1F240F73
:10631000351FE7968FADE797D9018C93C00ED11E3C
:106320002FEFE21AF20AC6018FCBE1E9F0E0EC0FA1
:10633000FD1F2E0F3F1F86E0800FEECF2F5F3F4FD8
:10634000C355DF4F68817981CD5AD0406E5F7F4F52
:10635000C355DF4F79836883CD5AD0407FEF271A2A
:10636000370A32962630310509F069CFF4E0CF0EB6
:10637000D11CF301EC0DFD1D20813181E1963FAF71
:106380002EAFE1973227232732272E5F3F4FC20ED1
:10639000D31EC6CF203109F089C0FE01E95AFF4F54
:1063A000912C812C212F30E0C555DF4FA881B98178
:1063B000CB5AD0404D915D91C555DF4FB983A8832D
:1063C000CB5AD040452B09F456C0112329F0408107
:1063D00051812417350781F0C355DF4FA881B9815A
:1063E000CD5AD0404D915C91452B09F044C0D1016C
:1063F0004C91442309F43FC0F301EC0DFD1D26E050
:10640000DE01A159BF4F01900D922A95E1F7E59663
:10641000CEACDFACE597DC24CD24DC248C01065F18
:106420001F4FB2E0CB16D10408F478CF880C991C2A
:10643000E1E0F0E0EC0FFD1F8E0E9F1ED401DE9612
:106440008D919C91892B09F069CFC60101960F941B
:10645000A2695C01F40197AF86AF009709F45ECFA3
:10646000A601B301600F711F0F94BA77F501EC0D0F
:10647000FD1D108253CF4FEF841A940AC355DF4F8E
:1064800068817981CD5AD0406E5F7F4FC355DF4F11
:1064900079836883CD5AD0407FEF271A370A329626
:1064A000A6E08A16910409F07FCF60CF213009F071
:1064B0005DCFFE01319650E040E0208121113BC0CC
:1064C000111101C01FEF65E0649F9001659F300DC1
:1064D0001124E1E0F0E0EC0FFD1FE20FF31F108349
:1064E000F301EC0DFD1D46E0DE01A159BF4F019007
:1064F0000D924A95E1F7E596CEACDFACE597DC244A
:10650000CD24DC248C01065F1F4FB4E0CB16D104F0
:1065100009F004CFD9011196E1E0F0E0EC0FFD1F86
:10652000AE0FBF1F84E0F301E00FF11F01900D9249
:106530008A95E1F7F3CE4F5F5F4F359646305105B0
:1065400009F0BBCF13CF8090BB119090BC11811488
:10655000910409F46DC0F4012F018191882311F099
:106560008E32D1F7D2011C925E01B3E6AB0EB11CA4
:10657000D12CC12CF501819191915F01892B09F4F6
:106580004CC0E1E9F0E0EC0FFD1FEC0DFD1D30818A
:10659000FE01319670E060E090E080E0AF01208184
:1065A000231719F02F3F09F065C0F5E0F89FB001FF
:1065B000F99F700D11246F5F7F4F640F751F20903E
:1065C000D1113090D2112114310439F1C601880F54
:1065D000991FEFE3F0E0EC0FFD1FE80FF91FE080DB
:1065E000F1802BE430E02C0F3D1F820F931FDC0164
:1065F0000D911C91CE018B579F4F0F943E3FF5019B
:106600003297408151816091CD117091CE119E01E0
:106610002B573F4FC401F1011995FFEFCF1ADF0A45
:1066200026E0C216D10409F0A5CF8EE2D2018C93E8
:106630008E010D591F4F7E01BFE3EB0EF11C680167
:10664000ECE0CE0ED11CD8018D919D918D0100976B
:1066500049F00F943E6AF70180819181009711F013
:106660000F943E6AF2E0EF0EF11CC016D10659F706
:106670000D94CA2A6115710529F4222319F0BF016E
:106680006F5F7F4F019635968630910509F087CF71
:106690006115710511F293CFB1E0CB16D10409F069
:1066A000F4C0F80172827382748275827682778276
:1066B00070867186BFEFCB1ADB0AE2E0EE0EF11CAA
:1066C000FAE0CF16D10411F00D94E02AC555DF4F42
:1066D0002881CB5AD0402223D9F06091911170913A
:1066E0009211DB01ED91FC9100A0F1A1E02DCE0112
:1066F0000196199530E020E041E050E0C754DF4FAB
:10670000688179818A819B81C95BD0400F942D2754
:1067100099EBC92E91E1D92E712C20E4822E25E02F
:10672000922EF601819191916F01892B09F449C054
:10673000F50184A595A5A6A5B7A5C154DF4F28816D
:1067400039814A815B81CF5BD040281B390B4A0BD2
:106750005B0BDA01C901772009F432C145E050E052
:1067600081319742A105B10508F032C1F50184A934
:1067700095A9A6A9B7A90097A105B10511F1C15422
:10678000DF4F288139814A815B81CF5BD0408217FE
:106790009307A407B507A8F4711095C070E060E0F6
:1067A0008091B9119091BA110F94C629D6019E918A
:1067B0008E918D01009729F00F943E6AF8011182A5
:1067C0001082F4E0AF0EB11C21E0721279C080910A
:1067D000B5119091B611A091B711B091B811C154F3
:1067E000DF4F488159816A817B81CF5BD040481B54
:1067F000590B6A0B7B0BDB01CA0181399F45A14014
:10680000B10548F185EAE82E81E1F82E10E000E0BC
:10681000D7018D919D917D01892B41F0980142E036
:1068200050E060E070E0CB010F942D270F5F1F4F09
:106830000830110569F7C154DF4F288139814A8139
:106840005B81CF5BD0402093B5113093B61140935C
:10685000B7115093B811CD52DF4F0FB6F894DEBF89
:106860000FBECDBFDF91CF911F910F91FF90EF90A1
:10687000DF90CF90BF90AF909F908F907F906F9060
:106880005F904F903F902F900895D70150968D9133
:106890009C91892B09F40ECF609191117091921106
:1068A000DB01ED91FC9100A0F1A1E02DCE0101965C
:1068B000199596012250310942E050E00D94FD2ACD
:1068C000772473942ECF8091D1119091D211892B7E
:1068D00009F46CCF8091BB119091BC11FC01DF01D8
:1068E0002191222311F02E32D1F71C92E091D11187
:1068F000F091D2119A8289821B821C821D821E8293
:106900006091CD117091CE11F12CE12C10E000E0DE
:106910009E012F5F3F4F50E040E0199547CFC501E2
:1069200002970F94A2694C01892B09F4BECAB301E6
:10693000600F711FDB01ED91BD01C155DF4FE88391
:10694000CF5AD040D201EC93950123503109C35462
:10695000DF4F39832883CD5BD040A901C4010F9458
:10696000BA77C155DF4F3881CF5AD040832F90E09E
:10697000C354DF4F48815981CD5BD04084179507C0
:106980000CF040CC880D991DDC011C92CC0CDD1C58
:10699000E3E6F0E0EC0FFD1FEC0DFD1D918280821F
:1069A000E7E5F0E0EC0FFD1FCE0EDF1ED6010D93E4
:1069B0001C93B1E0C354DF4FB883CD5BD04075CAA0
:1069C00044E050E0893E9340A105B10508F4CECEE5
:1069D00030E020E060E070E0CB010F942D27C6CEC0
:1069E000019709F426CA4FEF241A340AC953DF4F1E
:1069F00068817981C75CD0406F5F7F4FC953DF4F9B
:106A000079836883C75CD040C355DF4F8881998103
:106A1000CD5AD0400196C355DF4F99838883CD5A14
:106A2000D040CD54DF4FA881B981C35BD0401196CF
:106A3000CD54DF4FB983A883C35BD040CB54DF4F25
:106A4000E881F981C55BD0403196CB54DF4FF983A3
:106A5000E883C55BD040CF54DF4F48815981C15B8B
:106A6000D0404E5F5F4FCF54DF4F59834883C15BA7
:106A7000D04077C9089508950895AF92BF92CF92FC
:106A8000DF92EF92FF920F931F93CF93DF936C01EE
:106A90007B018B01040F151FEB015E01AE18BF08CF
:106AA000C017D10759F06991D601ED91FC91019081
:106AB000F081E02DC6011995892B79F7C501DF9189
:106AC000CF911F910F91FF90EF90DF90CF90BF90EB
:106AD000AF900895FC01A089B1898C91A689B789EE
:106AE00082FD0FC09C91818D8F5F8F73228D8217E5
:106AF00049F0A18DAE0FBF2FB11D5D969C93818F84
:106B000008958C910895FC01538D448D252F30E01C
:106B1000842F90E0821B930B541710F0CF960895AA
:106B200001970895FC01918D828D981761F0A28DD7
:106B3000AE0FBF2FB11D5D968C91928D9F5F9F739D
:106B4000928F90E008958FEF9FEF0895FC01918D53
:106B5000828D981731F0828DE80FF11D858D90E0C0
:106B600008958FEF9FEF0895FC01918D228D892F5D
:106B700090E0805C9F4F821B91098F739927089545
:106B800084ED9EE00F94B43521E0892B09F420E0D8
:106B9000822F089581E79FE00F94B43521E0892B7F
:106BA00009F420E0822F089583E392E10F94B43535
:106BB00021E0892B09F420E0822F0895FC01A48DA7
:106BC000A80FB92FB11DA35ABF4F2C91848D90E00F
:106BD00001968F739927848FA689B7892C93A089F2
:106BE000B1898C91837080648C93938D848D98137C
:106BF00006C00288F389E02D80818F7D808308950F
:106C0000EF92FF920F931F93CF93DF93EC0181E0FC
:106C1000888F9B8D8C8D98131AC0E889F9898081A3
:106C200085FF15C09FB7F894EE89FF896083E889D6
:106C3000F98980818370806480839FBF81E090E0C8
:106C4000DF91CF911F910F91FF90EF900895F62E55
:106C50000B8D10E00F5F1F4F0F731127E02E8C8DEF
:106C60008E110CC00FB607FCFACFE889F989808134
:106C700085FFF5CFCE010F94DE35F1CFEB8DEC0F14
:106C8000FD2FF11DE35AFF4FF0829FB7F8940B8F51
:106C9000EA89FB8980818062CFCFCF93DF93EC01BB
:106CA000888D8823B9F0AA89BB89E889F9898C91F4
:106CB00085FD03C0808186FD0DC00FB607FCF7CFB0
:106CC0008C9185FFF2CF808185FFEDCFCE010F94AF
:106CD000DE35E9CFDF91CF91089580E090E0892BF8
:106CE00029F00F94D43581110E94000080E090E0DB
:106CF000892B49F080E090E0892B29F00E94000068
:106D000081110E94000080E090E0892B29F00F940F
:106D1000CA3581110E94000080E090E0892B29F0A3
:106D20000F94C03581110C9400000895FB0144813B
:106D3000558122813381215031094217530750F484
:106D4000A081B181A40FB51F8C9384819581019698
:106D50009583848380E00895CF93DF93EC01E881ED
:106D6000F9810284F385E02DCE0119950196B9F7DA
:106D7000DF91CF910895FC01A285B3851097A9F00A
:106D800086859785029788F0CD0101969387828743
:106D90006C93868597850197978786870284F3850C
:106DA000E02D108281E090E0089590E080E0089569
:106DB000FC01868197818F3F980729F02FEF3FEFE5
:106DC000378326830895A085B185109789F024859F
:106DD00035852115310561F0CD01019691878087B8
:106DE0008C912150310935872487082E000C990B8E
:106DF0000895FC0186819781019639F481E024850C
:106E00003585232B19F480E0089581E00895CF9211
:106E1000DF92EF92FF920F931F93CF93DF937C014A
:106E20006A018B01D0E0C0E0CC15DD0581F0D7010F
:106E3000ED91FC910284F385E02DC70119958F3FF8
:106E4000980729F0F80181938F012196EDCFCE01AB
:106E5000DF91CF911F910F91FF90EF90DF90CF9036
:106E60000895CF93C62FDC01ED91FC910088F18944
:106E7000E02D1995DC01ED91FC910190F081E02D60
:106E80006C2FCF911994062E000C770BFC017783A1
:106E900066830895CF93DF93EC018E819F810196E5
:106EA00011F5E881F9810088F189E02DCE0119956D
:106EB000DC01ED91FC910084F185E02D1995892B81
:106EC000B1F0E881F9810284F385E02DCE011995B6
:106ED0008132910534F3E881F9810684F785E02D4C
:106EE000682FCE01199581E0DF91CF91089580E060
:106EF000FBCFFC01818D928D08952C9A08952C98DA
:106F000008958EBD00000DB407FEFDCF8EB5089527
:106F1000CF93DF931F92CDB7DEB76983DC01ED918C
:106F2000FC910280F381E02D41E050E0BE016F5FF3
:106F30007F4F19950F90DF91CF910895FC018489BF
:106F40009589089520E435E0FC0131832083FB011D
:106F50004089518962897389FC0142835383648328
:106F600075830895DC01ED91FC91048CF58DE02D85
:106F70001994FC019485FB018485981303C081E07A
:106F8000943009F480E0089521E0FC018485843088
:106F900009F420E0822F08950895CF93DF931F9284
:106FA000CDB7DEB76983DC01ED91FC910280F381FE
:106FB000E02D41E050E0BE016F5F7F4F19950F90CB
:106FC000DF91CF910895DC01ED91FC91068CF78D56
:106FD000E02D199591E089270895862F089581E085
:106FE00086270895CF93DF931F92CDB7DEB78983AD
:106FF0002091A4143981E091A514F091A614822F58
:1070000090E080959095F8940080082200824BE0F3
:1070100000C05DE000005A95E9F70080082208945E
:10702000379508F4022A00824A9599F778940F90D0
:10703000DF91CF91089520918114260F3327331FBC
:1070400021323105ECF42091A70EFC0190E080E0A4
:10705000243069F082E00895A09181142191AC015F
:107060004F595B4EA40FB52FB11D2C930196861777
:1070700098F380918114680F6093811480E00895E3
:1070800081E0089508950895E091800E80917F0E2B
:10709000E81730F4F0E0E05CFB4E808190E008956A
:1070A0008FEF9FEF08959091800E80917F0E2FEFCC
:1070B0003FEF981748F4E92FF0E0E05CFB4E2081A9
:1070C00030E09F5F9093800EC901089580917F0EFC
:1070D0009091800E891B990B0895CF92DF92EF92C9
:1070E000FF920F931F93CF93DF937C01CB018A0113
:1070F0002091CF0E222389F0EB016B01C40ED51E27
:10710000CC15DD0569F06991D701ED91FC910190F5
:10711000F081E02DC7011995F3CF642F0F941B3830
:10712000C801DF91CF911F910F91FF90EF90DF90F9
:10713000CF900895CF93DF931F92CDB7DEB76983C9
:107140002091CF0E2223F9F02091CD0E203258F05D
:1071500021E030E0FC013383228390E080E00F9057
:10716000DF91CF9108958091CE0EE82FF0E0E355A6
:10717000F14F998190838F5F8093CE0E8093CD0ED7
:1071800081E090E0ECCF61E0CE0101960F941B38D6
:10719000F7CFEF92FF920F931F93CF93DF93EC0102
:1071A0008B017A010F947C1D688B798B8A8B9B8B6A
:1071B0008C819D81DC01ED91FC910280F381E02DB9
:1071C000A701B801DF91CF911F910F91FF90EF9030
:1071D00019941F93CF93DF93EC01162F0F947C1D0E
:1071E000688B798B8A8B9B8B8C819D81DC01ED91E7
:1071F000FC910190F081E02D612FDF91CF911F91E3
:107200001994CF92DF92EF92FF92CF93DF93EC012C
:107210008E819F818F3F980759F02FEF3FEF3F837B
:107220002E83DF91CF91FF90EF90DF90CF90089564
:107230000F947C1D6B017C01A4EFCA0EA1E0DA1E45
:10724000E11CF11CE881F9810088F189E02DCE0173
:107250001995DC01ED91FC910084F185E02D1995E3
:10726000892B39F40F947C1D6C157D058E059F05C7
:1072700048F3E881F9810088F189E02DCE01199564
:10728000DC01ED91FC910284F385E02DDF91CF913B
:10729000FF90EF90DF90CF9019940F9486770F9323
:1072A0001F93CF93DF93EC0188819981009759F068
:1072B0002A813B812617370730F081E0DF91CF919B
:1072C0001F910F9108958B016F5F7F4F0F94A576EB
:1072D000009759F0998388831B830A832C813D8111
:1072E000232B59F7FC011082E8CF80E0E7CFECEBCD
:1072F000F0E080818A7B808360E084E10F9417193D
:1073000060E085E10D941719CF92DF92EF92FF9222
:107310000F931F93CF93DF936C018B0186E090E076
:107320000F94A269EC0190932F1580932E15F6010E
:1073300001900020E9F7CF018C199D090F94A269F3
:107340007C01B6010F940778F60101900020E9F75F
:107350003197EC19FD09EE0DFF1D1082F982E882CC
:107360001B830A8380913015909131159D838C8306
:10737000D0933115C0933015DF91CF911F910F91AC
:10738000FF90EF90DF90CF9008950F931F93CF93CE
:10739000DF93D0E0C0E0009791F08C01CDEED4E116
:1073A000688179816115710529F0C8010F94FE7714
:1073B000892B29F00B80DC81C02D209789F7CE0125
:1073C000DF91CF911F910F910895FC0186819781E4
:1073D0008F3F980729F02FEF3FEF378326830895DB
:1073E000808591850D94306D1F920F920FB60F928C
:1073F00011242F933F938F939F93AF93BF938091CB
:10740000520E9091530EA091540EB091550E3091A2
:10741000491523E0230F2D3758F50196A11DB11D05
:10742000209349158093520E9093530EA093540EBF
:10743000B093550E8091560E9091570EA091580E14
:10744000B091590E0196A11DB11D8093560E9093D7
:10745000570EA093580EB093590EBF91AF919F91C4
:107460008F913F912F910F900FBE0F901F90189505
:1074700026E8230F0296A11DB11DD2CFEF92FF92F5
:107480000F931F93CF93DF936115710541F480E053
:10749000DF91CF911F910F91FF90EF9008954115CB
:1074A0005105B1F07B01EC010C811D81040F151F0A
:1074B000B8010F944F39882351F3288139818C8189
:1074C0009D81B701820F931F0F9407781D830C8352
:1074D00081E0DECF0F931F93CF93DF938C01EB01FD
:1074E000FC01808191810097E1F0688179816115CB
:1074F0007105A9F0428153812C813D8142175307C8
:1075000070F00F9407788C819D81F80195838483B6
:107510001D821C82DF91CF911F910F9108950F94CE
:107520003E6A88819981F801918380838A819B8159
:10753000938382838C819D819583848319821882B1
:107540001B821A82E5CFCF93DF93EC01888199816A
:10755000009711F00F943E6A198218821D821C82D6
:107560001B821A82DF91CF910895EF92FF920F93C1
:107570001F93CF93DF93EC018B01CB010F94EB6B47
:107580007C01BC01CE010F944F3981110BC0CE019B
:107590000F94A33ACE01DF91CF911F910F91FF90ED
:1075A000EF900895FD82EC82B801888199810F9453
:1075B000E46BF0CFEF92FF920F931F93CF93DF9383
:1075C000EC017B018A01BA010F944F3981110BC084
:1075D000CE010F94A33ACE01DF91CF911F910F916D
:1075E000FF90EF9008951D830C83B70188819981E6
:1075F0000F940778F0CFCF93DF93EC01FB01861750
:10760000970749F0608171816115710541F04481EE
:1076100055810F94DA3ACE01DF91CF9108950F94FE
:10762000A33AF9CFFC0180819181009711F00D946C
:107630003E6A0895FC011182108213821282158223
:1076400014820D94FB3AFC01118210821382128283
:1076500015821482FB0101900020E9F73197AF01F8
:10766000461B570B0D94DA3AAF92BF92CF92DF923E
:10767000EF92FF920F931F93CF93DF937C016B01E7
:107680005A0189012417350720F48B2D5901042F45
:10769000182F63EC7CE0C7010F94233BD6011496AE
:1076A000CD91DC91AC16BD0620F50C171D0708F432
:1076B000E801D601ED91FC911197EC0FFD1F1081AF
:1076C00010826D917C916A0D7B1D61157105E9F049
:1076D000FB0101900020E9F73197AF01461B570BE2
:1076E000C7010F94DA3AF60180819181C80FD91F42
:1076F0001883C701DF91CF911F910F91FF90EF90F9
:10770000DF90CF90BF90AF900895C7010F94A33A38
:10771000EACF1F920F920FB60F9211240BB60F9261
:107720002F933F934F935F936F937F938F939F9389
:10773000AF93BF93EF93FF93E0913A02F0913B0236
:107740001995FF91EF91BF91AF919F918F917F918B
:107750006F915F914F913F912F910F900BBE0F90C2
:107760000FBE0F901F9018951F920F920FB60F9299
:1077700011240BB60F922F933F934F935F936F9308
:107780007F938F939F93AF93BF93EF93FF93E0917A
:107790003802F09139021995FF91EF91BF91AF91A5
:1077A0009F918F917F916F915F914F913F912F9119
:1077B0000F900BBE0F900FBE0F901F9018951F9249
:1077C0000F920FB60F9211240BB60F922F933F9387
:1077D0004F935F936F937F938F939F93AF93BF93D9
:1077E000EF93FF93E0912E02F0912F021995FF91F4
:1077F000EF91BF91AF919F918F917F916F915F9129
:107800004F913F912F910F900BBE0F900FBE0F9095
:107810001F9018951F920F920FB60F9211240BB65E
:107820000F922F933F934F935F936F937F938F9319
:107830009F93AF93BF93EF93FF93E0912C02F0914E
:107840002D021995FF91EF91BF91AF919F918F916B
:107850007F916F915F914F913F912F910F900BBE50
:107860000F900FBE0F901F9018951F920F920FB69A
:107870000F9211240BB60F922F933F934F935F9368
:107880006F937F938F939F93AF93BF93EF93FF93E8
:10789000E0913602F09137021995FF91EF91BF9177
:1078A000AF919F918F917F916F915F914F913F9198
:1078B0002F910F900BBE0F900FBE0F901F90189539
:1078C0001F920F920FB60F9211240BB60F922F93A7
:1078D0003F934F935F936F937F938F939F93AF9358
:1078E000BF93EF93FF93E0913402F0913502199525
:1078F000FF91EF91BF91AF919F918F917F916F9188
:107900005F914F913F912F910F900BBE0F900FBE43
:107910000F901F9018951F920F920FB60F9211247F
:107920000BB60F922F933F934F935F936F937F9379
:107930008F939F93AF93BF93EF93FF93E0913202A6
:10794000F09133021995FF91EF91BF91AF919F9103
:107950008F917F916F915F914F913F912F910F90F8
:107960000BBE0F900FBE0F901F9018951F920F9295
:107970000FB60F9211240BB60F922F933F934F9394
:107980005F936F937F938F939F93AF93BF93EF9387
:10799000FF93E0913002F09131021995FF91EF9140
:1079A000BF91AF919F918F917F916F915F914F9117
:1079B0003F912F910F900BBE0F900FBE0F901F9015
:1079C00018950F931F93CF93DF93EC010F947C1DB9
:1079D000688779878A879B87E881F9810284F385A4
:1079E000E02DCE01199597FF15C00F947C1D0885D9
:1079F00019852A853B85601B710B820B930B0C81CB
:107A00001D812E813F81601771078207930720F344
:107A10008FEF9FEFDF91CF911F910F910895CF923C
:107A2000DF92EF92FF920F931F93CF93DF936C013E
:107A30007A018B01D0E0C0E0C6010F94E13C97FDD4
:107A400007C0F80181938F012196EC16FD06A1F77E
:107A5000CE01DF91CF911F910F91FF90EF90DF90BA
:107A6000CF900895FB0101900020E9F73197AF0115
:107A7000461B570BDC01ED91FC910280F381E02D58
:107A800019948F929F92AF92BF92EF92FF920F93B1
:107A90001F93CF93DF93CDB7DEB7A1970FB6F894BE
:107AA000DEBF0FBECDBF7C01FA01CB0119A222308F
:107AB00008F42AE08E010F5D1F4F822E912CB12C0D
:107AC000A12CBF01A50194010F941A73F901CA01F9
:107AD0006A300CF5605DD8016E938D01232B242B49
:107AE000252B79F790E080E0109721F0BD01C701C8
:107AF0000F94323DA1960FB6F894DEBF0FBECDBFF6
:107B0000DF91CF911F910F91FF90EF90BF90AF90B9
:107B10009F908F900895695CDECF61EC7CE00D94BE
:107B2000323D0F931F93CF93DF938C01D0E0C0E0E1
:107B30006115710519F00F94323DEC01C8010F94E5
:107B40008D3D8C0F9D1FDF91CF911F910F91089557
:107B50000D94413D9A01AB0170E060E00D94A83DA9
:107B60009A01462F50E070E060E00D94A83DEF923E
:107B7000FF920F931F93CF93DF93009751F4CFEFB2
:107B8000DFEFCE01DF91CF911F910F91FF90EF902A
:107B90000895DC011C96ED90FC90F70100811181A5
:107BA000D801ED91FC910688F789E02DC80119955F
:107BB000882329F3D801ED91FC910084F185E02D13
:107BC000C8011995D801ED91FC91892B61F30284CC
:107BD000F385E02DC8011995EC01019681F2F801B9
:107BE0008789882339F04AE050E06C2F83E392E1E3
:107BF0000F94B03DD70112968C91882311F2C532B3
:107C0000D10509F0BECFD801ED91FC910084F1853A
:107C1000E02DC801199502975CF0D801ED91FC9117
:107C20000688F789E02DC80119958111ECCFA7CFFF
:107C3000D1E0C0E0D801ED91FC910284F385E02D04
:107C4000C80119958F3F980709F499CF9C012154D9
:107C500031092A31310570F48D2F8295807F829F02
:107C6000C00D1124D11104C00C2E000CDD0B89CFE6
:107C7000D0E0E0CF9C01215631092A31310560F373
:107C8000C0978A30910570F79D2F9295907F989FAD
:107C9000C00D1124E7CFDC01ED91FC910190F08142
:107CA000E02D1994CF92DF92EF92FF920F931F93E2
:107CB000CF93DF932115310581F4DC01ED91FC9127
:107CC0000190F081E02D642FDF91CF911F910F91F2
:107CD000FF90EF90DF90CF9019942A30310501F595
:107CE0002AE077FF1DC06A017B01EC016DE20F9471
:107CF0004B3E8C0144275527BA014C195D096E098A
:107D00007F092AE0CE010F94413D800F911FDF9142
:107D1000CF911F910F91FF90EF90DF90CF9008953A
:107D2000DF91CF911F910F91FF90EF90DF90CF9057
:107D30000D94413D9A01AB01770F660B770B0D94C3
:107D4000523E8F929F92AF92BF92CF92DF92EF926C
:107D5000FF920F931F93CF93DF937C018B014C0114
:107D600082E0880E911C5701E5E0AE0EB11CD0E018
:107D7000C0E0F40161914F014AE050E0C8010F9466
:107D8000B03D6C016EE2C8010F944B3E8C0D9D1D01
:107D9000C80FD91F8A149B0461F74AE050E0F7012D
:107DA0006581C8010F94B03D8C0F9D1FDF91CF916D
:107DB0001F910F91FF90EF90DF90CF90BF90AF9009
:107DC0009F908F9008956115710511F00D94323DCB
:107DD00090E080E00895DB0114964D915C91159739
:107DE0006D917C91DC01ED91FC910280F381E02D9D
:107DF0001994EF92FF920F931F93CF93DF938C010F
:107E00007B01D0E0C0E0F701EC0FFD1F6491662319
:107E100061F0D801ED91FC910190F081E02DC80155
:107E20001995892B11F02196EECFCE01DF91CF91DC
:107E30001F910F91FF90EF9008950F931F93CF9391
:107E4000DF93EC010F94F93E8C01CE010F948D3D30
:107E5000800F911FDF91CF911F910F910895809115
:107E60001F1481110AC083E392E10F948D3D6FEAE4
:107E700075E383E392E10D94F93E0895DC0180E41B
:107E800095E08D939D9384E0FB0101900D928A957E
:107E9000E1F708951F920F920FB60F9211240BB6BF
:107EA0000F922F933F934F935F936F937F938F9393
:107EB0009F93AF93BF93EF93FF9384ED9EE00F9456
:107EC000DE35FF91EF91BF91AF919F918F917F919F
:107ED0006F915F914F913F912F910F900BBE0F903B
:107EE0000FBE0F901F9018951F920F920FB60F9212
:107EF00011240BB60F922F933F934F935F936F9381
:107F00007F938F939F93AF93BF93EF93FF9384EDF2
:107F10009EE00F946A35FF91EF91BF91AF919F91D1
:107F20008F917F916F915F914F913F912F910F9022
:107F30000BBE0F900FBE0F901F9018951F920F92BF
:107F40000FB60F9211240BB60F922F933F934F93BE
:107F50005F936F937F938F939F93AF93BF93EF93B1
:107F6000FF9381E79FE00F94DE35FF91EF91BF9182
:107F7000AF919F918F917F916F915F914F913F91C1
:107F80002F910F900BBE0F900FBE0F901F90189562
:107F90001F920F920FB60F9211240BB60F922F93D0
:107FA0003F934F935F936F937F938F939F93AF9381
:107FB000BF93EF93FF9381E79FE00F946A35FF91A2
:107FC000EF91BF91AF919F918F917F916F915F9151
:107FD0004F913F912F910F900BBE0F900FBE0F90BE
:107FE0001F9018951F920F920FB60F9211240BB687
:107FF0000F922F933F934F935F936F937F938F9342
:108000009F93AF93BF93EF93FF9383E392E10F941A
:10801000DE35FF91EF91BF91AF919F918F917F914D
:108020006F915F914F913F912F910F900BBE0F90E9
:108030000FBE0F901F9018951F920F920FB60F92C0
:1080400011240BB60F922F933F934F935F936F932F
:108050007F938F939F93AF93BF93EF93FF9383E3AC
:1080600092E10F946A35FF91EF91BF91AF919F918B
:108070008F917F916F915F914F913F912F910F90D1
:108080000BBE0F900FBE0F901F901895CF92DF92EE
:10809000EF92FF921F93CF93DF93EC016A017B0174
:1080A000122FE889F98982E08083C11481EED80615
:1080B000E104F104A1F060E079E08DE390E0A70134
:1080C00096010F941A7321503109410951095695AF
:1080D000479537952795211580E1380798F0E8896D
:1080E000F989108260E874E88EE190E0A7019601BA
:1080F0000F941A732150310941095109569547953A
:1081000037952795EC85FD853083EE85FF852083A7
:10811000188EEC89FD891083EA89FB898081806152
:108120008083EA89FB89808188608083EA89FB8972
:10813000808180688083EA89FB8980818F7D80834C
:10814000DF91CF911F91FF90EF90DF90CF90089536
:108150000F931F93CF93DF93EC018B01FC01EA5B3C
:10816000FF4F8081882361F1888D998D861797074D
:1081700039F12C853D854E855F8560E070E0CB014F
:108180000F94C3736C877D878E879F872889398971
:108190004A895B8960E070E0CB010F94C373688B00
:1081A000798B8A8B9B8B2C893D894E895F8960E016
:1081B00070E0CB010F94C3736C8B7D8B8E8B9F8B88
:1081C000198F088FDF91CF911F910F9108958F9292
:1081D0009F92AF92BF92CF92DF92EF92FF92CF9396
:1081E000DF93EC01EE8DFF8D60817181828193813F
:1081F0006AAB7BAB8CAB9DAB9B01AC010F9438752C
:10820000882321F01AAA1BAA1CAA1DAAEC8DFD8D99
:1082100080819181A281B3818EAB9FABA8AFB9AFB2
:108220008AA89BA8ACA8BDA8FE01EE5BFF4FC0804A
:10823000D180E280F380A7019601C501B4010F94BB
:10824000D87418162CF4CAAADBAAECAAFDAA0EC090
:10825000FE01FE96C080D180E280F380A7019601E6
:10826000C501B4010F94D07187FDEDCFDF91CF919F
:10827000FF90EF90DF90CF90BF90AF909F908F9046
:1082800008952F923F924F925F926F927F928F92BA
:108290009F92AF92BF92CF92DF92EF92FF920F9395
:1082A0001F93CF93DF93CDB7DEB72F970FB6F89418
:1082B000DEBF0FBECDBF9F878E870F947C1D698365
:1082C0007A838B839C83AE85BF859E96CD90DD900F
:1082D000ED90FC90D197C114D104E104F10409F4AC
:1082E00061C05C960D911C91F80160817181828161
:1082F00093819B01AC010F943875811153C0EE85B9
:10830000FF8582A593A5A4A5B5A529813A814B81B6
:108310005C81281B390B4A0B5B0BDA01C9018C15F8
:108320009D05AE05BF05F0F180E090E0A0ECBFE751
:10833000F80180839183A283B383AE85BF85929633
:10834000CD90DD90ED90FC909597A7019601C70127
:10835000B6010F9438758823D1F080E02F960FB6C0
:10836000F894DEBF0FBECDBFDF91CF911F910F916B
:10837000FF90EF90DF90CF90BF90AF909F908F9045
:108380007F906F905F904F903F902F900895AE85B3
:10839000BF855E96ED91FC91C082D182E282F3822C
:1083A00081E0DCCFEE85FF8586A197A1A0A5B1A5D0
:1083B00049815A816B817C81481B590B6A0B7B0B6D
:1083C00082AD93ADA4ADB5AD481759076A077B07D9
:1083D00020F2048CF58DE02D608171818281938182
:1083E0009B01AC010F9438758111B7CFAE85BF8565
:1083F0009096ED91FC9160817181828193819B01C6
:10840000AC010F9438758111A8CFEE85FF8566A960
:1084100077A980AD91AD9B01AC010F9438758111A6
:108420000EC0AE85BF85D2966D917D918D919C9148
:10843000D5979B01AC010F943875882321F08E8568
:108440009F850F94E740AE85BF855C96ED91FC91CA
:108450005D9720813181428153812D833E834F83FB
:1084600058879096ED91FC91608171818281938112
:108470000F94C3734B015C01AE85BF85D6962D91D9
:108480003D914D915C91D9976D817E818F819885C9
:108490000F94C3736B017C01EE85FF8520893189C0
:1084A00042895389C501B4010F943672AE85BF85E8
:1084B000D2962D913D914D915C91D5970F94C473B7
:1084C0002B013C01EE85FF8542AA53AA64AA75AA36
:1084D000E95BFF4F20812987211118C0AE85BF8538
:1084E0001C962D913D914D915C911F97C701B6014E
:1084F0000F9436729B01AC01C301B2010F94C37398
:10850000EE85FF8562AB73AB84AB95ABAE85BF8563
:10851000D2964D905D906D907C90D597FD01EE5B6D
:10852000FF4F1081018132802380212F302F432D76
:10853000522DC301B2010F94D87418160CF07BC0F1
:10854000812F902FA32DB22DEE85FF8582AB93ABAB
:10855000A4ABB5ABF985FF2309F483C0AE85BF8515
:108560001C962D913D914D915C911F97C501B401D1
:108570000F9436724B015C01EE85FF8524893589A5
:1085800046895789C701B6010F9436729B01AC0129
:10859000AE85BF85D2966D917D918D919C91D59739
:1085A0000F94C373A50194010F94C4736B017C01F4
:1085B0009B01AC01612F702F832D922D0F94D071F0
:1085C00087FD15C0EE85FF85FE9610810181328002
:1085D0002380212F302F432D522DB601C7010F9438
:1085E000D07187FD04C01C2D0D2D3E2C2F2CAE8587
:1085F000BF855E96ED91FC91812F902FA32DB22D1A
:1086000080839183A283B3832D813E814F815885DE
:10861000AE85BF85D6962D933D934D935C93D997A8
:1086200029813A814B815C8196962D933D934D93A0
:108630005C939997B5CEEE85FF85FE9620813181BA
:10864000428153812A873B874C875D87C301B201F2
:108650000F94D07187FF7ECF8A859B85AC85BD85C1
:1086600073CF812C912C540187CF8F929F92AF9220
:10867000BF92CF92DF92EF92FF92CF93DF931616C5
:108680001706ACF5EC016B01770FEE08FF08C70188
:10869000B6010F94D7714B015C016AAD7BAD8CAD17
:1086A0009DAD0F94D5719B01AC01C501B4010F9430
:1086B00030744B015C01AC019B01688979898A891E
:1086C0009B890F943672688B798B8A8B9B8BA50163
:1086D00094016C897D898E899F890F9430746C8B8D
:1086E0007D8B8E8B9F8BCAAEDBAEECAEFDAEDF9189
:1086F000CF91FF90EF90DF90CF90BF90AF909F9081
:108700008F9008958F929F92AF92BF92CF92DF92F7
:10871000EF92FF92CF93DF93FC014A01AA24BB247E
:10872000C32ED42EE52EFF24DC2DC22F8085982D5C
:10873000882391F0C82FD0E0C89DD001C99DB00D0D
:10874000D89DB00D11249B2F8C9D60011124DD2D2F
:10875000829F90011124C32FA685218532858385B0
:10876000A81321C0AB01440F551F640F751F620F82
:10877000731FA385A60FB72FB11D9C93A485A60FC9
:10878000B72FB11DDC938585680F711DFB01C08378
:10879000DF91CF91FF90EF90DF90CF90BF90AF909F
:1087A0009F908F900895660F771F660F771F620F57
:1087B000731FA60FB72FB11D1C92DBCFCF92DF9294
:1087C000EF92FF920F931F93CF93DF93EC017B0106
:1087D000142F052F198218861F86188A198A1A8A5B
:1087E000A90166E0569547956A95E1F743704E8773
:1087F000C90174E0969587957A95E1F783708B8728
:10880000B901769567957695679563706C87922F19
:1088100093709D8791E02F3F310511F008F090E0B3
:108820009883481343C083E090E0E89E6001E99E8E
:10883000D00CF89ED00C1124DD82CC82C6010F949E
:10884000A2699A8789870097A1F1A60170E060E08C
:108850000F942B71FB82EA821E830F838981882308
:1088600041F061E0812F0F94451960E0812F0F9452
:108870001719812F902FFC01E45CFC4CE491F0E08F
:10888000EE0FFF1FE359FD4C259134913C8B2B8B50
:10889000FC01EA50FD4CE491ED8BDF91CF911F91EB
:1088A0000F91FF90EF90DF90CF90089584E090E0DB
:1088B000BCCF1D821C821B821A82CECFCF92DF9248
:1088C000EF92FF92CF93DF93DC011796CC9117972D
:1088D000D0E06111DC2F18962C91189730E0220F10
:1088E000331F2D533A4C50E040E0F90185919491AB
:1088F000FC01F080BA0190E080E0EF2DEC23ED1355
:1089000010C04F5F5F4F1D96CD90DD90ED90FC90B5
:1089100050976C157D058E059F0538F36FEF7FEF3F
:10892000CB01DF91CF91FF90EF90DF90CF90089532
:108930001F920F920FB60F9211240BB60F922F9326
:108940003F938F939F93EF93FF93E0912F14F091B8
:10895000301480912D1490912E149C012F5F3F4F65
:1089600030932E1420932D14E80FF91F80818093EB
:10897000CE00809142029091430220912D143091BB
:108980002E148217930748F48FEF9FEF90932E14C5
:1089900080932D1488E48093C900FF91EF919F91FB
:1089A0008F913F912F910F900BBE0F900FBE0F90A4
:1089B0001F9018951F920F920FB60F9211242F93AC
:1089C0003F938F939F9380912D1490912E1420911B
:1089D0002B1430912C1421303105E1F48F3F98078E
:1089E000C9F41092C8001092CD0089E08093CC00A9
:1089F00086E28093CA001092CE0010922E1410923C
:108A00002D149F918F913F912F910F900FBE0F903A
:108A10001F901895892BA9F71092C8001092CD00CD
:108A200083E08093CC008EE08093CA0088E280933C
:108A3000C9001092CE0081E090E090932E148093B4
:108A40002D14DFCF1F920F920FB60F9211240BB689
:108A50000F922F933F934F935F936F937F938F93D7
:108A60009F93AF93BF93EF93FF939091C800809132
:108A7000CE0094FF0CC081E080932A1480912F14C3
:108A80009091301490932914809328141BC09091D6
:108A90002A14913051F5811113C082E080932A1479
:108AA0000F947C1D609324147093251480932614D6
:108AB0009093271480912814909129140196E2CF65
:108AC00010922A14FF91EF91BF91AF919F918F91D6
:108AD0007F916F915F914F913F912F910F900BBEBE
:108AE0000F900FBE0F901F901895923059F7E0919C
:108AF0002814F09129149081981721F091E0909317
:108B000041028083209128143091291480912214ED
:108B1000909123142817390769F610922A1480912E
:108B200041028823D1F08091201490912114892B47
:108B3000A1F01092C900E0912014F0912114199530
:108B400080E98093C9001092C8001092CD0083E0A4
:108B50008093CC008EE08093CA0010924102AACF8D
:108B6000CF92DF92EF92FF920F931F93CF93DF93F9
:108B7000CDB7DEB7EC970FB6F894DEBF0FBECDBF12
:108B800061ED76E00F94216C9A8389837E0183E006
:108B9000E80EF11C01E010E0D02EC12E61ED76E070
:108BA00090E080E00F94216CD7018D939D937D011F
:108BB0000E31110521F00F5F1F4F892B69F70091CE
:108BC0002E1510912F15E980FA800115110549F134
:108BD000F80160817181C7010F94FE77892BE9F458
:108BE000D8011296ED91FC91BE016F5F7F4F8D2DE4
:108BF0009C2D19958C010F942F3FC801EC960FB650
:108C0000F894DEBF0FBECDBFDF91CF911F910F91C2
:108C1000FF90EF90DF90CF900895F80104811581C7
:108C2000D4CF80911F14811108C063EB75E383E3F7
:108C300092E10F941D3F0F942F3F10E000E0DDCF35
:108C4000CF9380911F1481114DC083E392E10F9463
:108C5000B435892B09F446C080911F148111F5CFDA
:108C600083E392E10F949235C82F8A3089F08D30DA
:108C700079F0883021F568E083E392E10F944B3E70
:108C800080913215882309F3815080933215DDCF0E
:108C9000E0913215F0E0EE50FB4E108261EC7CE08A
:108CA00083E392E10F94E33E8091F214882321F054
:108CB00082EF94E10F94B04510923215C6CF682F21
:108CC00083E392E10F944B3EE0913215EB3308F0D1
:108CD000BCCF81E08E0F80933215F0E0EE50FB4E5A
:108CE000C083B3CFCF910895CF93DF930F94C5394D
:108CF000EC01892B99F08A8181508A8381110EC001
:108D0000888199810F943E6A19821882E091F0144B
:108D1000F091F114CDEED4E1309719F4DF91CF91B9
:108D200008959381848120813181232B41F49B8399
:108D30008C83CF010F943E6A9B818C81FE01EF01F1
:108D4000E92FF82FE9CFEF92FF920F931F93CF9364
:108D5000DF937C010F94C539FC01892B61F082817E
:108D60008F5F828380819181DF91CF911F910F91DD
:108D7000FF90EF900895CDEED4E188819981892B01
:108D800051F4C7010F9493779983888321E02A8354
:108D9000EBCFEC01F2CF8B819C810097D1F785E07E
:108DA00090E00F94A2698C0190E080E0011511051C
:108DB000D9F21C830B83C7010F949377F801918339
:108DC000808321E0228314821382CECF0F931F93DE
:108DD000CF93DF93EC01E881F9810284F385E02DE4
:108DE000199500E011E08F3F9807D1F0813291058D
:108DF000E4F401501109E881F9810F3F100731F0C7
:108E00000284F385E02DCE011995EDCFE881F9813B
:108E10000684F785E02D682FCE01199590E080E05B
:108E2000DF91CF911F910F910895012B79F78FEF6B
:108E30009FEFF6CF0F931F93CF93DF93EC018B013E
:108E400068E678E00F94E33E01151105C1F1F801E1
:108E500061918F01662399F1603240F0623231F006
:108E60006C3521F0CE010F944B3EF1CF6CE5CE0175
:108E70000F944B3EF801319780818C30D1F044F44F
:108E80008930D9F08A30B9F0883009F762E6EACF44
:108E9000823259F024F462E78D3021F3D8CF8F323B
:108EA00031F06CE58C35F1F2D2CF62E2DBCF6FE2CC
:108EB000D9CF66E6D7CF6EE6D5CF64E7D3CF62E2EF
:108EC000CE010F944B3E90E080E0DF91CF911F9157
:108ED0000F910895CF92DF92EF92FF920F931F931D
:108EE000CF93DF937C016B01DC01ED91FC91028457
:108EF000F385E02D1995829761F0CFEFDFEFCE017A
:108F0000DF91CF911F910F91FF90EF90DF90CF9065
:108F1000089584E0F601808786E090E00F94A269CE
:108F20008C01009751F3EDEAF4E1DC01ED93FC9341
:108F300080E4DF011D928A95E9F780E490E0F80172
:108F40009383828315821482D701ED91FC91028470
:108F5000F385E02DC7011995EC010196C9F0C232E5
:108F6000D10509F44DC0C032D1050CF449C0B80197
:108F70008C2FCC35D10549F5D701ED91FC910284B8
:108F8000F385E02DC7011995EC018F3F980721F477
:108F9000C8010F943E6AB3CF8236910541F15CF46B
:108FA0008F32910509F18C359105D9F0829761F6E0
:108FB000B80182E20AC08E369105E1F04CF4B801A6
:108FC0008CE0C636D10509F0BFCF0F949636BCCFE2
:108FD0008237910591F0B80189E0C437D105A9F332
:108FE000B3CFB8018CE5F1CFB8018FE2EECFB80175
:108FF00088E0EBCFB8018AE0E8CFB8018DE0E5CF9B
:10900000F80184819581009749F00190F081E02D6D
:10901000E80FF91F31978081882321F0B80180E0A3
:109020000F9496368DEA94E10F94A346EC01892BB8
:1090300019F0C8010F943E6AD6011A96DC93CE93BC
:109040001997D0E0C0E05BCF8DE090E00F94A2696B
:10905000009729F02DE0FC0111922A95E9F7089577
:109060000F931F93CF93DF930097E1F0EC010C85F2
:109070001D850115110579F0D8018D919C910097FE
:1090800039F0DC01ED91FC910488F589E02D19950A
:10909000C8010F943E6ACE01DF91CF911F910F91CD
:1090A0000D94BB6CDF91CF911F910F910895AF92FA
:1090B000BF92CF92DF92EF92FF920F931F93CF93C5
:1090C000DF9300D01F92CDB7DEB761157105B1F007
:1090D0006B01182FDB011C96AD90BC90F501E08070
:1090E000F180D701ED91FC910688F789E02DC70149
:1090F0001995811106C0C6010F9430488FEF9FEF7C
:1091000013C0F5019281911124C0D701ED91FC911A
:109110000190F081E02D612FC7011995F701878932
:10912000811111C090E080E00F900F900F900F9090
:10913000DF91CF911F910F91FF90EF90DF90CF9033
:10914000BF90AF900895612F83E392E10F944B3E5F
:10915000E9CF812F8F7D81548A31B8F280ED810F64
:109160008A3098F283ED810F823078F21F3569F2F0
:109170001E3759F21132B1F086EC810F823090F037
:109180008AED810F873070F01D3361F0812F8F7E63
:109190008F3241F08DED810F823020F01B3511F0C0
:1091A0001D3511F491FFB1CF19821A821B821C82E6
:1091B000812F012E000C990B9F931F9384EC9CE050
:1091C0009F938F938E010F5F1F4F1F930F930F94E9
:1091D00083786E01F4E0CF0ED11C0F900F900F90AA
:1091E0000F900F900F90D8016D918D01D701ED91E7
:1091F000FC910190F081E02DC7011995F701878955
:10920000882339F0F8013197608183E392E10F946C
:109210004B3E0C151D0539F785CFCF92DF92EF92AB
:10922000FF920F931F93CF93DF93EC017A018B0191
:109230006C01C40ED51ECC15DD05A9F00F947F3747
:109240008FE00F9481378D2F0F9481378C2F0F94DF
:109250008137219680E00F948137F80181938F0147
:109260000F947D37E8CFC701DF91CF911F910F9108
:10927000FF90EF90DF90CF900895CF92DF92EF9222
:10928000FF920F931F93CF93DF93EC017A018B0131
:109290006C01C40ED51ECC15DD05A1F00F947F37EF
:1092A00080EF0F9481378D2F0F9481378C2F0F947F
:1092B00081372196F80181918F010F9481370F94A6
:1092C0007D37E9CFC701DF91CF911F910F91FF90BB
:1092D000EF90DF90CF90089590E0982F882744E09A
:1092E00050E0845F9B4F0D943D491F93CF93DF93D4
:1092F000D82F192FC62F0F947F3780EF0F94813707
:10930000812F0F9481378D2F0F9481378C2F0F94DD
:1093100081370F947D3781E0DF91CF911F910895C0
:109320009B0190E00496982F8827642F820F931F4B
:109330000D947549CF93DF93C82FD62F472F60E147
:1093400070E00F9490494D2F61E170E08C2FDF9118
:10935000CF910D949049CF93DF93C82FD0E02496FE
:10936000DC2FCC27C60FD71F0F947F378FE00F94C9
:1093700081378D2F0F9481378C2F0F94813780E0A8
:109380000F948137C82F0F947D378C2FDF91CF91A9
:1093900008951F93CF93DF93182F66E270E00F9428
:1093A000AB49C82F67E270E0812F0F94AB499C2F27
:1093B000DF91CF911F9108951F93CF93DF93182FC3
:1093C00060E270E00F94AB49C82F61E270E0812F3A
:1093D0000F94AB499C2FDF91CF911F91089544E0EA
:1093E00050E0BC018FE090E00D943D4944E050E036
:1093F000BC0185E090E00D943D4944E050E0BC01A3
:1094000081E090E00D943D490895EF92FF920F9313
:109410001F93CF93C82F7B0180E590E00F941D161A
:1094200068E270E08C2F0F94AB49082F69E270E07E
:109430008C2F0F94AB49282F302FB90121E030E059
:10944000A7018C2F0F94AA1681E090E0CF911F9175
:109450000F91FF90EF900895CF93DF931F92CDB7B8
:10946000DEB7FC01218D328D8FEF9FEF232B41F072
:10947000BE016F5F7F4F808D0F94054A898190E018
:109480000F90DF91CF9108950F931F93CF93DF93A8
:109490001F92CDB7DEB78C01DC01ED91FC91008409
:1094A000F185E02D1995892B79F0BE016F5F7F4F13
:1094B000F80184850F94054A898190E00F90DF912F
:1094C000CF911F910F9108958FEF9FEFF7CFFF92EC
:1094D0000F931F93CF93DF93F82E80E590E00F94C6
:1094E0001D1610E000E08F2D0F94C949EC01892B67
:1094F00021F08F2D0F94C9498C01C017D10799F71E
:10950000CE01DF91CF911F910F91FF900895FC0143
:109510008485843011F00D94674A90E080E00895CE
:10952000AF92BF92CF92DF92EF92FF921F93CF93B1
:10953000DF93182F6B017A0180E590E00F941D16E0
:10954000B12CA12C812F0F94C949EC01892B21F05A
:10955000812F0F94C9495C01CA15DB0599F7209743
:10956000E9F463E070E0812F0F94AB49843159F046
:10957000882349F0C1E0D0E08C3111F4D0E0C0E0A4
:10958000D195C195D109CE01DF91CF911F91FF9067
:10959000EF90DF90CF90BF90AF900895EC16FD064E
:1095A0000CF4E7011C161D0674F768E270E0812FC9
:1095B0000F94AB49E82E69E270E0812F0F94AB491C
:1095C000282F3E2D79019E01A601B701812F0F940E
:1095D000AA16EC0EFD1E4F2D68E270E0812F0F944D
:1095E00090494E2D69E270E0812F0F94904960E41C
:1095F00070E0812F0F947C16C6CFCF93DF93FC01D0
:10960000218D328D2115310529F48FEF9FEFDF91E8
:10961000CF910895EC01808D4217530708F0A901FE
:109620000F94904A1816190684F7298D3A8D281B35
:10963000390B3A8F298FEBCF0F931F93CF93DF9383
:109640001F92CDB7DEB7FC01218D328D232B41F463
:109650008FEF9FEF0F90DF91CF911F910F910895A2
:109660008C0141E050E0BE016F5F7F4FFC01808DB7
:109670000F94904A181619065CF7F801818D928DA7
:109680000197928F818F898190E0E4CF0F931F9390
:10969000CF93DF9300D000D01F921F92CDB7DEB7DB
:1096A0008C01D80159968D919C915A97892B41F044
:1096B000ED91FC910284F385E02DC8011995F1CF5D
:1096C000F801808D0F94674A18161906B4F548E022
:1096D00050E0BE016F5F7F4FD80158968C910F9478
:1096E000904A18161906F4F4D801509684E0FE0149
:1096F000319601900D928A95E1F78D8190E0982F37
:1097000088272E81820F911DF801958B848B8F8184
:10971000282F30E0322F22278885820F932F911D2A
:10972000928F818F28960FB6F894DEBF0FBECDBF03
:10973000DF91CF911F910F91089590E080E0F2CFDB
:109740002F923F924F925F926F927F928F929F9251
:10975000AF92BF92DF92EF92FF920F931F93CF933E
:10976000DF93CDB7DEB7E4970FB6F894DEBF0FBE38
:10977000CDBF7C014A015B0119010F947C1D2B01B7
:109780003C0187010D5B1F4FC8010F94464B181613
:1097900019069CF00F947C1D6419750986099709B8
:1097A00086169706A806B90608F488C162E370E039
:1097B00080E090E00F948A1BE7CF42E250E0BE01C8
:1097C0006F5F7F4FC8010F94FD4A89818230D1F0CD
:1097D000D12C8D2DE4960FB6F894DEBF0FBECDBF11
:1097E000DF91CF911F910F91FF90EF90DF90BF908D
:1097F000AF909F908F907F906F905F904F903F9031
:109800002F900895F801848995898334910501F793
:109810006D817E818F8198850F9499732B013C0116
:10982000F101408251826282738246E050E0B701CA
:10983000685F7F4FCE014D960F94AD77892B41F62F
:10984000F70180819181A281B381481659066A0689
:109850007B0608F4BDCF84819581A681B7818415EC
:109860009505A605B70508F4B3CF89899A89AB8910
:10987000BC8986879787A08BB18B8EECA82EB12CE4
:10988000C8010F941C4BF1E0AF1AB108C9F7D12CF5
:10989000C70182969AA789A7F701B696FCA7EBA7FE
:1098A00008969EA78DA73C974F01899698AB8FA7E6
:1098B0003897FAABE9AB1701F6E12F0E311CC597CB
:1098C0009CAB8BABF801818D928D181619060CF0AC
:1098D00080CFC8010F941C4B8333910509F4D4C089
:1098E000A4F58130910509F474C074F4892B51F307
:1098F000C8010F941C4BB82EBA94FFEFBF1611F39A
:10990000C8010F941C4BF8CF8330910509F46CC04B
:10991000069771F7C8010F941C4BA82E44E050E045
:109920006BA97CA9C8010F94FD4A712C612CEA2D0A
:10993000E450FF0B5F016A147B0424F6C8010F9406
:109940001C4BFFEF6F1A7F0AF6CF8A33910509F49B
:109950006FC074F585339105A1F1C69749F6C8012A
:109960000F941C4BB82EF701828D811109C0838D95
:10997000811106C0848D811103C0858D8823A1F0DB
:10998000EFA5F8A94080518062807380B401CE01B8
:1099900083960F943E3F8DA19EA1AFA1B8A58415DB
:1099A0009505A605B705D9F544E050E0B40118C007
:1099B0008B33910509F452C08F3F910509F482CF92
:1099C00097CFC8010F941C4BC8010F941C4BD82E85
:1099D00079CFC8010F941C4B44E050E069A97AA9E3
:1099E000C8010F94FD4A6ECFC8010F941C4BA82EDE
:1099F00044E050E0B101C8010F94FD4A712C612C84
:109A00008A2D8450990B5C016A147B040CF05ACFA8
:109A1000C8010F941C4B9FEF691A790AF5CFBA94CD
:109A2000FFEFBF1609F44ECFC8010F941C4BF7CFC0
:109A3000C8010F941C4B44E050E06BA57CA5C80105
:109A40000F94FD4AF70166A177A180A591A50F9417
:109A5000997366A377A380A791A734CFC8010F9409
:109A60001C4B44E050E06DA57EA5C8010F94FD4A53
:109A7000F70162A573A584A595A50F94997362A7B4
:109A800073A784A795A71ECFC8010F941C4B44E071
:109A900050E069A57AA5C8010F94FD4AF70162A1BB
:109AA00073A184A195A10F94997362A373A384A356
:109AB00095A366A777A780AB91AB04CFDD24DA949A
:109AC00088CEFC0184850D94904ACF93DF931F923A
:109AD000CDB7DEB741E050E0BE016F5F7F4FFC01C4
:109AE00084850F94904A1816190634F4898190E001
:109AF0000F90DF91CF9108958FEF9FEFF9CFCF9324
:109B0000C82F80E590E00F941D1660E170E08C2F67
:109B10000F947C164FEF62E070E08C2FCF910D9484
:109B20009049FF920F931F93CF93DF93C82FD62FA7
:109B30008A01F22E0F947F4D80E590E00F941D1660
:109B40004D2F4F2970E060E08C2F0F949049011544
:109B50001105C1F0412F64E070E08C2F0F94904903
:109B6000402F65E070E08C2F0F94904961E070E029
:109B70008C2F0F947C1681E0DF91CF911F910F9174
:109B8000FF9008950091AB141091AC140F5F1F4F1C
:109B90001093AC140093AB14DDCFBF92CF92DF9241
:109BA000EF92FF920F931F93CF93DF9300D000D0DB
:109BB000CDB7DEB7FC01208D243009F05DC06A010D
:109BC0007B018C01B12C63E070E08B2D0F94AB49CD
:109BD00081114AC0F801B08EF801808D843009F4FB
:109BE0004BC096E0E2E4F5E0DE01119601900D92A3
:109BF0009A95E1F7F70193819F779C8394819D83E8
:109C000095819E83B7016E5F7F4F0F946C49B601BB
:109C1000F801808D0F949A49F801808D90E0982F7B
:109C2000882746E050E0BE016F5F7F4F8A5F9B4F01
:109C30000F943D49F801128E118E20E8A60162E0D2
:109C4000808D0F94914D81E026960FB6F894DEBF7B
:109C50000FBECDBFDF91CF911F910F91FF90EF907D
:109C6000DF90CF90BF900895883109F4B3CFB394BB
:109C7000F4E0BF12A8CFB0CF80E0E6CFCF93DF9360
:109C8000EC01888D843021F00F947F4D84E0888F23
:109C9000DF91CF910895CF93C82F80E590E00F9486
:109CA0001D1663E070E08C2FCF910D94AB49EF92BD
:109CB000FF921F93CF93DF93FC01208D243039F066
:109CC00080E0DF91CF911F91FF90EF9008957B018D
:109CD000EC0110E0812F0F944B4E81110FC0188FB3
:109CE000888D843069F3FD86EC861A8E198E20E00B
:109CF000A70162E00F94914D81E0E3CF883179F3C1
:109D00001F5F143039F7ECCFFC018485843011F0EB
:109D10000D944B4E80E00895CF93DF93FC01248592
:109D20002430D9F0EC010F94844E843189F08823DB
:109D300079F0883169F021E08C3159F4E881F981BA
:109D40000084F185E02DCE01199521E0892B09F4DD
:109D500020E0822FDF91CF91089580E0FBCFAF927A
:109D6000BF92CF92DF92FF920F931F93CF93DF9317
:109D70008C015B01EA01FC01C688D788F08C80E584
:109D800090E00F941D168F2D0F9452178C179D077E
:109D900020F48F2D0F945217EC019E01A501B601FE
:109DA0008F2D0F94F216F801868997898C0F9D1FCD
:109DB000978B868BCE01DF91CF911F910F91FF90F2
:109DC000DF90CF90BF90AF900895CF93FC01C08DEE
:109DD00080E590E00F941D1660E270E08C2F0F94E8
:109DE0007C1662E070E08C2F0F94AB4984FD16C0A6
:109DF00062E070E08C2F0F94AB4983FF0AC048E10A
:109E000062E070E08C2F0F94904990E080E0CF9159
:109E1000089580E590E00F941D16E3CF40E162E0E5
:109E200070E08C2F0F94904981E090E0F0CFFF928A
:109E30000F931F93CF93DF93EB01FC01178A168AD0
:109E40002A81211109C02B81211106C02C812111E9
:109E500003C02D812223E1F041155105C9F08A018B
:109E6000FC01F08C80E590E00F941D16BE016E5F42
:109E70007F4F8F2D0F946C49B8018F2D0F949A4905
:109E800081E090E0DF91CF911F910F91FF900895B5
:109E900090E080E0F7CF4F925F926F927F928F9227
:109EA0009F92AF92BF92CF92DF92EF92FF920F9369
:109EB0001F93CF93DF93CDB7DEB763970FB6F894B8
:109EC000DEBF0FBECDBF7C016B013A01FB0120E07C
:109ED00090E080E06AE03191332309F461C040ED05
:109EE000430F4A3008F04DC0689FA001699F500D94
:109EF0001124CA01C097830F911D37FD9A958F3F9A
:109F0000910549F340F3F7014281538164817581E2
:109F10008091161090911710A0911810B0911910FF
:109F2000481759076A077B0709F42EC28701085FA3
:109F30001F4F0F947C1D6F7077277C5FC8010F94B3
:109F4000574E813009F025C280E495E09A838983D9
:109F5000F70182819381A481B5818B839C83AD833A
:109F6000BE8345E350E0BE016F5F7F4FC8010F9491
:109F7000174F892BA9F5D12CC12CC8010F943E4E47
:109F800017C03E3209F0BFCF233009F4BCCFD30154
:109F9000A20FB11D12968C932F5F90E080E09BCFB3
:109FA000233009F0B0CFF3018583CC24C394D12CA6
:109FB000C60163960FB6F894DEBF0FBECDBFDF912A
:109FC000CF911F910F91FF90EF90DF90CF90BF90B6
:109FD000AF909F908F907F906F905F904F9008957B
:109FE0000F947C1DF7017783668376276727762792
:109FF0007A83698342E050E0BE016F5F7F4FC80102
:10A000000F94AF4E81E090E09E878D8742E050E054
:10A01000BE01635F7F4FC8010F94AF4E80E091E0B7
:10A020009E878D8742E050E0BE01635F7F4FC8018D
:10A030000F94AF4E1E861D8642E050E0BE01635F66
:10A040007F4FC8010F94AF4E42E050E0BE01635F06
:10A050007F4FC8010F94AF4E42E050E0BE01635FF6
:10A060007F4FC8010F94AF4E5601F60180818823BF
:10A0700001F16501F60181912F01882311F08E32E3
:10A08000B1F446018A189B081814190474F48F86D9
:10A0900041E050E0BE01615F7F4FC8010F94AF4EB9
:10A0A000A401B501C8010F94AF4E5201DECF620189
:10A0B000E1CF1F8641E050E0BE01615F7F4FC801E4
:10A0C0000F94AF4EC12CDD24D394DE86CD8642E0C2
:10A0D00050E0BE01635F7F4FC8010F94AF4EDE8634
:10A0E000CD8642E050E0BE01635F7F4FC8010F9410
:10A0F000AF4EC8010F94E54E892B09F43CCFF3E035
:10A10000AF2EB12C230122E0420E511CEEC0F7010C
:10A110004281538164817581808D918DA28DB38D33
:10A12000481759076A077B0709F024C1848D958D6C
:10A13000C59709F01FC181A192A15DEFC52EDD2455
:10A14000DA940C970CF4C5C04CE050E0BE016F5F90
:10A150007F4FC8010F94FD4A8B819C8198278927E6
:10A1600098279A8B898B29813A8132272327322796
:10A17000F701468157814217530709F000C197FF45
:10A18000FEC08F7092703BEFC32EDD24DA94892BD2
:10A1900009F09FC06F8078847624672476242AEFA4
:10A1A000C22EDD24DA946114710409F492C0D12C1A
:10A1B000C12C8D819E81982789279827C816D9069A
:10A1C00040F541E050E0BE01635F7F4FC8010F944E
:10A1D000FD4A8D85882351F08D859FEF980F9D87CF
:10A1E000882321F0C8010F941C4BF6CF8D85811177
:10A1F000E8CFC8010F941C4BC8010F941C4BC80139
:10A200000F941C4BC8010F941C4BFFEFCF1ADF0AB1
:10A21000D0CF912C812C41E050E0BE016D5E7F4F8C
:10A22000C8010F94FD4A8B89982F907C61F4882394
:10A2300089F08B899FEF980F9B8B882341F0C80191
:10A240000F941C4BF6CFC8010F941C4B1B8A8B89B3
:10A250008111E1CF42E050E0BE01615F7F4FC80154
:10A260000F94FD4A42E050E0BE01635F7F4FC8019A
:10A270000F94FD4AC8010F941C4BC8010F941C4B4E
:10A28000C8010F941C4BC8010F941C4B42E050E0D6
:10A29000BE016F5E7F4FC8010F94FD4A8F8598897C
:10A2A0008115914009F040C0CD84DE84DC24CD24AA
:10A2B000DC2481E0C816D104B9F589899A89811511
:10A2C000944009F04EC044E050E0B201C8010F9440
:10A2D000FD4A0E941B8E81E0A81AB10809F44DCEF8
:10A2E000FFEFCF16DF0609F048CE0F947C1D3B012F
:10A2F0004C01C8010F94464B181619060CF407CFF1
:10A300000F947C1D6619770988099909613A7F4085
:10A310008105910558F50E941B8E61E070E080E098
:10A3200090E00F948A1BE5CFD12CC12C89899A89A2
:10A33000982789279827C816D90638F4C8010F949A
:10A340001C4BFFEFCF1ADF0AF1CF2FEF821A920AD0
:10A350006814790409F05FCF96EFC92EDD24DA94F2
:10A36000B8CFE7EFCE2EDD24DA94B3CFCC24CA9455
:10A37000DC2CAFCF6EEFC62EDD24DA94AACF4CEFE3
:10A38000C42EDD24DA94A5CF8EEFC82EDD24DA9416
:10A390000FCED12CC12C0CCECF92DF92EF92FF9238
:10A3A0000F931F93CF93DF93CDB7DEB7AF970FB661
:10A3B000F894DEBF0FBECDBF7C016A0100E415E05A
:10A3C0001A8309831C861B8688EE93E0A0E0B0E028
:10A3D0008D879E87AF87B88B88E195E09A878987BC
:10A3E000188F0F8B198E1A8E1B8E1C8E84E089A3FA
:10A3F0001BA70AA71CA61DA61EA61FA680911C109F
:10A4000090911D10A0911E10B0911F108EA39FA3BC
:10A41000A8A7B9A78B839C83AD83BE8318861F82B0
:10A42000AE01465D5F4FCE0101960F944B4F8130D8
:10A430009105B1F4D701ED91FC910488F589E02DE7
:10A440001DA30CA38CA59DA5AEA5BFA58EA39FA300
:10A45000A8A7B9A7A601BE016C5D7F4FC7011995DA
:10A46000AF960FB6F894DEBF0FBECDBFDF91CF9190
:10A470001F910F91FF90EF90DF90CF900895CF92B2
:10A48000DF92EF92FF920F931F93CF93DF93CDB79D
:10A49000DEB7AF970FB6F894DEBF0FBECDBF7C011D
:10A4A0006A0100E415E01A8309831C861B8688EE86
:10A4B00093E0A0E0B0E08D879E87AF87B88B88E1FE
:10A4C00095E09A878987188F0F8B198E1A8E1B8EAD
:10A4D0001C8E84E089A31BA70AA71CA61DA61EA686
:10A4E0001FA680911C1090911D10A0911E10B0917C
:10A4F0001F108EA39FA3A8A7B9A78B839C83AD83AE
:10A50000BE8318861F82AE01465D5F4FCE01019665
:10A510000F944B4F81309105B1F4D701ED91FC912F
:10A520000684F785E02D1DA30CA38CA59DA5AEA5E3
:10A53000BFA58EA39FA3A8A7B9A7A601BE016C5D66
:10A540007F4FC7011995AF960FB6F894DEBF0FBEC7
:10A55000CDBFDF91CF911F910F91FF90EF90DF90D2
:10A56000CF9008957F928F929F92AF92BF92CF9299
:10A57000DF92EF92FF920F931F93CF93DF93CDB7AC
:10A58000DEB7A6970FB6F894DEBF0FBECDBF8C0125
:10A59000762E942E852E20E2A22ECE0101967C01ED
:10A5A000DC01EA2D1D92EA95E9F76801F3E4CF0E8C
:10A5B000D11C80E495E09AA389A38FEF8BA38CA391
:10A5C0008DA38EA343E450E0BE016F5D7F4FC601B3
:10A5D0000F94174F019609F4BFC081E089838A83E5
:10A5E00086E0B82EBB821C82D80114966D917D91B5
:10A5F0008D919C9117970F9499736D837E838F83B0
:10A60000988789869A8680E890E09C878B874CE1C2
:10A6100050E0B701C6010F94AF4EFE0137968AE1B4
:10A62000DF011D928A95E9F74801B8E08B0E911C75
:10A63000F401D70101900D92BA94E1F740E150E0A6
:10A64000B701C6010F94AF4EF7011192AA94E9F732
:10A6500096E0A92EB12C40E250E0B701C6010F945C
:10A66000AF4EF1E0AF1AB108B1F783E6898392E803
:10A670009A8393E59B838C8385E38D8381E08E832E
:10A680007F829DE3988797E099878A8786E0F40127
:10A69000DE011B9601900D928A95E1F78CE0898B83
:10A6A0008A8B6AEC7CE0CE0143960F940778D80140
:10A6B0001B966C91CE0149960F946E17F801648534
:10A6C000CE014B960F946E17D8011D966C91CE015A
:10A6D0004D960F946E174EE150E0B701C6010F94EE
:10A6E000AF4EB3E07B121EC082E3898384E08A838D
:10A6F000F80196859B8397859C8390899D8391899A
:10A700009E8396E39F838887828D8987838D8A873E
:10A71000848D8B87858D8C874CE050E0B701C60116
:10A720000F94AF4E87E3898386E08A8391E09B8311
:10A7300093E09C838D838FE08E838AE38F838BE30A
:10A7400088878FEF898749E050E0B701C6010F94F1
:10A75000AF4EC6010F94E54EA6960FB6F894DEBF35
:10A760000FBECDBFDF91CF911F910F91FF90EF9062
:10A77000DF90CF90BF90AF909F908F907F90089583
:10A780002F923F924F925F926F927F928F929F9201
:10A79000AF92BF92CF92DF92EF92FF920F931F93EF
:10A7A000CF93DF9300D000D0CDB7DEB78C010F94EC
:10A7B000136B2FEC37E040E050E00F943C73DC016A
:10A7C000CB010196A11DB11DF80184839583A68359
:10A7D000B78380839183A283B3835801F3E4AF0EE0
:10A7E000B11CC5010F943E4E64E470E0C5010F94A6
:10A7F000574E882309F445C10F947C1D2B013C0161
:10A80000480182E4880E911C48EEC42E43E0D42E09
:10A81000E12CF12C52E0252E1E821D82D4018C9158
:10A820008330B1F1811166C0F80184819581A681E0
:10A83000B7810196A11DB11D84839583A683B7833B
:10A840000F947C1D6419750986099709A701960163
:10A850000F941A73A90161E0C8010F94B25281E00C
:10A86000D4018C938D819E810197C1F20F947C1D40
:10A870006419750986099709D801D6962D913D91DD
:10A880004D915C91D997261737074807590720F64D
:10A89000C5010F943E4EF80184819581A681B78150
:10A8A0000196A11DB11D84839583A683B7830F9460
:10A8B0007C1DF801FE9660837183828393838D8172
:10A8C0009E8126960FB6F894DEBF0FBECDBFDF91F6
:10A8D000CF911F910F91FF90EF90DF90CF90BF909D
:10A8E000AF909F908F907F906F905F904F903F9030
:10A8F0002F9008958430F1F4F80184819581A68128
:10A90000B7810196A11DB11D84839583A683B7836A
:10A910000F947C1D6419750986099709A701960192
:10A920000F941A73A90163E0C8010F94B252D401C5
:10A930002C9298CF813051F5F80142AD53AD64AD02
:10A9400075AD9E012F5F3F4FC8010F94A04B382E6D
:10A95000F2E08F1390C089819A81AB81BC81F801AC
:10A9600084839583A683B7830F947C1D641975092E
:10A9700086099709A70196010F941A73A90163E04C
:10A98000C8010F94B252D4013C926CCF823009F0CE
:10A9900069CFF80142AD53AD64AD75AD9E012F5F37
:10A9A0003F4FC8010F94A04B382EF5E08F135DC0C8
:10A9B000E3E0D401EC93F80182A193A1A4A1B5A195
:10A9C000892B8A2B8B2B41F484E893E0A0E0B0E044
:10A9D00082A393A3A4A3B5A3F80186A197A1A0A5E0
:10A9E000B1A5892B8A2B8B2B61F482A193A1A4A101
:10A9F000B5A1B695A7959795879586A397A3A0A788
:10AA0000B1A7F80182A593A5A4A5B5A5892B8A2B8A
:10AA10008B2BA9F482A193A1A4A1B5A1AC01BD0186
:10AA200023E076956795579547952A95D1F7841B2E
:10AA3000950BA60BB70B82A793A7A4A7B5A7F80100
:10AA400086A197A1A0A5B1A586A797A7A0ABB1ABFA
:10AA500082A593A5A4A5B5A582AB93ABA4ABB5ABDA
:10AA600081E090E09E838D83FDCE96E0891303C044
:10AA7000D4011C92F7CEBFEF3B12F4CEF40110824A
:10AA8000F1CE1E821D821BCFCF92DF92EF92FF92FA
:10AA90001F93CF93DF93FC011485143049F1EC012F
:10AAA00080E590E00F941D1668E070E0812F0F9410
:10AAB0007C160F947C1D6B017C01CE010F94844E9B
:10AAC0008823A1F062E370E080E090E00F948A1B9D
:10AAD0000F947C1D6C197D098E099F09683E734097
:10AAE0008105910550F38C850F947F4D84E08C8710
:10AAF000DF91CF911F91FF90EF90DF90CF9008955D
:10AB00008F929F92AF92BF92CF92DF92EF92FF927D
:10AB10000F931F93CF936C015B017A01FC01C485F5
:10AB2000C430A1F481E090E0F60193838283F12C9C
:10AB3000E12CC701CF911F910F91FF90EF90DF9013
:10AB4000CF90BF90AF909F908F9008958A01413031
:10AB5000584010F000E018E080E590E00F941D16DA
:10AB60008C2F0F9452174C0163E070E08C2F0F94E0
:10AB7000AB49873111F08C3129F58016910660F3CD
:10AB800080E590E00F941D169801A50170E060E04B
:10AB90008C2F0F94F21660E270E08C2F0F947C16CD
:10ABA00062E070E08C2F0F94AB4984FD13C063E02A
:10ABB00070E08C2F0F94AB49811107C08C2F0F943C
:10ABC0007F4DB0CF10E000E0DBCF80E590E00F9448
:10ABD0001D16E6CF40E162E070E08C2F0F949049A3
:10ABE000012B09F0A6CF9ECFCF92DF92EF92FF927A
:10ABF0000F931F93CF93DF93FC012485243059F0EA
:10AC000090E080E0DF91CF911F910F91FF90EF9046
:10AC1000DF90CF9008956A01EB018C01F12C8F2D0C
:10AC20000F944B4E811129C0F801F486F8018485F8
:10AC3000843031F320913F02309140022F5F3F4F2B
:10AC400021F13093400220933F0240913F02509106
:10AC5000400220E061E00F94914D8A818F3FC1F462
:10AC60008B818F3F01F58C818F3FE9F48D818F3F80
:10AC7000D1F484E0F8018487C3CF8B7F8831A1F2BF
:10AC8000F394F4E0FF12CBCFD1CF20E030ECD9CF5A
:10AC9000811109C08B81811106C08C81811103C093
:10ACA0008D81882331F3C114D10419F3F801F484A0
:10ACB00080E590E00F941D16BE016E5F7F4F8F2DD3
:10ACC0000F946C49B6018F2D0F949A4964E070E09F
:10ACD0008F2D0F947C160F947C1D6B017C01F4E981
:10ACE000CF0EF1E1DF1EE11CF11CC8010F94844E70
:10ACF000873119F161E070E080E090E00F948A1BE9
:10AD00000E941B8EC8010F94844E882309F4B1CF92
:10AD10000F947C1DC616D706E806F90630F7F80131
:10AD200084850F947F4D84E0F801848761EA75E3A0
:10AD300083E392E10F941D3F63CF66E975E383E3FC
:10AD400092E10F941D3F81E090E05CCF78941F92D8
:10AD50000F920FB60F9211240BB60F92CF92DF9283
:10AD6000EF92FF920F931F932F933F934F935F9315
:10AD70006F937F938F939F93AF93BF93CF93DF9303
:10AD8000EF93FF93809170008E7F809370000FE3AC
:10AD900010E08BE1E82EF12C9BE2C92ED12CC09162
:10ADA000A714D091A814209709F04FC003321105C1
:10ADB00060F103521109E091A514F091A6142081CD
:10ADC0008091A414982F9095922390839BE0D701B3
:10ADD0001197F1F79150D9F79081892B8083C601A3
:10ADE0000197F1F780E00F94F2372196D093A814E1
:10ADF000C093A71480913D0290913E028C179D074D
:10AE000070F61092A8141092A714809170008160BF
:10AE100080937000FF91EF91DF91CF91BF91AF913F
:10AE20009F918F917F916F915F914F913F912F9162
:10AE30001F910F91FF90EF90DF90CF900F900BBE7E
:10AE40000F900FBE0F901F9018950B301105E8F270
:10AE50000B501109E091A914F091AA14EC0FFD1FF9
:10AE600031978081C0CF81E080931E1480913C0295
:10AE7000282F30E0F901E45CFC4CE491F0E0EE0FA7
:10AE8000FF1FE359FD4C459154915093A6144093F4
:10AE9000A514F901EA50FD4CE491E093A41461E09B
:10AEA0000F94451983E08093B100E0E7F0E08081E2
:10AEB000816080830895CF93DF931816190674F08C
:10AEC000809170008E7F8093700010921E141092FB
:10AED0003E0210923D02DF91CF910895EC018091E6
:10AEE000A9149091AA140F943E6ACE01C130D240A9
:10AEF00014F080E092E090933E0280933D020F9424
:10AF0000A2699093AA148093A914892B01F38091CC
:10AF10001E148111E0CFDF91CF910D943357FF9232
:10AF20000F931F93CF93DF93EC01F62E80911E14A5
:10AF3000811102C00F9433578E0101501109011580
:10AF400082E01807A0F480913D0290913E028C1798
:10AF50009D0718F4CE010F945B578091A91490912E
:10AF6000AA14009721F0800F911FFC01F082DF915D
:10AF7000CF911F910F91FF900895FC0181810D9455
:10AF80001414CF93C62F0F94BD5761EE82E290E167
:10AF90000F949A386C2F82E290E10F949A38CF91F7
:10AFA0000D9414151092A70E81E08093A60E1092B6
:10AFB000810E61E084E10F94171961E085E10F943F
:10AFC0001719E9EBF0E080818E7F808380818D7F8F
:10AFD000808388E48093B80085E48093BC00089562
:10AFE000CF93DF9391E090936014882361F0C09138
:10AFF000B800D091BA000F9477390F94D257D093FC
:10B00000BA00C093B800DF91CF91089585ED809389
:10B01000BC008091A90E9091AA0EA091AB0EB091A8
:10B02000AC0E0796A11DB11D23E0B695A795979587
:10B0300087952A95D1F72091BC0024FD03C010927A
:10B04000A70E08954091A90E5091AA0E6091AB0EE3
:10B050007091AC0E452B462B472B69F30097A10549
:10B06000B10541F02AE22A95F1F700C00197A10944
:10B07000B109E1CF8091A80E0D94F0571F920F9265
:10B080000FB60F9211240BB60F922F933F934F934D
:10B090005F936F937F938F939F93AF93BF93EF9340
:10B0A000FF938091B900887F803609F44DC008F085
:10B0B00040C0883209F4A9C028F5803109F49DC048
:10B0C000C8F4882309F4FBC0883009F496C0FF91C6
:10B0D000EF91BF91AF919F918F917F916F915F9110
:10B0E0004F913F912F910F900BBE0F900FBE0F907D
:10B0F0001F901895883109F488C0803241F78093F9
:10B10000A50E14C0803409F49DC040F48033B9F317
:10B110008833E9F68093A50E85ECB0C0803509F43C
:10B1200085C0883509F496C0883489F60F9406588E
:10B13000CECF883909F48CC038F5883729F050F41F
:10B14000883611F0803719F683E08093A70E1092AD
:10B15000A31457C0883809F47BC0803919F08038AF
:10B1600009F0B5CF8091A314803208F071C0E0914E
:10B17000A31481E08E0F8093A3148091BB00F0E0B4
:10B18000ED57FB4E80833DC0803B39F0E0F4803AC0
:10B1900009F479C0883A09F09ACF84E08093A70E29
:10B1A0001092821410928114E0917D0EF0917E0E27
:10B1B00019958091811481110FC081E080938114D1
:10B1C0001092611409C0803C09F4A6CF883C09F4B0
:10B1D000A3CF883B09F07BCFE091821481E08E0FF2
:10B1E00080938214F0E0EF59FB4E80818093BB0086
:10B1F000909182148091811429C08091820E809355
:10B20000BB0085EC8093BC0062CF9091A40E80912E
:10B21000A30E981758F5E091A40E81E08E0F80934D
:10B22000A40EF0E0ED57F14F8081E9CFE091A40E3C
:10B2300081E08E0F8093A40E8091BB00F0E0ED576B
:10B24000F14F80839091A40E8091A30E9817C8F2BD
:10B2500085E8D8CFE091A40E81E08E0F8093A40EF4
:10B260008091BB00F0E0ED57F14F80838091A60EF6
:10B2700081115CCF81E08093810E84EA8093BC00D1
:10B280001092A70E24CF85EC8093BC001092A70EDD
:10B290008091A314803230F4E091A314F0E0ED57D4
:10B2A000FB4E10826091A31470E0E0917B0EF09150
:10B2B0007C0E83E894E119951092A31408CF1092A4
:10B2C000A50E34CF81E00D949A1ACF92DF92EF92BF
:10B2D000FF920F931F93CF93DF93D62FC42F0F941A
:10B2E000751A6B017C018091A70E811165C081E008
:10B2F0008093A70E8093A60E9FEF9093A50E1092B9
:10B30000A40E9C0F9093A30E8093820E8091820EC8
:10B31000DD0FD82BD093820E8091810E813009F001
:10B320007FC01092810E0F94751A6B017C01809181
:10B33000820E8093BB008091A90E9091AA0EA091DD
:10B34000AB0EB091AC0E892B8A2B8B2BA1F00F94F6
:10B35000751A0091A90E1091AA0E2091AB0E309192
:10B36000AC0E6C197D098E099F090617170728076F
:10B37000390708F442C08091BC0083FDD8CF85EC2A
:10B380008093BC000F94751A6B017C018091A70E0D
:10B39000813009F447C08091A40E8C1710F4C0913D
:10B3A000A40EA3E8BEE0E0E4F4E180E08C1751F1E4
:10B3B0009D9191938F5FFACF8091A90E9091AA0EE3
:10B3C000A091AB0EB091AC0E892B8A2B8B2B09F47C
:10B3D0008ACF0F94751A0091A90E1091AA0E209190
:10B3E000AB0E3091AC0E6C197D098E099F090617C2
:10B3F00017072807390708F076CF8091A80E0F9419
:10B40000F057C0E01092800EC0937F0E8C2FDF911A
:10B41000CF911F910F91FF90EF90DF90CF90089503
:10B4200085EEAECF8091A90E9091AA0EA091AB0EA1
:10B43000B091AC0E892B8A2B8B2B09F4A7CF0F94DC
:10B44000751A0091A90E1091AA0E2091AB0E3091A1
:10B45000AC0E6C197D098E099F090617170728077E
:10B46000390708F093CFC9CF41E0FC01618182E246
:10B4700090E10F94655982E290E10F94533808955A
:10B480008F929F92AF92BF92EF92FF921F93CF93B2
:10B49000DF93EC010F947C1D4B015C0110E08BE409
:10B4A000E82EF12C0F947C1D681979098A099B09F3
:10B4B000683E73408105910510F5ED85FE85309756
:10B4C00009F0199560EFCE010F94C157CE010F948A
:10B4D000345A182F80FD0FC08A81813009F41A82F6
:10B4E000812FDF91CF911F91FF90EF90BF90AF9090
:10B4F0009F908F900895C7010197F1F7D3CF81E016
:10B500008A83EECF1F93CF93DF93EC01162F0F9416
:10B51000405ACE010F94BD5762ED82E290E10F9444
:10B520009A38612F70E06095709584E0660F771F00
:10B530008A95E1F7612B82E290E10F949A380F949B
:10B540001415CE010F94345A811731F084E08A83A8
:10B55000DF91CF911F9108958A818430C9F71A82B3
:10B56000F7CFCF93DF93EC0163EC0F94C157CE017B
:10B57000DF91CF910D94345A0F931F93CF93DF93A4
:10B58000EC01162F042F0F94405A002341F0CE01F6
:10B590000F94B15A682F6460CE010F94825ACE0185
:10B5A0000F94BD5765EA82E290E10F949A38612FBB
:10B5B00082E290E10F949A38DF91CF911F910F9121
:10B5C0000D941415EF92FF920F931F93CF93DF9377
:10B5D0008C017B0140E065E50F94BC5AE70188E0EF
:10B5E000E80EF11C699140E0C8010F94BC5ACE15D9
:10B5F000DF05C1F7DF91CF911F910F91FF90EF9081
:10B600000895CF93DF93EC010F94BD5740E060EFB6
:10B61000CE010F94BC5ADF91CF910D9414150F9366
:10B620001F93CF93DF93EC010F94405A80FD36C0F7
:10B63000CE010F94B15A60E0CE010F94825ACE0130
:10B640000F94405ACE010F94BD5764EB82E290E113
:10B650000F949A380F941415CE010F94405A082F66
:10B6600010E082FF16C082E08A838881882341F03F
:10B67000CE010F94B15A682F6160CE010F94825AA7
:10B6800015950795802F8170DF91CF911F910F91B4
:10B6900008958A81823049F71A82E7CF80E0F4CF9B
:10B6A000CF92DF92EF92FF920F931F93CF93DF938E
:10B6B0008C01EB017A01FC01858196810F940F5B6F
:10B6C0008823C1F1BE01F801858196810F94E25A69
:10B6D00040E06EEBF801858196810F94BC5AE7013A
:10B6E0006701F9E0CF0ED11CF801E580F680C701B3
:10B6F0000F94405AC7010F94BD5766E982E290E16A
:10B700000F949A380F941415C7010F94405A61EEA4
:10B71000C7010F94C157C7010F94345A8993CC16AF
:10B72000DD0611F7F801858196810F940F5B91E09A
:10B73000813009F090E0892FDF91CF911F910F9117
:10B74000FF90EF90DF90CF900895CF93DF93EA01C1
:10B750000F94505B882381F0DE0189E090E08150F6
:10B7600039F0ED91E927F0E0EA56FB4C9491F7CFE0
:10B7700081E02885291380E0DF91CF910895CF9350
:10B78000DF9300D000D000D0CDB7DEB7AE014F5F61
:10B790005F4F0F94A55B882331F08D818F33A9F023
:10B7A00020F48F31A1F080E007C08F3521F08F3772
:10B7B000D1F78CE001C08BE029960FB6F894DEBF7C
:10B7C0000FBECDBFDF91CF9108958AE0F5CF89E01C
:10B7D000F3CF6F927F928F929F92AF92BF92CF9250
:10B7E000DF92EF92FF920F931F93CF93DF93FC01B1
:10B7F000248521118CC0872E762EEC010F940F5BCF
:10B80000882309F486C0CE010F94405A40E060EFCF
:10B81000CE010F94BC5A10E000E066246A94AA247A
:10B82000A394B12CE02EE694E694E694F12C802FBC
:10B830008770650101C0CC0C8A95EAF78B85082ECC
:10B84000000C990B0817190734F5FE01EE0DFF1DCA
:10B8500093809C20CE010F94405ACE010F94BD5787
:10B8600068E782E290E10F949A38992011F080E81D
:10B87000982E692D82E290E10F949A380F94141556
:10B88000CE010F94405A982F907485FF0BC09923D6
:10B8900069F08EEF2AC09924939408171907D1F202
:10B8A000912CD8CF911102C087FF602EFE01EE0DC2
:10B8B000FF1D938187FF28C0C92AC3820F5F1F4FD6
:10B8C0000034110509F0AECF6B86FFEF6F1202C096
:10B8D00081E08C872396E72DF82DCF0108962991DA
:10B8E0002193E817F907D9F781E0DF91CF911F91F4
:10B8F0000F91FF90EF90DF90CF90BF90AF909F900F
:10B900008F907F906F900895C094C922D6CF80E029
:10B91000ECCF8FEFEACFCF93DF93EA01282FDC0142
:10B92000ED91F0E094E0F595E7959A95E1F7E25B0B
:10B93000FA4F80818883FD013197E081EF70F0E05C
:10B94000E25BFA4F8081898322968A2F821B8617B9
:10B9500038F3615070E0660F771F460F571FFA01EA
:10B960001282DF91CF9108950F931F93CF93DF93AE
:10B970000097D1F0FC0120852F702630A9F48B01AF
:10B98000EC010F94D507009789F40F94170EAC01C2
:10B99000B801CE010F94AD15B801CE01DF91CF9162
:10B9A0001F910F910D94D50790E080E0DF91CF912A
:10B9B0001F910F910895CF92DF92EF92FF9269014C
:10B9C0007A01009791F0FC0120852F70263069F4F0
:10B9D0000F94D507FC01892B41F090859F7093301F
:10B9E00059F4C184D284E384F484C701B601FF9082
:10B9F000EF90DF90CF9008959230B9F7618572850E
:10BA0000838594850F94D7716B017C01EECFCF9223
:10BA1000DF92EF92FF920F931F93680179010097D5
:10BA2000F9F0FC0120852F70263051F4A701980110
:10BA30001F910F91FF90EF90DF90CF900D94DB5C02
:10BA4000253071F4642F0F948708FC01892B41F095
:10BA500090859F70933069F4C184D284E384F48428
:10BA6000C701B6011F910F91FF90EF90DF90CF902B
:10BA700008959230A9F761857285838594850F9426
:10BA8000D7716B017C01ECCFCF92DF92EF92FF92E6
:10BA900069017A01009791F0FC0120852F70263012
:10BAA00069F40F94D507FC01892B41F090859F70B4
:10BAB0009230A1F4C184D284E384F484C701B60136
:10BAC000FF90EF90DF90CF90089561857285838518
:10BAD00094850F94A2746B017C01F0CF9330A9F38D
:10BAE000913061F7C1840C2C000CDD08EE08FF08D2
:10BAF000E5CF009789F0FC0120852F70253061F497
:10BB00000F948708009741F0FC0120852F702430A6
:10BB100019F481859285089590E080E008950F934F
:10BB20001F93CF93DF936CE874E380ED92E10F9461
:10BB30001D3F81E00F949A1A0F94773961E085E1F7
:10BB40000F94451960E084E10F944519C4E1D0E0F9
:10BB500010E001E0612F85E10F94171910276AE0CA
:10BB600070E080E090E00F948A1B219799F764E1E0
:10BB700070E080E090E00F948A1B0F94A814C091AD
:10BB80003314D0913414209739F1CE010F94BD575E
:10BB900082E290E10F94625981111EC0CE010F9490
:10BBA000015B61E774E380ED92E10F941D3FE0914A
:10BBB0003314F09134140083809133149091341431
:10BBC0000F940F5B6DE574E3811102C068E474E3C8
:10BBD00080ED92E10F941D3F81E0DF91CF911F91A5
:10BBE0000F91089590E0FC01E45CFC4CE491F0E0DE
:10BBF000EE0FFF1FE359FD4CA591B4912C918A5093
:10BC00009D4CFC018491822391E009F490E0892FFE
:10BC10000895CF92DF92EF92FF920F931F93182F08
:10BC20006A017B010F947C1D04C0969587957795DA
:10BC300067951A95D2F76C217D218E219F218B016A
:10BC40009C0101501109210931090E3F1F4F2F4F4F
:10BC50003F4F20F061E070E080E090E01F910F9195
:10BC6000FF90EF90DF90CF90089580914C109091CD
:10BC70004D100F943E6A8091911190919211DC01C8
:10BC8000ED91FC910288F389E02D19958DEF91E1FA
:10BC90000D94123B8F929F92AF92BF92CF92DF9200
:10BCA000EF92FF920F931F93CF93DF93E4EDFEE0AB
:10BCB0001382128288EEC82E83E0D82EE12CF12C5C
:10BCC000C482D582E682F78288E994E091838083FA
:10BCD00025E331E03587248724E331E03787268761
:10BCE00020E331E0318B208B21E331E0338B228B59
:10BCF00022E331E0358B248B26E331E0378B268B32
:10BD0000118E128E138E148EE1E7FFE013821282E1
:10BD1000C482D582E682F7829183808325ED30E06C
:10BD20003587248724ED30E03787268720ED30E003
:10BD3000318B208B21ED30E0338B228B22ED30E0F4
:10BD4000358B248B26ED30E0378B268B118E128EAF
:10BD5000138E148EE3E3F2E113821282C482D58241
:10BD6000E682F7829183808385EC90E095878487D3
:10BD700084EC90E09787868780EC90E0918B808BB5
:10BD800081EC90E0938B828B82EC90E0958B848B9E
:10BD900086EC90E0978B868B118E128E138E148E0C
:10BDA000A5E4B3E1C0E4D5E01196DC93CE931296FE
:10BDB0001C92129713961C92139714961C92149728
:10BDC00015961C92AEE0B0E11196DC93CE931296DC
:10BDD0001C92129713961C92139714961C92149708
:10BDE00015961C92ABE4B3E11196DC93CE931296B8
:10BDF0001C92129713961C92139714961C921497E8
:10BE000015961C92A1E5B3E11196DC93CE931296A0
:10BE10001C92129713961C92139714961C921497C7
:10BE200015961C92A7E5B3E11196DC93CE9312967A
:10BE30001C92129713961C92139714961C921497A7
:10BE400015961C92A4E1B0E11196DC93CE93129664
:10BE50001C92129713961C92139714961C92149787
:10BE600015961C92ADE5B3E11196DC93CE93129634
:10BE70001C92129713961C92139714961C92149767
:10BE800015961C92A3E6B3E11196DC93CE9312961D
:10BE90001C92129713961C92139714961C92149747
:10BEA00015961C92A9E6B3E11196DC93CE931296F7
:10BEB0001C92129713961C92139714961C92149727
:10BEC00015961C92AFE6B3E11196DC93CE931296D1
:10BED0001C92129713961C92139714961C92149707
:10BEE00015961C92AAE1B0E11196DC93CE931296BE
:10BEF0001D921D921D921C921597A2E2B0E113961D
:10BF00001C921E9212971496CD92DD92ED92FC92A5
:10BF100017978AEA94E08D939C93A5E7B3E1119675
:10BF2000DC93CE9312961C92129713961C92139741
:10BF300014961C92149715961C92ABE7B3E11196D8
:10BF4000DC93CE9312961C92129713961C92139721
:10BF500014961C92149715961C92A1E8B3E11196C1
:10BF6000DC93CE9312961C92129713961C92139701
:10BF700014961C92149715961C92A7E8B3E111969B
:10BF8000DC93CE9312961C92129713961C921397E1
:10BF900014961C92149715961C92ADE8B3E1119675
:10BFA000DC93CE9312961C92129713961C921397C1
:10BFB00014961C92149715961C92A3E9B3E111965E
:10BFC000DC93CE9312961C92129713961C921397A1
:10BFD00014961C92149715961C92A9E9B3E1119638
:10BFE000DC93CE9312961C92129713961C92139781
:10BFF00014961C92149715961C92AFE9B3E1119612
:10C00000DC93CE9312961C92129713961C92139760
:10C0100014961C92149715961C92A5EAB3E11196FA
:10C02000DC93CE9312961C92129713961C92139740
:10C0300014961C92149715961C92ABEAB3E11196D4
:10C04000DC93CE9312961C92129713961C92139720
:10C0500014961C92149715961C92A1EBB3E11196BD
:10C06000DC93CE9312961C92129713961C92139700
:10C0700014961C92149715961C92A7EBB3E1119697
:10C08000DC93CE9312961C92129713961C921397E0
:10C0900014961C92149715961C92ADEBB3E1119671
:10C0A000DC93CE9312961C92129713961C921397C0
:10C0B00014961C92149715961C92A3ECB3E111965A
:10C0C000DC93CE9312961C92129713961C921397A0
:10C0D00014961C92149715961C92A9ECB3E1119634
:10C0E000DC93CE9312961C92129713961C92139780
:10C0F00014961C92149715961C92AEE2B0E18AE554
:10C1000012968C93129750961C921E921F975296DD
:10C110001C921E92519740E050E46CE176E4139635
:10C120004D935D936D937C93169717961D921D9278
:10C130001D921C921A9753961D921D921D921C924D
:10C1400056971C961C921E921B971E961C921E922E
:10C150001D97A9E0B3E11196DC93CE9312961C9241
:10C16000129713961C92139714961C921497159677
:10C170001C928EEE92E1DC0113961C921E92129795
:10C180001496CD92DD92ED92FC92179708E115E09E
:10C1900011961C930E931F96DC93CE931E97509688
:10C1A0001D921D921D921C92539724E0822E589648
:10C1B0008C926AED72E1DB011496DC93CE931397B7
:10C1C00015961D921D921D921C92189799249A946F
:10C1D00053969C92539711969C938E9341E012969E
:10C1E0004C9312971A961C921E9219971C961C92A9
:10C1F0001E921B978CE697E01E969C938E931D973C
:10C2000050969C938E931F9752961C921E92519714
:10C2100080ED92E1DC0113961C921E9212972CE0A5
:10C2200035E011963C932E931696FC93EE9315975A
:10C2300057E014965C93149719967C936E93189715
:10C2400017961C9289E292E1DC0113961C921E92D1
:10C25000129711963C932E931696FC93EE93159796
:10C2600053E014965C93149719967C936E931897E9
:10C2700017964C938FE192E1DC0113961C921E926B
:10C28000129711963C932E931696FC93EE93159766
:10C2900026E014962C93149719967C936E93189716
:10C2A00017961C9239E0A32E32E1B32EF5011382CA
:10C2B0001282C482D582E682F78280E090E195877F
:10C2C00084871686108A17868EEE94E09183808389
:10C2D000128A118A148A138A158A63EC7CE08DEF26
:10C2E00091E10F94233BB092FC11A092FB118EEED2
:10C2F00091E1FC0113821282C482D582E682F78228
:10C3000028EC34E031832083848663ED71E1FB0106
:10C3100013821282C482D582E682F782118300835F
:10C32000D787C687108A118A128A138A808EE1E91C
:10C33000F1E1D383C283148215821682178229E920
:10C3400031E148E0D9011D924A95E9F725EA31E14A
:10C3500040E1D9011D924A95E9F771836083118A02
:10C36000108A138A128A11A610A613A612A614A266
:10C3700015A216A217A21092871110928611109280
:10C3800089111092881110928B1110928A1120E459
:10C390002093721027E730E13093F8102093F710C4
:10C3A00006E410E1F801138212822CEB34E03183B1
:10C3B0002083D48FC38F158E168E178E10A22FEF69
:10C3C0003FEF30A727A39583848316A215A280E0B0
:10C3D00091E00F94A269F8019783868380E091E051
:10C3E000918780878FE090E0938782879587848705
:10C3F000EFECF3E1D183C0831282138214821582A1
:10C40000E5EDF3E1D183C083128213821482158299
:10C41000EBEDF3E1D183C083128213821482158283
:10C42000EFE0F3E180E3DF011D928A95E9F7E1EEA9
:10C43000F3E1D183C0831282138214821582EFE369
:10C44000F3E11082118213821282E7EEF3E1D183CD
:10C45000C0831282138214821582EDEEF3E1D18340
:10C46000C0831282138214821582E3EFF3E1D18339
:10C47000C0831282138214821582E9EFF3E1D18323
:10C48000C0831282138214821582EFEFF3E1D1830D
:10C49000C0831282138214821582E5E0F4E1D18315
:10C4A000C0831282138214821582EBE0F4E1D183FF
:10C4B000C0831282138214821582E1E1F4E190823A
:10C4C00012821182148613868FEF9FEFDC0187831F
:10C4D0009087A187B287DF91CF911F910F91FF9035
:10C4E000EF90DF90CF90BF90AF909F908F90089586
:10C4F000CF93DF93CDB7DEB7CD55D1090FB6F89402
:10C50000DEBF0FBECDBF789484B5826084BD84B594
:10C51000816084BD85B5826085BD85B5816085BD3E
:10C5200080916E00816080936E00109281008091F6
:10C53000810082608093810080918100816080937E
:10C540008100809180008160809380008091B100A3
:10C5500084608093B1008091B00081608093B000CE
:10C560008091910082608093910080919100816020
:10C5700080939100809190008160809390008091E1
:10C58000A10082608093A1008091A10081608093CE
:10C59000A1008091A00081608093A0008091210182
:10C5A000826080932101809121018160809321012B
:10C5B0008091200181608093200180917A008460C5
:10C5C00080937A0080917A00826080937A008091D3
:10C5D0007A00816080937A0080917A0080688093ED
:10C5E0007A001092C10026E040E052EC61E070E079
:10C5F00083E392E10F9446400F945709811103C1E0
:10C600006CE176E383E392E10F941D3F70E060E01C
:10C6100090E080E00E94B9940F943C0C6F7060939E
:10C6200045020F943C0C62956F7060934402109227
:10C63000321510923115109230156DED75E380EDC5
:10C6400092E10F94F93E63E17FE881ED9CE00F9465
:10C6500084396FEB73E886ED9CE00F94843969ECC4
:10C6600070E78BED9CE00F9484396EEF72E882E105
:10C6700099E00F94843967EE7FE880EE9CE00F9498
:10C68000843961E174E884EE9CE00F9484396EEFA4
:10C6900073E887EE9CE00F94843966EC77E78EEEC2
:10C6A0009CE00F9484396BEE72E88AEE9CE00F9464
:10C6B000843969EB74E983EF9CE00F9484396CED65
:10C6C00070E789EF9CE00F9484396AEA74E881E7A7
:10C6D00097E00F94843962EF74E880E09DE00F9456
:10C6E00084390E942D8E8091FB119091FC11892B31
:10C6F00009F094C061EE75E38FE192E10F94F93E89
:10C7000086E0E8E4F5E0DE01119601900D928A954D
:10C71000E1F786E0FE013196A3E0B2E101900D92CF
:10C720008A95E1F70E94848F61E08DE00F944519AE
:10C7300026E040E855E260E070E081E79FE00F947A
:10C7400046408AE892EB909387118093861187EE9A
:10C7500092E8909389118093881183EE92E89093E8
:10C760008B1180938A1164E170E080E090E00F9477
:10C770008A1B8BE992EB9093601080935F1064EFBB
:10C7800071E080E090E00F948A1B0E94A0A0A89521
:10C790000F9420460E94F6A1039724F00F94B5232E
:10C7A0000F94202A80913F14882309F4A4C080911B
:10C7B0003D1490913E14892B09F49DC00F947C1D6B
:10C7C0000091351510913615209137153091381597
:10C7D000601B710B820B930B6838734181059105C7
:10C7E00008F489C0E0913314F091341482818230CE
:10C7F00009F467C0843009F4F7C0813009F000C142
:10C800006BE576E3F3C068E076E380ED92E10F94A8
:10C81000F93E80ED92E10F948D3DFECE0F945709C5
:10C82000E82E882309F466CFA091FB11B091FC118A
:10C8300052961C921E92519754961C921E92539798
:10C8400084E890E01D969C938E931C971E961C92F4
:10C850001E9782E755968C935597ED91FC91119711
:10C860000088F189E02D64E070E0CD01199503E0C6
:10C8700012E1B9E0CB2EB2E1DB2EF12C8091FB115D
:10C880009091FC11DC01ED91FC910284F385E02D87
:10C890001995F80181938F0181508E3F08F4FE2C89
:10C8A000C016D10659F78091FB119091FC11DC0163
:10C8B000ED91FC910488F589E02D1995F11032CFA6
:10C8C00019CF66E876E389E292E10F94F93E89E2B6
:10C8D00092E10F948D3D80913314909134140F9414
:10C8E0000F5B0F947C1D6093351570933615809304
:10C8F0003715909338150E94666E80913B14909185
:10C900003C14892B09F492C28091D10E9091D20EE1
:10C91000059709F48BC20F947C1D00913915109175
:10C920003A1520913B1530913C154B015C01801A62
:10C93000910AA20AB30AB8EE8B16B3E09B06A104D3
:10C94000B10450F00F947C1D6093391570933A1523
:10C9500080933B1590933C15809137148F5F8093A3
:10C960003714E0913B14F0913C140681178194E058
:10C97000E92EF12CE8EE8E16E3E09E06A104B10448
:10C9800018F482E0E82EF12CC0903B14D0903C14B7
:10C99000C114D10409F4F9C10115110509F4F5C157
:10C9A000D80118968C918F70853091F7C8010F943B
:10C9B0004709823068F3A601B801CE0101960E94B2
:10C9C0005138CE0101960E94DB2B882329F0B70154
:10C9D000CE0101960E94A358F80102811381CE0175
:10C9E00001960E941E38D0CF6DE676E389E292E18F
:10C9F0000F94F93E89E292E10F948D3D0F948F5D83
:10CA00008091311490913214892B31F0E0913D14D2
:10CA1000F0913E14309759F46DE476E389E292E1A7
:10CA20000F94F93E89E292E10F948D3D5ACF8091A7
:10CA3000331590913415892B61F480858F70863081
:10CA400041F486819781009721F09093341580936B
:10CA50003315E0913314F0913414309721F046E10E
:10CA60005EE856874587E0913315F091341530978D
:10CA700009F462C1BE016F5B7F4F808191810E948A
:10CA8000ABD0882309F458C122968FAD2297883203
:10CA900009F052C1AE014F5F5F4FBE016F5B7F4F28
:10CAA00080913114909132140F94A55B811107C0CD
:10CAB000C12CD12C5EEFE52E52ECF52E3FC06A81E1
:10CAC00070E0762F6627770F770F770F298158E070
:10CAD000259F90011124262B372B22968FAD22976C
:10CAE0008031D1F4688570E08F81DB01A81BB1092A
:10CAF000CD019695982F8827979587950F947D73EC
:10CB0000CB014097B901F3E0660F771FFA95E1F783
:10CB100060789C01260F371F2138B4EE3B0744F2A2
:10CB2000B901330F880B990B0F94D77120E030E0D7
:10CB300040E05CE30F9436726B017C01609033152A
:10CB4000709034156114710409F48DC080913D1406
:10CB500090913E14892B09F486C0C3010E94E5D050
:10CB60008C0168E476E380ED92E10F94F93EB70121
:10CB7000A60180ED92E10F944A0D65E476E380ED25
:10CB800092E10F94F93EF3016081718180ED92E1B1
:10CB90000F94E33E62E476E380ED92E10F94F93E78
:10CBA00020E030E04EEF52ECC701B6010F94D07197
:10CBB000882309F4CCC020E030E04AEA52E4C701FF
:10CBC000B6010F94D071882309F4C1C020E030E091
:10CBD000A901C701B6010F94D071882309F4B7C029
:10CBE0000115110529F0B80180ED92E10F94E33EA3
:10CBF00080ED92E10F948D3D19821A821B821C8276
:10CC00008A81807F87608A83CD82DE82EF82F88688
:10CC100063E0CE0101960E940B2062962FAF6297CF
:10CC200063963FAF639764964FAF649765965FAF27
:10CC3000659766966FAF669767967FAF67976896BA
:10CC40008FAF689769969FAF6997912C812CB12C13
:10CC5000A12CD12CC12C79018A019B01AC016FEF71
:10CC6000C3010E9482D50091311410913214229692
:10CC70008FAD2297803109F47EC0BE016F5B7F4F7C
:10CC8000C8010F94BF5BF82E882309F455C0D80162
:10CC900015968D919C910F940F5B882309F44CC0DD
:10CCA000BE016F5B7F4FF801858196810F94E25A38
:10CCB000D8014C9164E415968D919C910F94BC5AC7
:10CCC000F80182818823C1F1E7EFEF0D2EEEC22E2D
:10CCD00022E0D22EE33038F4F0E0EE0FFF1FE15AED
:10CCE000FA4FC080D180D80113968C911397882376
:10CCF00009F444C08C91811141C00F947C1D4B01FB
:10CD00005C010D2C000CEE08FF08AE014F5F5F4F79
:10CD1000BE016F5B7F4FC8010F94505B8981811109
:10CD20000BC00F947C1D6C197D098E099F09681535
:10CD300079058A059B0548F3E0913315F091341588
:10CD4000828193819093341580933315CACD011558
:10CD5000110509F488CF61E376E380ED92E10F9449
:10CD6000F93EB80180ED92E10F94E33E80ED92E14F
:10CD70000F948D3D78CF4CE0F42E89CFB601DD0CB9
:10CD8000880B990B0F948A1BD7CF80913714815051
:10CD9000809337148091D10E9091D20E059709F4AB
:10CDA00045C0F8EE8F16F3E09F06A104B104F0F140
:10CDB00010E0609135147091361461157105B1F170
:10CDC000111134C0DB0118968C918F708530B1F44D
:10CDD00040913B1450913C14CE0101960E94513871
:10CDE00061E070E0CE0101960E94A35811E0892B0A
:10CDF00009F410E0CE0101960E941E38E09135142E
:10CE0000F0913614309791F082819381909336148B
:10CE100080933514892B69F6E0913B14F0913C1412
:10CE20008681978190933614809335140F947C1DDE
:10CE300000914115109142152091431530914415F0
:10CE4000601B710B820B930B603375478105910555
:10CE500008F41AC20F947C1D60934115709342151B
:10CE600080934315909344150E9416CF4B015C01AB
:10CE70000F947C1D6B017C010F94F307882309F448
:10CE80008CC08091D00E811188C030E020E041E05C
:10CE900050E060E4CE0101960E9495CD4FE350E052
:10CEA00067EB76E3CE0101960F94F46B63ED78E0C7
:10CEB000CE0101960F94E8774FE350E06EEA76E3F7
:10CEC000CE0101960F94F46B2AE0AE014F5B5F4FE9
:10CED000C501B4010F947F6C41E0BE016F5B7F4FD1
:10CEE000CE0101960F94191E30E020E041E050E0A1
:10CEF00060E4CE0101960E9495CD4FE350E067EBD0
:10CF000076E3CE0101960F94F46B63ED78E0CE01E9
:10CF100001960F94E8774FE350E067EA76E3CE019D
:10CF200001960F94F46BC701B60128EE33E040E0A0
:10CF300050E00F941A73CA01B9012AE0AE014F5BA9
:10CF40005F4F0F947F6C41E0BE016F5B7F4FCE015E
:10CF500001960F94191E30E020E041E050E060E4BB
:10CF6000CE0101960E9495CD4FE350E060EA76E352
:10CF7000CE0101960F94F46B4FE050E06AE976E33E
:10CF8000CE018F5B9F4F0F94126C41E0BE016F5B2F
:10CF90007F4FCE0101960F94191E69E077E380ED73
:10CFA00092E10F94F93E0E9416CFAB01BC012AE03A
:10CFB00030E080ED92E10F94A83D61E077E380EDF1
:10CFC00092E10F94F93E60913714062E000C770B16
:10CFD0004AE050E080ED92E10F949A3E69EF76E3EB
:10CFE00080ED92E10F94F93E40913D1550913E1530
:10CFF00060913F15709140152AE030E080ED92E19C
:10D000000F94A83D80ED92E10F948D3DE0913B148B
:10D01000F0913C14309709F437C1809137148F5F39
:10D0200080933714268037802114310409F427C1F6
:10D03000F10180858F70853001F560E0C1010F94AA
:10D040008708FC0181859285A385B4850597A10594
:10D05000B10599F440913B1450913C14B101CE01BB
:10D0600001960E945138CE0101960E94DB2B81115E
:10D0700009C0CE0101960E941E38D10112962D9052
:10D080003C90D2CF25961CAE1DAE1EAE1FAE25978E
:10D0900029961CAE1DAE1EAE1FAE299740E050E291
:10D0A000BE016F5F7F4FCE018F5B9F4F0E94723436
:10D0B000CE0101960E94422D6B017C016D966FAFEF
:10D0C0006D976E96DFAE6E9770E060E0CE010196D0
:10D0D0000E94A42D8C01CE018F5B9F4F0E949C214A
:10D0E0002B013C01CE0101960E9465346A968FAFF8
:10D0F0006A97B601DD0C880B990B0F94D77120E06D
:10D1000030E048EC52E40F9430744B015C01CE01E6
:10D1100001960E945D576C969FAF8EAF6C9763EF40
:10D1200076E380ED92E10F94F93EB301A20180ED28
:10D1300092E10F944A0D6DEE76E380ED92E10F944B
:10D14000F93EB501A40180ED92E10F944A0D67EE1E
:10D1500076E380ED92E10F94F93E6A96FFAD6A970F
:10D160006F2F70E04AE050E080ED92E10F949A3E1C
:10D17000E114F10409F47CC04FEF5FEF60E070E070
:10D1800088E00F94095EDC01CB01AA27BB278E192A
:10D190009F09A109B109AA27BB2787329940A10598
:10D1A000B10538F1D1016D917C9189E292E10F9442
:10D1B000E33E67ED76E389E292E10F94F93EF101F7
:10D1C0006081718187E09DE00F949D1E90E080E07A
:10D1D000BC016D964FAD6D976E965FAD6E97CE01AB
:10D1E00001960E94012D62E070E0C8010E94F78C58
:10D1F00040CF20E030E048E152E4C501B4010F9493
:10D20000D87418163CF4D1016D917C918CE096E0B5
:10D210000F949D1E6C96EEADFFAD6C97EF2B19F43D
:10D2200061E070E0E2CF20E030E040E85FE3C3017E
:10D23000B2010F94C3739B01AC01C501B4010F94FB
:10D24000D07170E060E087FDD0CFA5019401C301EB
:10D25000B2010F94D07118161CF768EC76E380EDDC
:10D2600092E10F94F93E80ED92E10F948D3D01CF54
:10D270006EEB76E380ED92E10F94F93EFACE809169
:10D28000371481508093371482E090E00E94368DED
:10D290008091391490913A14892B09F450C08091EF
:10D2A000381481114CC00F947C1D009145151091CC
:10D2B00046152091471530914815601B710B820B64
:10D2C000930B6838734181059105C8F1809137143B
:10D2D0008F5F80933714E0913914F0913A140681EE
:10D2E000178101151105E1F0F80180858F708630F6
:10D2F00071F41A83098370E060E0CE0101960E9408
:10D30000883C61E070E0CE0101960E94136482E0E7
:10D3100090E00E94368DD80112960D911C91E1CFBC
:10D320000F947C1D609345157093461580934715A7
:10D3300090934815809137148150809337140F943F
:10D340006D3625CA0F931F93CF93DF9382309105DB
:10D3500010F482E090E0E0914E15F0914F1530E02E
:10D3600020E0B0E0A0E0309799F42115310509F4F0
:10D370004AC0281B390B24303105D8F58A819B819E
:10D380006115710589F1FB0193838283FE0111C050
:10D39000408151810281138148175907E0F04817F5
:10D3A000590799F4109761F012960C9312971396FF
:10D3B0001C933296CF01DF91CF911F910F91089569
:10D3C00000934E1510934F15F4CF2115310551F0F0
:10D3D0004217530738F0A901DB019A01BD01DF01B3
:10D3E000F801C1CFEF01F9CF90934F1580934E15FF
:10D3F000CDCFFE01E20FF31F8193919322503109AB
:10D4000039832883D7CF20914C1530914D15232B8C
:10D4100041F4209148023091490230934D152093F8
:10D420004C1520914602309147022115310541F4F7
:10D430002DB73EB740914A0250914B02241B350B49
:10D44000E0914C15F0914D15E217F307A0F42E1B57
:10D450003F0B2817390778F0AC014E5F5F4F241758
:10D46000350748F04E0F5F1F50934D1540934C15F4
:10D47000819391939FCFF0E0E0E09CCFCF93DF9337
:10D480000097E9F0FC01329713821282A0914E15A9
:10D49000B0914F15ED0130E020E01097A1F420810C
:10D4A0003181820F931F20914C1530914D15281713
:10D4B000390709F061C0F0934D15E0934C15DF91E9
:10D4C000CF910895EA01CE17DF07E8F54A815B8125
:10D4D0009E0141155105B1F7E901FB83EA834991AA
:10D4E0005991C40FD51FEC17FD0761F4808191811C
:10D4F0000296840F951FE901998388838281938125
:10D500009B838A83F0E0E0E012968D919C911397C3
:10D510000097B9F52D913C911197CD010296820F9C
:10D52000931F20914C1530914D152817390739F666
:10D53000309751F510924F1510924E15B0934D152E
:10D54000A0934C15BCCFD383C28340815181840FFB
:10D55000951FC817D90761F44E5F5F4F8881998185
:10D56000480F591F518340838A819B819383828313
:10D570002115310509F0B0CFF0934F15E0934E150A
:10D580009ECFFD01DC01C0CF13821282D7CF8F92D4
:10D590009F92AF92BF92CF92DF92EF92FF92CF9382
:10D5A000DF93EC01688179818A819B816115710526
:10D5B0008105910521F464E279ED8BE597E02DE199
:10D5C00033EF41E050E00F943C7349015A019B0155
:10D5D000AC01A7EAB1E40F945B736B017C01ACEE84
:10D5E000B4EFA50194010F946973C60ED71EE81E0F
:10D5F000F91EF7FE06C081E0C81AD108E10880E8EC
:10D60000F80AC882D982EA82FB82C701B6019F77F5
:10D61000DF91CF91FF90EF90DF90CF90BF90AF90D0
:10D620009F908F9008958F929F92AF92BF92CF92CA
:10D63000DF92EF92FF9260914C0270914D028091C7
:10D640004E0290914F02611571058105910521F4FB
:10D6500064E279ED8BE597E02DE133EF41E050E0B6
:10D660000F943C7349015A019B01AC01A7EAB1E454
:10D670000F945B736B017C01ACEEB4EFA5019401D8
:10D680000F946973C60ED71EE81EF91EF7FE06C07A
:10D6900081E0C81AD108E10880E8F80AC0924C027B
:10D6A000D0924D02E0924E02F0924F02C701B601B5
:10D6B0009F77FF90EF90DF90CF90BF90AF909F90BB
:10D6C0008F90089560934C0270934D0280934E02A8
:10D6D00090934F020895662777270D94A76FFC015A
:10D6E00088279927E89421912032E9F3293010F016
:10D6F0002E30C8F32B3241F02D3239F4689404C037
:10D700000F94776C820F911D219120532A30C0F322
:10D710001EF4909581959F4F08951F93FC019927C2
:10D720008827BC01E89411911032E9F3193010F008
:10D730001E30C8F31B3251F01D3249F4689406C004
:10D740000F94626C610F711D811D911D1191105319
:10D750001A30B0F33EF490958095709561957F4FA7
:10D760008F4F9F4F1F91089591110D940571803235
:10D7700019F089508550C8F70895FB01DC018D919F
:10D7800081341CF08B350CF4805E659161341CF0A3
:10D790006B350CF4605E861B611189F3990B08955B
:10D7A000FB01DC010D900020E9F7119705900D9227
:10D7B0000020E1F70895FB01DC018D9105908019AF
:10D7C0000110D9F3990B0895FB01DC0105900D922E
:10D7D0000020E1F70895FC0105900020E9F780950D
:10D7E00090958E0F9F1F0895FB01DC010D90002086
:10D7F000E9F711974150504028F0059000200D9214
:10D80000C9F708951C920895FB01DC014150504076
:10D8100030F08D910590801919F40020B9F7881B1C
:10D82000990B0895FB01DC014150504048F00590F0
:10D830000D920020C9F701C01D9241505040E0F701
:10D8400008954AE455E10D94306CFC01615070403C
:10D8500001900110D8F7809590958E0F9F1F089525
:10D86000FA01A191B081009719F41097E1F0CD0170
:10D87000DC01CD010D90002011F4C00113C0FB01AB
:10D880002191222319F02015D9F7F3CFFB01219123
:10D89000201519F41E92119606C02223C1F70D908F
:10D8A0000020A1F7D001FA01A193B0830895BB270E
:10D8B0004A3031F4992322F4BDE2909581959F4F2F
:10D8C0000D94A26C592F482F372F262F660F771FE4
:10D8D000881F991F660F771F881F991F620F731F7C
:10D8E000841F951F660F771F881F991F08957AE080
:10D8F000979F902D879F802D910D11240895BB2710
:10D90000FA01A62F6217710581059105330B30FBD3
:10D9100066F0AA27660F771F881F991FAA1FA217F4
:10D9200010F0A21B63953850A9F7A05DAA3308F048
:10D93000A95DA19336F7B111B1931082CA010D947C
:10D940003271BB27FB015527AA27880F991FAA1FF1
:10D95000A41710F0A41B83955051B9F7A05DAA330A
:10D9600008F0A95DA193009779F7B111B1931192D5
:10D97000CB010D943271FC01238127FF23C020913C
:10D980005015309151158217930721F410925115BB
:10D99000109250152091521530915315821793070C
:10D9A00021F4109253151092521520915415309174
:10D9B00055152817390721F4109255151092541552
:10D9C0000F943E6A90E080E008950F931F93CF93E9
:10D9D000DF93009759F46115710541F4F0E0E0E040
:10D9E000CF01DF91CF911F910F9108958B01EC0131
:10D9F0006EE070E081E090E00F948B6FFC01892B6A
:10DA000069F380E883830115110571F0138702879C
:10DA100081E883838091501590915115892B21F4D1
:10DA2000F0935115E09350152097D1F2D187C0871C
:10DA30008381826083838091521590915315892B45
:10DA400079F6F0935315E093521580915415909107
:10DA50005515892B29F6F0935515E0935415C0CF31
:10DA6000CF93DF93EC012B8120FF1AC026FF0CC05F
:10DA70002F7B2B838E819F8101969F838E838A814A
:10DA800090E0DF91CF91089522FF18C0E881F981DD
:10DA90008081082E000C990B009729F420622B83BB
:10DAA0008FEF9FEFEECF3196F983E8832E813F8190
:10DAB0002F5F3F4F3F832E839927E3CFEA85FB8576
:10DAC000199597FFF3CF2B81019621F080E2822BED
:10DAD0008B83E6CF80E1FBCF0F931F93CF93DF9330
:10DAE000CDB7DEB708851985F80183818860838307
:10DAF000AE01445F5F4F6A857B85C8010F94896DD5
:10DB0000F8012381277F2383DF91CF911F910F910C
:10DB100008952F923F924F925F926F927F928F92D1
:10DB20009F92AF92BF92CF92DF92EF92FF920F93AC
:10DB30001F93CF93DF9300D000D000D01F921F928D
:10DB4000CDB7DEB77C013B018A01FC01178216824A
:10DB5000838181FFDDC1CE0101965C01F7019381D4
:10DB6000F30193FD859193FF81913F01882309F48F
:10DB700053C1853239F493FD859193FF81913F0123
:10DB8000853229F4B70190E00F944271E7CF912CD0
:10DB9000212C312CFFE1F31538F08B3211F190F488
:10DBA000803209F1833229F137FC3CC020ED280F87
:10DBB0002A3050F536FE20C08AE0989E200D1124B0
:10DBC000922E06C08D3291F0803371F7689430F850
:10DBD000F30193FD859193FF81913F018111DACF8C
:10DBE00021C0689431F8689432F8F2CF689433F821
:10DBF000EFCF689434F8ECCFEAE02E9E200D11248C
:10DC0000222E689435F8E4CF8E3229F436FC04C114
:10DC1000689436F8DDCF8C3619F4689437F8D8CF8D
:10DC20008836B1F2982F9F7D95549330E0F083367B
:10DC3000A1F18337C1F1833509F063C02801F2E017
:10DC40004F0E511CF801C080D180692D70E036FC68
:10DC500002C06FEF7FEFC6010F9420714C016894F2
:10DC600037F882010AC00C5F1F4FFFE3F983882455
:10DC70008394912C6501E89437F833FE2DC0522C23
:10DC80008114910471F5552009F468CFB70180E241
:10DC900090E00F9442715A94F6CFF8018081898305
:10DCA0000E5F1F4FE4CF2801F2E04F0E511CF80128
:10DCB000C080D180692D70E036FC02C06FEF7FEF2D
:10DCC000C6010F94256C4C018201D5CFB70180E2CB
:10DCD00090E00F9442712A942814190409F0B0F7C7
:10DCE000CECFF60137FC859137FE81916F01B701E8
:10DCF00090E00F94427151105A94F1E08F1A9108FC
:10DD0000BFCF843619F0893609F077C0F80137FEA5
:10DD10006BC060817181828193810C5F1F4FF32DF5
:10DD2000FF763F2E97FF09C090958095709561957D
:10DD30007F4F8F4F9F4F689437F82AE030E0A5015E
:10DD40000F947271C82ECA188C2C432C36FE0CC04E
:10DD5000E89440F8C91440F434FE05C032FC03C016
:10DD6000F32DFE7E4F2E892C44FEAAC0FE01EC0D41
:10DD7000F11D8081803309F09CC0242D297E422E24
:10DD8000842D8870582E43FCAAC040FEA4C09C2C51
:10DD9000821418F42C0C922C981844FEA6C0B701DB
:10DDA00080E390E00F94427142FE09C088E790E062
:10DDB00041FE02C088E590E0B7010F944271C9149A
:10DDC00008F49FC0CA94D12C9FEFC91AD90ACA0C73
:10DDD000DB1CF60182916F01B70190E00F94427154
:10DDE000AC14BD04B1F74FCF60817181072E000CD8
:10DDF000880B990B0E5F1F4F92CFD32CE894D4F869
:10DE00002AE030E08537E1F1232D297FD22E8F36AD
:10DE1000A9F1F0F4883551F1F701868197812B96AD
:10DE20000FB6F894DEBF0FBECDBFDF91CF911F912B
:10DE30000F91FF90EF90DF90CF90BF90AF909F90A9
:10DE40008F907F906F905F904F903F902F900895AC
:10DE5000803749F0883701F7D4FE02C06894D2F8C1
:10DE600020E130E00DC06894D4F8F6CF34FE03C052
:10DE7000822F8660D82E20E132E002C028E030E018
:10DE8000F801D7FE0FC060817181828193810C5FA0
:10DE90001F4FA5010F947271C82ECA183D2CE8942B
:10DEA00037F852CF6081718190E080E00E5F1F4FA4
:10DEB000F0CF42FC02C0839463CF8394839460CFFD
:10DEC000842D867809F45CCFF6CFB70180E290E02C
:10DED0000F94427183948214C0F3512C5ECF522C64
:10DEE0005818821408F459CFF8CF842D867809F495
:10DEF00066CF8BE241FE80E247FC8DE2B70190E005
:10DF00005CCFB70180E390E00F9442719A9457CFB1
:10DF10008FEF9FEF84CF0F931F93CF93DF93869F55
:10DF20008001879F100D969F100D1124C8010F943A
:10DF3000A269EC01009729F0A80170E060E00F945D
:10DF40002B71CE01DF91CF911F910F9108958F9288
:10DF50009F92AF92BF92CF92DF92EF92FF920F9378
:10DF60001F93CF93DF935C017B016115710519F05D
:10DF7000DB018D939C9385010F5F1F4FF501D081CD
:10DF80008D2F90E00F94B46B6C01892BB9F5DD32C5
:10DF9000B9F50F5F1F4FD5011196DC91C1E0580113
:10DFA000F1E0AF1AB10843E050E062EF78E0C5015C
:10DFB0000F940871892B69F5680182E0C80ED11CA5
:10DFC00045E050E06DEE78E0C6010F940871892BB2
:10DFD00021F4680197E0C90ED11CE114F10419F095
:10DFE000D701CD92DC9260E070E080E89FEFC11134
:10DFF000FFC060E070E080E89FE7FAC05801BBCF47
:10E00000DB3229F485010E5F1F4FF501D181C0E09D
:10E01000C6CF43E050E06AEE78E0C5010F94087186
:10E02000892BE9F0F80110E000E020E030E0A901E0
:10E030005F01B0ED8B2E8D0E89E08815C8F19C2E06
:10E04000689491F88C2F8870C2FF16C0811102C0AD
:10E050000F5F1F4F3196D501DC91C92DE9CFE11437
:10E06000F10429F00E5F1F4FF7011183008360E078
:10E0700070E080EC9FE7BCC0882311F001501109CB
:10E08000A5E0B0E00F945B739B01AC01220F331F3E
:10E09000441F551F280D311D411D511D283999E977
:10E0A0003907490799E15907A8F2C6609C2ED2CFDB
:10E0B000AEEF8A1206C0C3FD3CC09C2E689493F854
:10E0C000C9CFDF7DD534A9F580818D3239F4C061A7
:10E0D000DF011296818162E070E006C0DF018B32C1
:10E0E000C1F3119661E070E080535D01A61AB70A92
:10E0F0008A30F8F4E0E8CE16ECE0DE065CF4B60117
:10E10000660F771F660F771FC60ED71ECC0CDD1C5F
:10E11000C80ED11C5D01FFEFAF1ABF0A8C9180536E
:10E120008A30A8F1C4FF03C0D194C194D1080C0D6A
:10E130001D1DC1FF09C0E114F10431F081E0A81AEE
:10E14000B108D701AD92BC92CA01B9010F94D57143
:10E15000C370C33009F490584B015C0120E030E0FB
:10E16000A9010F94D071882309F440C0C1E2D9E01D
:10E1700017FF05C0119501951109C9E0D9E06E019D
:10E18000B8E1CB1AD10880E2E82EF12C0FC0D501FE
:10E19000B1CFFE0125913591459154910E191F097A
:10E1A000C501B4010F9436724B015C01D501C40165
:10E1B0000E151F0574F72497F594E794CC16DD0629
:10E1C000A9F78A2F880F8B2F881F8F3F49F020E0F7
:10E1D00030E0A901C501B4010F94D071811106C0CE
:10E1E00082E290E09093571580935615C501B401D3
:10E1F000DF91CF911F910F91FF90EF90DF90CF9023
:10E20000BF90AF909F908F90089599278827089589
:10E21000FB01DC014150504088F08D9181341CF0AD
:10E220008B350CF4805E659161341CF06B350CF419
:10E23000605E861B611171F3990B0895881BFCCFFA
:10E24000FC010590615070400110D8F780959095C1
:10E250008E0F9F1F0895DC0101C06D934150504007
:10E26000E0F70895DC01FC01672F71917723E1F756
:10E27000329704C07C916D9370836291AE17BF0793
:10E28000C8F308950F931F93CF93DF93182F092F8F
:10E29000EB018B8181FD09C01FEF0FEF812F902FC4
:10E2A000DF91CF911F910F91089582FF14C02E81AD
:10E2B0003F818C819D81281739073CF4E881F981E1
:10E2C000CF0101969983888310838E819F81019667
:10E2D0009F838E83E3CFE885F985812F1995892B5C
:10E2E000A1F3DACFFA01AA27283051F1203181F1C8
:10E2F000E8946F936E7F6E5F7F4F8F4F9F4FAF4F4E
:10E30000B1E03ED0B4E03CD0670F781F891F9A1F60
:10E31000A11D680F791F8A1F911DA11D6A0F711D14
:10E32000811D911DA11D20D009F468943F912AE020
:10E33000269F11243019305D3193DEF6CF01089508
:10E34000462F4770405D4193B3E00FD0C9F7F6CF39
:10E35000462F4F70405D4A3318F0495D31FD405201
:10E36000419302D0A9F7EACFB4E0A6959795879597
:10E3700077956795BA95C9F7009761057105089576
:10E380009B01AC010A2E0694579547953795279522
:10E39000BA95C9F7620F731F841F951FA01D0895BA
:10E3A0000F94127208F481E00895E89409C097FB75
:10E3B0003EF490958095709561957F4F8F4F9F4F5C
:10E3C0009923A9F0F92F96E9BB279395F6958795A0
:10E3D00077956795B795F111F8CFFAF4BB0F11F463
:10E3E00060FF1BC06F5F7F4F8F4F9F4F16C088230A
:10E3F00011F096E911C0772321F09EE8872F762F40
:10E4000005C0662371F096E8862F70E060E02AF080
:10E410009A95660F771F881FDAF7880F969587956C
:10E4200097F90895990F0008550FAA0BE0E8FEEF41
:10E4300016161706E807F907C0F012161306E407C8
:10E44000F50798F0621B730B840B950B39F40A26C1
:10E4500061F0232B242B252B21F408950A2609F49F
:10E46000A140A6958FEF811D811D08950F944972DB
:10E470000D94BA720F94AC7238F00F94B37220F00E
:10E48000952311F00D94A3720D94A97211240D948B
:10E49000EE720F94CB7270F3959FC1F3950F50E01D
:10E4A000551F629FF001729FBB27F00DB11D639F46
:10E4B000AA27F00DB11DAA1F649F6627B00DA11DEC
:10E4C000661F829F2227B00DA11D621F739FB00D92
:10E4D000A11D621F839FA00D611D221F749F332702
:10E4E000A00D611D231F849F600D211D822F762F9B
:10E4F0006A2F11249F5750409AF0F1F088234AF078
:10E50000EE0FFF1FBB1F661F771F881F91505040E3
:10E51000A9F79E3F510580F00D94A3720D94EE7201
:10E520005F3FE4F3983ED4F3869577956795B7956A
:10E53000F795E7959F5FC1F7FE2B880F911D969584
:10E54000879597F9089597F99F6780E870E060E0F4
:10E5500008959FEF80EC089500240A94161617067C
:10E5600018060906089500240A94121613061406C4
:10E5700005060895092E0394000C11F4882352F027
:10E58000BB0F40F4BF2B11F460FF04C06F5F7F4FDF
:10E590008F4F9F4F089557FD9058440F551F59F0C6
:10E5A0005F3F71F04795880F97FB991F61F09F3F80
:10E5B00079F087950895121613061406551FF2CFA9
:10E5C0004695F1DF08C0161617061806991FF1CFF9
:10E5D00086957105610508940895E894BB27662720
:10E5E0007727CB0197F90895F999FECF92BD81BDA8
:10E5F000F89A992780B50895262FF999FECF1FBA6A
:10E6000092BD81BD20BD0FB6F894FA9AF99A0FBE5B
:10E6100001960895DB018F939F930F945B73BF91D5
:10E62000AF91A29F800D911DA39F900DB29F900D61
:10E6300011240895A1E21A2EAA1BBB1BFD010DC0D7
:10E64000AA1FBB1FEE1FFF1FA217B307E407F507A2
:10E6500020F0A21BB30BE40BF50B661F771F881F7E
:10E66000991F1A9469F760957095809590959B0114
:10E67000AC01BD01CF010895052E97FB1EF4009457
:10E680000F94537357FD07D00F941A7307FC03D0F0
:10E690004EF40D94537350954095309521953F4F0E
:10E6A0004F4F5F4F089590958095709561957F4F7E
:10E6B0008F4F9F4F08950F946E73A59F900DB49F39
:10E6C000900DA49F800D911D11240895B7FF0D9406
:10E6D0005B730F945B73821B930B0895A29FB00131
:10E6E000B39FC001A39F700D811D1124911DB29F86
:10E6F000700D811D1124911D089597FB072E16F4AE
:10E70000009407D077FD09D00F94AF7307FC05D0B4
:10E710003EF4909581959F4F0895709561957F4F38
:10E720000895EE0FFF1F881F8BBF0790F691E02D15
:10E7300019946927962769277827872778270895C6
:10E740000F946E73332312F48A1B9B0B0D94AA73E0
:10E750000F946E73B7FF0895821B930B0895AA1B45
:10E76000BB1B51E107C0AA1FBB1FA617B70710F0BC
:10E77000A61BB70B881F991F5A95A9F780959095EE
:10E78000BC01CD0108955058BB27AA270F94DB7315
:10E790000D94BA720F94AC7238F00F94B37220F0EB
:10E7A00039F49F3F19F426F40D94A9720EF4E09504
:10E7B000E7FB0D94A372E92F0F94CB7258F3BA17AD
:10E7C000620773078407950720F079F4A6F50D9486
:10E7D000ED720EF4E0950B2EBA2FA02D0B01B901AE
:10E7E00090010C01CA01A0011124FF27591B99F0C7
:10E7F000593F50F4503E68F11A16F040A22F232FD3
:10E80000342F4427585FF3CF469537952795A79522
:10E81000F0405395C9F77EF41F16BA0B620B730BC9
:10E82000840BBAF09150A1F0FF0FBB1F661F771F3A
:10E83000881FC2F70EC0BA0F621F731F841F48F4EF
:10E84000879577956795B795F7959E3F08F0B0CF78
:10E850009395880F08F09927EE0F9795879508955F
:10E860000F9444740D94BA720F94B37258F00F94CD
:10E87000AC7240F029F45F3F29F00D94A37251115E
:10E880000D94EE720D94A9720F94CB7268F39923D4
:10E89000B1F3552391F3951B550BBB27AA2762179C
:10E8A0007307840738F09F5F5F4F220F331F441FA9
:10E8B000AA1FA9F335D00E2E3AF0E0E832D09150DD
:10E8C0005040E695001CCAF72BD0FE2F29D0660FCA
:10E8D000771F881FBB1F261737074807AB07B0E80D
:10E8E00009F0BB0B802DBF01FF2793585F4F3AF013
:10E8F0009E3F510578F00D94A3720D94EE725F3F28
:10E90000E4F3983ED4F3869577956795B795F79598
:10E910009F5FC9F7880F911D9695879597F9089580
:10E92000E1E0660F771F881FBB1F6217730784071C
:10E93000BA0720F0621B730B840BBA0BEE1F88F72B
:10E94000E09508950F94A9746894B1110D94EE7236
:10E9500008950F94D37288F09F5798F0B92F992794
:10E96000B751B0F0E1F0660F771F881F991F1AF0BA
:10E97000BA95C9F714C0B13091F00F94ED72B1E0BF
:10E9800008950D94ED72672F782F8827B85F39F0BE
:10E99000B93FCCF3869577956795B395D9F73EF453
:10E9A00090958095709561957F4F8F4F9F4F0895FB
:10E9B0000F94127208F48FEF0895FA01EE0FFF1F03
:10E9C000309621053105A1F16115710561F480389A
:10E9D000BFE39B0749F168949038810561F0803866
:10E9E000BFEF9B0741F099234AF5FF3FE105310551
:10E9F000210519F1E8940894E795D901AA2329F48F
:10EA0000AB2FBE2FF85FD0F310C0FF5F70F4A69558
:10EA1000E0F7F73950F019F0FF3A38F49F779F93F9
:10EA20000DD00F9007FC9058089546F00D94A972F0
:10EA300060E070E080E89FE308954FE79F775F9381
:10EA40004F933F932F930F9429762F913F914F919E
:10EA50005F910F9436720D9445750F94C77530F021
:10EA60009F3710F40D94EE720D9477750D94927596
:10EA70000F941272880B990B089529F416F00D94D7
:10EA8000A3720D94ED720D94A9720F94D372A8F332
:10EA90009638A0F707F80F92E8942BE33AEA48EB90
:10EAA0005FE70F944C720F920F920F924DB75EB7C3
:10EAB0000F920F947176E4EEF0E00F94A0754F91F1
:10EAC0005F91EF91FF91E595EE1FFF1F49F0FE5713
:10EAD000E0684427EE0F441FFA95E1F74195550B86
:10EAE0000F94EB750F9007FE0D94DF750895882342
:10EAF00071F4772321F09850872B762F07C0662377
:10EB000011F499270DC09051862B70E060E02AF037
:10EB10009A95660F771F881FDAF7880F9695879565
:10EB200097F908959F3F31F0915020F4879577959C
:10EB30006795B795880F911D9695879597F90895D4
:10EB4000DF93CF931F930F93FF92EF92DF927B019E
:10EB50008C01689406C0DA2EEF010F944972FE0111
:10EB6000E894A5912591359145915591A6F3EF0132
:10EB70000F94DB73FE019701A801DA9469F7DF9027
:10EB8000EF90FF900F911F91CF91DF9108950F9417
:10EB9000D372A0F0BEE7B91788F4BB279F3860F4A2
:10EBA0001616B11D672F782F8827985FF7CF8695A7
:10EBB00077956795B11D93959639C8F308959B0194
:10EBC000AC0160E070E080E89FE30D9430740D9438
:10EBD000A3720D9492750F94D372D8F39923C9F34D
:10EBE000940F511DA3F39150504094F059F0882395
:10EBF00032F0660F771F881F91505040C1F79E3F3B
:10EC000051052CF7880F911D9695879597F90895D2
:10EC10005F3FACF0983E9CF0BB2786957795679553
:10EC2000B79508F4B1609395C1F7BB0F58F711F48D
:10EC300060FFE8CF6F5F7F4F8F4F9F4FE3CF0D9403
:10EC4000EE7216F00D9492750D94A97268940D945D
:10EC5000A3720F94D372A8F39923C1F3AEF3DF9399
:10EC6000CF931F930F93FF92C92FDD2788232AF09C
:10EC70002197660F771F881FDAF720E030E040E821
:10EC80005FEB9FE3883920F0803E38F021968F7744
:10EC90000F94C473ECE0F1E004C00F94C473E9E393
:10ECA000F1E00F94A0758B01BE01EC01FB2E6F57B4
:10ECB00071097595771F880B990B0F94D77128E10F
:10ECC00032E741E35FE30F944972AF2D9801AE0143
:10ECD000FF900F911F91CF91DF910F94DB730D94F3
:10ECE000BA72FA01DC01AA0FBB1F9B01AC01BF572E
:10ECF00028F4222733274427507820C0B75190F4B6
:10ED0000AB2F0024469537952795011CA395D2F388
:10ED1000002071F0220F331F441FB395DAF30ED099
:10ED20000D94C37361307105A0E88A07B94630F4C9
:10ED30009B01AC016627772788279078309621F0D1
:10ED4000208331834283538308954F925F926F9261
:10ED50007F928F929F92AF92BF92CF92DF92EF926B
:10ED6000FF920F931F93CF93DF938C01009799F439
:10ED7000CB01DF91CF911F910F91FF90EF90DF902A
:10ED8000CF90BF90AF909F908F907F906F905F904B
:10ED90004F900D94A269FC01E60FF71F9C012250D1
:10EDA0003109E217F30708F4AEC0D901CD91DC9127
:10EDB0001197C617D70720F1C530D10578F0CE01DD
:10EDC00004978617970750F0C61BD70B2297C1935D
:10EDD000D1936D937C93CF010F943E6AC801DF916C
:10EDE000CF911F910F91FF90EF90DF90CF90BF9048
:10EDF000AF909F908F907F906F905F904F9008950D
:10EE00005B01AC1ABD0A4C018C0E9D1EA0914E15E3
:10EE1000B0914F15512C412CF12CE12C109731F56C
:10EE200080914C1590914D158815990509F05CC09D
:10EE30004616570608F058C0809146029091470246
:10EE4000009741F48DB79EB740914A0250914B0212
:10EE5000841B950BE817F90708F055C0F0934D1582
:10EE6000E0934C15F90171836083B8CF8D919C912B
:10EE7000119712966C90129713967C901397A81581
:10EE8000B90559F56C0142E0C40ED11CCA14DB046B
:10EE900020F1AC014A195B09DA011296159780F04E
:10EEA0006282738251834083D9016D937C93E11414
:10EEB000F10471F0D7011396FC93EE9312978ECF65
:10EEC00022968C0F9D1FF90191838083F301EFCF70
:10EED000F0934F15E0934E1581CF4816590608F46C
:10EEE0002C017D01D3019ACFCB010F94A2697C0143
:10EEF000009749F0AE01B8010F94BA77C8010F949A
:10EF00003E6A87016BCF10E000E068CF81E090E0BF
:10EF1000F8940D94BB7B9111089581568A5108F4A1
:10EF20008052855808950F931F93CF93DF938C01E0
:10EF3000FC0101900020E9F7CF01801B910B0F9499
:10EF4000A269EC01009719F0B8010F940778CE017F
:10EF5000DF91CF911F910F910895FB01DC0104C057
:10EF60008D910190801921F441505040C8F7881BC1
:10EF7000990B0895FB01DC0102C001900D924150F4
:10EF80005040D8F708956817790768F4FB01DC0151
:10EF9000E40FF51FA40FB51F02C002900E9241505E
:10EFA0005040D8F708950D94BA77FB01DC018D919C
:10EFB00081341CF08B350CF4805E619161341CF05F
:10EFC0006B350CF4605E861B611189F3990B089513
:10EFD000FB01DC010D900020E9F7119701900D92E3
:10EFE0000020E1F70895FC018191861721F0882324
:10EFF000D9F7992708953197CF010895FB01DC01D6
:10F000008D91019080190110D9F3990B0895FB019E
:10F01000DC0101900D920020E1F70895FB01DC0175
:10F020000D900020E9F711974150504028F00190D1
:10F0300000200D92C9F708951C920895FB01DC0190
:10F040004150504030F08D910190801919F400200A
:10F05000B9F7881B990B0895FB01DC014150504022
:10F0600048F001900D920020C9F701C01D92415057
:10F070005040E0F70895FC0181E090E00190061611
:10F0800009F4CF010020D1F7019708950F931F9342
:10F09000CF93DF93CDB7DEB72E970FB6F894DEBFD0
:10F0A0000FBECDBF0E891F89888D998D26E02C83D8
:10F0B0001A83098397FF02C080E090E801979E833E
:10F0C0008D83AE01445E5F4F6A8D7B8DCE010196CC
:10F0D0000F94896D4D815E8157FD0AC02F8138855F
:10F0E000421753070CF49A01020F131FF801108204
:10F0F0002E960FB6F894DEBF0FBECDBFDF91CF9135
:10F100001F910F9108950F931F93CF93DF93CDB766
:10F11000DEB72E970FB6F894DEBF0FBECDBF0E89B7
:10F120001F8986E08C831A8309838FEF9FE79E8374
:10F130008D83AE01465E5F4F688D798DCE0101965D
:10F140000F94896D2F813885020F131FF8011082EB
:10F150002E960FB6F894DEBF0FBECDBFDF91CF91D4
:10F160001F910F910895CF93DF93CDB7DEB72E9700
:10F170000FB6F894DEBF0FBECDBF85E08C838C89BF
:10F180009D899A838983AE01485E5F4F6E897F892E
:10F19000CE0101960F947F7A2E960FB6F894DEBFBB
:10F1A0000FBECDBFDF91CF91089520FD09C0FC01B6
:10F1B00023FD05C022FF02C0738362835183408315
:10F1C000089544FD17C046FD1DC0DB01FC01AA0FD8
:10F1D000BB1FEE1FFF1F1094D1F76A0F7B1F8E1FFE
:10F1E0009F1F660F771F881F991F620F711D811D5A
:10F1F000911D089533E0660F771F881F991F3150C6
:10F20000D1F7F3CF34E0F7CF0F931F93CF93DF9372
:10F210008C01C8010F94306DEC0197FD08C00F946C
:10F22000B46B892BB1F7B801CE010F94A37BCE014B
:10F23000DF91CF911F910F9108958F929F92AF927E
:10F24000BF92EF92FF920F931F93CF93DF938C01A6
:10F25000D62F7A01B22E0F94306D9C0133272B32BA
:10F26000310529F02D323105A9F46894B7F8D15051
:10F2700061F480E0DF91CF911F910F91FF90EF90AB
:10F28000BF90AF909F908F900895C8010F94306DFC
:10F2900097FDEFCFCB2DCD7F2B2D2073F9F480334D
:10F2A000E9F4AA24AA94AD0E89F0C8010F94306D38
:10F2B00097FD0CC0282F2F7D283561F4C264D250F1
:10F2C00029F0C8010F94306D97FF08C0812C912C54
:10F2D00054011BC0B6FE2BC0C260DA2D812C912CCC
:10F2E000540120ED280F283028F1C4FD09C02A3030
:10F2F00008F1C6FF05C02F7D3FEE320F3630C8F053
:10F30000B8010F94A37BC1FFB4CFC7FF08C0B0946E
:10F31000A09490948094811C911CA11CB11C2C2F52
:10F32000B501A401C7010F94D57881E0A3CFC261D4
:10F33000D4CF27504C2FC501B4010F94E1784B0175
:10F340005C01C260D15009F3C8010F94306D97FF82
:10F35000C8CFD9CF7F928F929F92AF92BF92CF9218
:10F36000DF92EF92FF920F931F93CF93DF93CDB76E
:10F37000DEB7A0970FB6F894DEBF0FBECDBF5C011D
:10F38000962E7A01CE0101966C0180E2F60111926F
:10F390008A95E9F7F501B381890130E020E0712C0D
:10F3A000812CA0E041E050E0F801B3FD8591B3FF6E
:10F3B0008191982F8F01811117C010E000E0C801E2
:10F3C000A0960FB6F894DEBF0FBECDBFDF91CF91F0
:10F3D0001F910F91FF90EF90DF90CF90BF90AF9073
:10F3E0009F908F907F9008958E3519F421153105E7
:10F3F00041F1A21713064CF48D3549F18D3229F4F1
:10F40000811006C0882483941DC0882009F464C03C
:10F41000E92FE695E695E695EC0DFD2DF11D892F7A
:10F420008770BA0101C0660F8A95EAF78081682B60
:10F430006083791651F0971510F49F5FE9CF9150D2
:10F44000E7CFA1E02F5F3F4FAFCF812CFBCF8820CC
:10F4500019F08E8180628E83AA2359F0F6019E01F5
:10F460002F5D3F4F8081809580833196E217F307AF
:10F47000C9F788248394C5010F94306D97FD16C099
:10F48000E82FE695E695E695EC0DFD2DF11D208122
:10F4900030E0AC014770552702C0359527954A9555
:10F4A000E2F720FD06C0B5010F94A37B882069F028
:10F4B00084CFE114F10429F0F7018083C70101969C
:10F4C0007C019A94812C9110D6CFE114F10409F4B7
:10F4D00076CFF701108273CFE82FE695E695E69593
:10F4E000EC0DFD2DF11D982F9770BA0101C0660F2C
:10F4F0009A95EAF79081692B6083782EA3CF5F926B
:10F500006F927F928F929F92AF92BF92CF92DF9233
:10F51000EF92FF920F931F93CF93DF936C01EB0158
:10F520005A01FC0117821682512CF601E380FE017C
:10F53000E3FC8591E3FE8191182FEF018823E9F028
:10F5400090E00F94B46B892B21F0C6010F940479DD
:10F55000ECCF153241F4FE01E3FC1591E3FE11916D
:10F56000EF01153269F4C6010F94306D97FD8EC01E
:10F570001817D9F2B6010F94A37B852D90E08AC0AD
:10F5800000E01A3231F4E3FC1591E3FE1191EF0132
:10F5900001E0F12C20ED210F2A3048F101FF37C0A6
:10F5A000FF2059F31836B1F11C3609F43DC0112380
:10F5B00021F3612F70E085E299E00F94987B892B0D
:10F5C000E1F2912C812C00FD06C0F5018080918034
:10F5D000C50102965C011E3679F5F6014681578118
:10F5E00070E060E0202FC4010F94D5789ECF0260B8
:10F5F0006F2D70E090E080E040E20F94E178F62E0D
:10F60000FE01E3FC1591E3FE1191EF01C3CFFF244E
:10F61000FA94C8CFFE01E3FC1591E3FE1191EF01CE
:10F62000183609F0C4CF08600460FE01E3FC1591B0
:10F63000E3FE1191EF01BBCF1336C1F401FD02C00F
:10F64000FF24F394C6010F94306D97FD1FC0811401
:10F65000910429F0F4018083C40101964C01FA94CD
:10F66000F110F0CF00FD61CF53945FCF1B3511F542
:10F670009E01A4016F2DC6010F94AA79EC01892B7C
:10F6800089F7F6018381807309F477CF8FEF9FEFBD
:10F69000511073CFDF91CF911F910F91FF90EF9099
:10F6A000DF90CF90BF90AF909F908F907F906F90A2
:10F6B0005F900895C6010F94047997FDE7CF1F3638
:10F6C000A9F130F4143641F0193639F0006405C060
:10F6D0001337B9F01537D1F70062202FA4016F2D31
:10F6E000C6010F941D798111BDCFCBCF8114910438
:10F6F00029F0F4016082C40101964C01FA94FF20C4
:10F7000071F0C6010F94306D3C0197FD08C00F9455
:10F71000B46B892B59F3B601C3010F94A37B8114F9
:10F72000910409F49FCFF40110829CCF0061D5CFE2
:10F73000FC010590061621F00020D9F7C0010895BC
:10F740003197CF010895FB01238120FF11C026FDD1
:10F750000FC08F3F980771F082832F7D2064238331
:10F7600026813781215031093783268399270895CF
:10F770008FEF9FEF08951BE1C8E8DBE100E006C0D2
:10F78000802FFE010F9491732196011DC938D10776
:0AF7900080E00807A9F7F894FFCF06
:10F79A00FFFF0A000000000001014D015AFFFF0AA5
:10F7AA00000000000001014D035CFFFF0A00000099
:10F7BA00000001014D025B02E00000FB6B016B01DE
:10F7CA006B016B016B016B016B016B010310000094
:10F7DA00C001200007070000581580000100000042
:10F7EA0002000300150014001300120011E5728ACA
:10F7FA004C696768744875620000000000000000E8
:10F80A0000000000000000000000000000000000EE
:10F81A00106D61633D000000000000000000000060
:10F82A0000000000000000000000000000000000CE
:10F83A0000044D5154540400000000000000000070
:10F84A0000000000000000000000000000000000AE
:10F85A00000000000000006C696768746875620047
:10F86A0000000000AF70521E827F1481A81CA81CE1
:10F87A00A71C00000000AF70541ED37DC381A81CD2
:10F88A00A81CA71C00000000FB02C502A81C51020C
:10F89A00E9037104BF02D100BC1B00000000FB0297
:10F8AA00C502A81C5102E903FD01BF02D100BC1B1D
:10F8BA000000000006B4C502A81CDD019EB410B405
:10F8CA0009B479B50000000000A103C502A81C51C3
:10F8DA0002F300F500BF02D100BC1B0102020101C4
:10F8EA0008000008010802010000000002000000F0
:10F8FA0000F68C5371DC77D393F472131D001D1C30
:10F90A002E6775BE70261DAC20F6B400000000AF4D
:10F91A007051717E74C893B370131D001D3C1D296C
:10F92A00733B37261DAC20B0700000000038D1218F
:10F93A00B531047DD223B5131D001D7B1DB70046CA
:10F94A00C0261DAC20F6B40000000035D11DB5FC60
:10F95A00BCA2D1FABA131D001DCF2D30BC3B3726ED
:10F96A001DAC20D2B40000000037D119B50FE1ED6B
:10F97A00DB19C0131D001DFA1B43D988BB261DAC19
:10F98A0020F6B40000000037D177B581C7989028D7
:10F99A0071131D001D0D1CD9C53B37261DAC201641
:10F9AA00B50000000039D175B59DC13CD563BB13C4
:10F9BA001D001D801E11BF3B37261DAC20D2B4008E
:10F9CA0000000004D11BB5401D33012CBB131D00E0
:10F9DA001D6D2EA3353B37261DAC20BBB414B800D1
:10F9EA0000000036D14F71401DA3930371131D000F
:10F9FA001D4E2EA3353B37261DAC20D5B4D571003C
:10FA0A0000000036D11FB5401DF8D1ADBE131D0050
:10FA1A001D4E2EA3353B37261DAC20D5B4D9BD4C7F
:10FA2A004843330000000000CD02C502BD00670252
:10FA3A00D5038703690100000000AF026902A81C10
:10FA4A00F7019101F900B900000000002D044103FB
:10FA5A00A81CDD01000000004104FB03A81C8F0361
:10FA6A0043019F01F703430259026701DD024D0179
:10FA7A00F9037D02F7006501770100000000881E86
:10FA8A00C502A81CF701BD1CAB1CA71EFE1CDD1C71
:10FA9A000F704D1DFA1CE71C00000000BFB5C5021F
:10FAAA00A81CADB400000000F3034901A81CF7012B
:10FABA0007035F0485025B033F030D0311046B0315
:10FACA000F01E3011B031D03EB024F0100000000BD
:10FADA00AB0101005E000000DEADBEEFFEFF30317B
:10FAEA003233343536373839414243444546005E6D
:10FAFA0000BC00770120746F2000616374002575D3
:10FB0A0000256C7500256C64002D256C642E25304B
:10FB1A0032640025642C25642C25642C2564002D70
:10FB2A0025642E253033640076616C00417272615F
:10FB3A0079206D617070696E670074797065005321
:10FB4A00454E445354415455533A200061627374EC
:10FB5A00726163744F75743A6163746976653A20A9
:10FB6A0000656D697400494E435245415345443A14
:10FB7A002000204578743A002F616C61726D6F66BF
:10FB8A00662F736E7372005F737461740052504D06
:10FB9A0000737700666C7400707772002F616C6175
:10FBAA00726D2F6F76726874006974656D00636197
:10FBBA006E0073636D640072636D64004F4E004F94
:10FBCA0046460064636C69636B0074636C69636BBB
:10FBDA000073636D64320073636D6433006C636D2C
:10FBEA0064007270636D64006C636D6432007270DD
:10FBFA00636D6432006C636D6433007270636D64AC
:10FC0A003300616374697661746500494E3A200075
:10FC1A0020697320006D61700072657065617400FF
:10FC2A0068756D003B002F636F6E6669672E6A7395
:10FC3A006F6E002F636F6E6669672E62696E004D84
:10FC4A004255533A2044652D496E697420003000AC
:10FC5A004354523A207469636B2076616C3A0020EF
:10FC6A002B20004354523A207469636B20736176E7
:10FC7A0065642076616C3A002F736574002F636D9A
:10FC8A0064002F66616E002F7377696E67002F66B6
:10FC9A0072657368002F6C6F636B0041433A2050A2
:10FCAA006F7765723D002F7175696574002F636FF8
:10FCBA006D70726573736F72002F74656D70002FAB
:10FCCA006D6F646500636F320074766F63002F4353
:10FCDA004F32002F54564F43002F62617365005D07
:10FCEA000020543D0025002F54002F4800253032B3
:10FCFA00582D253034582D25303458002D0073796D
:10FD0A00736C6F670072656700697200636F696C74
:10FD1A000064696E00646566004D425553443A209A
:10FD2A00726563757272656E7420636865636B20B1
:10FD3A007265733A200053524F3A004D4255533A76
:10FD4A002053746F726564200020746F2040532022
:10FD5A006F66200040560025783A25783A25783A89
:10FD6A0025783A25783A25782563007365726961A2
:10FD7A006C006261756400706F6C6C007265677309
:10FD8A000069727300636F696C730064696E730053
:10FD9A0064656C6179007061720070726566657481
:10FDAA006368006974656D7300746F7069637300CA
:10FDBA006D71747400646D78696E00646D78006D9D
:10FDCA006F64627573006F77002F636E662F25303C
:10FDDA0032782D253032782D253032782D25303263
:10FDEA00782D253032782D253032782E636F6E6665
:10FDFA0069672E6A736F6E00220049662D4E6F6E18
:10FE0A00652D4D61746368003E3E002E5F68747410
:10FE1A0070002E5F7463702E6C6F63616C004572A4
:10FE2A00726F722073657474696E672075702073BF
:10FE3A00657276696365207265636F726421004535
:10FE4A0072726F72207570646174696E67204D44B6
:10FE5A004E53206E616D6521002B2F2B2F23002F0F
:10FE6A00636D642F002F7365742F007069640073CB
:10FE7A0066780025642D2564005350492D4C45446D
:10FE8A002044652D496E6974004D6F746F723A2073
:10FE9A0044652D496E6974004D6F746F723A20542F
:10FEAA0061726765740073656E646368616E676525
:10FEBA0073004D4255533A2056616C75653273652D
:10FECA006E6420657175616C2072657472696576FD
:10FEDA006564004D4255533A2056616C756532731C
:10FEEA00656E6420657175616C2070726576207329
:10FEFA00656E74004D4255533A2053454E442000D6
:10FF0A0020747970653A00207265673A002041745E
:10FF1A0074656D70743A20004D4255533A207365EA
:10FF2A006E64206661696C65642000726F6F74008C
:10FF3A006F7574006263737400706F006B50006BAE
:10FF4A0049006B4400645400416C61726D54696DE0
:10FF5A006500416C61726D56616C75650020493DA2
:10FF6A000020443D004D6F746F723A20496E6974E7
:10FF7A0000457865633A0069636D64006972657665
:10FF8A000065726576003E2000206F75743A007332
:10FF9A0075707265737300406C617374436D6400AD
:10FFAA006F76657272696465636D640056454E5476
:10FFBA003A2073656E644143636D642E20636D64F9
:10FFCA003D00406C61737446616E00406C617374ED
:10FFDA005365740056454E543A2073656E64414326
:10FFEA00636D642E2066616E3D0040707265436DDC
:06FFFA00640056454E5460
:020000023000CC
:100000003A2073656E644143636D642E207365749A
:100010003D0056454E543A20626F6F7374206F6EE8
:1000200000407072657365740040706173760063A0
:1000300061730056454E543A204354524C2000748C
:1000400075726E627966616E0056454E543A204173
:10005000432046414E206368616E6765642C2064CE
:10006000656C657465206C61737466616E005645DD
:100070004E543A20414320534554207265636569CC
:1000800076656420696E697469616C6C79200056CC
:10009000454E543A20414320534554206368616ED5
:1000A000676564206D616E75616C6C792066726F36
:1000B0006D20006F6E657874636D640056454E5414
:1000C0003A204143204D4F4445207265636569766F
:1000D000656420696E697469616C6C7920005645AD
:1000E0004E543A204143204D4F4445206368616E91
:1000F000676564206D616E75616C6C792066726FE6
:100100006D200066616E5F696E0056454E543A2060
:1001100065787465726E616C2066616E206C6576C0
:10012000656C2073746F7265643A200056454E54B6
:100130003A2067656E65726174696E6720636D64ED
:100140002062792066616E3A200056454E543A206E
:100150005475726E696E67204F4646202062792082
:1001600066616E0056454E543A20636D6420696E98
:100170002046414E207375666669782C2070726F38
:100180006365737320617320636F6D6D616E642EA0
:1001900020636D643D0040707265636D6400564578
:1001A0004E543A205475726E696E67204F4E2E2061
:1001B000636D643A0056454E543A205475726E6928
:1001C0006E67204F46462E20736176696E67206306
:1001D0006D643A0020526576200020446972200048
:1001E0004100626F6F73740020503A0020493A005A
:1001F00020443A0056454E543A20626F6F73742083
:100200006F6666004070726548616C74636D64006F
:100210005350492D4C454420496E6974006E756CED
:100220006C0066616C73650074727565006E616E5A
:1002300000696E66006F7666002E004053005F73A3
:10024000657276696365732E5F646E732D73642EB9
:100250005F7564702E6C6F63616C000D0A0025255C
:100260002532780057495A6E65740068656C7000D5
:1002700073617665006C6F6164006D616300697025
:10028000006F7461707764006B696C6C00636C65FF
:100290006172007265626F6F74007365617263688A
:0E02A000002F616C61726D2F736E737200001F
:00000001FF
