:100000000C94031B0D949C330D9471330D94463363
:100010000D941B330D94F0320D94C5320D949A3229
:100020000D946F320C94341B0C94341B0C94341BC1
:100030000C94341B0C94341B0C94341B0D94EE4E16
:100040000C94341B0C94341B0C94341B0C94341BF4
:100050000C94341B0C94341B0C94341B0D94FC2E08
:100060000C94341B0D944D360D9423360C94341B94
:100070000C94341B0C94341B0C94341B0C94341BC4
:100080000C94341B0C94341B0C94341B0C94341BB4
:100090000D94B13A0D94273A0D94693A0D94B453E6
:1000A0000C94341B0C94341B0C94341B0C94341B94
:1000B0000C94341B0C94341B0C94341B0C94341B84
:1000C0000C94341B0C94341B0C94341B0D94ED35A0
:1000D0000D94C3350C94341B0C94341B0C94341BBA
:1000E0000C94341B07634236B79BD8A71A3968565D
:1000F00018AEBAAB558C1D3CB7CC5763BD6DEDFD4A
:10010000753EF6177231BF000000803F0800000006
:10011000BE922449123EABAAAA2ABECDCCCC4C3EFC
:1001200000000080BEABAAAAAA3E00000000BF00EB
:100130000000803F0000000000084178D3BB4387E7
:10014000D1133D190E3CC3BD4282AD2B3E68EC82FB
:1001500076BED98FE1A93E4C80EFFFBE01C4FF7F80
:100160003F00000000000D94D5280C944AFC0D942B
:100170003F2B0D9482070C94B7290C94BB5D0D9412
:1001800052060D9477280C94E9F60C943E1E0D94BB
:10019000C8460D94C2420C9479360C946D680C9448
:1001A000C0FD0C945EFC0C9481BD0D9427070D944A
:1001B000AD010C9431FC0C94E0280C94CD310C94DE
:1001C000F1AE0D9437060C94BFB90C94FE400D941B
:1001D000C2480C94E3700C94251C0D946D2C0C9467
:1001E000FB6B0C9449AE0C9493240C94FA1D0C9464
:1001F00073D70D942B060D943B070C9490320D94FD
:1002000078070C94117A0C947F540D945F070C942A
:1002100079630C94D3300C94AD1B0C94D5CA0C9418
:10022000C7B90C9459D00C9490AD0C9406330C942F
:10023000951B0C94991B0C9445240C94BD600D9453
:100240002B2D0C9463D20C94775B0C94C1AE0C9460
:100250008E310C94AEAE0C9437D00C9478540C9430
:100260003ACF0C94961C0D94A34A0D949C4D0C947B
:10027000399F0C94A8AE0C9487B50C943ABC0D949D
:1002800091010C949FE50C94BAEF0D94E90B0D9439
:100290006D2E0C94A7900C944E1D0C94C2B10D942D
:1002A000BB290D943A060D94E2340C94E0900C9422
:1002B00052B80D94D7480C941C680C94E2A20D948B
:1002C0009B2D0C9427FC0D9483010C94AA8F0D9404
:1002D00069070C94EAAE0C946CBC0C943C320D94FF
:1002E0000E480C9427BC0D941A4A0D94C92A0C94FC
:1002F0009B310C9495AE0C945E2F0C94A45B0C94E3
:1003000082CF0C9453200C94BEA10C94881B0C94A7
:10031000CAA20C94A7390D947D2C0C94A5A20D941F
:10032000A1440C94EEAE0D9460060C94B1AD0C9407
:100330003BE20C9426700C9423700C94E3290C94EB
:10034000B9B90C9424700C9472310C94572F0C94FE
:1003500024A20D94A6010C94D7F60C942FE30C94D0
:10036000B85D0C94E8240C94C07A0C9435E70C9496
:1003700053E50C94D7280C94635B0C9428D00C9410
:1003800097900C94BF5D0C9400B70D94312A0C9497
:10039000DA280C94EA900C945FAA0D94F4560C940D
:1003A000B8900C9454FC0D9472430C9456320C94F7
:1003B000C2B90C9451AE0C94557C0C94AE320D9491
:1003C000724A0D94C74D0D9476280C9468FC0C94D9
:1003D000A91C0D9474280C945A350C94717A0C94C1
:1003E00060280C94AD7A0C9474E20C94E51B0D9487
:1003F0005C060C944DAE0C94322F0C9465250C9435
:10040000F2E50D9482440D9431070C9467280C9406
:1004100062BC0C9412AF0C945F1B0D94B3280C9427
:10042000D2FD0D94AA430C94985D0D94CB440D9489
:10043000024E0D944A2A0C940CBC0D94DA3D0C9497
:10044000E6320C9465D20C9449B80C94CE230D94EA
:1004500064290D94582B0D94B23D0C947DD00C94CE
:10046000FB290C948A1B0C94C25C0C94BA5B0C9410
:100470007E1B0C9400E30C9461210C94EB7B0C9498
:100480006BAE0C94665D0C940BFE0D94FE290C94DF
:1004900025740D9465480D94E60B0C945C310C9416
:1004A0004F610C94E87F0D9425060C9463BA0C946C
:1004B00071320C9479D70C94BA440C94BD5D0C94B1
:1004C000C36C0D94D80B0C944B350D94BA2A0D9433
:1004D0001D070C94B0600D94062C0C9430CA0C943B
:1004E00063320C9425700C947D320D94512B0C9436
:1004F0002BAB0C9409FC0D94872B0D9422430D9487
:100500006C2C0C9413320C94155E0D9498010D9480
:1005100017290C94F7C90C9490A20C948FD20C94C8
:10052000C75B0C94482F0C9457FD0C9486A70C9431
:100530001AE30C94B0290C94271C0C94622F0C9491
:1005400040FC0D9496070C945F5E0D9487480C94C4
:10055000821C0D9466060D94E52B0C9477390C944F
:100560006D7C0C949FCA0D94A0070C9422700D947E
:10057000B4010C94A8290C9458560D94772D0D9421
:100580007E560C94D2E50D9444060C9426FD0D94F1
:10059000F32C0C947A680C9455250C94E7900C94E9
:1005A000D6290C94DD290C94FFB00C9482E60C94AF
:1005B000BE1B0D944E060C9446A20C9499290D94E2
:1005C00040060C94D4AE0C942EF70C94C35D0D949D
:1005D000D70B0C94175E0C949CD00C9482320C9424
:1005E000A5280C94D0F60C947E1C0D9455070C9401
:1005F0003BE70C94CF250C94B1320D9458060C9423
:100600001F620C947A1C0C941DE30C941FAB0C9489
:1006100015BC0D944A060C94A0630C9433690D9498
:10062000972C0D94892E0D94902C0C9481240C946D
:100630005E220C9429E50C94EB310C94C5B80C9413
:1006400032230D945B470C94BEB80C94ED7C0C9453
:10065000B9A20C94FDE20C944CB80C942FE70D94C5
:10066000B8290C9408CB0C9418530C94DD900C947E
:1006700060E20C947A1B0C94D6300C94761B0C948C
:10068000925B0C94467D0D942F060D94152B0D94C2
:100690006E2C0C9487E20C9409D00D948A010C9472
:1006A00040AF0C94F8ED0C94BD310C94775D0D9433
:1006B00033060C9463E70C9477BC0C949D1B0C944C
:1006C0009C390C9417F70C94AC5C0D94992D0C94F8
:1006D0006BA20C940CE30D94E2460C9430910C94B4
:1006E0000FE30D9443070D94E62A0C9440FD0C94FF
:1006F0000BE60C943D2F0C94C15D0C94BF5C0C94E4
:1007000079BC0C948D1B0D94C42C0C94ACAE0D9440
:1007100044470C948BAE0C94575D0D94072B0C94AE
:10072000573A0C94D07A0C94B7670C94B9300C9467
:100730001A7D0C9455AE0C94F5E40C942F5C0C943B
:10074000F7640C9449E60C9454630C94EC290D94D2
:10075000C7280C941B5C0C9441AE0C94A0790C94AB
:10076000195E0C9427630C94E2790D94FB2B0D9485
:10077000CF2B0C9434280C9413680C9426B10C9451
:100780006AD70C94F9BB0C949D310C949F560C9431
:1007900090290C94BCB90C945DE70C9445AE0C9474
:1007A0005E5A0D9403470D942D4E0D94AA070C9498
:1007B00002BC0C94EB250C94F5300C94C95C0C94A1
:1007C00006A30D9410070C94D4B50C9469240C94D2
:1007D000407C0C9469E60C94FBE10C94B4250C94D9
:1007E00037FD0D946C4D0C949E300C9432320D9468
:1007F000B1290C9474AA0C946AA00C946D1B0C94EF
:1008000081D00D9465060C94024D0C94FECE0D948F
:1008100063430C94EB300C944EBC0D94132D0C944C
:10082000CBCF0D94C1290C947B1E0C94DD5B0D94F1
:10083000A4280C94291C0C945B5B0C9498BB0C941E
:100840008F700C94B6B90C941AAB0D948C070C9461
:1008500066710C9419FC0C942A780D944B070D9436
:1008600028350D949C2A0C94FE310D94384A0C9432
:10087000ED600D946A060D9475280C94745D0C94CB
:10088000F2E20C94621B0C9454900C94611D0D9434
:1008900018070C94F8F60C9407B10C9459AE4E411D
:1008A0004E494E495459494E46CDCCCC3D0AD723EA
:1008B0003C17B7D13877CC2B329595E6241FB14F32
:1008C0000A000020410000C84200401C4620BCBE77
:1008D0004CCA1B0E5AAEC59D746364696E6F70730B
:1008E0007578585B0020002D3E00436F6E76657270
:1008F00074696E6720002D3E0057726F6E6720414D
:10090000737369676E6D656E742000524742783A62
:10091000200020764C6576656C3A0020436F6E7639
:10092000563A0020436F6E76533A0020486F743A6F
:1009300000436F6C643A0020436F6E766572746595
:100940006420563A00436F6E766572746564205376
:100950003A002D3E0057726F6E67204173736967CE
:100960006E6D656E7420002D3E0057726F6E6720AD
:1009700041737369676E6D656E7420004D41503A26
:100980002076616C206D617070656420746F20202A
:10099000004D41503A2076616C75652061626F763A
:1009A0006520726967687420626F756E642000202C
:1009B00069732062656C6F77206C65667420626F66
:1009C000756E6420004D41503A2076616C7565204B
:1009D000004D41503A20636D64206D617070656414
:1009E00020746F2000000000000000000000004F95
:1009F0004E00000000000000004F464600000000CE
:100A000000000052455354000000000000544F47BE
:100A1000474C450000000048414C540000000000D5
:100A200000584F4E00000000000000584F4646009E
:100A30000000000000494E43524541534500004428
:100A4000454352454153450000454E41424C450007
:100A500000000044495341424C45000000554E46B9
:100A60005245455A450000465245455A450000004A
:100A7000004155544F00000000000046414E5F4FBA
:100A80004E4C590000484947480000000000004D06
:100A9000454449554D000000004C4F5700000000F0
:100AA000000000484541545F434F4F4C00484541CA
:100AB00054000000000000434F4F4C0000000000B5
:100AC000004452590000000000000052474200005C
:100AD00000000000004853560000000000000052D3
:100AE00045534554000000000020537566663A00E7
:100AF0002041543A0053746F7070696E6720496EDC
:100B00007075747300206973200044656C657469A6
:100B10006E6720636F6E662E2052414D20776173A1
:100B20003A0053746F70706564006E6F7468696E1C
:100B30006720746F2073746F700053746F707069E6
:100B40006E67206368616E6E656C73202E2E2E00BA
:100B500043616E206E6F7420636C65616E202D2082
:100B60006C6F636B656400436F6E666967206368D2
:100B7000616E676564206C6F63616C6C792C2070AA
:100B80006F7274616C2064697361626C6564002FBC
:100B9000636F6E6669672E6A736F6E007265626F4F
:100BA0006F742000436D643A20002F636F6D6D6198
:100BB0006E642F002F72616D2F002F6974656D2F89
:100BC000002F6974656D2F0022687474703A2F2F9E
:100BD0006C617A79686F6D652E72752F70776122FE
:100BE000004C6F636174696F6E3A20687474703A78
:100BF0002F2F003F6D61633D002669703D00267018
:100C00006F72743D00266E616D653D002F002000FF
:100C10004D5154543A20436F6D706C6574652E20AD
:100C200052656D6F766520746F7069632000246370
:100C30006F6D6D616E64004D5154543A20436C6584
:100C4000616E55702072657461696E656420746FA1
:100C50007069632000220022004F75744F664D6555
:100C60006D6F727921005D20003A5B004D51545444
:100C70003A005D00456D7074793A205B000A003AD5
:100C8000004D41433A00554450205379736C6F67CF
:100C900020696E697469616C697A65642E0A005313
:100CA00079736C6F6720706172616D733A002E6C9E
:100CB0006F63616C0053657276696365207265636A
:100CC0006F72643A20006D444E5320726573706FEA
:100CD0006E64657220737461727465642E0045726F
:100CE000726F722073657474696E67207570204D21
:100CF000444E5320726573706F6E646572210047B5
:100D00006F7420495020616464726573733A0027E0
:100D10006970205B69705B2C646E735B2C67775B1A
:100D20002C7375626E65745D5D5D5D27202D20738B
:100D30006574207374617469632049500A004661C8
:100D4000696C656420746F20636F6E666967757285
:100D5000652045746865726E6574207573696E6789
:100D600020444843502E20596F752063616E2073D4
:100D70006574206970206D616E75616C6C792100FD
:100D8000204D41534B3A002047573A0020444E53E0
:100D90003A004C6F616465642066726F6D20666C0A
:100DA0006173682049503A000A757365732044489E
:100DB00043500A005374617274696E67206C616EEF
:100DC000004142434445464748494A4B4C4D4E4FEB
:100DD000505152535455565758595A61626364657D
:100DE000666768696A6B6C6D6E6F7071727374752B
:100DF000767778797A303132333435363738392B63
:100E00002F3D00426173696320003A004F54412036
:100E1000696E697469616C697A65640A0044454663
:100E200041554C542070617373776F726420666F04
:100E300072204F5441204150492E20557365206F38
:100E4000746170776420636F6D6D616E6420746F80
:100E5000207365740070617373776F7264004D5115
:100E600054543A2074727969796E67206E656E7891
:100E7000742062726F6B6572004D5154543A205465
:100E80006F6F206D616E7920636F6E6E656374693C
:100E90006F6E206572726F72732E2052657374616B
:100EA0007274204C414E0020747279206167616930
:100EB0006E20696E2035207365636F6E6473004D1C
:100EC0005154543A206661696C65642C2072633D0C
:100ED000004D5154543A204177616974696E67201E
:100EE000666F722072657461696E656420746F70DC
:100EF00069637300636F6E6E65637465642061730C
:100F00002000202E2E2E0020757365723A003A00C4
:100F10000A4D5154543A20417474656D7074696E71
:100F20006720636F6E6E656374696F6E20746F20E7
:100F300000646973636F6E6E6563746564005573F6
:100F4000696E67204D5154542070617373776F72CE
:100F5000642066726F6D20636F6E666967002E6C29
:100F60006F63616C006D444E53206E616D6520753A
:100F70007064617465643A20004465766963652035
:100F80004E616D653A004D5154543A204174206CC5
:100F90006561737420646576696365206E616D6553
:100FA00020616E642062726F6B6572204950206D03
:100FB00075737420626520636F6E6669677572650C
:100FC0006400757074696D652C667265656865612D
:100FD0007000353635313935645F323032362D3078
:100FE000352D3235004C69676874487562200024DD
:100FF0006E616D6500526562696E6420737563632E
:101000006573732E20495020616464726573733A6E
:10101000004572726F723A20726562696E64206672
:1010200061696C0052656E657765642073756363F2
:101030006573732E20495020616464726573733A3E
:10104000004572726F723A2072656E657765642032
:101050006661696C000A4E6F206C696E6B00436FAD
:101060006E74696E75652077697468207072657634
:10107000696F75736C79206C6F6164656420636F50
:101080006E6669670033307320454550524F4D20DE
:101090006973206E6F742072656C6F616465642E75
:1010A000205265626F6F74004D5154543A20416371
:1010B00063657074696E6720636F6D6D616E6473D4
:1010C0002E2E2E0A004E6F204D51545420636F6E09
:1010D00066696775726564004C6F6164696E67204C
:1010E000636F6E6669672066726F6D20706F7274D1
:1010F000616C2064697361626C65642E2075736530
:1011000020676574204F4E20746F20656E61626C9D
:101110006500436F6E6669672069732076616C694C
:101120006400436F6E74696E75652077697468201A
:1011300070726576696F75736C79206C6F61646528
:101140006420636F6E666967005365747570204F25
:101150005441004D5154543A2073657420666972AD
:1011600073742062726F6B65720043757272656E84
:1011700074204C414E20636F6E6669672869702C3D
:10118000646E732C67772C7375626E6574293A00F0
:101190000A55736520746865736520636F6D6D61B2
:1011A0006E64733A202768656C7027202D20746860
:1011B000697320746578740A276D61632064653AE9
:1011C00061643A62653A65663A66653A303027206E
:1011D00073657420616E642073746F7265204D4175
:1011E000432D6164647265737320696E20454550B8
:1011F000524F4D0A276970205B69705B2C646E73D7
:101200005B2C67775B2C7375626E65745D5D5D5DED
:1012100027202D20736574207374617469632049DD
:10122000500A277361766527202D2073617665202B
:1012300063757272656E7420636F6E66696720698C
:101240006E204E5652414D3B204F4E7C4F4646201D
:101250002D20656E61626C652F64697361626C65D7
:10126000206175746F736176650A2767657427203E
:101270005B636F6E66696720616464725D27202D11
:101280002067657420636F6E6669672066726F6D94
:10129000207072652D636F6E666967757265642074
:1012A00055524C20616E642073746F7265206164C6
:1012B00064722C204F4E7C4F4646202D20656E6177
:1012C000626C652F64697361626C6520646F776E10
:1012D0006C6F6164206F6E20737461727475700A34
:1012E000276C6F616427202D206C6F616420636F11
:1012F0006E6669672066726F6D204E5652414D0AC8
:101300002770776427202D20646566696E652061EB
:101310006E642073746F7265204D51545420706157
:101320007373776F72640A276F7461707764272014
:101330002D20646566696E6520616E642073746F2C
:101340007265204854545020415049207061737395
:10135000776F72640A276C6F67205B7365726961CF
:101360006C5F6C6F676C6576656C5D205B75647037
:101370005F6C6F676C6576656C5D27202D206465FA
:1013800066696E65206C6F67206C6576656C2028D9
:10139000302E2E37290A276B696C6C27202D20747C
:1013A000657374207761746368646F670A27636C80
:1013B00065617227202D20636C6561722045455060
:1013C000524F4D0A2773656172636827202D207381
:1013D000656172636820312D776972652064657676
:1013E0000A277265626F6F7427202D207265626F05
:1013F0006F7420636F6E74726F6C6C657200536FE4
:101400006674207265626F6F74696E672E2E2E008F
:10141000206E65770020697320003157543A0031FF
:1014200057543A20536561726368696E672064653A
:10143000760052414D3D000A5379736C6F6720006E
:101440000A312D7769726520000A6D71747420006D
:101450000A6D6F64627573207632000A6D6F646284
:10146000757320763120282B29000A696E707574F7
:101470007320000A6974656D7320000A436F6E66FD
:101480006967757265643A002F00496E3A20004919
:101490006E697469616C697A696E6720496E7075EE
:1014A0007473003157543A207365747570207265F7
:1014B000736F6C7574696F6E20003157543A204415
:1014C00053323438322D313030206E6F74207072C8
:1014D0006573656E74003157543A20445332343882
:1014E000322D3130302049324320726573746F726F
:1014F0006564003157543A204275732072657365F4
:1015000074206572726F72003157543A20427573BD
:1015100020526573657420646F6E65003157543ACC
:10152000204453323438322D31303020707265739C
:10153000656E742C207265736574004572726F72EB
:1015400020312D7720696E6974003157543A204458
:1015500053323438325F3130305F4932435F544F59
:101560005F31575F42524944474520696E697400B4
:10157000444D584F75742E20467265653A00444DAF
:1015800058696E2042756666657220616C6C6F6387
:101590002065727200496E697420696E2063683A32
:1015A000003B003D0050696E3A003B003D4C4F57F8
:1015B00000546865726D6F3A004F6E6520776972EE
:1015C000652052656164790A00467265653A004497
:1015D0004D58206F757420737461727465642E2089
:1015E0004368616E6E656C733A2000444D58206903
:1015F0006E20737461727465642E204368616E6E30
:10160000656C733A0042726F6B65727320636F6E24
:10161000666967757265643A004170706C79696ECD
:101620006720636F6E666967004C6F616465642054
:10163000455441473A004E6F2073746F72656420C1
:10164000636F6E666967004C6F61646564206672E3
:101650006F6D20454550524F4D006C6F61642066A0
:1016600061696C6564004A534F4E2064657465631C
:10167000746564004C6F6164696E6720436F6E66C9
:1016800069672066726F6D20454550524F4D00438B
:101690006F6E666967206175746F736176653A0075
:1016A0000A5379736C6F67206465627567206C6597
:1016B00076656C3A0053657269616C206465627589
:1016C00067206C6576656C3A0053617665640A0044
:1016D0005365742064796E616D69632049500A0016
:1016E0004F54412050617373776F7264207570643A
:1016F000617465640A004E6F204950206164726510
:10170000737300205361766564004C6F6164696E89
:1017100067204854545020636F6E666967206F6E6F
:1017200020737461727475703A000000000000004C
:10173000000000004F4E00000000000000004F4677
:101740004600000000000000524553540000000015
:101750000000544F47474C450000000048414C549E
:10176000000000000000584F4E0000000000000084
:10177000584F4646000000000000494E4352454184
:101780005345000044454352454153450000454EF2
:1017900041424C450000000044495341424C450041
:1017A0000000554E465245455A45000046524545B3
:1017B0005A45000000004155544F00000000000051
:1017C00046414E5F4F4E4C59000048494748000083
:1017D000000000004D454449554D000000004C4FAD
:1017E0005700000000000000484541545F434F4F40
:1017F0004C0048454154000000000000434F4F4C4E
:1018000000000000000044525900000000000000E9
:1018100052474200000000000000485356000000FC
:101820000000000052455345540000000000636F63
:10183000756C64206E6F742070617273653A20005D
:10184000557064617465640A00454550524F4D20DF
:10185000636C65617265640A004D51545420506197
:101860007373776F726420757064617465640A00C5
:101870002B002D00455461673A20004765742045D0
:101880005441473A2000485454502F312E310025FE
:10189000733A2025730D0A0020485454502F312EDE
:1018A000310D0A486F73743A2025730D0A41636342
:1018B0006570743A202A2F2A0D0A436F6E6E656395
:1018C00074696F6E3A20636C6F73650D0A0025733F
:1018D0000020000D0A00474554006661696C65648C
:1018E00020746F20636F6E6E6563740A00455252F8
:1018F0004F523A2053657276657220726574757224
:101900006E65642000436F6E666967206E6F742099
:101910006368616E6765640A00446F6E652E0A0035
:10192000436F6E6669672070617273696E672066C7
:1019300061696C65640A004765742061626F727446
:10194000656400676F7420436F6E6669670A00689C
:1019500074747020726574636F64652000667265CC
:10196000652000436F6E666967205552493A2068CA
:101970007474703A2F2F002044656661756C742072
:10198000636F6E6669672073657276657220757322
:1019900065643A20006C617A79686F6D652E7275A6
:1019A000000A282D294352595054000A282D295045
:1019B000554C5345206F6E2050494E3132000A2855
:1019C0002D2943414E000A282D29535052494E4B90
:1019D0004C4552000A282D294D4552435552590075
:1019E0000A282B294D554C544956454E54000A2877
:1019F0002B2950574D5F52454C4159000A282B293D
:101A00004D444E53000A282D295541525442524903
:101A1000444745000A282B295359534C4F47000A85
:101A2000282B29504944000A282D294D4350323390
:101A3000303137000A282D294152544E4554000AAE
:101A4000282B294F5441000A282D29535049204C56
:101A50004544000A282B294D4F544F5220435452DD
:101A6000000A282D294143204841494552000A28AF
:101A70002D29434353383131202620484443313007
:101A80003830000A282B29524553544152545F4C98
:101A9000414E5F4F4E5F4D5154545F4552524F522D
:101AA00053000A282D294841524452455345542C8D
:101AB000207573696E6720736F6674000A282B297E
:101AC000434F554E544552000A282B294448540090
:101AD0000A282B294453323438322D313030000A51
:101AE000282B294F57495245000A282D2949504D86
:101AF0004F44425553000A282B294D4F4442555319
:101B000020307830362061742053657269616C3200
:101B10002073706565643A39363030000A282B2905
:101B20004144414652554954204C4544000A282B13
:101B300029444D58000A282B2957697A6E65743557
:101B4000783030000A282B294672656552616D2075
:101B50007072696E74696E67000A282B29574154A8
:101B60004348444F47006C617A79686F6D652E7207
:101B700075000A436F6E66696720736572766572D9
:101B80003A003230313130334C0020432B2B207659
:101B9000657273696F6E3A00353635313935645F79
:101BA000323032362D30352D3235000A4C617A799B
:101BB000686F6D652E7275204C6967687448756230
:101BC00020636F6E74726F6C6C65722000204F46DC
:101BD0004600204F4E00204259504153530053615C
:101BE00076656420746F20454550524F4D00536117
:101BF00076696E6720636F6E66696720746F204533
:101C00004550524F4D2E2E00556E6B6E6F776E20E5
:101C10007375666669782000556E6B6E6F776E20FF
:101C2000636D642000436F756E7465723A200044E2
:101C30004D582D4F757420496E69743A2000444DFB
:101C4000582D4F75742073746F703A200041737370
:101C500069676E65643A00444D58206374726C3A4B
:101C600020006931360001693332000275313600D7
:101C7000037533320004693868000569386C000662
:101C8000753868000775386C000878313000093104
:101C90003030000A44656661756C74207365726942
:101CA000616C206D6F6465204E38312075736564FA
:101CB00000384531002600384E31000600384532E4
:101CC000002E00384E32000E00384F3100360038FA
:101CD0004F32003E00374531002400374532002C9A
:101CE00000374F31003400374F32003C00374E315F
:101CF000000400374E32000C0020616464656420EB
:101D00006279206E756D20004D4255533A20004196
:101D10006464696E672072656773207769746820F0
:101D2000616374696F6E733A004D4255533A0041D6
:101D30006464696E6720726566657272656420729C
:101D40006567733A004D4255533A00416464696EC9
:101D50006720707265666574636820726567733AA0
:101D6000004D4255533A004D4255533A204D6F6451
:101D70006275732074656D706C617465206E6F742C
:101D800020666F756E643A20004D4255533A2049E3
:101D90006E76616C69642074656D706C6174652E1B
:101DA000002C002C002C002C004D4255533A20638F
:101DB0006F6E666967206661696C65643A004D42C2
:101DC00055533A20636F6E666967206572726F7251
:101DD000004D4255533A20636F6E666967206C6F01
:101DE0006164656420004D4255533A204F7574205C
:101DF0006F66206D656D6F7279004D4255533A20C4
:101E0000506F6C6C696E67206572726F7220004D46
:101E10004255533A204E6F7420737570706F727410
:101E200065642072656720747970650A004D4255BB
:101E300053443A2049676E6F726564202D206571A6
:101E400075616C20776974682073657474656420AB
:101E500076616C004D425553443A204D6170706577
:101E6000643A004D425553443A204E65737465649C
:101E70004D61707065643A004C6173744B6E6F779E
:101E80006E2076616C75653A2000536561726368F7
:101E9000696E67207265673A2000206F7574206F45
:101EA000662072616E6765206275666665722C20B9
:101EB0006665746368696E6700646566207265674D
:101EC0002320004D425553443A20536561726368A4
:101ED000696E672072656723003A002066726F6D35
:101EE000207479706520004D425553443A20676F45
:101EF0007420002076616C3A0020004D425553203A
:101F00007265733A20002076616C206E6F742063D6
:101F100068616E6765642E20436F6E74696E7565C7
:101F2000004D4255533A003A20657175616C20743A
:101F30006172676572742E003D004D4255533A0040
:101F40002076616C206368616E6765642E004D4287
:101F500055533A00204E6F773A00204C6173743A23
:101F6000002023002070726566657463682000207D
:101F70005265672F636F696C206D7573742062659D
:101F800020696E740020696E7465726E616C2073D6
:101F9000656E64206572726F72202D206E6F2072E4
:101FA00065672F636F696C0020696E7465726E617E
:101FB0006C2073656E64206572726F72202D206EC6
:101FC0006F2074656D706C6174650020696E746556
:101FD000726E616C2073656E64206572726F722020
:101FE0002D206E6F2073746F7265004D42555344FF
:101FF0003A20656E64506F6C6C20004D425553441E
:102000003A20506F6C6C2000206E6F7420666F75E4
:102010006E64004D4255533A2020706172616D200C
:10202000002073656E64696E672063616E63656C22
:102030006C6564004D4255533A2020706172616DA9
:1020400020004D4255533A2020002073656E6420D5
:102050006572726F722E20004D4255533A20200057
:102060004164642040563A20002056616C3A2000BA
:102070004D425553443A207375666669783A00209C
:102080006F722073756666697820004D4255533A29
:10209000204E6F2074656D706C61746520666F7280
:1020A00020004D6F746F723A2074696D656F75749E
:1020B00000556E6B6E6F776E20636D64004D6F74AC
:1020C0006F723A20466F7263656420657865637548
:1020D00074696F6E0056454E543A20636F6E6669A0
:1020E00067206661696C65640056454E543A206904
:1020F0006E69740056454E543A2050494420503D74
:102100000056454E543A2044652D496E6974005678
:10211000454E543A2070617373697665206D6F6423
:10212000653A20006E6F74204F4B004F4B005645B0
:102130004E543A204354524C20726573756C743A75
:10214000200056454E543A204354524C2066616E4E
:10215000206C6576656C3A2000204F75743A00203B
:102160005265713A0056454E543A2000206D3300B6
:102170002066726F6D2000204D6178207265713A83
:10218000002066616E253A002061637469766520DF
:10219000563A0056454E543A20546F74616C20569E
:1021A0003A002075706461746564206279207465FA
:1021B0006D703A200056454E543A205049442069EB
:1021C0006E7075743A200056454E543A207A6F6E00
:1021D000652066726F7A656E0056454E543A207AD5
:1021E0006F6E652066726F7A656E0056454E543A82
:1021F0002046414E20636F6E74726F6C2064697369
:1022000061626C6564206279205049440056454EF5
:10221000543A207A6F6E652066726F7A656E00415F
:1022200043206D6F64653A200056454E543A2000B5
:1022300056454E543A20626F6F7374206D6F64651B
:10224000206465746563746564004143207365743C
:102250003A200056454E543A200041432066616EB4
:102260003A200056454E543A20004143206169729D
:102270002074656D703A200056454E543A20005641
:10228000454E543A2053746F7020616C6C207A6F05
:102290006E65732E200056454E543A205265737475
:1022A0006F726520616C6C207A6F6E65732E2000F2
:1022B0002074726573686F6C643A0056454E543AE8
:1022C000204368616E2062616C616E63653D002031
:1022D0006F75743A0056454E543A20434F4F4C2088
:1022E00050415353205049443A2000206F75743AAE
:1022F0000056454E543A20484541542050415353CE
:10230000205049443A2000203C414C4D3E00206F73
:1023100075743A00207365743A0020696E3A00566D
:10232000454E543A200056454E543A2050494420D8
:1023300073657420746F204D414E55414C20647577
:1023400065206E6F20484541542F434F4F4C2E203F
:102350007A6F6E653A005049443A20616C7265614B
:10236000647920696E697469616C697A656400508A
:1023700049443A20496E76616C69642070617261EB
:102380006D2061727261792E002C002C002C002CC3
:10239000005049443A20636F6E6669672066616940
:1023A0006C65643A005049443A20636F6E66696711
:1023B000206572726F72005049443A20636F6E66F6
:1023C0006967206C6F6164656420005049443A205D
:1023D0004F7574206F66206D656D6F72790050497E
:1023E000443A2044652D496E69742000203C414CDC
:1023F0004D3E0020443A0020493A0020503A002047
:10240000696E3A00207365743A005049443A2000DE
:102410005049443A20496E76616C6964207061725B
:10242000616D2061727261792E00536574206F7541
:102430007420746F20002050494420616C61726DDB
:102440002E20002050494420616C61726D3A206357
:102450006C6F736564005049443A20556E6B6E6F23
:10246000776E2073756666697820005049443A207B
:10247000556E6B6E6F776E20636D6420005049441B
:102480003A2072657365740020536574706F696ECD
:10249000743A005049443A200020496E7075742007
:1024A00076616C75653A005049443A200020696EA7
:1024B000697400200050574D2D4F75742023002063
:1024C00073746F7000200050574D2D4F757420238A
:1024D000003D0050696E3A0020696E6974007069B1
:1024E0006E230072656C61794374723A2000207328
:1024F000746F700052656C61792D4F7574202300E4
:1025000072656C61794374723A200069646C65008D
:102510006F66660068656174696E670066616E006B
:10252000647279696E6700636F6F6C696E670061D2
:102530006374696F6E0020697320004F757420000A
:1025400072656C61794374723A2000556E6B6E6FE0
:10255000776E20737566666978200072656C6179A4
:102560004374723A2000556E6B6E6F776E20636D08
:1025700064200072656C61794374723A2000616373
:1025800074696F6E0072656C61794374723A2000F1
:102590005B305D3A2000202D202D202D20EFBBBF89
:1025A000003E003E31202D20005B305D3A200020AF
:1025B0002D202D202D20EFBBBF003E003E31202DD1
:1025C00020005379736C6F6720726573756D656455
:1025D000005379736C6F6720726573756D65640065
:1025E0005379736C6F672073757370656E6465647F
:1025F000000000000000636D64000073657400005B
:1026000076616C000064656C00004853560000520F
:102610004742000066616E00006D6F646500637480
:10262000726C006875650000736174000074656DFC
:102630007000726177000020002E00696E00735FE9
:102640006F7574006D79686F6D65004354524C2F3F
:10265000657865633A204F75744F664D656D6F728E
:10266000793A2000202D3E20004D5154543A20004C
:10267000202D3E2000456D69743A203C00202D3EFF
:1026800020004974656D436D643A2000202D3E2082
:10269000004974656D3A2000556E6B6E6F776E2041
:1026A0007375666669782000556E6B6E6F776E2065
:1026B000636D642000636C724374723A2000444D71
:1026C00058494E3A00454F46003D00494E3A0025D4
:1026D00000C2B04320483D002044485432322074A8
:1026E0007970652E20543D00494E3A00204E6F20EF
:1026F000656D69742064617461210020436F756E9B
:1027000074657220747970652E2076616C3D004985
:102710004E3A0020436F756E74657220747970654F
:102720002E20494E434F525245435420496E746502
:102730007272757074206E756D6265722121210050
:102740004952513A00416374697661746520696E3B
:102750002000416374697661746520696E20002DE4
:102760003E00200023002D3E00200050656E646571
:10277000643A2023002D3E00456D69743A002D3ED9
:1027800000456D69743A002D3E00456D69743A004C
:102790002D3E00456D69743A003D004C454741436C
:1027A0005920494E3A0020666F7220286D73293AED
:1027B000004354524C3A205363686564756C65203D
:1027C000636D642000206D730020666F72200043EB
:1027D00054524C3A2041726D656420002044697364
:1027E00061726D6564004354524C3A200020746954
:1027F0006D653A004354524C3A205265733A004397
:1028000054524C3A206D6F6D656E7461727920651B
:1028100076656E74002054533A0020543A005448B0
:1028200045524D3A00436C65616E696E6720616C7C
:1028300061726D20003D0050696E3A004354524C65
:102840003A20436F6D6D616E6420626C6F636B65DF
:102850006420627920647269766572004354524C38
:102860003A204F4E3A416C7265616479204163743D
:102870006976650A004354524C3A2048414C543A18
:10288000416C726561647920496E61637469766533
:102890000A004354524C3A20584F4E3A2044697330
:1028A00061626C65640A004354524C3A20584F4EA2
:1028B0003A416C7265616479204163746976650A96
:1028C000004354524C3A20584F464620736B69706F
:1028D0007065642E205072657620636D643A004303
:1028E00054524C3A205475726E6564206F666620AF
:1028F00066726F6D3A004354524C3A2052657374BD
:102900006F7265642066726F6D3A004354524C3AA0
:102910002049676E6F7265642C206368616E6E6516
:102920006C20636D643D0020457865633A00435434
:10293000524C3A204163746976653A004354524CD4
:102940003A2048414C543A416C726561647920499F
:102950006E6163746976650A004354524C3A20589C
:102960004F4E3A2044697361626C65640A004354B7
:10297000524C3A20584F4E3A416C7265616479204E
:102980004163746976650A004354524C3A20584FAB
:10299000464620736B69707065642E2050726576B0
:1029A00020636D643A004354524C3A205475726E61
:1029B0006564206F66662066726F6D3A00435452FC
:1029C0004C3A20526573746F7265642066726F6D45
:1029D0003A0044697361726D696E67206E6F74208E
:1029E000617574686F72697A6564004354524C3A39
:1029F00020636F6D6D616E64206A75737420666FFD
:102A00007220004354524C3A204E6F7420656E6F12
:102A1000756768206D656D6F727920666F722067CB
:102A2000726F7570206F7065726174696F6E0049A6
:102A30006E76616C69642061726700496E76616CC4
:102A400069642061726700496E76616C6964206117
:102A50007267004354524C3A20556E6B6E6F776E1E
:102A60002073756666697800536B697070696E676C
:102A7000207363686564756C65642067726F757038
:102A80002065786563004354524C3A206368616E58
:102A90006E656C2066726F7A656E004354524C3AD4
:102AA000206368616E6E656C2066726F7A656E0079
:102AB000536B697070656420686F6D69652073740D
:102AC000756666002000205375623D0020497465DC
:102AD0006D3D004354524C3A2052414D3D00435409
:102AE000524C3A204F75744F664D656D6F72793A4E
:102AF0002000282D292000282B2920002076616C19
:102B00007565206973200020756E6B6E6F776E0A95
:102B1000005D3D005B0020696E76616C6964002099
:102B2000004143544956453A00206F6B003A00205B
:102B30006661696C6564003A005265747279696E09
:102B40006720564354454D5020434D440A0052657A
:102B5000747279696E6720564320434D440A0052CF
:102B600065747279696E67206D6F64627573204356
:102B70004D440A005265747279696E6720434D4472
:102B80000A00206572726F723D004D423A20706FEC
:102B90006C6C696E6720002056616C3A20004D42D3
:102BA0003A20004D423A204E6F7420737570706F5A
:102BB000727465642072656720747970650A004DCF
:102BC000423A20706F6C6C696E672064696D6D6548
:102BD0007220004D423A20496C6C6567616C20613F
:102BE0007267756D656E74730A00206572726F721C
:102BF0003D004D423A20706F6C6C696E6720504901
:102C000020002D004D423A2050492056616C203A58
:102C1000004D423A20706F6C6C696E6720504920FD
:102C2000004D423A20706F6C6C696E6720464D20F3
:102C30006661756C742000206572726F723D004D84
:102C4000423A20706F6C6C696E6720002D004D4217
:102C50003A20464D2056616C203A004D423A207091
:102C60006F6C6C696E6720464D20004354524C2FA8
:102C7000706F6C6C3A204F75744F664D656D6F7256
:102C8000793A2000207365632072656D61696E6911
:102C90006E6700537461747573206465666665724F
:102CA00065640A002D3E005075623A20002D3E00FA
:102CB0005075623A20002D3E005075623A200000A7
:102CC00000000000636D64000073657400007661AD
:102CD0006C000064656C0000485356000052474287
:102CE000000066616E00006D6F6465006374726C55
:102CF000006875650000736174000074656D700094
:102D000072617700002D3E005075623A20002D3E22
:102D1000005075623A200053454E44535441545577
:102D2000533A20556E6B6E6F776E20636D64200A88
:102D300000000000000000000000004F4E000000F6
:102D400000000000004F4646000000000000005256
:102D5000455354000000000000544F47474C4500C5
:102D600000000048414C54000000000000584F4E45
:102D700000000000000000584F4646000000000020
:102D800000494E4352454153450000444543524596
:102D90004153450000454E41424C4500000000446F
:102DA000495341424C45000000554E465245455A54
:102DB000450000465245455A450000000041555423
:102DC0004F00000000000046414E5F4F4E4C59003E
:102DD00000484947480000000000004D454449555F
:102DE0004D000000004C4F5700000000000000485C
:102DF0004541545F434F4F4C00484541540000004B
:102E0000000000434F4F4C000000000000445259A6
:102E100000000000000000524742000000000000D7
:102E2000004853560000000000000052455345542E
:102E30000000000000206661696C65643A004D6F17
:102E400064627573206F7020004D423A206F6B00F2
:102E50003D004D423A205643230020636D643D00FF
:102E60003D004D423A2056435F6865617423004D32
:102E7000423A204E6F7420737570706F727465647F
:102E80002072656720747970650A002056616C3A7B
:102E900030780020543A00205265673A3078004D6F
:102EA000423A20416464723A00444D5800000000E8
:102EB0000000444D58524742570000444D58524775
:102EC0004200000050574D0000000000004D4255E8
:102ED0005344494D0000544845524D4F00000052A4
:102EE000454C41590000000047524F55500000002A
:102EF00000564354454D500000004D425553564333
:102F00000000004143484149455200005350494C9C
:102F100045440000004D4F544F52000000005049FE
:102F2000440000000000004D425553000000000026
:102F300055415254425244470052454C4159505712
:102F40004D00444D5852474257570056454E545332
:102F500000000000454C455641544F5200434F5528
:102F60004E544552000048554D0000000000004DF1
:102F70004552435552590000535052494E4B4C5202
:102F80000000002100240027002A002D003000331B
:102F90000001010000040107010A010000220025D0
:102FA0000028002B002E0031003400020100000533
:102FB0000108010B010505050507050808080802B9
:102FC0000202020A0A0808040404040101010101C2
:102FD0000101010303030303030303040707070CB1
:102FE0000C0C0C0C0C0C0C02020202060606060667
:102FF0000606060B0B0B0B0B0B0B0B010210202014
:10300000080810204010204080020102010804023C
:1030100001010204081020408080402010080402B2
:10302000018004020180402010080402010804020B
:103030000101020408102040800102040810204011
:103040008000000A0B02090C0D0E080703040100A2
:103050000000000000000000000000000000000070
:10306000000000000000000000000000001211102D
:103070000000000000000000000000000000000050
:10308000000000000000004D4255533A20416464A6
:103090002040533A20002F64617461002F736B65E8
:1030A000746368004163636573732D436F6E74725C
:1030B0006F6C2D526571756573742D5072697661F0
:1030C00074652D4E6574776F726B3A2074727565F6
:1030D000004163636573732D436F6E74726F6C2D63
:1030E000416C6C6F772D486561646572733A202A74
:1030F000004163636573732D436F6E74726F6C2D43
:10310000416C6C6F772D4D6574686F64733A205015
:103110004F53542C4745542C4F5054494F4E530055
:103120004163636573732D436F6E74726F6C2D41D1
:103130006C6C6F772D43726564656E7469616C7336
:103140003A2074727565004F5054494F4E530044F5
:10315000454C455445005055540047455400504F88
:10316000535400617574686F72697A6174696F6E27
:103170003A2000417574686F72697A6174696F6E84
:103180003A2000436F6E74656E742D4C656E6774E3
:10319000683A20006F637465742F73747265616D93
:1031A00000696D6167652F6A70656700696D6167A9
:1031B000652F67696600746578742F68746D6C009C
:1031C0006170706C69636174696F6E2F6A736F6E82
:1031D00000746578742F706C61696E00436F6E7453
:1031E000656E742D547970653A2000436F6E6E657C
:1031F0006374696F6E3A20636C6F7365004163633B
:103200006573732D436F6E74726F6C2D416C6C6FB0
:10321000772D4F726967696E3A202A00556E6B6E82
:103220006F776E004E6F74204D6F646966696564D8
:10323000004F4B004D6F766564207065726D616E56
:10324000656E746C7900496E7465726E616C2053A2
:103250006572766572204572726F72005061796C8A
:103260006F616420546F6F204C61726765004E6F10
:103270007420666F756E64005757572D41757468DA
:10328000656E7469636174653A2042617369632095
:103290007265616C6D3D2241636365737320726575
:1032A00073747269637465642200556E6175746825
:1032B0006F72697A6564005061796C6F6164207324
:1032C000697A652077726F6E67004261642072656B
:1032D000717565737400485454502F312E3120009D
:1032E000200057726F6E67207061796C6164004DC9
:1032F0005154543A204354524C2F7478743A204F0E
:1033000075744F664D656D6F72793A2000202D3EC1
:103310002041543A004368616E20747970653A0028
:103320004E6F2073746F7265642076616C7565737F
:10333000202D2064656661756C743A2000536176B7
:10334000656420455441473A005365742045544113
:10335000473A20003157543A204275732072657302
:103360006574206572726F72003157543A2042754D
:103370007320526573657420646F6E650031575415
:103380003A204453323438322070726573656E745B
:103390002C20726573657400493243205265736551
:1033A0007400005EBCE2613FDD83C29C7E20A3FD11
:1033B0001F419DC3217FFCA2401E5F01E3BD3E6013
:1033C00082DC237D9FC1421CFEA0E1BF5D0380DE45
:1033D0003C62BEE0025CDF81633D7C22C09E1D43F7
:1033E000A1FF4618FAA427799BC584DA3866E5BBA5
:1033F0005907DB856739BAE406581947A5FB7826D3
:10340000C49A653BD987045AB8E6A7F91B45C69804
:103410007A24F8A6441A99C7257B3A6486D85B05B6
:10342000E7B98CD2306EEDB3510F4E10F2AC2F7164
:1034300093CD114FADF3702ECC92D38D6F31B2EC92
:103440000E50AFF1134DCE90722C6D33D18F0C52C4
:10345000B0EE326C8ED0530DEFB1F0AE4C1291CF76
:103460002D73CA947628ABF517490856B4EA693724
:10347000D58B5709EBB536688AD495CB2977F4AA52
:103480004816E9B7550B88D6346A2B7597C94A1484
:10349000F6A8742AC896154BA9F7B6E80A54D78936
:1034A0006B353E3E2000496E76616C696420636F27
:1034B0006D6D616E6400000020002300260029006D
:1034C0002C002F0032000001000003010601090159
:1034D0003E3E3E004E6F204D414320636F6E666955
:1034E00067757265643A20736574206669726D77DA
:1034F0006172652773204D41430A00454550524F84
:103500004D207369676E6174757265206F6B004939
:103510006E697469616C697A696E672045455052BD
:103520004F4D2E002072656164206572726F7220AB
:10353000666F7220003E2000203C003157543A0054
:103540003157543A206E6F7420696E697400315798
:10355000543A20425553592074696D656F75740053
:103560003157543A204453323438325F4552524F27
:10357000525F434F4E464947003157543A20312D50
:10358000776972652073686F727465640072656133
:1035900064790024737461746500757074696D6575
:1035A0000066726565686561700024737461747388
:1035B0000020457870697265640A00202D7461727C
:1035C000676574207A6F6E652D0020416C61726DA5
:1035D00020457870697265640A0020636D643A0062
:1035E000204375723A00205365743A002054696D87
:1035F00065723A00204C6F636B733A0052414D3D47
:103600000000CD01BF0211241FBECFEFD1E2DEBF0B
:10361000CDBF00E00CBF1CE0A0E0B2E0ECE8F7EEAC
:1036200002E00BBF02C007900D92AC34B107D9F78E
:1036300024E1ACE4BCE001C01D92A336B207E1F77F
:103640001BE1C2E0DBE100E006C021970109802F09
:10365000FE010F94966BC130D10780E00807A9F7EF
:103660000F947F5A0D94B4730C940000CF93DF93A2
:10367000FC01C681D78180858F70853079F08630D6
:10368000E1F42097D1F0E881F981309719F0808139
:103690008F7B79F40A80DB81C02DF3CF209769F00E
:1036A000CE010E94361B811105C00A80DB81C02D2E
:1036B000F5CF81E0DF91CF91089580E0FBCF84E1E9
:1036C00090E00895DC01ED91FC910484F585E02DF6
:1036D00060E0199581E090E008958FE090E090938C
:1036E000401380933F1388EC90E00895FC0184819F
:1036F00095810895FC01768765870895DC01ED9139
:10370000FC9102A0F3A1E02D199591E0892708957D
:10371000862F089581E08627089521E0FC018485A5
:10372000883008F020E0822F0895FC01848595857B
:103730000895FC0184899589089521E135E0FC0113
:1037400031832083FB014089518962897389FC019F
:1037500042835383648375830895DC01ED91FC916A
:10376000048CF58DE02D199460E778E1811102C099
:1037700062E778E18DE091E10D9477356EEF73E1CA
:103780008DE091E10F947735F0E0E0E0199584EF5A
:1037900091E008958091C90C8823B1F0E091CA0CA2
:1037A000F091CB0C309731F0868197819093C80CC3
:1037B0008093C70C63E571E18DE091E10F9477355B
:1037C0008DE091E10D9478340895CF93DF93EC016F
:1037D0006EE37CE18EEB91E10F947735EA81FB811A
:1037E0000280F381E02D608171818EEB91E10F9475
:1037F00020358EEB91E10F947834E881F9810484CF
:10380000F585E02D60E0CE01199581E090E0DF9133
:10381000CF910895CF93DF936115710589F0EB0186
:10382000DC011296ED91FC9162E0848195810E9409
:1038300062F6BE010E94EAF5DF91CF910D948A04F1
:1038400090E080E0DF91CF9108950D942F620D9468
:103850002F620D942F62CF93DF9300D000D01F9280
:103860001F92CDB7DEB7E7EFF0E1128A118A80E050
:1038700090E19587848784E890E0948B838B81E046
:10388000868780E090E2908B878787E7858B1C8214
:103890001B8285EC92E09A838983FE83ED838FEF10
:1038A0009FEF98878F836EEE7BE18DE091E10F941F
:1038B00077356091520C7091530CCE0101960E94A5
:1038C000FDFC87EF90E10E9440AF6EED7BE18DE063
:1038D00091E10F9477358DE091E10F9478340F9456
:1038E000C31328960FB6F894DEBF0FBECDBFDF918D
:1038F000CF91089560E08DE00D946E0661E08DE05B
:103900000D946E06CF93C1E068EE73E080E090E026
:103910000F94E4086C2F8DE091E10E9474F6CF5F64
:10392000C43191F784EF91E0CF910895892B71F024
:10393000FB01828193810E9412F869E578E18DE0B4
:1039400091E10F94773588EC90E0089590E080E065
:10395000F2CF0F931F93CF93DF93EB0102970CF4F9
:1039600083C00A811B8164E377E1C8010F94AE63D1
:10397000892B51F481E00E94A0FA88EC90E0DF915D
:10398000CF911F910F9108956EE377E1C8010F94D5
:10399000AE63892B11F480E0EECF6AE077E18DE031
:1039A00091E10F9477350E9402FA672F609561705C
:1039B00070E08DE091E10E947BF68DE091E10F9443
:1039C00078348091E9109091EA10892BE9F10A810D
:1039D0001B810E94A3F78823B9F1F8010190002010
:1039E000E9F73197E01BF10BB09770F582E70E9481
:1039F0008EF78091E9109091EA10DC01ED91FC9135
:103A00000088F189E02D60E270E01995B80180919D
:103A1000E9109091EA100F9420358091E91090916F
:103A2000EA10DC01ED91FC910190F081E02D60E065
:103A300019958091E9109091EA10DC01ED91FC91CB
:103A40000488F589E02D19956A817B818DE091E1EB
:103A50000F94203563E077E18DE091E10F947735A5
:103A60008DE091E10F94783480913F139091401351
:103A700002973CF080EF9FEF9093401380933F13A9
:103A80007CCF66EF76E187E191E10F94773587E1AE
:103A900091E10F94783484EF91E071CF892B71F02C
:103AA000FB01828193810E9460F860EE76E18DE0F7
:103AB00091E10F94773588EC90E0089590E080E0F4
:103AC000F2CFEF92FF920F931F93CF93DF93CDB777
:103AD000DEB72C970FB6F894DEBF0FBECDBF8C01BA
:103AE0007B0181E195E09A8389831B821C821D8280
:103AF0001E8298878F8319861A861B861C8605303E
:103B00001105ECF0BE01695F7F4FF701808591855B
:103B10000E94F66D892B99F0CE0107960E9403F959
:103B2000BE01695F7F4FF701868197810E94F66D24
:103B3000892B61F0CE0107960E94ADF90EC0CE012F
:103B400001960E9403F90430110554F7CE01019645
:103B50000E94ADF903301105A4F1BE01695F7F4FEA
:103B6000F701848195810E94F66D892B51F1CE0178
:103B700007960E9458F9BE01695F7F4FF701828165
:103B800093810E94F66D892B19F1CE0107960E9450
:103B9000AEF869EC76E18DE091E10F94773580E045
:103BA0000E9497FA88EC90E02C960FB6F894DEBF4E
:103BB0000FBECDBFDF91CF911F910F91FF90EF907E
:103BC0000895CE0101960E9458F9023011059CF625
:103BD000CE0101960E94AEF801301105D1F6CE015A
:103BE00001960E94AEF860ED76E18DE091E10F94D0
:103BF0007735CFCF0F931F93CF93DF938C01EB01DA
:103C00000297C4F08A819B810F94606380931E02A7
:103C100099270E94AAFA0230110549F08C819D81F2
:103C20000F94606380931D0299270E94B4FAC8EC38
:103C3000D0E002C0C0E9D1E065EB76E18DE091E132
:103C40000F94773560911E028DE091E10E9474F629
:103C500060EA76E18DE091E10F94773560911D0285
:103C60008DE091E10E9474F68DE091E10F9478343B
:103C7000CE01DF91CF911F910F910895CF93DF93E4
:103C8000EB010297ACF164E377E18A819B810F94A9
:103C9000AE63892B29F40E9402FA7D7F0E9447FAC5
:103CA0006EE377E18A819B810F94AE63892B29F4BF
:103CB0000E9402FA72600E9447FA6FE876E18DE096
:103CC00091E10F9477350E9402FA71FB662760F943
:103CD00071E0672770E08DE091E10E947BF68DE056
:103CE00091E10F94783488EC90E0DF91CF910895C2
:103CF0000E942B1CF8CF0F931F93CF93DF93CDB768
:103D0000DEB769970FB6F894DEBF0FBECDBFE09166
:103D10003613F0913713309709F460C08091431344
:103D200090914413892B09F459C08FEF838714862F
:103D300013821482158216821782108611861286CB
:103D40006FE174E18DE091E10F9477358DE091E1C1
:103D50000F947834BE016E5E7F4F80913613909140
:103D600037130F94DA521816CCF5A895AE014F5FB1
:103D70005F4F68E0CE0142960F94D854198ABE0175
:103D80006F5F7F4F80914313909144130E94EAF537
:103D90008C016AE174E18DE091E10F947735BE0109
:103DA0006F5F7F4F8DE091E10F9420350115110574
:103DB00091F0C8010E9403708C01892B59F265E1D2
:103DC00074E18DE091E10F947735B8018DE091E1D8
:103DD0000F942035BBCF60E174E1B4CF88EC90E064
:103DE00069960FB6F894DEBF0FBECDBFDF91CF91BD
:103DF0001F910F910895CF92DF92EF92FF920F9350
:103E00001F93CF93DF9300D000D0CDB7DEB7809162
:103E1000D90C81119AC080913F1390914013029761
:103E20000CF493C08091520C9091530C009709F4BC
:103E30008CC062E375E00E94EAF58C01009709F4FA
:103E400084C00E9434F7E82EF12CE114F10409F447
:103E50007CC070E060E0C8010F94C6556C01EA9424
:103E6000EF2809F481C061E0C8010E9462F6FC01FC
:103E700001851285CE0101960F94AB4ECE010196BD
:103E80000F946E026FE97CE08DE091E10F9477353D
:103E9000B6018DE091E10F94203565E27AE08DE086
:103EA00091E10F942035B8018DE091E10E947BF6FD
:103EB00065E27AE08DE091E10F9420356AE27EE0E0
:103EC0008DE091E10F9420358DE091E10F947834ED
:103ED00062E072E08CED91E10F941A4AD092D21117
:103EE000C092D1111093D4110093D3118AE29EE0B5
:103EF000892BE9F580E395E09093D6118093D51155
:103F00008091C70C9091C80C009741F070E060E080
:103F10000F94C6559093DB0C8093DA0C8091DA0CE9
:103F20009091DB0C009731F19093D8118093D711C9
:103F30001092DA111092D91181E08093D90C66E8C1
:103F40007CE08DE091E10F94773526960FB6F894DA
:103F5000DEBF0FBECDBFDF91CF911F910F91FF90BC
:103F6000EF90DF90CF90089502E012E083CF8AE2D5
:103F70009EE0C2CF80E792E0D7CFCF92DF92EF9260
:103F8000FF920F931F93CF93DF93CDB7DEB7C1544A
:103F9000D1090FB6F894DEBF0FBECDBF6C01AB01E7
:103FA00030E020E060E4CE0101967C010E94916A3D
:103FB000F70101900020E9F731978F010E191F09D1
:103FC000A801B701C6010F941770892B11F010E0FA
:103FD00000E0C801CF5BDF4F0FB6F894DEBF0FBE25
:103FE000CDBFDF91CF911F910F91FF90EF90DF90A8
:103FF000CF900895EF92FF920F931F93CF93DF938B
:10400000EC01892B51F188858F70843009F5E984A2
:10401000FA84C7010E9403B38C0118161906ECF448
:10402000C7010F94F63BC801012E000CAA0BBB0B75
:1040300089879A87AB87BC878885807F82608887DD
:10404000C801DF91CF911F910F91FF90EF900895DC
:10405000823019F409851A85F3CF10E000E0F0CF23
:104060000F931F93CF93DF938C01D0E0C0E0011535
:104070001105B1F0BE016E59734EC8010F94CC63A7
:10408000892B51F4FE01EA59F34E849190E0DF91BF
:10409000CF911F910F9108952596C233D10539F71D
:1040A00081E090E0F4CF0895EF92FF921F93CF93B9
:1040B000DF93192F7B01C82FD92FD7FF03C0D195CC
:1040C000C195D10961E08C2F0F949C0682E0E8161F
:1040D000F10499F460E08C2F0F946E0666ED7BE19D
:1040E0008EEB91E10F9477358EEB91E1DF91CF91DB
:1040F0001F91FF90EF900D947834612FEF2851F4C9
:104100006095661F6627661F8C2F0F946E0662ED02
:104110007BE1E6CF661F6627661F8C2F0F946E0625
:104120006DEC7BE1DDCFBF92CF92DF92EF92FF92F9
:104130000F931F93CF93DF93CDB7DEB72E970FB6B4
:10414000F894DEBF0FBECDBF20913D1330913E13DA
:10415000232B09F4A6C020913C132111A2C07C019D
:1041600080913C138F5F80933C1380913B138F5F52
:1041700080933B130F9417090091D10C1091D20C2E
:104180002091D30C3091D40C601B710B820B930BDC
:104190006B3071058105910508F479C083E0E8165C
:1041A000F104A9F00F9417090091CD0C1091CE0CD9
:1041B0002091CF0C3091D00C601B710B820B930BB4
:1041C000BB24B394643671058105910508F4B12CC4
:1041D000E0913D13F0913E13068117810115110501
:1041E000C1F1F80180858F70863079F519870887CD
:1041F00070E060E0CE0108960E94A7E0B701CE0112
:1042000008960E94D8E369E375E0C8010E94EAF5C8
:10421000FC01892BD1F090859F7095509230A8F4C5
:10422000C680D780C114D10481F0DA82C982B80176
:10423000CE0101960E94A7E0B701CE0101960E942F
:10424000D8E3F601C280D380EDCFF801028113815B
:10425000C5CFF3E0EF16F10451F00F941709609306
:10426000D10C7093D20C8093D30C9093D40CBB20C0
:1042700051F00F9417096093CD0C7093CE0C80937E
:10428000CF0C9093D00C10922D1210922E12809180
:104290003B13815080933B1380913C13815080935A
:1042A0003C132E960FB6F894DEBF0FBECDBFDF9144
:1042B000CF911F910F91FF90EF90DF90CF90BF9023
:1042C0000895A89582E090E00C94932080913A1391
:1042D0008F5F80933A13A89583E090E00E9493202B
:1042E0000F94B03B80913A13815080933A13089514
:1042F0006BEA7BE18DE091E10F94773568E97BE132
:104300008DE091E10F9477356AE87BE18DE091E1F2
:104310000F94773562E87BE18DE091E10F9477357A
:104320008DE091E10F94783462E77BE18DE091E1DB
:104330000F94773566E67BE18DE091E10F94773558
:1043400069E57BE18DE091E10F94773564E47BE1F1
:104350008DE091E10F94773565E37BE18DE091E1AC
:104360000F9477356DE27BE18DE091E10F94773525
:104370006CE17BE18DE091E10F94773566EF7AE1B6
:104380008DE091E10F94773569EE7AE18DE091E16E
:104390000F9477356FED7AE18DE091E10F947735E9
:1043A00060ED7AE18DE091E10F94773568EC7AE188
:1043B0008DE091E10F9477356CEB7AE18DE091E13E
:1043C0000F94773562EA7AE18DE091E10F947735C9
:1043D00063E87AE18DE091E10F9477356EE67AE15A
:1043E0008DE091E10F94773561E67AE18DE091E11E
:1043F0000F94773563E57AE18DE091E10F9477359D
:1044000067E47AE18DE091E10F9477356FE37AE12B
:104410008DE091E10F94773564E37AE18DE091E1ED
:104420000F94773567E27AE18DE091E10F9477356B
:104430006FE17AE18DE091E10F94773564E17AE103
:104440008DE091E10F94773565E07AE18DE091E1BF
:104450000F9477356CEF79E18DE091E10F9477352A
:104460006EEE79E18DE091E10F94773560EE79E1C0
:104470008DE091E10F94773564ED79E18DE091E184
:104480000F94773566EC79E18DE091E10F94773503
:104490006EEB79E18DE091E10F9477356BEA79E18C
:1044A0008DE091E10F94773561EA79E18DE091E15A
:1044B0000F9477358DE091E10D9478340F931F932D
:1044C000CF93DF9300D000D0CDB7DEB70E94782124
:1044D0006AE671E18DE091E10F947735CE010196A6
:1044E0000F94AB4ECE0101960E94A06D01E115E044
:1044F0001A8309838091000F9091010FA091020F00
:10450000B091030F8B839C83AD83BE83CE01019654
:104510000E94A06D1A8309831B821C821D821E8249
:1045200080E591E00F946B0244E050E0BE016D5FC6
:104530007F4F81E090E00F94903E0F949E41CE011A
:1045400001960E94A06D1A8309831B821C821D8222
:104550001E8280E591E00F946B0244E050E0BE01C2
:104560006D5F7F4F85E090E00F94903E0F949E41E9
:10457000CE0101960E94A06D60E971E18DE091E1AC
:104580000F94773588EC90E026960FB6F894DEBF4E
:104590000FBECDBFDF91CF911F910F910895CF92A4
:1045A000DF92EF92FF921F93CF93DF9300D000D062
:1045B000CDB7DEB761E87CE08DE091E10F9477350F
:1045C00081EFE82E80E1F82E10E090E1C92ED12C89
:1045D000F70181917F01803130F46DE375E08DE06A
:1045E00091E10F942035153041F1F7013197808129
:1045F00090E0B0E0A0E089839A83AB83BC83DE8245
:10460000CD82BE016F5F7F4F8DE091E10E94AFBE12
:104610006FE77CE00F9477351F5F1630C9F626965A
:104620000FB6F894DEBF0FBECDBFDF91CF911F91C3
:10463000FF90EF90DF90CF9008958091F61090E07A
:10464000B0E0A0E089839A83AB83BC83DE82CD8215
:10465000BE016F5F7F4F8DE091E10E94AFBE0F946E
:104660007834DACFEF92FF920F931F93CF93DF93BB
:1046700000D000D01F92CDB7DEB77B01CE010796E8
:104680009F938F9301979F938F9301979F938F93FE
:1046900001979F938F9301979F938F9301979F9378
:1046A0008F938E010F5F1F4F1F930F938FE395E042
:1046B0009F938F93DB0113968C9113978F93129690
:1046C0008C918F930F94AC700FB6F894DEBF0FBE31
:1046D000CDBF0697ECF46EE278E187E191E10F94AB
:1046E0007735D70112966D917C9187E191E10F9416
:1046F000203580E991E027960FB6F894DEBF0FBE13
:10470000CDBFDF91CF911F910F91FF90EF90089552
:104710008091E9109091EA10892BA9F10E94A3F7EA
:10472000882389F182E70E948EF78091E9109091A9
:10473000EA10DC01ED91FC910088F189E02D64E044
:1047400070E019958091E9109091EA10DC01ED91EB
:10475000FC910280F381E02D46E050E0B80119950C
:1047600086E0F801A1EFB0E101900D928A95E1F7A2
:104770008091E9109091EA10DC01ED91FC910488A0
:10478000F589E02D19950E94CF2260E478E18DE053
:1047900091E10F94773588EC90E0ADCF08952F929A
:1047A0003F924F925F926F927F928F929F92AF92C1
:1047B000BF92CF92DF92EF92FF920F93CF93DF934E
:1047C00000D01F92CDB7DEB77C017A8369835C830A
:1047D0004B836901DB011C92FC0160818FEF860F26
:1047E000893108F04FC034FF4DC0FAE06F9FB0012F
:1047F00011246B51764FCD010F940364D7011196AC
:104800008C918F7051F0D5FE08C04B815C8160EABD
:1048100075E089819A810F940770E981FA8101908E
:104820000020E9F7319729813A81E21BF30B190146
:104830002E0E3F1E4B815C814E1B5F0B4150510978
:104840005C834B83D7011196EC911197EF7009F4BB
:10485000F7C0D5FEF5C0E150EC3008F0F1C0F0E053
:104860008827EA5CFB4D8F4F0D94966B4524E82416
:104870005525B425CF2593246525652565258124F7
:104880006924EB2529803A80DDCFF7018481282F28
:1048900030E050E040E0002359F030E0A4E6B0E022
:1048A0000F945F6B2FEF30E040E050E00F942D6BE2
:1048B0005F934F933F932F9383E595E09F938F935F
:1048C000FC81FF932B812F933F922F920F943F7087
:1048D000B2C017968C9117978F9316968C91169756
:1048E0008F9315968C9115978F9314968C918F9327
:1048F00086E595E09F938F93BC81BF93EB81EF9307
:10490000E3CF17968C9117978F9316968C911697E5
:104910008F9315968C9115978F9314968C918F93F6
:104920008AE595E0E7CF1496CD90DD90ED90FC9070
:104930001797F7FE34C084E6882E912CA12CB12C59
:10494000C701B601A50194010F942D6B9B01AC0129
:1049500088279927DC01821B930BA40BB50BBF930F
:10496000AF939F938F9366277727CB016C197D09AF
:104970008E099F09A50194010F942D6B5F934F93AE
:104980003F932F938EE595E09F938F933C813F93C8
:104990004B814F933F922F920F943F704CC0C701B1
:1049A000B60124E630E040E050E00F942D6B9F9379
:1049B0008F937F936F935F934F933F932F938FE5E5
:1049C00095E09F938F939C819F93AB81AF93E2CFB0
:1049D000C7010E948AB2BC01D7011696CC901697E7
:1049E0001796DC901797D0FADD24D0F814969C9196
:1049F00014971596FC90EB80BC80292F30E050E096
:104A000040E077FD35C0011135C07F936F931F9251
:104A10001F921F929F931F92FF92DF92CF9288E680
:104A200095E09F938F93FC81FF932B812F933F926F
:104A30002F920F943F700FB6F894DEBF0FBECDBF1C
:104A400089819A810F900F900F900F90DF91CF91F5
:104A50000F91FF90EF90DF90CF90BF90AF909F901D
:104A60008F907F906F905F904F903F902F90089520
:104A7000002361F0292F30E0A4E6B0E00F945F6BD3
:104A80002FEF30E040E050E00F942D6B5F934F9399
:104A90003F932F931F92FF92DF92CF928BE695E088
:104AA0009F938F93BF92EF9275CF15968C91159728
:104AB0001F928F9316969C91169717968C918170E2
:104AC0008F939F938EE695E015CF14968D909D90D1
:104AD000AD90BC90179720E030E0A901C501B4016A
:104AE0000F94C1692401350187FF04C077FA7094DF
:104AF00077F87094C301B2010F94936C6B01072E89
:104B0000000C880B990B0F94C8699B01AC01C30181
:104B1000B2010F94B46B20E030E04AE754E40F9404
:104B2000276A0F941E6D0F94936C062F772E20E04A
:104B300030E0A901C501B4010F94C16987FF07C026
:104B40007F920F93DF92CF9284E795E0D3CE7F924E
:104B50000F93DF92CF9285E795E09F938F933C81EF
:104B60003F934B814F93B0CE14968C9114971F9224
:104B70008F9315968C9115971F928F9316968C9103
:104B80001F928F938BE695E09F938F93BC81BF9389
:104B9000EB81EF933F922F920F943F704CCF17967B
:104BA0008C9117971F928F9314968C9114971F9244
:104BB0008F9315968C9115971F928F9316968C91C3
:104BC0001F928F9388E695E09F938F93BC81BF934C
:104BD000EB81EF93DFCE14966D917C914B815C81DC
:104BE000C1010F9425702CCFEF92FF920F93CF93BA
:104BF000DF93CDB7DEB7A0970FB6F894DEBF0FBE38
:104C0000CDBF7C0100E020E030E340E250E0BE0197
:104C10006F5F7F4F0E94CF23BE016F5F7F4F8EEB90
:104C200091E10F94203560EF7AE08EEB91E10F94E3
:104C30007735F70161816F708EEB91E10E9474F618
:104C400069EE7AE08EEB91E10F947735F70162819E
:104C50008EEB91E10E9474F68EEB91E10F94783423
:104C6000A0960FB6F894DEBF0FBECDBFDF91CF91F7
:104C70000F91FF90EF900895CF92DF92FF920F93E4
:104C80001F93CF93DF93F12C6115710509F48FC049
:104C90006A01EB018C01CB010E9469B3F82E8823D5
:104CA00009F485C0D6FE0EC0D8018C918B3009F472
:104CB00052C008F043C040E051E060E070E08A304C
:104CC00009F452C0D4FE0BC0F80160816A3020F0B4
:104CD0006E3028F0693119F0CE010E947CBCD5FEFF
:104CE00066C0D80114964D915D916D917C91179796
:104CF00011968C918F70873030F08930C8F18A50CE
:104D0000823008F45DC0CE010E94ECB4EE81FF81D8
:104D1000309709F44CC080858F709EEF980F9230C9
:104D200010F0811144C0D80111968C91982F929562
:104D3000907F80858F70892B808739C08C3081F07F
:104D400040E056E060E070E08D3009F0BBCFCE016E
:104D50000E942FB6B7CF40E051E060E070E0F7CF9F
:104D600040E056E060E070E0CE010E9406B6AACFB7
:104D7000EE81FF813097D9F080858F709EEF980F7C
:104D8000923010F0811113C0418752876387748776
:104D9000EE81FF818085807F83608087EE81FF8147
:104DA0008085982F907F8F708067903629F28F2DA5
:104DB000DF91CF911F910F91FF90DF90CF900895D9
:104DC000CE010E94ECB4F3CFCF93DF9300D000D09C
:104DD0001F921F92CDB7DEB7FC01628398E0DE011F
:104DE000119601900D929A95E1F729813A814B81B4
:104DF0005C816D817E818F81988528960FB6F894AD
:104E0000DEBF0FBECDBFDF91CF910895CF93DF936B
:104E100000D000D01F921F92CDB7DEB7FC01608397
:104E200098E0DE01119601900D929A95E1F72981A3
:104E30003A814B815C816D817E818F819885289636
:104E40000FB6F894DEBF0FBECDBFDF91CF910895AE
:104E5000CF93DF9300D000D01F921F92CDB7DEB763
:104E6000FC019181907F9A6091834483558366838E
:104E7000778388E0DE01119601900D928A95E1F723
:104E800029813A814B815C816D817E818F819885FA
:104E900028960FB6F894DEBF0FBECDBFDF91CF913D
:104EA0000895AF92BF92CF92DF92EF92FF920F934D
:104EB0001F93CF93DF9300D000D01F921F92CDB7E6
:104EC000DEB76115710509F45FC05A016B017C0101
:104ED000CB010E9469B3082F882369F1D601169689
:104EE0008D919C91009709F443C0FC011085212FFE
:104EF0002F703EEF320F323010F021112EC012957C
:104F00001F70B4FE59C0C6010E949BBCF70180838C
:104F1000112381F18181807F182B1183D601169690
:104F2000ED91FC9181859285A385B485F7018483F9
:104F30009583A683B783802F28960FB6F894DEBF9B
:104F40000FBECDBFDF91CF911F910F91FF90EF90DA
:104F5000DF90CF90BF90AF900895253049F460E086
:104F60000E9462F6009721F0DC0118961C91C7CFD1
:104F700010E0C7CFD6011696ED91FC9180858F7019
:104F8000823021F0833051F000E0D5CF4185528549
:104F900063857485C7010E942827CDCF418552853E
:104FA00063857485F7018181807F87608183448375
:104FB000558366837783BFCF1123E1F2F701AACF30
:104FC000CF93DF9300D000D01F921F92CDB7DEB7F2
:104FD000FC016F3F710519F014F06FEF70E077FD81
:104FE00060E09181892F8F7081508230C8F4648392
:104FF00088E0DE01119601900D928A95E1F72981F2
:105000003A814B815C816D817E818F819885289664
:105010000FB6F894DEBF0FBECDBFDF91CF910895DC
:10502000907F91609183E3CFCF92DF92EF92FF92D6
:10503000DC01362F1196EC911197EF70EC3008F0EF
:10504000B6C0F0E08827E85DF74D8F4F0D94966B62
:10505000DA2860286028D728D728D728A5286728E5
:10506000D728D7283428342814968D919D910D90F7
:10507000BC91A02D662399F0B7FD9FC08F3F91058D
:10508000A105B10529F024F08FEF90E0A0E0B0E099
:105090002FEF30E0A901481B590BCA010CC0B7FD26
:1050A00089C08F3F9105A105B10529F024F08FEF4C
:1050B00090E0A0E0B0E0FF90EF90DF90CF900895F7
:1050C00014962C91822F90E06623A9F3E1CF1496D9
:1050D000CD90DD90ED90FC901797662301F120E0D4
:1050E00030E0A901C701B6010F94C16987FD65C011
:1050F00020E030E04FE753E4C701B6010F94C96CDC
:1051000018160CF457C0A701960160E070E08FE715
:1051100093E40F94B46B0F94936CCB01CCCF20E04D
:1051200030E0A901C701B6010F94C16987FD42C0F3
:1051300020E030E04FE753E4C701B6010F94C96C9B
:105140001816DCF1C701B601E6CF14966D917D917A
:105150008D919C9117973323B1F06D395FEF7507EF
:105160008507950754F1611524E6720781059105BD
:105170000CF52CE93FEF4FEF5FEF0F942D6BC9015A
:1051800081509F4F98CF6D394FEF74078407940774
:105190008CF0611554E675078105910574F424E6D9
:1051A00030E040E050E00F942D6BC90184CF8FEFC9
:1051B0009FEF81CF90E080E07ECF8FEF90E07BCFBC
:1051C000CF92EF92FF920F931F93CF93DF9300D074
:1051D00000D01F921F92CDB7DEB77C0109831A83DE
:1051E0002B833C834D835E836F83788765E27CE10C
:1051F0008EEB91E10F947735CE0101960E94F42554
:10520000898181112CC00B81013089F128F010E0D7
:105210000230F1F5CC2001F160E0CE0101960E9450
:105220001428F70102811381892B81F0C8010E94A3
:10523000D0B4672B682B692B79F44FEF5FEFBA017D
:1052400080E00F945256AB01BC0103C040E050E037
:10525000BA01C8010E948FB481E090E02AC0803179
:10526000B0F58E30B8F58130A9F18230B9F168E13E
:105270007CE18EEB91E10F94773569818EEB91E1C2
:105280000E9474F68EEB91E10F94783401E010E007
:1052900068E07CE18EEB91E10F947735B8018EEBFD
:1052A00091E10E947BF68EEB91E10F94783490E0CF
:1052B00080E028960FB6F894DEBF0FBECDBFDF9119
:1052C000CF911F910F91FF90EF90CF900895835150
:1052D000843068F6F70102811381A8CF40E050E0E6
:1052E000BA01F70182819381B5CFDC011196EC916F
:1052F0001197EF70E150EB3008F039C0F0E08827EB
:10530000EB57F64D8F4F0D94966BA829A829B72916
:10531000902990299929B029B029B029902990295C
:1053200014966D917D918D919C9117970F94C869FA
:10533000089514966D917D918D919C91179724E617
:1053400030E040E050E00F942D6BCA01B901EECF80
:1053500014966C9170E090E080E00F94C669089517
:1053600014966D917D918D919C911797089560E0B1
:1053700070E0CB010895DC011196EC911197EF706C
:10538000E150EB3008F037C0F0E08827E553F64DE8
:105390008F4F0D94966BDD29DD29FB29D629D6295F
:1053A000EC29E329E329E329D629D62914966D911E
:1053B0007D918D919C911797089514966C9170E052
:1053C00090E080E0089514966D917D918D919C916F
:1053D00017970F94936C089514966D917D918D910C
:1053E0009C91179724E630E040E050E00F942D6B3D
:1053F000CA01B901089560E070E0CB0108952F92D1
:105400003F924F925F926F927F928F929F92AF9254
:10541000BF92CF92DF92EF92FF920F931F93CF93A1
:10542000DF93CDB7DEB7A2970FB6F894DEBF0FBEFD
:10543000CDBF6115710549F528E0FC01DE0111962B
:1054400001900D922A95E1F729813A814B815C8187
:105450006D817E818F819885A2960FB6F894DEBF0C
:105460000FBECDBFDF91CF911F910F91FF90EF90B5
:10547000DF90CF90BF90AF909F908F907F906F9074
:105480005F904F903F902F9008956B018C016BEDD2
:1054900077E0C6010E94EAF5FC01892B09F413C1EB
:1054A00080858F70843009F457C0853009F00BC1B6
:1054B000E680F780E114F10409F405C1D7011896DC
:1054C0008C9118978F70823019F41296ED90FC90A1
:1054D000E114F10409F4F7C0F70180858F7085307D
:1054E00011F0D701F2CFC7010E9434F78230C9F71B
:1054F00060E0C7010E9462F65C010E94FA1F61E051
:10550000C7010E9462F64C01FC0180858F708230D9
:1055100041F7C8010E94BB29D40119964D905D90B6
:105520006D907C901C976415750586059705C9F6E6
:10553000A114B10409F4C7C019821A821B821C820B
:105540001D821E821F8218868A81807F8A83F501D0
:105550006185CE0101964EC063E979E0818592852F
:105560000F94F76F892B09F0AEC0C8010E94BB29C8
:10557000611571058105910509F48BC0660F771FD0
:10558000881F991F2FEF30E040E050E00F942D6B03
:1055900057FD15C023303105410551050CF05FC0A2
:1055A000DA01C9010196A11DB11D82309105A10545
:1055B000B105D9F10397A105B10509F450C01982CD
:1055C0001A821B821C821D821E821F8218868A817B
:1055D000807F8A8367E0CE0101960E94E4262987B6
:1055E0003A874B875C876D877E878F87988B62E1D0
:1055F000CE0109960E940627298B3A8B4B8B5C8B38
:105600006D8B7E8B8F8B988F49895A896B897C89AA
:105610008D899E89AF89B88D49835A836B837C833A
:105620008D839E83AF83B8870FCF19821A821B8226
:105630001C821D821E821F8218868A81807F8A8337
:1056400067E0CE0101960E94E42629873A874B87BE
:105650005C876D877E878F87988B61E1C9CF1982C0
:105660001A821B821C821D821E821F8218868A81DA
:10567000807F8A8367E0CE0101960E94E426298715
:105680003A874B875C876D877E878F87988B60E131
:10569000AFCF19821A821B821C821D821E821F823A
:1056A00018868A81807F8A8367E0CE0101960E94F6
:1056B000E42629873A874B875C876D877E878F87AB
:1056C000988B62E095CF6DE775E0C6010E94EAF520
:1056D0007C01009709F4F6C0DC0118968C918F705C
:1056E000853009F0ECC0C7010E9434F7843008F41B
:1056F000E9C060E0C7010E9462F65C0161E0C70199
:105700000E9462F63C0162E0C7010E9462F6DC0181
:1057100019962D913D914D915C911C97298F3A8F4F
:105720004B8F5C8F63E0C7010E9462F64C0165E01D
:10573000C7010E9462F66C0167E0C7010E9462F631
:105740007C01C8010E94BB29298D3A8D4B8D5C8D4F
:10575000621773078407950794F4D601CD28E9F4FE
:1057600019821A821B821C828A81807F8A834981E6
:105770005A816B817C8180E090E0DC014DCFF401A7
:1057800021843284438454842616370648065906F9
:1057900004F5E114F10421F3D70118968C911897C0
:1057A0008F708230E9F619821A821B821C821D8258
:1057B0001E821F8218868A81807F8A8319964D9166
:1057C0005D916D917C911C97CE0101960E942827D6
:1057D00013CFF5010184F285E02DFE8FED8FD3010B
:1057E00019966D907C9019821A821B821C821D82F0
:1057F0001E821F8218868A81807F8A839301072CEC
:10580000000C440B550B2F8F38A349A35AA36F01EB
:10581000FF0FEE08FF08498D5A8D4A01550FAA085F
:10582000BB08C8010E94BB299B01AC01281939099A
:105830004A095B096F8D78A189A19AA16C197D092C
:105840008E099F090F94FB6A9101032C000C440BF5
:10585000550B281939094A095B090F942D6BC20EA3
:10586000D31EE41EF51EC301AD8DBE8D8A1B9B0B9E
:10587000B101E98DFA8D6E1B7F0B0F94826B77FF60
:1058800002C06F5F7F4F75956795CB01770FAA0BAD
:10589000BB0B8C0D9D1DAE1DBF1D40E050E0BA013D
:1058A000B7FD92CF4F8D58A169A17AA184179507B2
:1058B000A607B7070CF088CFAC01BD0185CF8823C0
:1058C00009F44ECFD8014D915D916D917C91139764
:1058D00014968D919D910D90BC91A02D9DCE2F92EF
:1058E0003F924F925F926F927F928F929F92AF9270
:1058F000BF92CF92DF92EF92FF920F931F93CF93BD
:10590000DF93CDB7DEB765970FB6F894DEBF0FBE55
:10591000CDBF6115710549F528E0FC01DE01119646
:1059200001900D922A95E1F729813A814B815C81A2
:105930006D817E818F81988565960FB6F894DEBF64
:105940000FBECDBFDF91CF911F910F91FF90EF90D0
:10595000DF90CF90BF90AF909F908F907F906F908F
:105960005F904F903F902F9008953B018C016BED1D
:1059700077E0C3010E94EAF56C01D801FC90FF209A
:1059800009F45AC0009709F457C0FC0180858F7054
:10599000843009F4DEC0853009F04EC080911E02CB
:1059A000893020F480911D02893050F061E875E063
:1059B0008EEB91E10F9420358EEB91E10F947834CA
:1059C000D6011696ED90FC90E114F104A9F1F701CF
:1059D00080858F705701823069F0B12CA12CE114C1
:1059E000F10409F436C1D70118968C918F70853077
:1059F00021F0F701E280F380F2CFC7010E9434F773
:105A00008230B9F760E0C7010E9462F60E94FA1F77
:105A10004C0161E0C7010E9462F66C01D8018C91D3
:105A20008815190431F7F60180858F70823009F7E7
:105A3000C114D10409F017C16DE775E0C3010E94DC
:105A4000EAF57C01D80111968C918F7009F43BC165
:105A5000E114F10409F43BC1F70180858F708530B2
:105A600009F0D0C1C7010E9434F7843008F4CAC1DC
:105A700064E0C7010E9462F66C0166E0C7010E9403
:105A800062F61C01C8010E94BB294B015C0160E069
:105A9000C7010E9462F6DC0119964D905D906D90F1
:105AA0007C901C97B0911E02B98B84149504A604B7
:105AB000B7040CF016C1B93020F480911D02893072
:105AC00050F165EC79E08EEB91E10F947735C801E8
:105AD0000E94BB29AB01BC012AE030E08EEB91E1D2
:105AE0000F949A346FEA79E08EEB91E10F94773559
:105AF00060E0C7010E9462F6FC0141855285638522
:105B000074852AE030E08EEB91E10F949A348EEBAD
:105B100091E10F947834C114D10409F479C1D6010C
:105B200018968C9118978F70823009F071C1198284
:105B30001A821B821C821D821E821F8218868A8105
:105B4000807F8A8319964D915D916D917C911C9710
:105B500043C063E979E0818592850F94F76F892BC3
:105B600009F06ACFB0E1FB1609F463C0BF1580F0FD
:105B7000E2E0FE1619F1D8014D915D916D917C9195
:105B8000139714968D919D910D90BC91A02D38C0C6
:105B9000F1E1FF16F1F122E1F212EDCF19821A8242
:105BA0001B821C821D821E821F8218868A81807F32
:105BB0008A8344E150E060E070E00EC019821A82EE
:105BC0001B821C821D821E821F8218868A81807F12
:105BD0008A8340E050E0BA01CE0101960E94282756
:105BE00029873A874B875C876D877E878F87988B5D
:105BF00049855A856B857C858D859E85AF85B8895D
:105C000049835A836B837C838D839E83AF83B8875C
:105C10008BCE19821A821B821C821D821E821F82D9
:105C200018868A81807F8A8340E850E060E070E0D7
:105C3000D3CF19821A821B821C821D821E821F8270
:105C400018868A81807F8A834FEF50E060E070E0A1
:105C5000C3CFA114B10409F4EFCEF50180858F7094
:105C600009F4EACE650180911E02893020F480910A
:105C70001D028930B8F061ED79E08EEB91E10F946F
:105C80007735D60119964D915D916D917C911C9758
:105C90002AE030E08EEB91E10F949A348EEB91E1A3
:105CA0000F94783419821A821B821C821D821E82F4
:105CB0001F8218868A81807F8A83F60141855285FA
:105CC0006385748589CFE114F10409F09BC0F80164
:105CD000408151816281738184819581A681B781E0
:105CE0008FCF61E0C7010E9462F6DC0119962D9109
:105CF0003D914D915C911C972A8B3B8B4C8B5D8B1E
:105D0000281539054A055B053CF5B989B93020F4F9
:105D100080911D02893050F061E979E08EEB91E1CC
:105D20000F9477358EEB91E10F9478342114310480
:105D300009F46EC0F10180858F70823009F068C06F
:105D400019821A821B821C821D821E821F82188663
:105D50008A81807F8A83B2CF63E0C7010E9462F6A6
:105D60008C0162E0C7010E9462F6DC011996CD90B9
:105D7000DD90ED90FC901C97F801218532854385DC
:105D800054852C193D094E095F09C501B4016419F8
:105D90007509860997090F94FB6A2A893B894C8902
:105DA0005D8924193509460957090F942D6BC20ED8
:105DB000D31EE41EF51EF989F93020F480911D02EE
:105DC000893090F06CE779E08EEB91E10F947735B4
:105DD0002AE030E0B701A6018EEB91E10F949A34EE
:105DE0008EEB91E10F94783419821A821B821C8207
:105DF0001D821E821F8218868A81807F8A83B70156
:105E0000A601EACED70118968C918F7009F05FCF6A
:105E100019821A821B821C828A81807F8A8349812F
:105E20005A816B817C8180E090E0DC01E9CEDC016D
:105E30001196EC911197EF70E150EB3008F03EC0F5
:105E4000F0E08827E95DF04D8F4F0D94966B3D2F64
:105E50003D2F5E2F322F322F572F482F482F482F9C
:105E6000322F322F14962D913D914D915C911797C1
:105E7000A4E6B0E00F944C6B089514966C9184E600
:105E8000689FB0011124072E000C880B990B089510
:105E900020E030E048EC52E414966D917D918D91B4
:105EA0009C9117970F94276A0F94936C08951496FA
:105EB0006D917D918D919C911797089560E070E0B0
:105EC000CB0108958F929F92AF92BF92CF92DF92B3
:105ED000EF92FF920F931F93CF93DF9300D000D0E8
:105EE0001F921F92CDB7DEB76D7F6130710509F447
:105EF000B7C0FC01E280F380E114F10409F4B0C002
:105F00008C01C7010E94D0B44B015C0161E070E0DC
:105F1000C7010E9416B581149104A104B10409F4CB
:105F20009FC020E030E04AE754E40F94276A0F94C2
:105F30009A6C6B017C01C114D104E104F10409F4F1
:105F40008FC00F941709681979098A099B096C1584
:105F50007D058E059F0508F483C0F801A280B380FB
:105F600070E060E0C5010E9416B520E030E048EC2A
:105F700052E40F94276A0F949A6C6B017C014FEFE7
:105F80005FEFBA0180E00F945256AB01BC01C5012E
:105F90000E948FB419821A821B821C821D821E826B
:105FA0001F8218868A81807F8A83F80162817381CB
:105FB00040E050E3CE0101960E945127CE010196A8
:105FC0000E94172F4B015C016FE875E08EEB91E1A9
:105FD0000F942035B501A4018EEB91E10E9471F67A
:105FE0006EE975E08EEB91E10F942035B701A601C3
:105FF0008EEB91E10E9471F68EEB91E10F94783473
:10600000C80CD91CEA1CFB1C8A81807F86608A83AD
:10601000CD82DE82EF82F886F8016281738140E0F2
:1060200050E2CE0101960E943C2662EA75E08EEBBA
:1060300091E10F942035B701A6018EEB91E10E940A
:1060400071F68EEB91E10F94783430E020E040E07F
:1060500050E260E070E0F801828193810E94E8B92B
:1060600090E080E028960FB6F894DEBF0FBECDBF5B
:10607000DF91CF911F910F91FF90EF90DF90CF9024
:10608000BF90AF909F908F9008952F923F924F9224
:106090005F926F927F928F929F92AF92BF92CF92B8
:1060A000DF92EF92FF920F931F93CF93DF93CDB7C1
:1060B000DEB768970FB6F894DEBF0FBECDBF6C0198
:1060C00009871A872B873C874D875E876F87788B78
:1060D00022E1E216F10480F5F701EC5EFC4F30811D
:1060E000398BCE0109960E948AB297FD04C0BC018B
:1060F000C6010E94ABB28B85D60112968C93129783
:1061000089858C931196EC911197EF70EC3008F023
:106110006CC0F0E08827E057FF4C8F4F0D94966BD2
:10612000EB31B930B93032329E30AE32FE313C32D2
:106130003C323C32FE31FE31198AD3CFF12C9A85A4
:106140009F709D3008F0A7C4E92FF0E08827E45540
:10615000FF4C8F4F0D94966BF530E6320633E632E6
:10616000B132B132E632E6324B354B35E632E63209
:10617000BD319A859F709D3008F00FC1E92FF0E086
:106180008827EA53FF4C8F4F0D94966BF5309B3167
:106190008E31EB30D630D33072319D31CD31CD31AF
:1061A0005C315C31BD318889F60187838F85D601EA
:1061B00016968C9316978E8515968C9315978D85CC
:1061C00014968C93149711968C911197807F892B3C
:1061D00011968C930AC08F859889F60186838781F2
:1061E00090FB80F987838E858583B989BB2309F469
:1061F00060C0F60181818F702B2F30E0821713066B
:1062000009F457C06AEE78E08EEB91E10F94773590
:10621000D60111966C916F708EEB91E10E9474F62D
:1062200067EE78E08EEB91E10F94773569898EEB1C
:1062300091E10E9474F665EE78E08EEB91E10F94A7
:106240007735F601008119821A821B821C821D8219
:106250001E821F82188689898F709A81907F892B70
:106260008A830983EE24EA94FE2C118122813381F2
:106270004481558166817781CE0101960E94453027
:10628000D6012C9311963C93119712964C9312972A
:1062900013965C93139714966C93149715967C93AE
:1062A000159716968C93169717969C93C6010E9485
:1062B000F42588E0F60163C18D859E85AF85B88998
:1062C000B7FD0EC08F3F9105A105B10529F024F05F
:1062D0008FEF90E0A0E0B0E0D60114968C9385CFCC
:1062E00080E0FACF6D857E858F85988920E06D39B5
:1062F000BFEF7B078B079B076CF02FEF6115E4E680
:106300007E078105910534F424E630E040E050E05A
:106310000F942D6BD60114962C9367CF8F85988997
:10632000F6018683878190FB80F987838E8585833C
:106330008D8584835ACF8D85CFCF8D849E84AF8405
:10634000B88820E030E0A901C501B4010F94C1690B
:1063500060E087FD0FC020E030E04FE753E4C50167
:10636000B4010F94C96C6FEF181624F0C501B40185
:106370000F949A6CF601648338CFD60111968C91F4
:106380001197807F8C6011968C9311978D859E85D7
:1063900015969C938E93149728CF6AE679E08EEB3E
:1063A00091E10F9477356A856F708EEB91E10E94D1
:1063B00074F667E679E08EEB91E10F947735F6019C
:1063C00061816F708EEB91E10E9474F68EEB91E12A
:1063D0000F9478340ACF9A859F7011968C911197FB
:1063E000807F892B11968C938D859E85AF85B8898A
:1063F000F60184839583A683B783F7CE9A859F7031
:10640000933089F09C3009F4B8CF4D855E856F8557
:106410007889F60144835583668377838181807F01
:10642000892B8183E2CE60E0C6010E941428D60148
:1064300014968C9314978F85988916968C9316973B
:1064400017968C91179790FB80F917968C93179756
:106450008E8515968C93159711968C911197807F48
:106460008260B6CE60E0CE0109960E941428D60163
:1064700014968C931497F0CF9A859F709D3008F0F6
:1064800057C0E92FF0E08827E75BFD4C8F4F0D9454
:10649000966BF5306332903213329032903256322E
:1064A00082328232823271327D32BD318D859E855B
:1064B000AF85B889F60184839583A683B7838181EC
:1064C000807F8660AECF6D8570E090E080E00F94B5
:1064D000C669D60114966D937D938D939C931797FF
:1064E00084CE6D857E858F8598890F94C869F60165
:1064F000648375838683978378CE6D857E858F854B
:106500009889E5CFF6018181807F982B91838D85D5
:106510009E85AF85B88984839583A683B78365CE2E
:1065200011968C911197807F982B11969C935CCF3C
:1065300065E579E08EEB91E10F9477356A856F70B0
:106540008EEB91E10E9474F662E579E08EEB91E1C9
:106550000F947735D60111966C9133CFFF24F394C5
:10656000EECD4D855E856F857889F6014483558330
:10657000668377838181807F982B918388E0DE0119
:10658000119601900D928A95E1F729813A814B810C
:106590005C816D817E818F81988568960FB6F894B5
:1065A000DEBF0FBECDBFDF91CF911F910F91FF9046
:1065B000EF90DF90CF90BF90AF909F908F907F90A3
:1065C0006F905F904F903F902F900895963009F410
:1065D00037C148F46D85913071F06FEF70E0933002
:1065E00051F060E008C0973009F436C19A506D85CB
:1065F0007E859230B0F784E68F8788898E7F888B7E
:106600001E868A85807F82608A876D872E8530E02E
:10661000AFEFB0E00F945F6B812C912C54018A9402
:106620006115F4E67F078105910544F424E630E026
:1066300040E050E00F942D6B49015A0114012D8563
:106640002A8B022F10E0FF2009F470C088898695FC
:10665000A82FA150BB0B7D01BFEFEB16FB0609F085
:106660001BC1E0E88E1691040CF0FDC08FE790E0AE
:1066700088199909809FD001819FB00D909FB00D1E
:1066800011242FEF30E00F94AD6B21E83EE740E09E
:1066900050E00F942D6BD60117962C93ABE9B0E028
:1066A000A50194010F944C6B3FE7432E512C612CB4
:1066B000712CA30192010F942D6B2C593F4F4F4F1A
:1066C0005F4F1901AEEFB1E0A50194010F944C6B3F
:1066D000A30192010F942D6BD8010F944C6B2FEFF7
:1066E00030E040E050E00F942D6B89012F3F3105E1
:1066F00019F014F00FEF10E065E479E08EEB91E112
:106700000F947735B1018EEB91E10E947BF667E340
:1067100079E08EEB91E10F947735B8018EEB91E142
:106720000E947BF68EEB91E10F947834E5EBFFE26B
:10673000E491F0E0EE0FFF1FE556F04D8591949146
:10674000EBEFFFE2E4912F8538893170AFEFBFEFB7
:106750000F945F6B2DE631E040E050E00F942D6B1D
:1067600044275527AAEFB5E00F944C6BDC01CB0111
:106770009058AF4FBF4FCD01BB2797FDB095AB2FC2
:106780008E3FE1E09E0708F05FC1382F8F3F9105F3
:1067900008F47CC14EEF481B50E03FEF0F5F1F4FE6
:1067A000F101FF2731962094312C3E9FC0013F9F7D
:1067B000900D1124292F3327220D331DD8010F945A
:1067C000AD6B4B015C018824AA24BB245E9F900121
:1067D0005F9F300D1124232F3327220D331D0F947B
:1067E000AD6BBB27A92F982F872F882A992AAA2A11
:1067F0004E9F90014F9F300D1124232F3327220DE0
:10680000331DD8010F94AD6BB82FA72F962F882773
:1068100088279927BB2788299929AA29F601A683C1
:10682000958384836BE079E08EEB91E10F9477356B
:10683000C6010E94F42560E080E00F949C06D5CC50
:106840006D857E858F85988924E630E040E050E0B4
:106850000F942D6BB901CFCE6D857E858F8598897C
:106860000F94936CC8CEA5019401205831094109B9
:106870005109ABE9B0E00F944C6B2FE730E040E0FA
:1068800050E00F942D6B2C593F4F4F4F5F4F190124
:10689000D60117961C9230CF9701AAEBBFEF0F9449
:1068A000A56B24E630E040E050E00F942D6B290109
:1068B0003A01B4E64B0E511C611C711C26E430E019
:1068C000D7010F94AD6B24E630E040E050E00F9428
:1068D0002D6BDA01C9014E96A11DB11D8D8B9E8BCA
:1068E000AF8BB88F90E8891691040CF092C08FE7B7
:1068F00090E088199909809FD001819FB00D909FE9
:10690000B00D11242D893E894F89588D0F94576BF6
:106910009B01AC01AFEFB0E00F944C6B24E63AE67C
:1069200040E050E00F942D6BD60117962C93A501F3
:106930009401240D351D461D571DAEEFB1E00F9497
:106940004C6B23EE30E040E050E00F942D6B79016A
:106950008A013C8B2B8BAFEFB0E0A50194010F9423
:106960004C6B2FE730E040E050E00F942D6B1901A5
:10697000EA89AE2FB0E0A80197010F944C6B2FEF7E
:1069800030E040E050E00F942D6B89012F3F31053E
:1069900019F014F00FEF10E061E379E08EEB91E174
:1069A0000F9477352AE030E0B301A2018EEB91E13C
:1069B0000F949A346BE279E08EEB91E10F94773586
:1069C0002AE030E04D895E896F89788D8EEB91E108
:1069D0000F949A3463E279E08EEB91E10F9477356E
:1069E000B1018EEB91E10E947BF66BE179E08EEBD9
:1069F00091E10F947735B8018EEB91E10E947BF61F
:106A000062E179E08EEB91E10F9477356B897C89B7
:106A100085CEA50194012058310941095109ABE9FE
:106A2000B0E00F944C6B2FE730E040E050E00F9463
:106A30002D6B2C593F4F4F4F5F4F1901D6011796C1
:106A40001C921C8A1B8AA8CF8C3FF3E09F0768F436
:106A50008D3F22E0920728F452E0580F3FEF40E0CC
:106A60009DCE3CEF381B5FEFFACF8A3F35E09307AE
:106A700081F08B3FE4E09E0728F444E0480F5FEF8D
:106A800030E08CCE5AEF581B30E001C050E04FEFA1
:106A900085CE50E0F9CF69EF78E08EEB91E10F946D
:106AA00077356A856F708EEB91E10E9474F666EF20
:106AB00078E04CCD4F925F926F927F928F929F922F
:106AC000AF92BF92CF92DF92EF92FF920F931F93FC
:106AD000CF93DF93CDB7DEB768970FB6F894DEBFDC
:106AE0000FBECDBF098B1A8B2B8B3C8B4D8B5E8BD6
:106AF0006F8B788FDC0112962D913C911397232B8D
:106B000009F4DEC0CC2009F4DBC06C01ED91FC91EE
:106B1000008CF18DE02D19955C0167E57CE18EEB31
:106B200091E10F947735CE0141960E94F425A1148E
:106B3000B10471F460E0CE0141960E941428682FE0
:106B4000F601848195810F94D74F81E090E0BAC01F
:106B5000CE0141960E948AB24C0194E0F2E0AF1659
:106B6000B10459F081E1A816B10409F445C091E0DF
:106B7000A1E0AA16B10409F495E019861A861B86CD
:106B80001C861D861E861F86188A8A85807F892B13
:106B90008A87EE24EA94FE2C09891A892B893C897C
:106BA0004D895E896F89788DCE0109960E944530A6
:106BB0006DE47CE18EEB91E10F947735CE0109967F
:106BC0000E94F425B2E0AB16B10489F0E1E1AE1603
:106BD000B104B1F0AA94AB2809F0B7CF188963E0EB
:106BE00070E0C6010E94A2EF612F0F94D74F6F850E
:106BF000F6018481958151C0888D8170888FBCCFCA
:106C00000FE710E08FEF88169806A9F0092C000C0A
:106C1000AA08BB08A5019401295931094109510964
:106C2000AFEFB0E00F944C6B2BE531E040E050E06B
:106C30000F942D6B890163E070E0C6010E94A2EF02
:106C40005C01288930E0D8010F94AD6B412C512CA8
:106C500032014A94A30192010F942D6B622FC5015A
:106C60000F94D74F64E070E0C6010E94A2EF5C0170
:106C7000AFEFB0E0A01BB10B288930E00F94AD6BF3
:106C8000A30192010F942D6B622FC5010F94D74F72
:106C90006F85D60114968D919C910F94D74F1E85C8
:106CA00061E070E0C6010E94A2EF612F0F94D74F00
:106CB0001D8562E070E0C6010E94A2EF612F43CF04
:106CC00090E080E068960FB6F894DEBF0FBECDBFAF
:106CD000DF91CF911F910F91FF90EF90DF90CF90B8
:106CE000BF90AF909F908F907F906F905F904F90EC
:106CF00008956F927F928F929F92AF92BF92CF92A0
:106D0000DF92EF92FF920F931F93CF93DF933C019B
:106D1000DC0114968D919C911597892B71F4129634
:106D2000CD91DC9184E190E00F949361BC01CE01A0
:106D30000E944CB4E3019D838C83F301C481D5810F
:106D4000209769F466EE7DE187E191E10F94773554
:106D500087E191E10F94783490E080E0B9C24FEF81
:106D60005FEFBA0180E00F9452566E837F8388876D
:106D70009987D3011496ED90FC901597E114F104D6
:106D8000D1F01296ED91FC913097A9F0C481D58194
:106D9000209789F088858F70853069F4CE010E9434
:106DA00034F7823040F00091D50C1091D60C0115CB
:106DB000110509F08CC069EA7DE187E191E10F944A
:106DC000773561E070E0E3018C819D81892B11F4BE
:106DD00070E060E087E191E10E947BF667EA7DE187
:106DE00087E191E10F94773561E070E0F3018281F2
:106DF0009381892B11F470E060E087E191E10E94BA
:106E00007BF665EA7DE187E191E10F947735D30167
:106E10001296ED91FC9161E070E084819581892B5F
:106E200011F470E060E087E191E10E947BF663EA93
:106E30007DE187E191E10F947735E301EA81FB8100
:106E40000480F581E02D80858F7061E070E08530F1
:106E500011F470E060E087E191E10E947BF661EA65
:106E60007DE187E191E10F947735D3011296ED91A1
:106E7000FC91848195810E9434F761E070E082305A
:106E800010F070E060E087E191E10E947BF687E11D
:106E900091E10F9478346EEB7DE187E191E10F94FD
:106EA000773587E191E10F947834D301ED91FC912E
:106EB0000484F585E02D61E0C3011995E301E881C3
:106EC000F9810084F185E02DC301199545CF61E07A
:106ED000CE010E9462F6EC0188858F70843029F41F
:106EE00069857A856115710539F469E87DE187E185
:106EF00091E10F947735CBCFC8010E94EAF58C0160
:106F0000009769F467E67DE187E191E10F947735B9
:106F100069857A8587E191E10F942035B8CF67EBD9
:106F200075E00E94EAF5009709F4D8C0EC012885C5
:106F30002F70243009F0D2C0C984DA84D0E0C0E0D8
:106F4000C114D10409F4BDC0BE016F54734EC60113
:106F50000F94CC63892B09F0AFC0FE01EB54F34EC4
:106F600025913491922F832FF701928383836EEBC7
:106F700075E0C8010E94EAF5E301EC81FD8100970C
:106F800009F4B4C0DC0118962C9118972F702230A8
:106F900009F0ACC019968D919D910D90BC91A02DDA
:106FA0000097A105B10509F4A1C0918380834081B8
:106FB0005181052E000C660B770B22818CE39EE03D
:106FC0000F94833663EC75E0C8010E94EAF57C01FA
:106FD000F301C481D581009709F48EC0DC011896B5
:106FE0008C918F70863009F087C068EC75E0C7011E
:106FF0000E94EAF59B878A876DEC75E0C7010E94C5
:10700000EAF59D878C8761ED75E0C7010E94EAF57E
:107010009F878E8767ED75E0C7010E94EAF5998B1F
:10702000888B6CED75E0C7010E94EAF5009709F4C2
:1070300060C0FC01818592859D838C8362EE75E042
:10704000C8010E94EAF59B8B8A8B892B09F41EC12B
:1070500061E67DE18EEB91E10F9477356BE47DE1A4
:107060008EEB91E10F9477358EEB91E10F947834AC
:10707000D3011496ED91FC910288F389E02DC6812D
:10708000D781209709F441C066EE75E0CE010E94D9
:10709000EAF5009769F0FC0120852F70213041F45A
:1070A0008185882329F068817981C3010E940A1CA7
:1070B0000A80DB81C02DE5CF2696C834D10509F0C2
:1070C0003FCF64E97CE18EEB91E10F9477358EEB55
:1070D00091E10F94783496E080E046CF86E090E02E
:1070E000D70113969C938E93129741CF80E895E237
:1070F0005CCF88EE93E0A0CF1B861A8688EE93E0E3
:107100009D838C831D861C8699CF65E47DE18EEB83
:1071100091E10F9477356FE27DE18EEB91E10F9471
:1071200077358EEB91E10F947834D3011496ED917D
:10713000FC910288F389E02DE680F780E114F104E8
:1071400009F478C06FEE75E0C7010E94EAF5009778
:1071500009F465C063EF75E00E94EAF58C010097C1
:1071600009F45DC0EC0188858F70823009F04BC056
:10717000C984DA84D3011496ED91FC910288F389D5
:10718000E02D309709F453C0C681D78146010D2CFC
:10719000000CAA08BB08209709F449C067EF75E006
:1071A000CE010E94EAF50097F1F1FC0120852F70D5
:1071B0002230C9F581859285A385B4858815990506
:1071C000AA05BB0581F568E07DE18EEB91E10F94A6
:1071D0007735688179818EEB91E10F94203569EFE5
:1071E0007CE18EEB91E10F947735B6018EEB91E166
:1071F0000E947BF68EEB91E10F947834688179815F
:10720000C3010E940A1CF80180858F70843039F414
:10721000D80119966D917C91C3010E940A1CE70167
:10722000EA80FB808BCF0A80DB81C02DB4CF70E079
:1072300060E0E6CF69E27DE18EEB91E10F94773576
:107240006FE07DE18EEB91E10F9477358EEB91E16C
:107250000F947834D3011296ED91FC9162E0848111
:1072600095810E9462F6009789F0FC01C681D78162
:10727000209761F0CE010E94361B882319F0CE01C1
:107280000F948A040A80DB81C02DF2CF61ED7DE18D
:107290008DE091E10F947735D3011296ED91FC9139
:1072A0000280F381E02D608171818DE091E10F9486
:1072B00020358DE091E10F947834E301E881F98184
:1072C0000484F585E02D62E0C301199581E090E02A
:1072D000DF91CF911F910F91FF90EF90DF90CF90B2
:1072E000BF90AF909F908F907F906F900895CF93B5
:1072F000DF93EC016FE27CE18EEB91E10F94773547
:10730000EA81FB810280F381E02D608171818EEB47
:1073100091E10F9420358EEB91E10F947834E88160
:10732000F9810484F585E02D62E0CE01199581E0B4
:1073300090E0DF91CF910895DC01ED91FC91048400
:10734000F585E02D62E0199581E090E00895EF92D7
:10735000FF920F931F93CF93DF9300D000D0CDB750
:10736000DEB78091E9109091EA10892B09F46CC086
:1073700087E70E948EF78091E9109091EA10DC0176
:10738000ED91FC910088F189E02D70E060E01995A5
:1073900010E000E08091E9109091EA10DC01ED919D
:1073A000FC9111971C962D913C910217130740F404
:1073B0000190F081E02D60E019950F5F1F4FEACF3B
:1073C0000088F189E02D70E060E019950AE114E091
:1073D0008EE1E82E84E0F82E8091E9109091EA1079
:1073E000F80161918F01DC01ED91FC910190F08138
:1073F000E02D1995E016F10679F78091E91090914A
:10740000EA10DC01ED91FC910488F589E02D1995D5
:1074100062EF7BE0CE0101960F941832CE01019607
:107420000F945413CE0101960F94D93187E090E068
:107430000E94AAFA87E090E00E94B4FA69E478E139
:107440008DE091E10F947735109209111092081197
:1074500080E090E1909304118093031184E890E020
:1074600090930B1180930A1181E08093051180E0C5
:1074700090E2909307118093061182E780930C119C
:1074800087EF90E10E9495AE87EF90E10E9440AFB8
:1074900088EC90E026960FB6F894DEBF0FBECDBF05
:1074A000DF91CF911F910F91FF90EF900895FF9280
:1074B0000F931F93CF93DF9300D000D0CDB7DEB7EB
:1074C0008C01BC01CE0101960F940F32BE016F5F9B
:1074D0007F4F8EEB91E10F9469358EEB91E10F9424
:1074E0007834CE0101960F94D93164E778E1CE016A
:1074F00001960F94E131BE016F5F7F4FC8010F9479
:107500001730F82ECE0101960F94D931FF2069F083
:10751000B801CE0101960F940F32CE0101960F945F
:107520005413CE0101960F94D93126960FB6F894D4
:10753000DEBF0FBECDBFDF91CF911F910F91FF90A6
:1075400008958F929F92BF92CF92DF92EF92FF9217
:107550000F931F93CF93DF93CDB7DEB7AE970FB6E0
:10756000F894DEBF0FBECDBF8091520C9091530CAA
:10757000892B09F43CC680913B13811138C6809158
:107580003B138F5F80933B1369E176E18DE091E1DE
:107590000F9477358DE091E10F9478340091520C7F
:1075A0001091530C6BEF75E0C8010E94EAF59093BF
:1075B00042138093411361E076E0C8010E94EAF52E
:1075C0009093DD0C8093DC0C6AE379E0C8010E94A3
:1075D000EAF590933E1380933D1368E076E0C8018E
:1075E0000E94EAF59093CB0C8093CA0C009739F176
:1075F000DC011696ED91FC91309709F120852F70F2
:107600002530E9F465E076E18DE091E10F9477357E
:107610008091CA0C9091CB0C0E9434F78093C90CD6
:10762000682F8DE091E10E9474F68DE091E10F9456
:107630007834E091CA0CF091CB0C868197819093BD
:10764000C80C8093C70C0E94FB1E6DE076E0809111
:10765000520C9091530C0E94EAF59093510C809338
:10766000500C009709F4B0C00E9434F7082F10E0C6
:107670000115110509F4A8C0000F111F000F111FFB
:1076800080914E0C90914F0C892B09F08EC078019F
:10769000013811051CF020E8E22EF12CC7010F94EF
:1076A000936190934F0C80934E0CE0924D0C10928E
:1076B0002F1310922E131092C60C1092C50C10921C
:1076C0002D131092311310923013C70101960F94AD
:1076D0009361909333138093321390932C13809380
:1076E0002B138E0D9F1D90932613809325130F94BB
:1076F000170960932713709328138093291390938D
:107700002A1390E080E0E0913213F0913313E80FF8
:10771000F91F10820196E816F906ACF782E090E0B6
:1077200090932F1380932E138091C50C9091C60CCB
:10773000009741F061E00F949C0660E08091C50CD9
:107740000F946E0680E98093C9001092C8001092D1
:10775000CD0083E08093CC008EE08093CA00F0924D
:107760001C02E0921B02209132133091331380915E
:107770001B0290911C02820F931F909326138093FB
:107780002513232B09F45DC065E975E18EEB91E1CA
:107790000F947735B7018EEB91E10E94BFFA82EC2E
:1077A00091EB90932413809323136BEE75E18DE09E
:1077B00091E10F947735B8018DE091E10E947BF65D
:1077C0008DE091E10F94783463E176E08091520C82
:1077D0009091530C0E94EAF58C01009709F46BC05C
:1077E0000E9434F7882309F466C06FEF680FC80160
:1077F0000E9462F6FC01E184F284909122139923A5
:1078000059F0809170008E7F809370001092221347
:10781000109219021092180282E1809317029111BE
:107820000F947B4FC7010F94A34F01E010E0E016C7
:10783000F10674F060E0C8010F94D74F0F5F1F4F3F
:10784000F6CF6EE775E18EEB91E10F949B35A7CFF4
:1078500060E775E18EEB91E10F9477350E94346E0D
:10786000AB01BC018EEB91E10E9471F68EEB91E1D0
:107870000F9478346FEC75E18DE091E10F947735DA
:10788000B7018DE091E10E947BF68DE091E10F94CC
:10789000783469EC75E18EEB91E10F9477350E94B5
:1078A000346EAB01BC018EEB91E10E9471F68EEB60
:1078B00091E10F9478340091520C1091530C67E1D0
:1078C00076E0C8010E94EAF59093D60C8093D50C1F
:1078D0006EE176E0C8010E94EAF59093441380932C
:1078E0004313892B09F448C080914513811144C08A
:1078F0008091361390913713892B09F0D8C16AE42F
:1079000075E18EEB91E10F9477358EEB91E10F9459
:1079100078348FE090E00F9493618C0188E1D80176
:1079200011968C93119712961C9212971C921E9688
:107930001C921E921D970F94AC0210933713009364
:107940003613012B09F08CC06BE375E187E191E1FF
:107950000F94773587E191E10F94783480E081705E
:107960008093451380914513882331F069EB75E1CD
:107970008DE091E10F9477351092391310923813FE
:10798000E0914113F0914213309709F4BFC2C680D1
:10799000D78000914113109142130115110509F48C
:1079A000AEC2C114D10409F4AAC2F60180858F7059
:1079B000853099F7C6010E9434F7823070F3A80130
:1079C000B601CE0101960E9497BECE0101960E949B
:1079D00069B38823E1F18C859D85009709F406C27F
:1079E000DC01ED91FC910284F385E02D1995892B42
:1079F00049F08C859D85DC01ED91FC910084F18539
:107A0000E02D19958C859D85DC01ED91FC9106801A
:107A1000F781E02D1995892BD1F0CE0101960E94B6
:107A20009BBC882341F040E050E160E070E0CE0173
:107A300001960E942FB68F819885892B41F040E0F6
:107A400050E260E070E0CE0101960E942FB6D601B0
:107A50001296CD90DC90CE0101960E9464BE99CF23
:107A60000F94AC0280913613909137130F942250EB
:107A7000882309F489C06CE175E18DE091E10F94F0
:107A80009B3580913613909137130F94F251E0910A
:107A90003613F091371381E08083809136139091F3
:107AA00037130F94005268E075E1811102C063EF53
:107AB00074E18EEB91E10F949B358091431390918B
:107AC0004413892B09F44ACF8091341390913513D4
:107AD000892B09F0DEC083E190E00F9493618C0163
:107AE000809136139091371329EE31E0F801328BF3
:107AF000218B968385831482108289E0818381E0C3
:107B00008283838310933513009334130F941709E2
:107B10006B017C01F0E1CF0EF7E2DF1EE11CF11CEE
:107B2000D8011596ED91FC9116978FEF83871486F7
:107B3000138214821582168217821086118612868D
:107B400014961C92BB24B394BE01605E7F4FF80173
:107B5000858196810F94DA5218160CF095C00F9417
:107B600017096C157D058E059F0508F08DC0DE0197
:107B7000909698E080E0915019F1ED91E827F0E0BF
:107B8000EE55FC4C8491F7CF0F94DC558091361361
:107B9000909137130F942250882359F066ED74E1C9
:107BA0008DE091E10F9477358DE091E10F94783479
:107BB00084CF6AEB74E187E191E10F949B35CECEDF
:107BC0009FA19813C1CFD8018C91811138C015960F
:107BD0008D919C910F940052BE01605E7F4FF80121
:107BE000858196810F94D35140E064EBD8011596BE
:107BF0008D919C910F94AD51F80185809680C401C0
:107C00000F943151C4010F94055067E884E09FE060
:107C10000F94C42C60E884E09FE00F94C42C0F9470
:107C2000E108C4010F943151982ED80115968D9119
:107C30009C910F94005295FC02C0F801B082AE01F5
:107C40004F5F5F4FBE01605E7F4FC8010F9441528E
:107C5000D80111969C9088A1803109F4CAC2BE0156
:107C6000605E7F4FC8010F94B052891510F5F8017E
:107C70008181D80111968C93119714968C91149749
:107C80008F5F14968C9360CFE0913413F09135138D
:107C90001282E0914313F0914413E680F7809FE74E
:107CA000D92E8091431390914413892B71F481E074
:107CB00056CE88A1803111F48CE0DBCFBE01605E2E
:107CC0007F4FC8010F94B052D4CFE114F10479F37F
:107CD000BE01605E7F4FF701808191810E94C96F74
:107CE000882329F363EA74E18EEB91E10F947735F1
:107CF000D7016D917C918EEB91E10F9420358EEB45
:107D000091E10F9478340091341310913513AE0142
:107D10004F5F5F4FBE01605E7F4FC8010F94965268
:107D2000882309F45EC088A1803109F45AC0DD823D
:107D3000F801858196810F940052BE01605E7F4FED
:107D4000D80115968D919C910F94D35140E06EE42B
:107D5000F801858196810F94AD5140E06B81D80187
:107D600015968D919C910F94AD5140E06C81F80176
:107D7000858196810F94AD5188A1803141F040E01A
:107D80006D81D80115968D919C910F94AD51F8019C
:107D9000858196810F940052BE01605E7F4FD801AD
:107DA00015968D919C910F94D351F801408168E410
:107DB000858196810F94AD5164E170E080E090E0A0
:107DC0000F94E408D8018C91882331F06AE070E0C8
:107DD00080E090E00F94E408F801858196810F948B
:107DE0000052D7011296ED90FC905BCF70E060E0FE
:107DF000CE0101960E945CB58C01912C812C97FFDD
:107E000006C011950195110988248394912CCE0107
:107E100001960E949BBCE82EF12C8B85853091F059
:107E2000863009F014CEB02E61E0802F0F949C06AE
:107E300061E0892809F441C0EA94EF2809F041C0C3
:107E400060E03FC0EF2829F462E0CE0101960E9475
:107E50007CBC40E050E160E070E0CE0101960E9401
:107E60002FB68F819885892B41F040E050E260E089
:107E700070E0CE0101960E942FB661E0802F0F9432
:107E80009C0660E0802F0F946E0661EB75E18EEB2F
:107E900091E10F947735B8018EEB91E10E947BF66A
:107EA0006CEA75E18EEB91E10F9477356AEA75E142
:107EB0008EEB91E10F947735CACDEA94EF2809F063
:107EC000BFCFE62EF12C8B2D0F946E0665EA75E17F
:107ED0008EEB91E10F947735B8018EEB91E10E9422
:107EE0007BF663EA75E18EEB91E10F947735B7018C
:107EF0008EEB91E10E947BF661EA75E1D9CFF80142
:107F00008681978190933913809338138EEB91E19A
:107F10000F9478346FE874E18DE091E10F94773538
:107F20008DE091E10F947834E0913D13F0913E1390
:107F3000309709F4A8C080913B138F5F80933B1367
:107F4000E680F780E114F10409F498C0D70118968F
:107F50008C918F70863009F07EC0F9A6E8A670E09B
:107F600060E0CE0188960E94A7E08DA59EA5892B92
:107F700009F471C08091520C9091530C892B09F433
:107F80006AC0C8A4D9A4C114D104B9F1F60180858E
:107F90008F70863091F5D9A2C8A270E060E0CE0162
:107FA00080960E94A7E0EDA1FEA1108211821282AC
:107FB000138269E375E0C6010E94EAF5FC01892B92
:107FC000E1F090859F7095509230B8F4068117814A
:107FD0000115110591F01A830983B601CE010196AE
:107FE0000E94A7E0EE81FF8110821182128213822B
:107FF000D80112960D911C91EBCF6AE874E18EEBDB
:1080000091E10F9477356BA58EEB91E10E9474F6A8
:1080100068E874E18EEB91E10F9477356AA58EEBF9
:1080200091E10E9474F68EEB91E10F947834EDA506
:10803000FEA510821182128213828AA5843078F400
:10804000823098F060E08BA50F949C06EDA5FEA50C
:108050008181807F8183F701E280F38073CF803458
:1080600059F0823421F08032B1F762E0ECCF60E069
:108070008BA50F949C06EFCF62E0FACF80913B1363
:10808000815080933B136BE774E18DE091E10F9495
:10809000773563E774E18DE091E10F94773581E006
:1080A0002091411330914213232B09F480E00E9468
:1080B000B41B6AE674E18DE091E10F94773581E0BD
:1080C00020913D1330913E13232B09F480E00E9450
:1080D000B41B6BE574E18DE091E10F94773560E5B9
:1080E00074E18DE091E10F94773581E02091D50C1A
:1080F0003091D60C232B09F480E00E94B41B69E474
:1081000074E18DE091E10F94773581E02091C70C07
:108110003091C80C232B09F480E00E94B41B60E46A
:1081200074E18DE091E10F94773581E02091431364
:1081300030914413232B09F480E00E94B41B67E3C1
:1081400074E18DE091E10F9477358091D90C0E9414
:10815000B41B8DE091E10F94783462E374E18DE01B
:1081600091E10F9477350E94346EAB01BC018DE034
:1081700091E10E9471F68DE091E10F94783481E0F5
:108180008093CC0C8AED90E10F946548882351F0E0
:108190008AED90E10F94874884E090E0909340133B
:1081A00080933F1380913F1390914013079731F4D0
:1081B00084E090E09093401380933F1380913B13B1
:1081C000815080933B138091CC0CAE960FB6F894FF
:1081D000DEBF0FBECDBFDF91CF911F910F91FF90FA
:1081E000EF90DF90CF90BF909F908F90089580E0A8
:1081F000ECCFFCE0F91508F43ACD5ECD5F926F92BA
:108200007F928F929F92AF92BF92CF92DF92EF9226
:10821000FF920F931F93CF93DF93CDB7DEB7C15774
:10822000D1090FB6F894DEBF0FBECDBF4C018B0154
:10823000F42E642F8EEB91E10E9474F66EE07CE0E8
:108240008EEB91E10F947735B801CE0101965C0178
:108250000F940F32B5018EEB91E10F9469358EEBDF
:1082600091E10F947834C5010F94D93192E0F9125D
:10827000A4C26CE07CE0C5010F94E131B501C801F6
:108280000F944730F82EC5010F94D931FF2009F41F
:108290000DC320E04DE251E0B40188EB90E10F9472
:1082A000BF39E090DA0CF090DB0C65E07CE0CE01A9
:1082B00084599F4F0F94E1316EEF7BE0CE018A59D4
:1082C0009F4F0F94E131CE01865A9F4F0F94AB4ED2
:1082D000A0961FADA0976F960FAD6F976E96DFAC0F
:1082E0006E976D96CFAC6D9762EF7BE0CE01819675
:1082F0000F941832BE016F5D7F4FC5010F940F328E
:108300006C2DC5010F942A3161E276E00F945B3148
:108310006D2D0F942A3161E276E00F945B31602F6E
:108320000F942A3161E276E00F945B31612F0F9454
:108330002A31BC01CE01805A9F4F0F940F32C501E4
:108340000F94D931CE0181960F94D93169EF7BE03A
:10835000CE018C5A9F4F0F94E13162EF7BE0CE014A
:10836000825B9F4F0F94183209EE10E1D8011896E6
:108370006C9170E084E0759567958A95E1F7C50189
:108380000E9462F74D815E8169817A81CE01825BB4
:108390009F4F0F94D830C5010F94D931F8016085F3
:1083A0006F7070E0C5010E9462F74D815E81698146
:1083B0007A81CE01825B9F4F0F94D830C5010F9414
:1083C000D9310F5F1F4FF0E10F3E1F0779F663EFC2
:1083D0007BE0CE01885B9F4F0F94E13161EE7BE043
:1083E000CE0181960F94E131BE016F5D7F4FCE01CA
:1083F000805C9F4F0F940F3226960EAD1FAD2697CF
:10840000085E1F4FB801CE01805C9F4F0F94B030C3
:10841000811184C0CE01805C9F4F0F941831BE0142
:10842000685B7F4FCE01805C9F4F0F947531BE011A
:10843000625B7F4F0F947531BE016C5A7F4F0F9472
:108440007531BE01605A7F4F0F947531BE016A5974
:108450007F4F0F9475318C014AE0B50180E590E0C3
:108460000F944864F50101900020E9F73197AF01BE
:108470004A195B09B501C8010F94D830811103C0B6
:10848000C8010F941831BE0164597F4FC8010F9481
:108490007531B7010F945B31BC01C4010F9469358C
:1084A000C4010F947834CE01805C9F4F0F94D93172
:1084B000CE0181960F94D931CE01885B9F4F0F94E6
:1084C000D931CE01825B9F4F0F94D931CE018C5AA6
:1084D0009F4F0F94D931CE01805A9F4F0F94D931BD
:1084E000CE018A599F4F0F94D931CE0184599F4FA5
:1084F0000F94D931C4010F94783464E670E080E0C1
:1085000090E00F94E408D401ED91FC910488F58982
:10851000E02DC401199501E010E0ABC022962EAD0C
:108520003FAD229726968EAD9FAD269768EC7BE0F7
:10853000820F931F0F94D56326961FAF0EAF269719
:108540006ECF2A966EAD7FAD2A97CE0181960E949E
:108550007DFE892B09F464C124961CAE1DAE1EAEAF
:108560001FAE249728961CAE1DAE1EAE1FAE2897D8
:1085700022968FAD2297807F22968FAF229740E080
:1085800050E3BE016F5D7F4FCE01805C9F4F0E9424
:10859000512700E020E030E340E250E0B501CE0199
:1085A000805C9F4F0E94CF23BC01C6010F94B33162
:1085B00008EC10E137C1EE2009F4FDC046E050E0C0
:1085C00070E060E0C8010F94A32F409141135091D7
:1085D0004213D8016D917C91CE0181960E94C7BD56
:1085E000CE0181960E9469B300E911E08823E9F188
:1085F0008BA5873061F4CE0181960E94D7D661E0C9
:10860000892B09F462E0CE0181960E947CBC2496FD
:108610001CAE1DAE1EAE1FAE249728961CAE1DAE1E
:108620001EAE1FAE289722968FAD2297807F22968E
:108630008FAF229740E050E3BE016F5D7F4FCE01C8
:10864000805C9F4F0E94512700E020E030E340E231
:1086500050E0B501CE01805C9F4F0E94CF23BC014A
:10866000C6010F94B33108EC10E1CE0181960E944F
:1086700064BEC801CF58DF4F0FB6F894DEBF0FBEFF
:10868000CDBFDF91CF911F910F91FF90EF90DF90C1
:10869000CF90BF90AF909F908F907F906F905F90A2
:1086A0000895F801608171810E94EAF57C01892BAF
:1086B00009F044C104E911E0DCCFEE2009F47BC0ED
:1086C00049E050E070E060E0C8010F94A32F4AE059
:1086D000B401C5010F94F53341E050E060EA75E064
:1086E000C8010F94D8304D815E8169817A81C801BB
:1086F0000F94D83064EA7BE08EEB91E10F947735EC
:10870000B801CE0181960F940F32BE016F5D7F4F8D
:108710008EEB91E10F9469358EEB91E10F947834F3
:10872000CE0181960F94D9316CE97BE0CE01819620
:108730000F94E131F801848195812DA13EA182172A
:108740009307E1F4892BA1F1E080F18069A07AA080
:10875000D7018D917D01882359F1082E000C990BCA
:108760000F947C6F6C01F30181913F01082E000C86
:10877000990B0F947C6FC816D90651F3CE018196E0
:108780000F94D931552041F021E048EC50E0B4017C
:1087900088EB90E10F94BF39D8018D919C910F9493
:1087A0003F3B009711F484E991E08C01C50141C081
:1087B00055245394E3CF01E97ECFB1E0FB1274C09E
:1087C00061EC7BE0C5010F94E131B501C8010F9464
:1087D0001730582EC5010F94D931552069F1EE207C
:1087E00051F346E050E070E060E0C8010F94A32F21
:1087F0004AE0B401CE01885B9F4F0F94F53340915E
:10880000411350914213F80160817181CE0181962C
:108810000E94C7BDCE0181960E9469B3811191CE9D
:1088200000E911E0CE0181960E9464BECE01885B12
:108830009F4F0F94D9311DCF6AEA7BE0C5010F9499
:10884000E131B501C8010F941730F82EC5010F941E
:10885000D931F11032CF6FE87BE0C5010F94E131DF
:10886000B501C8010F941730182FC5010F94D931E5
:1088700000E0112309F4FDCE80E00E94A0FA67E633
:108880007BE08DE091E10F9477358DE091E10F94DD
:10889000783462EF7BE0C5010F941832C5010F9464
:1088A0005413C5010F94D93100E036CE6AEB7BE05A
:1088B000C5010F94E131B501C8010F941730F82EAE
:1088C000C5010F94D931F11076CE64EB7BE0C50180
:1088D0000F94E131B501C8010F941730F82EC5018E
:1088E0000F94D931FF2001F3EE2009F464CF45E065
:1088F00050E070E060E0C8010F94A32F61E276E0E1
:10890000C8010F943230882339F0E0904113F09081
:108910004213E114F10491F462EF7BE0C8010F947B
:108920003230811107C0809141139091421300971A
:1089300009F0B7CEE090520CF090530C20E048ECD8
:1089400050E2B40188EB90E10F94BF39C4010F9459
:1089500078341C821B8285EC92E09A8389839E8204
:108960008D828FEF9FEF98878F83B701C5010E949B
:10897000FDFCC3CD8F929F92AF92BF92CF92DF92B8
:10898000EF92FF920F931F93CF93DF93CDB7DEB794
:10899000CF55D1090FB6F894DEBF0FBECDBF8C0105
:1089A0006B016115710519F04115510579F56DE7F8
:1089B0007CE08EEB91E10F94773564E77CE08EEB01
:1089C00091E10F947735B8018EEB91E10F9420354A
:1089D00062E77CE08EEB91E10F9477358EEB91E1CD
:1089E0000F947834C15ADF4F0FB6F894DEBF0FBE34
:1089F000CDBFDF91CF911F910F91FF90EF90DF904E
:108A0000CF90BF90AF909F908F900895460F571FC3
:108A1000DA011C920E94346E4B016CE67CE08EEB16
:108A200091E10F947735B4018EEB91E10E947BF6D2
:108A300069E67CE08EEB91E10F947735B8018EEB1F
:108A400091E10F94203566E67CE08EEB91E10F9486
:108A50007735BAE38B16B1E09B064CF469E57CE010
:108A600087E191E10F94773587E191E1B9CF67E52F
:108A70007CE08EEB91E10F947735B6018EEB91E1BE
:108A80000F94203565E57CE08EEB91E10F9477350E
:108A90008EEB91E10F9478341A821982FE0133969D
:108AA0008EE3DF011D928A95E9F780913F13909143
:108AB0004013059791F563E070E0C8010E94BD1F67
:108AC0007C01892BD1F5E091160FF091170F808171
:108AD00080FF88CF61E070E0C8010E94BD1F892B34
:108AE00009F480CF64E270E0C8010F943470892BE0
:108AF00009F078CF67E37CE08EEB91E10F94773556
:108B0000B8018EEB91E10F9420358EEB91E10F943B
:108B10007834C8010F94410465CF61E070E0C8016A
:108B20000E94BD1F7C01892B09F465C04FE350E012
:108B3000B801CE0101960F942570A12CBB24B394EB
:108B4000E00EF11E6EE27CE0C7010F94CC63892B2E
:108B500009F45EC064E270E0C8010F943470892BA0
:108B600009F040CFB11003C0AA2009F43BCF4091D7
:108B7000411350914213B701CE018F5B9F4F0E946A
:108B8000C7BDCE018F5B9F4F0E9469B3182F88230A
:108B900059F0B601CE018F5B9F4F0E947DFE11E020
:108BA000181619060CF010E0CE018F5B9F4F0E9443
:108BB00064BE112309F416CF8981882309F412CFEA
:108BC00080913F1390914013059709F40BCF60E11A
:108BD0007CE08EEB91E10F947735BE016F5F7F4FA4
:108BE0008EEB91E10F9420358EEB91E10F94783468
:108BF000CE0101968FCF62E070E0C8010E94BD1FD8
:108C00007C01892B09F4EECEAA24A394B12C98CF31
:108C1000F60101900020E9F73197EC19FD09329730
:108C200008F498CFC8010F944104B11003C0AA20E2
:108C300009F4D8CEC6010F943F3BD4CE0F931F93B7
:108C4000CF93DF93CDB7DEB76F970FB6F894DEBF43
:108C50000FBECDBF2091520C3091530C232B09F441
:108C600013C120913B13022E000C330B8217930784
:108C7000B4F460E57BE087E191E10F94773587E11B
:108C800091E10F94783480E06F960FB6F894DEBFD0
:108C90000FBECDBFDF91CF911F910F9108956AE371
:108CA0007BE08EEB91E10F9477358EEB91E10F94A1
:108CB00078348091550C8F5F8093550C65EF7AE086
:108CC0008DE091E10F9477358DE091E10F94783448
:108CD000E0913D13F0913E13309709F180913B13E1
:108CE0008F5F80933B13068117810115110591F069
:108CF000D80118968C918F70863041F41A830983BD
:108D000070E060E0CE0101960E94A7E0F8010281C8
:108D10001381EBCF80913B13815080933B13E09103
:108D20004113F09142133097A1F10681178101158B
:108D30001105C9F1D80118968C918F70853029F5ED
:108D4000C8010E9434F7882301F1409141135091EA
:108D50004213F80160817181CE0101960E94C7BD66
:108D6000CE0101960E9469B3882359F08C859D85B8
:108D7000009739F0DC01ED91FC910084F185E02D44
:108D80001995CE0101960E9464BEF80102811381FB
:108D9000CECF6AE27BE08EEB91E10F9477358EEBDC
:108DA00091E10F947834109239131092381362E2E3
:108DB0007BE08EEB91E10F9477358EEB91E10F9490
:108DC000783464E670E080E090E00F94E40810925C
:108DD000D90C1092CC0C6AE07BE08EEB91E10F9401
:108DE00077350E94346EAB01BC018EEB91E10E949D
:108DF00071F68091520C9091530C009711F00F94E2
:108E0000CF011092530C1092520C10923E131092FC
:108E10003D1310924213109241131092DD0C1092E8
:108E2000DC0C1092CB0C1092CA0C1092C80C109251
:108E3000C70C1092DB0C1092DA0C1092C90C109235
:108E4000510C1092500C1092441310924313109234
:108E5000D60C1092D50C65E07BE08EEB91E10F947F
:108E600077350E94346EAB01BC018EEB91E10E941C
:108E700071F68EEB91E10F9478341092C40C8091CE
:108E8000550C81508093550C81E0FECE4F925F923D
:108E90006F927F928F929F92AF92BF92CF92DF920A
:108EA000EF92FF920F931F93CF93DF93CDB7DEB76F
:108EB000C859D1090FB6F894DEBF0FBECDBF8E01E1
:108EC0000F5B1F4FD8011D921C92FE01ED5BFF4FFF
:108ED0008EE1DF011D928A95E9F78091E91090916A
:108EE000EA10892B09F4CEC10E94A3F7882309F464
:108EF000C9C182E70E948EF78091E9109091EA1033
:108F0000DC01ED91FC910088F189E02D60E270E0D8
:108F100019954FE150E0B8018091E9109091EA1065
:108F20000E94E8F77C018091E9109091EA10DC0141
:108F3000ED91FC910488F589E02D1995E114F10477
:108F400009F4A0C1F801EE0DFF1D10828091F6100A
:108F50001F928F938091F5101F928F938091F41040
:108F60001F928F938091F3101F928F938091F21034
:108F70001F928F938091F1101F928F9383E296E05E
:108F80009F938F931F9280E48F93FE0131966F0120
:108F9000FF93EF930F943F7063E679E18DE091E1E9
:108FA0000F947735B8018DE091E10F942035B6012B
:108FB0008DE091E10F9420358DE091E10F947834AC
:108FC0007E01F1E6EF0EF11CD70113961C921E9262
:108FD000129788EE93E0A0E0B0E0F70184839583D8
:108FE000A683B78388E0848788EE93E09687858799
:108FF0008DE792E091838083108A1786128B018B14
:10900000148A138A80E590E0968B858B118E6BE72E
:1090100078E18EEB91E10F9477356BEE70E1CE0144
:1090200085589F4F0F940F32BE0165587F4F8EEBCE
:1090300091E10F9469358EEB91E10F947834CE0174
:1090400085589F4F0F94D93162E576E0CE01835762
:109050009F4F0F94183262E576E0CE0185589F4FFE
:109060000F941832BE0165587F4FCE018B579F4F2A
:109070000F940F326BEE70E1CE018B579F4F0F9420
:109080007531BE0163577F4F0F947531BC01CE011E
:109090008D569F4F0F940F32CE018B579F4F0F94D9
:1090A000D931CE0185589F4F0F94D931CE018357C6
:1090B0009F4F0F94D93184E596E0CB57DF4F9983CA
:1090C0008883C558D040C757DF4F19821882C958C6
:1090D000D040C557DF4F19821882CB58D040CD56AB
:1090E000DF4F88819981C359D040C957DF4F998399
:1090F0008883C758D0406DE579E18EEB91E10F94FC
:1091000077350E94346EAB01BC018EEB91E10E9479
:1091100071F68EEB91E10F94783464E670E080E0B4
:1091200090E00F94E40887E59AE3D70150969C936A
:109130008E931F976FE571E08DE192E00F94D664F6
:109140008C010FB6F894DEBF0FBECDBF892B09F49A
:10915000F4C083E090E00F949361D8011D969C9336
:109160008E931C97FC01F182E0821282C7010F945A
:109170006548882319F0C7010F948748D701539693
:109180006D917C9154975596AD90BC906115710589
:1091900009F48FC0CE0185589F4F0F94B735A501B4
:1091A000BE0165587F4FC7010F942D4E1816190642
:1091B0000CF0C0C0D7015196BC9051975296AC901C
:1091C000DF92CF9286ED98E19F938F931F930F9339
:1091D0000F945D65DF92CF9281ED98E19F938F931D
:1091E0001F930F930F945D65D8011C96ED91FC9130
:1091F00081E08283DF92CF928EEC98E19F938F93F0
:109200001F930F930F945D65D8011C96ED91FC910F
:109210001282AF92BF9288E998E19F938F931F9338
:109220000F930F945D650FB6F894DEBF0FBECDBFF0
:10923000B12C8FE8C82E88E1D82E8B2D94E08902BE
:10924000F0011124A5E8B0E0AC0FBD1FEA0FFB1F31
:10925000808191810097A9F1228133812115310507
:10926000C9F33F932F939F938F93DF92CF921F93D6
:109270000F930F945D65B3940FB6F894DEBF0FBEE5
:10928000CDBFDBCF40E250E065E979E1C8010F9442
:10929000036467E779E18DE091E10F947735B801D8
:1092A0008DE091E10F9420358DE091E10F947834B9
:1092B0004DCEF70161897289A501C7010F94D74886
:1092C00075CF83ED98E19F938F931F930F930F9426
:1092D0005D65D70158961C921E925797D8011C962F
:1092E000ED91FC91C080D1800F900F900F900F9066
:1092F00043E3A42EB12CD601ED91FC910084F185BD
:10930000E02DC601199541975CF4B1E0AB1AB108A4
:1093100039F064E170E080E090E00F94E408EBCF76
:10932000D601ED91FC910084F185E02DC6011995DF
:10933000419734F4C8010F94B33D10E000E05AC0E7
:1093400062EF7BE0CE0183579F4F0F941832912C30
:10935000A12CD601ED91FC910688F789E02DC6017C
:1093600019958823E1F1BDE0AB1201C0A92CD6010B
:10937000ED91FC910688F789E02DC60119958111C0
:10938000BBC0D601ED91FC910084F185E02DC601B2
:109390001995892B09F4C2C0D601ED91FC91028484
:1093A000F385E02DC6011995B82EBAE08B1709F4A4
:1093B000B7C0EDE08E1709F4B3C0FFEF8F1709F4C3
:1093C000ADC0682FCE0183579F4F0F9404319A2C64
:1093D000AB2CBFCFBAE0BB12FACFAB12F8CFCC2484
:1093E000C394D12CCE0183579F4F0F94D931CD28F0
:1093F00009F4A3CFD7015796ED90FC906FE479E183
:109400008EEB91E10F947735B7018EEB91E10E94DD
:109410007BF68EEB91E10F94783464E670E080E0A7
:1094200090E00F94E4080115110509F461C1B8EC4E
:10943000EB16F10409F03AC163E479E18DE091E1C2
:109440000F94773564EF71E080E090E00F94E408CA
:10945000EF961FAE1EAEEF97C158DF4F19821882EC
:10946000CF57D0408FEF9FEFCF57DF4F998388833F
:10947000C158D0408FEA92E0ED969FAF8EAFED9746
:10948000CD57DF4F19830883C358D040F89490E03C
:1094900080E00E941E468111CAC067E379E187E13E
:1094A00091E10F94773587E191E10F947834C80109
:1094B0000F94B33D24EFE22EFF24F394CE018D569A
:1094C0009F4F0F94D931C701C856DF4F0FB6F8949C
:1094D000DEBF0FBECDBFDF91CF911F910F91FF90E7
:1094E000EF90DF90CF90BF90AF909F908F907F9044
:1094F0006F905F904F900895D601ED91FC9100849C
:10950000F185E02DC6011995892B09F03ACF64E663
:1095100070E080E090E00F94E40829CFBB24BA9477
:1095200062E676E081E291E10F942035BE01635757
:109530007F4F81E291E10F94693581E291E10F94CF
:10954000783466E878E1CE0185589F4F0F94E13179
:10955000BE0165587F4FCE0183579F4F0F94173040
:10956000982ECE0185589F4F0F94D931992079F1CB
:10957000CF56DF4F28813981C159D04049E050E0B2
:10958000BE0163577F4FCE0185589F4F0F942932FC
:10959000ED968EAD9FADED97412C512C3201009789
:1095A00019F00F947E632B014201CE0185589F4F25
:1095B0000F94D9314114510429F0D70158965C9287
:1095C0004E925797B40181E291E10E94BFFAF701F0
:1095D0008784908881149104D1F0CF56DF4F888121
:1095E0009981C159D040892B91F0BE0163577F4FBB
:1095F000CE0185589F4F0F940F32CE0185589F4F53
:10960000F4011995CE0185589F4F0F94D93162EF1F
:109610007BE0CE0183579F4F0F94A931FFEFBF121C
:10962000D9CEC8010F94B33DD12CC12CDBCECE01D5
:1096300085589F4F0F94C3029093530C8093520C04
:109640007894C8010F94B33D8091520C9091530CC3
:10965000892BD1F462EF7BE0CE0183579F4F0F94AB
:109660001832CE0183579F4F0F945413CE01835766
:109670009F4F0F94D93160E279E187E191E10F9436
:109680007735F12CE12C1ACF0E94A13A8091CC0CB5
:10969000882329F00E9402FA71FF0E942B1C69E1C5
:1096A00079E18DE091E10F94773508CFE0E3EE1694
:1096B000E1E0FE0651F465E079E18DE091E10F947F
:1096C0007735C8010F94B33DF9CE6DEE78E187E1AF
:1096D00091E10F947735C8010F94B33DB70187E14D
:1096E00091E10E947BF687E191E10F947834E6CE18
:1096F0006AED78E18EEB91E10F947735EE24EA94F0
:10970000FE2CDCCECF93DF93CDB7DEB72E970FB60E
:10971000F894DEBF0FBECDBF80913B13811121C1F4
:1097200080913B138F5F80933B1364E776E18DE07C
:1097300091E10F9477358DE091E10F947834109298
:1097400009111092081180E090E190930411809328
:10975000031184E890E090930B1180930A1181E04B
:109760008093051180E090E2909307118093061199
:1097700082E780930C1187EF90E10E9426B18B372E
:10978000910509F0C5C066E676E18EEB91E10F9494
:1097900077358EEB91E10F9478348091520C909153
:1097A000530C892B21F081E090E00E941E461C8220
:1097B0001B8285EC92E09A83898387EF90E19E83F8
:1097C0008D838FEF9FEF98878F83CE0101960F9443
:1097D000C3029093530C8093520C87EF90E10E9448
:1097E00040AF8091520C9091530C892B01F56AE5A2
:1097F00076E187E191E10F94773587E191E10F946C
:10980000783462EF7BE0CE0109960F941832CE01D6
:1098100009960F945413CE0109960F94D931809173
:109820003B13815080933B1390E080E019C067E4C4
:1098300076E18DE091E10F9477358DE091E10F9421
:10984000783480913B13815080933B130E94A13A5E
:109850008091E9109091EA10892B59F481E090E011
:109860002E960FB6F894DEBF0FBECDBFDF91CF911D
:1098700008950E94A3F7882389F382E70E948EF758
:109880008091E9109091EA10DC01ED91FC91008843
:10989000F189E02D60E670E019956091E910709112
:1098A000EA1040E0CE0109960F94F533BE01675FE0
:1098B0007F4F8BEE90E10F947730CE0109960F9495
:1098C000D9318091E9109091EA10DC01ED91FC9181
:1098D0000488F589E02D199569E276E18EEB91E136
:1098E0000F9477356BEE70E1CE0109960F940F322D
:1098F000BE01675F7F4F8EEB91E10F9469358EEB70
:1099000091E10F947834CE0109960F94D931A6CF06
:1099100087EF90E10E946BAE892BA1F087EF90E179
:109920000E9495AE62EF7BE0CE0101960F94183253
:10993000CE0101960F945413CE0101960F94D931A4
:109940000F94C31387EF90E10E9440AF66E376E186
:109950008DE091E10F9477358DE091E10F947834AB
:109960005ECF8FEF9FEF7CCF4F925F926F927F928F
:109970008F929F92AF92BF92CF92DF92EF92FF921F
:109980000F931F93CF93DF93CDB7DEB7CF52D14064
:109990000FB6F894DEBF0FBECDBF20913F133091BC
:1099A0004013F9017196E532F10508F041C68827A8
:1099B000E352F34B8F4F0D94966B2F5C1B5C185347
:1099C000185318531853775B635B18531853185385
:1099D000185318531853185318531853024D7854EA
:1099E0007F5458569F565E5A5B5B18531853185352
:1099F00018531853925BA45BDD5BBA5B1853185382
:109A00001853C75B8091CC0C0F94C74E029709F492
:109A10000FC681E195E0CC5DDE4F99838883C45207
:109A2000D140CA5DDE4F188219821A821B82C6524B
:109A3000D140C25EDE4F99838883CE51D140C05E53
:109A4000DE4F188219821A821B82C052D140C85E32
:109A5000DE4F99838883C851D140C65EDE4F18829D
:109A600019821A821B82CA51D140CE5EDE4F998381
:109A70008883C251D140CC5EDE4F188219821A828F
:109A80001B82C451D14064EB7DE08DE091E10F94E5
:109A900077358DE091E10F9478348091E9109091C1
:109AA000EA108E010F571F4F892B09F45CC00E94EA
:109AB000A3F7882309F457C082E70E948EF78091AC
:109AC000E9109091EA10DC01ED91FC910088F18998
:109AD000E02D60E170E01995BE016F5F7F4F8091CE
:109AE000E9109091EA100E9444F789819A81AB8134
:109AF000BC81CA5DDE4F88839983AA83BB83C6522B
:109B0000D1408091E9109091EA10DC01ED91FC9137
:109B10000488F589E02D1995CA5DDE4F8881C6520B
:109B2000D140882301F18F3FA9F4C95DDE4F8881C0
:109B3000C752D1408F3F71F4C85DDE4F8881C85253
:109B4000D1408F3F39F4C75DDE4F8881C952D14083
:109B50008F3F49F00E9402FA72FFA1C18091BF0CB1
:109B6000833008F09CC168EA7DE08DE091E10F94BC
:109B700077350FB6F894A89580916000886180933E
:109B80006000109260000FBE8091B40C81112AC059
:109B900010929C0C10929B0C88EE93E0A0E0B0E039
:109BA00080939D0C90939E0CA0939F0CB093A00C5F
:109BB00087EE94E090939A0C8093990C81E195E064
:109BC0009093A80C8093A70C1092A90C1092AA0C49
:109BD0001092AB0C1092AC0C88E08093B10C81E039
:109BE0008093B40C86E59CE09093BE0C8093BD0CF2
:109BF0000F949F41F12CE12C882309F4AEC080E53D
:109C000091E00F946B0246E050E061EF70E189E073
:109C100090E00F94543F81E195E09A8389831B8201
:109C20001C821D821E82CE0103960F9489410F94DF
:109C30009E418091BD0C9091BE0CFC0112A213A21A
:109C400014A215A2DC0116A217A210A611A612A634
:109C500013A614A615A640EE5EE260E070E046ABE7
:109C600057AB60AF71AF40EA5FE060E070E042AFD9
:109C700053AF64AF75AF189626E0FD01322F1192F5
:109C80003A95E9F7AC01425F5F4F34E1FA01119276
:109C90003A95E9F7E1EFF0E101900D922A95E1F7AD
:109CA000FC01EE5BFF4F10820F94E84B7C010197A3
:109CB00009F053C080E591E00F946B026091BD0CF8
:109CC0007091BE0C625F7F4FCE0101960F94B73545
:109CD000CE0103960F9489416091BD0C7091BE0C2A
:109CE0006A5E7F4FCE0101960F94B735CE01039681
:109CF0000F9497416091BD0C7091BE0C6E5E7F4FCA
:109D0000CE0101960F94B735CE0103960F94904182
:109D10000F949E416091BD0C7091BE0C625E7F4FAE
:109D2000CE0101960F94B7358B819C81AD81BE81A8
:109D30008093000F9093010FA093020FB093030F35
:109D40000F94CC077F7380910102909102026827E3
:109D50007927709302026093010288E199E20FB6BD
:109D6000F894A895809360000FBE90936000A8952A
:109D7000EF2809F4EAC26FEF7CE08DE091E10F94E7
:109D80007735CE0101960F94AB4E8B819C81AD81CE
:109D9000BE81CA5DDE4F88839983AA83BB83C65286
:109DA000D14051E1E52E55E0F52EFA82E982CE014F
:109DB00001960E94A06D8DE091E10F947834CE0160
:109DC0008C5D9E4F0E94AEF88091000F9091010F24
:109DD000A091020FB091030F8B839C83AD83BE8350
:109DE000C05EDE4F88839983AA83BB83C052D14073
:109DF000CE01825E9E4F0E9458F9FA82E9821B8250
:109E00001C821D821E8280E591E00F946B0244E06B
:109E100050E0BE016D5F7F4F81E090E00F94903E77
:109E20000F949E418B819C81AD81BE81C65EDE4FC9
:109E300088839983AA83BB83CA51D140CE01885EAF
:109E40009E4F0E94ADF9FA82E9821B821C821D821C
:109E50001E8280E591E00F946B0244E050E0BE0169
:109E60006D5F7F4F85E090E00F94903E0F949E4190
:109E70008B819C81AD81BE81CC5EDE4F88839983CE
:109E8000AA83BB83C451D140CE018E5E9E4F0E94F7
:109E900003F981E00E9497FA1092BF0CD7C162E9E2
:109EA0007DE08DE091E10F94773581E195E09A8333
:109EB0008983CA5DDE4F88819981AA81BB81C652A0
:109EC000D1408B839C83AD83BE83CE0101960E94DB
:109ED000A06D8091E9109091EA10892B09F420C2BD
:109EE0000E94A3F7882309F41BC282E70E948EF721
:109EF0008091E9109091EA10DC01ED91FC910088CD
:109F0000F189E02D64E170E01995BE016F5F7F4F2C
:109F10008091E9109091EA100E9444F789819A811A
:109F2000AB81BC81C05EDE4F88839983AA83BB83EB
:109F3000C052D1408091E9109091EA10DC01ED917E
:109F4000FC910488F589E02D1995C05EDE4F88816B
:109F5000C052D140882309F4E3C18F3FB1F4CF5DF3
:109F6000DE4F8881C152D1408F3F79F4CE5DDE4F04
:109F70008881C252D1408F3F41F4CD5DDE4F888150
:109F8000C352D1408F3F09F4CBC16CE87DE08DE036
:109F900091E10F94773581E195E09A838983C05EE2
:109FA000DE4F88819981AA81BB81C052D1408B83C9
:109FB0009C83AD83BE83CE0101960E94A06D8091EB
:109FC000E9109091EA10892B09F483C10E94A3F74C
:109FD000882309F47EC182E70E948EF78091E91000
:109FE0009091EA10DC01ED91FC910088F189E02D5F
:109FF00068E170E01995BE016F5F7F4F8091E910B5
:10A000009091EA100E9444F789819A81AB81BC81CA
:10A01000C65EDE4F88839983AA83BB83CA51D14031
:10A020008091E9109091EA10DC01ED91FC91048897
:10A03000F589E02D1995C65EDE4F8881CA51D14061
:10A04000882309F446C18F3FB1F4C55EDE4F888195
:10A05000CB51D1408F3F79F4C45EDE4F8881CC5123
:10A06000D1408F3F41F4C35EDE4F8881CD51D14056
:10A070008F3F09F42EC167E87DE08DE091E10F94F8
:10A08000773581E195E09A838983C65EDE4F8881CA
:10A090009981AA81BB81CA51D1408B839C83AD83B6
:10A0A000BE83CE0101960E94A06D8091E91090912F
:10A0B000EA10892B09F4CDC00E94A3F7882309F484
:10A0C000C8C082E70E948EF78091E9109091EA1053
:10A0D000DC01ED91FC910088F189E02D6CE170E0EC
:10A0E0001995BE016F5F7F4F8091E9109091EA1042
:10A0F0000E9444F789819A81AB81BC81CC5EDE4F9E
:10A1000088839983AA83BB83C451D1408091E9108D
:10A110009091EA10DC01ED91FC910488F589E02D25
:10A120001995CC5EDE4F8881C451D140882309F453
:10A1300090C08F3FB1F4CB5EDE4F8881C551D140D6
:10A140008F3F79F4CA5EDE4F8881C651D1408F3F80
:10A1500041F4C95EDE4F8881C751D1408F3F09F479
:10A1600078C060E87DE08DE091E10F94773561E1A2
:10A17000E62E65E0F62EFA82E982CC5EDE4F88811B
:10A180009981AA81BB81C451D1408B839C83AD83CB
:10A19000BE83CE0101960E94A06DFA82E982CC5E58
:10A1A000DE4F88819981AA81BB81C451D1408B83C4
:10A1B0009C83AD83BE83F801F182E082C65EDE4FF0
:10A1C00088819981AA81BB81CA51D14082839383BE
:10A1D000A483B583CE53DF4FF982E882C25CD040BE
:10A1E000C05EDE4F88819981AA81BB81C052D14077
:10A1F000CC53DF4F88839983AA83BB83C45CD04050
:10A20000CE5FDE4FF982E882C250D140CA5DDE4F98
:10A2100088819981AA81BB81C652D140CC5FDE4F33
:10A2200088839983AA83BB83C450D1409E012F5F4A
:10A230003F4FA801BE016E537F4FCE018E5F9E4FF0
:10A240000F942E038DE091E10F94783482E090E03A
:10A250008FC081E195E09A838983C65EDE4F488195
:10A2600059816A817B81CA51D1404B835C836D8364
:10A270007E83D8018D939C93C05EDE4F48815981C7
:10A280006A817B81C052D140F80142835383648349
:10A290007583CE53DF4F99838883C25CD040CA5DFB
:10A2A000DE4F88819981AA81BB81C652D140CC53AF
:10A2B000DF4F88839983AA83BB83C45CD040AE01FF
:10A2C0004F5F5F4FB801CE018E539F4F0F946D03C8
:10A2D000B9CF81E195E09A838983C05EDE4F4881E2
:10A2E00059816A817B81C052D1404B835C836D83ED
:10A2F0007E83D8018D939C93CA5DDE4F88819981BE
:10A30000AA81BB81C652D140F80182839383A48382
:10A31000B583BE016F5F7F4FC8010F94BF0392CF1B
:10A3200081E195E09A838983CA5DDE4F88819981B6
:10A33000AA81BB81C652D1408B839C83AD83BE83EF
:10A34000CE0101960F940A047DCF6EE37DE087E194
:10A3500091E10F9477356FE07DE087E191E10F9413
:10A3600077358091BF0C8F5F8093BF0C86EF9FEF96
:10A370009093401380933F1389E0E9E2F2E0D80123
:10A3800001900D928A95E1F787E1F8013996DF0196
:10A390001D928A95E9F785EF90E1009731F0A801C9
:10A3A000485F5F4F62E00F94D854CE018E539F4FA9
:10A3B0000F94AB4E0F941709683B7B4081059105C4
:10A3C00038F464E670E080E090E00F94E408F2CFA7
:10A3D000CC53DF4F88819981AA81BB81C45CD04076
:10A3E00080935F1090936010A0936110B0936210FF
:10A3F000C8010F94F302892BC9F0E0905B10F09034
:10A400005C10D701ED91FC91C088D18863E072E0C7
:10A41000CE0101960F94B73549EE54E1BE016F5F4E
:10A420007F4FC701F601199581113CC26EED7CE0AA
:10A4300087E191E10F94773587E191E10F947834CA
:10A440004FE6A42E40E1B42E7501D12CC12CD701CA
:10A450008D919C91892B49F1960143E050E060E099
:10A4600070E0CB010F943A14D701ED91FC918085F7
:10A470009185009711F00F942F62D701ED91FC9117
:10A4800086819781009711F00F942F62D701ED918B
:10A49000FC91848195810F942F62F70180819181D5
:10A4A0000F942F62D7011D921C92BFEFCB1ADB0ACB
:10A4B000E2E0EE0EF11CF8E0CF16D10441F686E0A2
:10A4C000E9E4F2E09E012F5F3F4F4901D90101907D
:10A4D0000D928A95E1F7FE0137968AE1DF011D9220
:10A4E0008A95E9F7AE014A5F5F4F8BE1FA0111925D
:10A4F0008A95E9F781EF90E1009719F066E00F94F3
:10A50000D85465E676E0C8010F94E16FD12CC12CD8
:10A51000D5018D919D915D01892B09F0CCC18AE017
:10A5200090E00F9493617C01009709F4C4C1FC0191
:10A53000178216821186108615821482D8010D901A
:10A540000020E9F7CD010197801B910B0F949361D7
:10A550005C01F70195838483892B11F40C949F5C33
:10A56000D4010D900020E9F7CD01019788199909D0
:10A570000F949361F70191878087009711F40C94F1
:10A580009C5CB4010F94007080E590E0D7011196B7
:10A590009C938E9313961C921E921297B801C5013C
:10A5A0000F940070F50101900020E9F73197AE1685
:10A5B000BF0620F4319781818E32C9F75F01B2E086
:10A5C000AB0EB11CF50101900020E9F7CF018A190B
:10A5D0009B090B960F9493614C01D70117969C939E
:10A5E0008E931697009741F0B5010F9400706CE6BA
:10A5F00076E0C4010F94E16FF601EE0FFF1FE15901
:10A60000FF4EF182E082960142E050E060E070E0AF
:10A61000CB010F943A14019709F456C168E776E02C
:10A6200087E191E10F94203587E191E10F9478342F
:10A630000FB6F894A89580916000886180936000BF
:10A64000109260000FBE80913F13909140130297CB
:10A650000CF401C18091BF0C81110C94625C0091DB
:10A66000BD0C1091BE0C0115110511F40C94625C27
:10A670000F9417094B015C017801FEE3EF0EF11C0A
:10A68000F70180819181A281B381A5019401281BEA
:10A69000390B4A0B5B0BCA01B901683E33E0730703
:10A6A00081059105B0F128EE33E040E050E00F94D1
:10A6B0000B6B861A970AA80AB90AD7018D929D9248
:10A6C000AD92BC921397F80186A597A5A0A9B1A950
:10A6D00069017A01CC0CDD1CEE1CFF1C8C159D055C
:10A6E000AE05BF0510F00C944A5C16A617A610AA7A
:10A6F00011AAF80182A993A9A4A9B5A98C159D0551
:10A70000AE05BF0510F00C94545C12AA13AA14AA4B
:10A7100015AAF80186A597A5A0A9B1A9892B8A2B0E
:10A720008B2B11F00C945E5CEE5BFF4F80818330CD
:10A7300011F00C945E5C84E08083C8010F94E84BB8
:10A7400001967C01F80182A993A9A4A9B5A9892B36
:10A750008A2B8B2BA1F4EE5BFF4F8081833011F0AD
:10A7600081110DC01082F8013E9684E1DF011D9237
:10A770008A95E9F7C8010F94E84B03967C01B2E093
:10A78000EB16F10429F0E4E0EE16F10409F046C0FE
:10A7900080E591E00F946B026091BD0C7091BE0C4E
:10A7A000625F7F4FCE0101960F94B735CE010396BD
:10A7B0000F9489416091BD0C7091BE0C6A5E7F4F11
:10A7C000CE0101960F94B735CE0103960F949741B1
:10A7D0006091BD0C7091BE0C6E5E7F4FCE010196F4
:10A7E0000F94B735CE0103960F9490410F949E417C
:10A7F0006091BD0C7091BE0C625E7F4FCE010196E0
:10A800000F94B7358B819C81AD81BE818093000F01
:10A810009093010FA093020FB093030F0F94C74EB4
:10A82000029711F40C94705CF3E0EF16F10411F44C
:10A830000C94855C14F00C94665C31E0E316F10432
:10A8400011F40C94825C64E270E142E0E416F104DD
:10A8500011F40C948A5C88E199E20FB6F894A895FB
:10A86000809360000FBE9093600020913F13309161
:10A870004013C901C15DDE4F0FB6F894DEBF0FBEB5
:10A88000CDBFDF91CF911F910F91FF90EF90DF909F
:10A89000CF90BF90AF909F908F907F906F905F9080
:10A8A0004F90089566EC7CE08DE091E10F94773550
:10A8B0008DE091E1C3CDBFEFCB1ADB0AE8E0CE1605
:10A8C000D10409F025CEAACE65EB7CE08DE091E1C4
:10A8D0000F947735B8018DE091E10F9420356EEA41
:10A8E0007CE08DE091E10F9477358DE091E19ECE93
:10A8F00082E090E09093401380933F1399CE809133
:10A9000046138111D2C10E94FB1E69E471E18EEBF6
:10A9100091E10F9477358EEB91E10F94783480912B
:10A92000E9109091EA10892B09F432C10E94A3F733
:10A93000882309F42DC182E70E948EF78091E910E7
:10A940009091EA10DC01ED91FC910088F189E02DF5
:10A9500060E570E019954FE050E0BE016F5F7F4FFA
:10A960008091E9109091EA100E94E8F78C018091A3
:10A97000E9109091EA10DC01ED91FC910488F589D1
:10A98000E02D19950115110509F402C1E1E0F0E08F
:10A99000EC0FFD1FE00FF11F1082BE016F5F7F4FB4
:10A9A0008EEB91E10F9420358EEB91E10F9478348A
:10A9B000CE01865D9E4F0F94AB4EC45DDE4F888105
:10A9C0009981AA81BB81CC52D1408093C8109093C9
:10A9D000C910A093CA10B093CB1069E976E088EB58
:10A9E00090E10F94A931BE016F5F7F4FCE01825E6F
:10A9F0009E4F0F9418326AE07EE0CE01885E9E4F33
:10AA00000F94E13169E976E0CE018E5F9E4F0F949D
:10AA10001832BE016E5F7E4FCE018E5E9E4F0F9448
:10AA20000F32BE01685E7E4FCE018E5E9E4F0F9448
:10AA30007531BE01625E7E4F0F9475318C0162EFFD
:10AA40007BE0CE018C5D9E4F0F941832F80184811B
:10AA50009581880F991F880F991F63E070E00F940C
:10AA60006E6BCE018C5D9E4F0F94B030F12CE12CBB
:10AA7000D80114968D919C91E816F90608F0B7C09C
:10AA8000B701C8010F940630E82F880FFF0BF5952A
:10AA9000E795F595E795EF73FF27EF53F24F649134
:10AAA000CE018C5D9E4F0F940431B701C8010F9405
:10AAB0000630B0E18B0250011124E0E3AE22BB244A
:10AAC0006701FFEFCF1ADF0AD80114968D919C9190
:10AAD000C816D90608F078C0B601C8010F94063030
:10AAE000E82F880FFF0BB4E0F595E795BA95E1F7ED
:10AAF000EF70FF27EA29FB29EF53F24F6491CE0153
:10AB00008C5D9E4F0F940431B601C8010F9406303E
:10AB1000B4E08B0250011124ECE3AE22BB246701A8
:10AB2000F2E0CF0ED11CD80114968D919C91C816DD
:10AB3000D90608F03EC0B601C8010F940630E82FD0
:10AB4000880FFF0BA6E0F595E795AA95E1F7E3706E
:10AB5000FF27EA29FB29EF53F24F6491CE018C5D68
:10AB60009E4F0F940431B601C8010F940630E82FB0
:10AB7000EF730E2E000CFF0BEF53F24F6491CE01DA
:10AB80008C5D9E4F0F940431B3E0EB0EF11C70CF3F
:10AB900065E57EE0CE0101960F94D5636DE17EE020
:10ABA00087E191E10F94773587E191E10F94783453
:10ABB000F4CEF501EF53F24F6491CE018C5D9E4FC0
:10ABC0000F9404316DE3DBCFF501EF53F24F649145
:10ABD000CE018C5D9E4F0F94043142E050E061EA5B
:10ABE00076E0CE018C5D9E4F0F94D830CDCF63E0E0
:10ABF0007EE0CE018F579F4F0F94E131BE016F571A
:10AC00007F4FCE018E539F4F0F940F32BE016C5D6C
:10AC10007E4FCE018E539F4F0F947531BC018EEB4A
:10AC200090E10F94C231CE018E539F4F0F94D931D2
:10AC3000CE018F579F4F0F94D931CE018C5D9E4F1F
:10AC40000F94D931CE018E5E9E4F0F94D931CE0133
:10AC50008E5F9E4F0F94D931CE01885E9E4F0F9428
:10AC6000D931CE01825E9E4F0F94D93189ED9EE09D
:10AC70009093C5108093C41087EF90E19093C71014
:10AC80008093C61084ED90E10F946C4D8EEF90E4AC
:10AC90009093D3108093D2106CE07EE08DE091E130
:10ACA0000F94773581E08093461383E090E022CEC5
:10ACB0008091CC0C80913B138111DBCD0E9402FA74
:10ACC00070FD2DC08091C40C81111EC00E944647AA
:10ACD000883C910519F484E090E00CCE8091CC0C76
:10ACE00062E271E1811112C0CE0101960F94AB4E68
:10ACF0008B819C81AD81BE81892B8A2B8B2B09F4A2
:10AD00003BC28FE090E0F6CD62E171E18DE091E130
:10AD10000F9477358DE091E10F947834DCCF8091FA
:10AD2000CC0C882349F084E090E09093401380930A
:10AD30003F1368ED70E1D5CD8FE090E0F6CFA89598
:10AD40008091CC0C8091C70C9091C80C009721F099
:10AD50000E9434F7823068F465EC70E18DE091E197
:10AD60000F9477358DE091E10F94783487E090E08F
:10AD7000C1CDC85EDE4F1882C851D140FE01EE5FE2
:10AD8000FE4F119211928EE0DF011D928A95E9F734
:10AD90000E9408F6882319F085E090E0ABCDE090A2
:10ADA000C70CF090C80CE114F10441F0C7010E94F7
:10ADB00034F7082F10E0023011055CF466E87FE0FC
:10ADC00087E191E10F94773587E191E10F94783431
:10ADD00098CF70E060E0C7010F94C655009709F462
:10ADE00089C09093DB0C8093DA0C69E77FE08DE0FB
:10ADF00091E10F9477356091DA0C7091DB0C8DE066
:10AE000091E10F9420358DE091E10F947834809199
:10AE1000DA0C9091DB0C0F94F302892B09F06DC0D2
:10AE200064EA76E087E191E10F94203587E191E1D2
:10AE30000F947834E090C70CF090C80C61E070E09B
:10AE4000C7010F94C6555C010230110509F46CC0AE
:10AE500062E0C7010E9462F6FC01C184D284033023
:10AE6000110509F46AC063E070E0C7010F94C6558C
:10AE70007C018091E9109091EA10892B09F462C05D
:10AE80000E94A3F7882309F45DC082E70E948EF731
:10AE90008091E9109091EA10DC01ED91FC9100881D
:10AEA000F189E02D60E470E019954FE050E0BE01BB
:10AEB0006E5F7E4F8091E9109091EA100E94E8F752
:10AEC0004C018091E9109091EA10DC01ED91FC9128
:10AED0000488F589E02D19958114910499F1E2E037
:10AEE000F1E0EC0FFD1FE80DF91D10828E010E5FE1
:10AEF0001E4F3EC080E792E074CF65E67FE08DE0B4
:10AF000091E10F9477356091DA0C7091DB0C8DE054
:10AF100091E10F9420356EE57FE08DE091E10F9493
:10AF200077358DE091E184CF7BE5C72E77E0D72E92
:10AF30009E01285E3E4F79019CCFAE01485E5E4F78
:10AF40007A0197CF053011058CF264E070E08091B2
:10AF5000C70C9091C80C0F94C6558C016EE37FE02E
:10AF60008DE091E10F9477358DE091E10F94783485
:10AF7000B092320FA092310FD092340FC092330FA3
:10AF80008AEB94E490932A0F8093290F40E150E0DC
:10AF900061E37FE0CE018E539F4F0F94036430E056
:10AFA00020E041E050E060E2CE018F579F4F0E94C9
:10AFB000916A40E250E063E975E3CE018F579F4FFD
:10AFC0000F94E56360E17FE08DE091E10F947735C8
:10AFD000B5018DE091E10F9420356EE07FE08DE0CA
:10AFE00091E10F947735B6018DE091E10E947BF6F7
:10AFF00067E07FE08DE091E10F947735B7018DE058
:10B0000091E10F94203562E07FE08DE091E10F94B3
:10B010007735F7018081811104C010E000E0F12C48
:10B02000E12CA090DA0CB090DB0C0E9408F68111A4
:10B03000C6C18091140F9091150FDC01ED91FC9128
:10B040000688F789E02D1995882309F498C081E0D6
:10B0500090E090931F0F80931E0F87E0E9E6F2E0E7
:10B06000DE01119601900D928A95E1F7FE0131966D
:10B0700085E090E02191A091160FB091170FA80FD5
:10B08000B91F2C9301968C309105A1F786E3E1144A
:10B09000F10429F086EB0115110509F086EFC09047
:10B0A000160FD090170FF601848780911B0F8587AC
:10B0B00080911A0F86878090180F9090190FB40115
:10B0C000C5010F94166441968816990608F08EC043
:10B0D0008091140F9091150FDC01ED91FC91048883
:10B0E000F589E02D19956FEB7EE087E191E10F94F2
:10B0F00077356091370F7091380F87E191E10E94A9
:10B100007BF667EA7EE087E191E10F94773587E18E
:10B1100091E10F9478348091C90C882379F0E09103
:10B12000C70CF091C80C828193819093C80C8093D6
:10B13000C70C892B09F0B4C10E94CA1B0F941709D0
:10B140006093C00C7093C10C8093C20C9093C30C9D
:10B150008091BC0C8F5F8093BC0C83330CF4ABC12B
:10B1600069E77EE087E191E10F94773587E191E12E
:10B170000F9478341092BC0C86EF9FEFBBCB60919C
:10B18000310F7091320F8091140F9091150FDC01E7
:10B19000ED91FC914091330F5091340F6115710581
:10B1A00071F00088F189E02D1995019709F44FCFCE
:10B1B0008EEF9FEF9093380F8093370F94CF0684D4
:10B1C000F785E02D21E135E03A83298340902D0F6A
:10B1D00050902E0F60902F0F7090300F4B825C823A
:10B1E0006D827E82BE016F5F7F4FDECF4FE050E009
:10B1F000B601C5010E9440F66C01A090180FB090F6
:10B20000190FB501CE018F579F4F0F9416648C0D07
:10B210009D1D0296A816B90608F45ACF6091160F24
:10B220007091170FA601CE018F579F4F0E9440F6D5
:10B230006C01A090180FB090190FB501CE018E537C
:10B240009F4F0F9416648C0D9D1D0296A816B9068B
:10B2500008F43ECF6091160F7091170FA601CE0132
:10B260008E539F4F0E9440F66C01E114F104B9F136
:10B27000A090180FB090190FB501C7010F94166474
:10B2800096012E5F3F4F820F931FA816B90608F450
:10B290001FCF6091160F7091170FA601C7010E9472
:10B2A00040F66C0101151105D1F0E090180FF090F7
:10B2B000190FB701C8010F94166496012E5F3F4F16
:10B2C000820F931FE816F90608F402CF6091160F5B
:10B2D0007091170FA601C8010E9440F66C01A601EB
:10B2E000455051096091160F7091170F80E10F942E
:10B2F00023090F9417096093200F7093210F8093F7
:10B30000220F9093230F6093240F7093250F809347
:10B31000260F9093270F8091140F9091150FDC0149
:10B32000ED91FC910084F185E02D1995892B21F593
:10B330000F9417090091240F1091250F2091260FCB
:10B340003091270F6B017C01C01AD10AE20AF30A7F
:10B3500020911C0F30911D0FA8EEB3E00F945F6B8E
:10B36000C616D706E806F906B0F28CEF9FEF909369
:10B37000380F8093370FACCECE018E5E9E4F0F9468
:10B38000CA0D643071058105910509F0A1CEE091E7
:10B39000160FF091170F838190E08111E8CF0F9481
:10B3A00017096093240F7093250F8093260F9093B5
:10B3B000270F1092280F1092380F1092370F10920B
:10B3C000BC0C64EF7EE08DE091E10F9477356091E5
:10B3D000DA0C7091DB0C8DE091E10F9420358DE05B
:10B3E00091E10F94783481E08093C40C30E020E048
:10B3F00043E050E061E4CE0101960E94916A6EEB59
:10B4000076E0CE0101960F94E16FCE0101960F9484
:10B410001E0A30E020E042E050E061E4CE010196F7
:10B420000E94916A62EC76E0CE0101960F94E16F82
:10B43000BE016F5F7F4F8EEB91E10F947C34CE01A4
:10B4400001960F941E0A30E020E041E050E061E4F4
:10B45000CE0101960E94916A62EC76E0CE010196DF
:10B460000F94E16FBE016F5F7F4F8EEB91E10F9400
:10B470007C34CE0101960F941E0A85E090E09093F3
:10B48000401380933F130F9417096093C00C70937F
:10B49000C10C8093C20C9093C30C61ED7EE021CA75
:10B4A0006EE57EE08DE091E10F9477358DE091E1DE
:10B4B0000F94783443CE8CE090E01CCA0F941709A7
:10B4C0000091C00C1091C10C2091C20C3091C30CA2
:10B4D000601B710B820B930B60347F4181059105DA
:10B4E00008F4A6C830E020E043E050E061E4CE017B
:10B4F0008F579F4F0E94916A6EEB76E0CE018F5777
:10B500009F4F0F94E16F0091180F1091190FB80120
:10B51000CE018F579F4F0F9416640996081719078D
:10B5200090F10E9408F6882371F180911E0F90918E
:10B530001F0F019609F4BCC090931F0F80931E0F3C
:10B54000E091160FF091170F80911F0F8583E09106
:10B55000160FF091170F80911E0F86836091160FC2
:10B560007091170F47E050E0CE018F579F4F0E9418
:10B5700040F6AC01455051096091160F7091170FBC
:10B5800082EA0F942309FE01EE53FF4F11921192AC
:10B590008EE3DF011D928A95E9F71A821982FE0176
:10B5A00033968EE7DF011D928A95E9F730E020E0BF
:10B5B00041E050E060E4CE018E539F4F0E94916ABB
:10B5C0004FE350E063E975E3CE018E539F4F0F9434
:10B5D000E5634FE750E06DE875E3CE0101960F9407
:10B5E000036441E0BE016F5F7F4FCE018E539F4FDA
:10B5F0000F94E50930E020E041E050E060E4CE0146
:10B600008E539F4F0E94916A4FE350E06FEE7FE0B0
:10B61000CE018E539F4F0F94E5634FE750E065EEE8
:10B620007FE0CE0101960F9403644FE750E062ED96
:10B630007FE0CE0101960F94E56341E0BE016F5FAC
:10B640007F4FCE018E539F4F0F94E50930E020E0ED
:10B6500041E050E060E4CE018E539F4F0E94916A1A
:10B660004FE350E06AEA75E3CE018E539F4F0F948B
:10B67000E5634FE750E062EC7FE0CE0101960F9466
:10B68000036441E0BE016F5F7F4FCE018E539F4F39
:10B690000F94E50986E090E09093401380933F1368
:10B6A00068EA70E18DE091E10F9477350C941853BE
:10B6B00081E090E041CF8091CC0C0E9408F681118E
:10B6C0000C94185308CB0F9417096093C00C709317
:10B6D000C10C8093C20C9093C30C85EF9FEF9093A5
:10B6E000401380933F138091CC0C0C9418530F940B
:10B6F00017090091C00C1091C10C2091C20C30911F
:10B70000C30C601B710B820B930B6838734181056E
:10B71000910510F40C9418531092401310923F139B
:10B720000C9418530E9408F681110F94B4100F94D2
:10B7300017096093C00C7093C10C8093C20C909356
:10B74000C30C8DE090E0D6C80F9417090091C00C8F
:10B750001091C10C2091C20C3091C30C601B710B75
:10B76000820B930B603177428105910508F0B3CAD3
:10B770000C9418530F9417096093C00C7093C10C6C
:10B780008093C20C9093C30C8EE090E0B3C80F94EA
:10B7900017090091C00C1091C10C2091C20C30917E
:10B7A000C30C601B710B820B930B603C744D81408A
:10B7B000910508F0E1CC0C9418530E94824B00973D
:10B7C00041F18130910509F486CA019611F00C947B
:10B7D00018530F9417090091C00C1091C10C2091BF
:10B7E000C20C3091C30C601B710B820B930B603346
:10B7F00075478105910510F40C94185365E870E1C4
:10B8000087E191E10F947735F0E0E0E019950C9431
:10B81000185383E190E09093401380933F130F946B
:10B8200017096093C00C7093C10C8093C20C909365
:10B83000C30C0C9418530E9408F681110F94B41095
:10B840000E94CA1B0F9417096093C00C7093C10C1F
:10B850008093C20C9093C30C8FEE9FEF4BC88091E6
:10B86000CC0C80913B1381110C94395482E190E00F
:10B870009093401380933F130E944647883C910564
:10B8800009F429CA8091CC0C882309F42DCA6EE5ED
:10B8900070E13CCA821B930BA40BB50B86A797A73C
:10B8A000A0ABB1AB0C947953821B930BA40BB50BDB
:10B8B00082AB93ABA4ABB5AB0C948953F12CE12CC8
:10B8C0000C94A253F12CE12C0C940E5454E0E51688
:10B8D000F104F1F085E0E816F10411F00C942B541A
:10B8E00065E570E187E191E10F94773587E191E1BA
:10B8F0000F94783486EF9FEF9093401380933F131B
:10B900000C942B5461E470E1EDCF61E170E1EACF7A
:10B9100065EF7FE08DE091E10F947735CE010196E0
:10B920000F94AB4ECE0101960E94A06D8DE091E187
:10B930000F9478340C942B54C5010F942F62D701C7
:10B9400018968D919C91009711F00F942F62C7016A
:10B950000F942F620C940E53A8950F94B03B82E085
:10B9600090E00E9493200E94B44C039734F00F940F
:10B970001B0F0F948C230F942D170C94FBED90E06C
:10B9800080E00895DC01ED91FC910284F385E02DC7
:10B990001994DF92EF92FF920F931F93CF93DF934F
:10B9A000EC010C891D890115110559F01D8A1C8AAD
:10B9B000C801DF91CF911F910F91FF90EF90DF9021
:10B9C0000895EC85FD858E859F85DF01A80FB91F41
:10B9D0002C91243209F055C011962C912B3709F087
:10B9E00050C00296E80FF91FF12CE12CDF01D19035
:10B9F000DD2009F446C08DE7D816E9F08FEFE81A8C
:10BA0000F80AF4CF198A188A2C853D85211531054D
:10BA100079F08E859F85280F391FF9012081222317
:10BA200021F001969F878E873EC01D861C86C0CF61
:10BA30000FEF1FEFBDCFE114F10419F11C928E85B9
:10BA40009F8502966C857D85680F791FE881F98155
:10BA50000684F785E02DCE011995998B888B1B8A7A
:10BA60001A8AEC85FD858E859F85E80FF91FEE0DFE
:10BA7000FF1DD2828E859F850396E80EF91EFF86F4
:10BA8000EE86288939892115310509F4BDCF8A89C7
:10BA90009B89280F391FF9012081222309F4B2CF95
:10BAA00001969B8B8A8B022F220F110B81CFDC0119
:10BAB0001C96ED91FC911D971E968D919C91E80F1F
:10BAC000F91F8081082E000C990B0895DC01159652
:10BAD0008D919C91009739F0DC01ED91FC910680ED
:10BAE000F781E02D1994089583E090E00895DC013A
:10BAF0001296ED91FC9113973097B9F016968D91AF
:10BB00009C918430910541F08530910541F0039777
:10BB100049F482E090E0089581E090E0089581E1A9
:10BB200090E00895828590E0089590E080E0089587
:10BB300085E090E008951F93CF93DF930097A1F0E5
:10BB4000FC011085212F2F70223071F4EC016185EA
:10BB50007285838594850F94C86969877A878B87F6
:10BB60009C87107F13601887DF91CF911F910895F4
:10BB70008EE090E008950D942F620D942F620D9445
:10BB80002F620D942F62EF92FF920F931F93CF932A
:10BB9000DF938C0161E071E28EEB91E10F947735D8
:10BBA0008EEB91E10F947834D8011496ED91FC91CD
:10BBB000309749F1C681D781209729F1E881F98131
:10BBC0003097E9F080818823D1F064EC76E0CE01F3
:10BBD0000E94EAF57C01009791F0FC018185928535
:10BBE000A385B4850097A105B10549F00F942F6294
:10BBF000D70119961D921D921D921C921C970A80C6
:10BC0000DB81C02DD9CFD801ED91FC910484F5855D
:10BC1000E02D60E0C801199581E090E0DF91CF91BF
:10BC20001F910F91FF90EF9008950D942F620D9446
:10BC30002F62EF92FF920F931F93CF93DF93EC014C
:10BC40008B018091DC0C9091DD0C0097A9F0FC0138
:10BC500020852F70263081F40E94EAF5FC01908542
:10BC60009F70943049F481859285DF91CF911F9127
:10BC70000F91FF90EF900895EE88FF88C70101971C
:10BC80000D97D0F468EC76E0C8010F94F76F892B1C
:10BC900099F48FE2888F85E08E9DB0018F9D700DA5
:10BCA00011246F507A4D46E050E0CE0149960F9432
:10BCB0000364CE014896D9CF90E080E0D6CF3F9282
:10BCC0004F925F926F927F928F929F92AF92BF92AC
:10BCD000CF92DF92EF92FF920F931F93CF93DF9358
:10BCE00000D000D0CDB7DEB77C01362E8091D90CC4
:10BCF000882309F40AC1D70114969C9180911D02F2
:10BD0000891708F402C180913B0D90913C0DBAE077
:10BD10006B1312C28A51934FFC011082D7011896FF
:10BD20008D919C91892B09F4ECC08091E20C90914B
:10BD3000E30CA091E40CB091E50C892B8A2B8B2BA2
:10BD400009F0CBC00F9417092B013C01F7010085C6
:10BD50001185D80119966D917C916115710599F441
:10BD6000F80185809680A780B0848091FA0E90912A
:10BD7000FB0EA091FC0EB091FD0E88169906AA0646
:10BD8000BB0609F484C0D8011B964D915C911C97A9
:10BD90004115510509F47BC0F701248153968C911C
:10BDA000539790E0322F377002C0959587953A955A
:10BDB000E2F780FF6CC0C22ED12CC601887F937041
:10BDC000892B39F451968D919C91887F9370C82A64
:10BDD000D92AD8018D919C91DC01ED91FC916115DE
:10BDE000710509F4C1C00688F789E02D19950197FE
:10BDF00009F04DC06CE3F801808191810F94933478
:10BE0000B601D8018D919C910E94EFFAF801228130
:10BE10008081918163EA75E2222311F061EA75E283
:10BE20000F947735D8011D966D917C911E978D9159
:10BE30009C910F94203560E2F801808191810F94EC
:10BE40009334D8011F966D917C9150978D919C9160
:10BE50000F942035F80122818081918166E975E295
:10BE6000222311F060E975E20F94773566EE7CE0ED
:10BE7000D8018D919C910F942035F801808191819A
:10BE8000DC01ED91FC91008CF18DE02D19950F9462
:10BE90001709AB01BC014419550966097709F70177
:10BEA00085819681453651056105710508F472C09A
:10BEB000009721F060EE75E20F949B354FEF5FEF36
:10BEC000BA0180E00F9452566093E20C7093E30C39
:10BED0008093E40C9093E50C14C00F941709009123
:10BEE000E20C1091E30C2091E40C3091E50C601B06
:10BEF000710B820B930B603375478105910508F038
:10BF000021CF10923C0D10923B0DD70115968D91CB
:10BF10009C911697009771F014963C9120911E0207
:10BF2000231740F0DC01ED91FC910190F081E02DB0
:10BF3000632D199581E090E026960FB6F894DEBF48
:10BF40000FBECDBFDF91CF911F910F91FF90EF906A
:10BF5000DF90CF90BF90AF909F908F907F906F9029
:10BF60005F904F903F9008950488F589E02D21E17E
:10BF700035E03A832983D80115968D909D90AD9038
:10BF8000BC9018978B829C82AD82BE82BE016F5F8F
:10BF90007F4F2CCF4091E20C5091E30C6091E40C68
:10BFA0007091E50C452B462B472B09F4AACF00973F
:10BFB00021F061ED75E20F949B351092E20C109226
:10BFC000E30C1092E40C1092E50CD70118960D9139
:10BFD0001C91F801618572856115710591F44580A8
:10BFE0005680678070848091FA0E9091FB0EA0912C
:10BFF000FC0EB091FD0E481659066A067B0609F440
:10C0000080CFD8011B964D915C911C97411551052D
:10C0100009F477CFF701248153968C91539790E0E0
:10C02000322F377002C0959587953A95E2F780FFD9
:10C0300068CFC22ED12CC601887F9370892B39F42A
:10C0400051968D919C91887F9370C82AD92AD801E6
:10C050008D919C91DC01ED91FC916115710509F4C4
:10C0600055C00688F789E02D1995019709F049CF49
:10C070006CE3F801808191810F949334B601D8016B
:10C080008D919C910E94EFFAF8012281808191812B
:10C090006CEB75E2222311F06AEB75E20F947735B1
:10C0A000D8011D966D917C911E978D919C910F9456
:10C0B000203560E2F801808191810F949334D8019A
:10C0C0001F966D917C9150978D919C910F94203586
:10C0D000F8012281808191816FEA75E2222311F0BB
:10C0E00069EA75E20F94773562EC75E2D8018D91BB
:10C0F0009C910F947735F80180819181DC01ED915D
:10C10000FC91008CF18DE02D1995FBCE0488F5890A
:10C11000E02D21E135E03A832983D80115964D9031
:10C120005D906D907C9018974B825C826D827E82D0
:10C13000BE016F5F7F4F98CF843591050CF0E5CE3F
:10C14000BDE06B1709F4E1CE9C012F5F3F4F3093A8
:10C150003C0D20933B0D8A51934FFC016083D5CE5B
:10C16000FC01828193810E949BBC21E030E08230FF
:10C1700011F430E020E0C9010895CF93DF93EC0182
:10C1800060E075E28EEB91E10F94773564EF74E235
:10C190008EEB91E10F9477356C817D818EEB91E18F
:10C1A0000E947BF66EEE74E28EEB91E10F94773590
:10C1B0008EEB91E10F94783460E08C810F949C06B3
:10C1C000E881F9810484F585E02D60E0CE011995C0
:10C1D00081E090E0DF91CF910895CF93DF93EC0160
:10C1E00067EC74E28EEB91E10F9477356C817D8181
:10C1F0008EEB91E10E947BF665EC74E28EEB91E1AF
:10C200000F947735EA81FB810280F381E02D608114
:10C2100071818EEB91E10F9420356FEB74E28EEB20
:10C2200091E10F9477358EEB91E10F947834E881AA
:10C23000F981008CF18DE02DCE01199581309105A9
:10C2400029F0029759F060E08C811AC063E070E039
:10C25000CE010E94A2EF60E00F949C0660E08C810A
:10C260000F949C0661E070E0CE010E94A2EF60E0B6
:10C270000F949C0662E070E0CE010E94A2EF60E0A5
:10C280000F949C06E881F9810484F585E02D60E037
:10C29000CE01199581E090E0DF91CF910895AF92A2
:10C2A000BF92CF92DF92EF92FF920F931F93CF93A3
:10C2B000DF93CDB7DEB768970FB6F894DEBF0FBE39
:10C2C000CDBFFC01098B1A8B2B8B3C8B4D8B5E8B6E
:10C2D0006F8B788F82819381009709F49DC02481B0
:10C2E0003581232B09F498C0CC2009F495C06F0147
:10C2F00070E060E00E945CB5192FD601ED91FC91D1
:10C30000008CF18DE02DC60119955C0182309105FC
:10C3100009F476C0039709F445C095E0F1E0AF1643
:10C32000B10409F091E019861A861B861C861D86C9
:10C330001E861F86188A8A85807F892B8A87EE242D
:10C34000EA94FE2C09891A892B893C894D895E89DA
:10C350006F89788DCE0109960E944530F1E0AF16C5
:10C36000B10409F44FC082E0A816B10409F045C039
:10C370006F8570E0D60114968C910F94D80661E019
:10C3800070E0C6010E94A2EF6E8570E00F94D8069F
:10C3900062E070E0C6010E94A2EF6D8570E00F942C
:10C3A000D8062BC0612F661F6627661FCE014196F7
:10C3B0000E9414285C01BC01D60114968C910F9444
:10C3C000D80663ED74E28EEB91E10F947735F601B8
:10C3D000648175818EEB91E10E947BF661ED74E2E0
:10C3E0008EEB91E10F947735B5018EEB91E10E94D0
:10C3F0007BF68EEB91E10F94783481E090E00EC0F3
:10C4000094E091CF63E070E0C6010E94A2EF6889DA
:10C4100070E00F94D806ACCF90E080E068960FB63D
:10C42000F894DEBF0FBECDBFDF91CF911F910F916A
:10C43000FF90EF90DF90CF90BF90AF900895CF9294
:10C44000DF92FF920F931F93CF93DF9300D000D022
:10C450001F921F92CDB7DEB76C01F02E1A83022F08
:10C4600010E0FF2029F00115110511F401E010E0A2
:10C4700040E050E061E070E0F601828193810E942B
:10C480002FB601301105A9F10230110541F0012B41
:10C49000B1F56DEB70E28EEB91E10F9477358A8107
:10C4A0008F70B9F1F60102811381C8010E94D0B4E6
:10C4B000672B682B692B89F401E010E0C8012896EE
:10C4C0000FB6F894DEBF0FBECDBFDF91CF911F91A5
:10C4D0000F91FF90DF90CF9008954FEF5FEFBA017B
:10C4E00080E00F945256AB01BC01C8010E948FB48A
:10C4F000E3CFF1E0FF1681F082E0F81669F061EB1E
:10C5000070E28EEB91E10F9477358EEB91E10F9411
:10C51000783410E000E0D2CFF601C280D380C601AB
:10C520000E94D0B4672B682B692B31F24FEF5FEF7D
:10C53000BA0180E00F945256AB01BC01C6010E94C3
:10C540008FB4BCCFCF92DF92EF92FF920F931F93E5
:10C55000CF93DC011296ED91FC9160E0848195818E
:10C560000E9462F68C01009729F0FC0180858F7093
:10C570008530D1F060E174E287E191E10F94773585
:10C5800087E191E10F947834C12CD12C90E8E92E09
:10C590009FEBF92EC701B601CF911F910F91FF902C
:10C5A000EF90DF90CF900895C8010E9434F781305A
:10C5B00040F18630A8F1893020F565E0C8010E947D
:10C5C00062F6FC0190859F709330F9F4C184D284A7
:10C5D000E384F484C1E060E0C8010E9462F6FC01DB
:10C5E00090859F70933009F5618572858385948568
:10C5F00020E030E0A9010F94C16987FF1FC0C1117D
:10C60000C9CFC12CD12C7601C5CF923049F46185B8
:10C610007285838594850F94C8696B017C01DACF9C
:10C62000C0E0C12CD12C7601D6CF923039F461858F
:10C630007285838594850F94C869DACFC111AACF1A
:10C64000C12CD12C8FE7E82E83E4F82EA3CFCF9313
:10C65000DF93EC016EED73E28EEB91E10F94773591
:10C66000EA81FB810280F381E02D608171818EEB94
:10C6700091E10F947C34EC81FD81309721F0808131
:10C6800091810F942F628C819D810F942F6270E0B5
:10C6900060E08A819B810E944CB41D821C8281E0F3
:10C6A00090E0DF91CF910895CF93DF93EC016CEC94
:10C6B00076E08EEB91E10F947C3440E050E0BA01DB
:10C6C0008A819B810E948FB4E881F9810484F58579
:10C6D000E02D60E0CE0119956D858C810F946E067A
:10C6E0006D858D810F946E0681E090E0DF91CF9192
:10C6F0000895CF93DF93EC016BED76E08EEB91E143
:10C700000F942035EA81FB810280F381E02D608166
:10C7100071818EEB91E10F947C348C819D81009727
:10C7200011F00F942F6270E060E08A819B810E947B
:10C730004CB41D821C8281E090E0DF91CF9108957E
:10C74000CF93DF93DC011496ED91FC91309741F18A
:10C75000C681D781209721F1E881F9813097E1F0F6
:10C7600080818823C9F020E030E0A9016BED77E0FB
:10C77000CE010F949155603171054CF46E30710506
:10C780001CF46130710541F481E090E00BC063510D
:10C79000710964307105C0F30A80DB81C02DDACFE6
:10C7A00090E080E0DF91CF9108951F93CF93DF93C6
:10C7B000142F0F940155EC01892BF9F08885982FDF
:10C7C0009F70923039F0933071F0911116C0807FD4
:10C7D00082608887412F50E070E060E049875A8787
:10C7E0006B877C870AC0612F70E090E080E00F9437
:10C7F000C66969877A878B879C87CE01DF91CF9145
:10C800001F910895CF92DF92EF92FF92CF93DF9323
:10C8100069017A010F940155EC01892BC9F08885D3
:10C82000982F9F70923039F0933051F0911110C0D1
:10C83000807F82608887C986DA86EB86FC8608C09E
:10C84000C701B6010F94C86969877A878B879C876F
:10C85000CE01DF91CF91FF90EF90DF90CF900895C0
:10C86000CF92DF92EF92FF92CF93DF9369017A012B
:10C870000F940155EC01892BC9F08885982F9F7082
:10C88000923039F0933071F0911110C0807F826046
:10C890008887C701B6010F94936C69877A878B8765
:10C8A0009C8704C0C986DA86EB86FC86CE01DF91C0
:10C8B000CF91FF90EF90DF90CF9008950F931F934B
:10C8C000CF93DF938A010F940155EC01892BF9F086
:10C8D0008885982F9F70923039F0933071F09111C4
:10C8E00016C0807F82608887012E000C220B330BDC
:10C8F00009871A872B873C870AC0B801110F880B5C
:10C90000990B0F94C86969877A878B879C87CE01BA
:10C91000DF91CF911F910F910895CF92DF92EF9207
:10C92000FF920F931F93CF93DF93009701F1DC01E8
:10C930001896EC91EF70E630D1F469017A018B0121
:10C94000EC010E94EAF50097A1F4A7019601B80155
:10C95000CE010F944702B801CE01DF91CF911F9114
:10C960000F91FF90EF90DF90CF900C94EAF590E05C
:10C9700080E0DF91CF911F910F91FF90EF90DF90BA
:10C98000CF900895CF92DF92EF92FF920F931F9373
:10C99000CF93DF93009701F1DC011896EC91EF70D3
:10C9A000E630D1F469017A018B01EC010E94EAF5CD
:10C9B0000097A1F4A7019601B801CE010F942302BC
:10C9C000B801CE01DF91CF911F910F91FF90EF90B1
:10C9D000DF90CF900C94EAF590E080E0DF91CF916A
:10C9E0001F910F91FF90EF90DF90CF9008952F92BD
:10C9F0003F924F925F926F927F928F929F92AF92EF
:10CA0000BF92EF92FF920F931F93CF93DF93CDB717
:10CA1000DEB72C970FB6F894DEBF0FBECDBF6130E6
:10CA2000710509F463C18C01FC01E280F38040E0F0
:10CA300050E061E070E0C7010E9458B6672B682B98
:10CA4000692B09F453C140E050E062E070E0C70197
:10CA50000E9458B6672B682B692B89F480910002DD
:10CA6000882309F443C140E050E062E070E0C70170
:10CA70000E942FB680910002815080930002F8013D
:10CA8000E280F380C7010E94D0B44B015C0119829F
:10CA90001A821B821C821D821E821F8218868A8136
:10CAA000807F8A8340E050E2B701CE0101960E9468
:10CAB000512760E0CE0101960E9414287C01F80104
:10CAC000828193810E949BBC823011F0853011F4E9
:10CAD000F12CE12CF80186819AEC980F903108F046
:10CAE000B7C121853285A90170E060E049875A8786
:10CAF0006B877C8743845484712C612C0F94AF071F
:10CB00009C01990F440B550B241935094609570907
:10CB1000AFEFB0E00F944C6B29853A854B855C856F
:10CB200024193509460957090F942D6B390137FD32
:10CB3000B9C15FEF6516710411F00CF0B6C1811434
:10CB40009104A104B10409F08BC1E618F70856EF6F
:10CB5000E5165FEFF5060CF0F6C0F80165858581F6
:10CB60000F946E06F801A280B380C5010E94D0B474
:10CB7000672B682B692B59F44FEF5FEFBA0180E008
:10CB80000F945256AB01BC01C5010E948FB4F8014D
:10CB9000B48065858EEF8B0D8C3028F084ED8B0D85
:10CBA000833008F070C0AA27BB27AE19BF096623DF
:10CBB00009F45CC09D01A1E0BFEF0F94A56B29E1D2
:10CBC00030E040E050E00F942D6BBA01A9014150D4
:10CBD0005F4F6F4F7F4F942F852F692F782F6F3FB7
:10CBE000710519F014F06FEF70E06634710514F4FC
:10CBF00066E470E08B2D78C062EA70E28EEB91E122
:10CC00000F9477358EEB91E10F9478346AEE76E0ED
:10CC10008EEB91E10F947C34F801658584810F944B
:10CC20006E06F801658585810F946E0640E050E040
:10CC3000BA01F801828193810E948FB440E050E0F4
:10CC400061E070E0F801828193810E9406B640E0C5
:10CC500050E062E070E0F801828193810E9406B6A4
:10CC6000809100028F5F8093000240C02FEF30E080
:10CC70000F94AD6B29E130E040E050E00F942D6B54
:10CC8000922F832FAACF858191E069279EEF980F7D
:10CC90009C3020F08C52833008F0D6C08B2D0F943E
:10CCA0006E06AA27BB27AE19BF09F8018585882320
:10CCB000B1F12FEF30E00F94AD6B29E130E040E0AF
:10CCC00050E00F942D6B922F832F692F782F6F3F99
:10CCD000710519F014F06FEF70E06634710514F40B
:10CCE00066E470E0F80185810F94D80690E080E05A
:10CCF0002C960FB6F894DEBF0FBECDBFDF91CF915B
:10CD00001F910F91FF90EF90BF90AF909F908F90E9
:10CD10007F906F905F904F903F902F9008959D016E
:10CD2000A1E0BFEF0F94A56B29E130E040E050E0B7
:10CD30000F942D6BBA01A90141505F4F6F4F7F4F88
:10CD4000942F852FC2CFFBE0EF16F1040CF45ECFD9
:10CD5000F801658584810F946E06F801A280B38086
:10CD6000C5010E94D0B4672B682B692B59F44FEF93
:10CD70005FEFBA0180E00F945256AB01BC01C501D0
:10CD80000E948FB4F801B58065858EEF8B0D8C30D5
:10CD900020F084ED8B0D8330B0F4662351F09701C1
:10CDA000A1E0BFEF0F94A56B23E330E040E050E03B
:10CDB0000ACF2FEF30E0D7010F94AD6B23E330E0C3
:10CDC00040E050E05BCF848191E069279EEF980FAF
:10CDD0009C3018F08C528330B8F58B2D0F946E0672
:10CDE000F80185858823E1F02FEF30E0D7010F941B
:10CDF000AD6B29E130E040E050E00F942D6B922FB5
:10CE0000832F692F782F77FF02C070E060E06F3FBB
:10CE1000710519F014F06FEF70E0F801848164CFB0
:10CE20009701A1E0BFEF0F94A56B29E130E040E04E
:10CE300050E00F942D6BBA01A90141505F4F6F4F25
:10CE40007F4F942F852FDDCF8B2D0F946E064ECF05
:10CE500066246A94762C81149104A104B104F1F043
:10CE6000F80127803084032C000C440855080F94E7
:10CE70001709211431044104510409F4BDCE681985
:10CE800079098A099B09621573058405950508F0DF
:10CE9000B3CEFFEF6F167F0609F057CE4FE7E41AC7
:10CEA000F10855CE712C612C4ACE66246A94712CFF
:10CEB00046CE5F926F927F928F929F92AF92BF9277
:10CEC000CF92DF92EF92FF920F931F93CF93DF9356
:10CED000CDB7DEB760970FB6F894DEBF0FBECDBFFB
:10CEE000E986FA860B871C872D873E874F87588BEC
:10CEF0006115710511F0011103C090E080E0D7C009
:10CF00004B018C01DB01AD90BC9019821A821B820F
:10CF10001C821D821E821F8218868A81807F8A83DE
:10CF200068EF76E0C4010E94EAF56C016FEE75E0EF
:10CF3000C4010E94EAF57C016DEF76E0C4010E9415
:10CF4000EAF54C01C114D10471F1F60180858F70AE
:10CF5000843049F5818592850E943020782EF9E051
:10CF60008F17D1F1F8173CF081E07816F4F4C12C5A
:10CF7000D12C76016AC0AAE08A13F9CFB701CE019D
:10CF800009960E946F2C29833A834B835C836D83BF
:10CF90007E838F8398873F7009F4AFCFCE010196CF
:10CFA0000E94172F16C077247394B701CE010996FB
:10CFB0000E946F2C29833A834B835C836D837E832D
:10CFC0008F8398873F7009F498CFCE0101960E9415
:10CFD000BB296B017C0139C0B701CE0109960E94C3
:10CFE0006F2C29833A834B835C836D837E838F838D
:10CFF00098873F7009F481CF31503B3008F0B7CFAC
:10D00000E32FF0E08827E85FF7498F4F0D94966B88
:10D010001C681C68B767136813687A686D686D6868
:10D020006D68136813682D813E814F815885AAE091
:10D03000B0E00F944C6BCDCFCD80BAE0CB9E6001B9
:10D0400011240D2C000CEE08FF0880911E0289307F
:10D0500020F480911D028930E8F060E770E28EEBE9
:10D0600091E10F947735B5018EEB91E10F94203566
:10D0700069E670E28EEB91E10F9477352AE030E0BB
:10D08000B701A6018EEB91E10F949A348EEB91E1FA
:10D090000F947834D8011296ED91FC9162E084816E
:10D0A00095810E9462F6009791F581E090E060968C
:10D0B0000FB6F894DEBF0FBECDBFDF91CF911F91A9
:10D0C0000F91FF90EF90DF90CF90BF90AF909F9027
:10D0D0008F907F906F905F90089520E030E040E265
:10D0E00051E46D817E818F8198850F94276A0F941A
:10D0F000936C6FCF6D817E818F8198852AE030E0BF
:10D1000040E050E00F942D6B69017A019ECFFC0145
:10D1100020852F70263049F6B5010E94EAF58C0172
:10D12000009719F2DC0118968C9118978F709BEF7D
:10D13000980F923008F0B9CF502E612E853029F427
:10D1400016965C90169717966C9069E077E0852D9F
:10D15000962D0E94EAF55C01852D962D0F94CF0443
:10D16000A114B104F9F081149104E1F0F4012085D7
:10D170002F702130B9F421852223A1F0009749F1C5
:10D18000DC0119964D915D916D917C911C974C1528
:10D190005D056E057F0531F418968C91807F6CE0FB
:10D1A00077E071F1D80118968C91189780681896DD
:10D1B0008C93A114B10469F1F501C186D286E3868E
:10D1C000F486729490EF792280858F70782A708629
:10D1D0006CCFF50181859285A385B4858C159D055D
:10D1E000AE05BF05F9F6208522952F70872D8F702B
:10D1F000082E000C990B28171906A1F66DE277E0AE
:10D200008EEB91E10F9420358EEB91E10F94783401
:10D210004CCF60E670E28EEB91E10F947735D80148
:10D220006D917C918EEB91E10F9420358EEB91E125
:10D230000F947834A701960169E077E0852D962D4B
:10D240000F94230269E077E0852D962D0E94EAF580
:10D25000FC01892B09F429CF729480EF7822908504
:10D260009F70792AB4CF2F923F924F925F927F9214
:10D270008F929F92AF92BF92CF92DF92EF92FF92E6
:10D280000F931F93CF93DF9300D000D01F921F9274
:10D29000CDB7DEB709831A832B833C834D835E832E
:10D2A0006F837887DC011496ED91FC910FEF1FEFEF
:10D2B0003097F9F057014C01C288D388E114F1048A
:10D2C00089F1F7018081882369F1C114D10489F1C2
:10D2D000B701C6010E94EAF5E980FA800B811C8142
:10D2E0002D813E814F815885BC01C4010E94596740
:10D2F0008C01C80128960FB6F894DEBF0FBECDBFD3
:10D30000DF91CF911F910F91FF90EF90DF90CF9021
:10D31000BF90AF909F908F907F905F904F903F9085
:10D320002F900895C114D10421F0D6011696CD9006
:10D33000DC907B80F12C0FEF1FEF272C312C512C30
:10D34000412CC114D10449F165EC76E0C6010E947C
:10D35000EAF50097E9F0FC0120852F702230C1F436
:10D3600081859285A385B48582159305A405B505AD
:10D3700079F4E980FA800B811C812D813E814F81F7
:10D380005885B601C4010E9459678C01FF24F394AB
:10D39000D6011296CD90DC90D4CFF110AACF6BE8D5
:10D3A00070E287E191E10F947735B50187E191E172
:10D3B0000F9420356FE770E287E191E10F947735A4
:10D3C000672D70E087E191E10E947BF687E191E1B2
:10D3D0000F9478348ECF1F93CF93DF9300D000D07B
:10D3E000CDB7DEB76130710509F46BC05CF4672B13
:10D3F00009F45DC06FE07EE18EEB91E10F9477352B
:10D4000080E04BC06230710571F06330710591F7B7
:10D4100090933E0F80933D0F55275093400F4093BC
:10D420003F0F84E009C090933E0F80933D0F5093CF
:10D43000400F40933F0F83E00F94710A182F4FEF76
:10D440005FEFBA0180E00F9452566093DE0C709348
:10D45000DF0C8093E00C9093E10C1123D9F06AEF7C
:10D460007DE187E191E10F947735812F90E0B0E085
:10D47000A0E089839A83AB83BC8380E190E09E83A4
:10D480008D83BE016F5F7F4F87E191E10E94AFBE48
:10D490000F94783481E01111B3CF26960FB6F8942B
:10D4A000DEBF0FBECDBFDF91CF911F910895909346
:10D4B0003E0F80933D0F5093400F40933F0F81E00C
:10D4C000BBCF90933E0F80933D0F5093400F4093FE
:10D4D0003F0F82E0B1CFCF93DF93EC01EC81FD8170
:10D4E00040815181052E000C660B770B22818CE365
:10D4F0009EE00F94833670E060E08A819B810E94F9
:10D500005CB5E9E3FFE082838CE39EE09183808356
:10D510001092491010924B1010924A10DF91CF9147
:10D5200008958F929F92AF92BF92CF92DF92EF9227
:10D53000FF920F931F93CF93DF937C014A01590110
:10D54000C091DC0CD091DD0C062F660F110B2097DB
:10D5500009F45CC088858F70863009F055C06EE490
:10D5600077E0CE010E94EAF56C0182E08816910412
:10D5700049F063E577E0E3E08E16910429F0D0E00E
:10D58000C0E006C067E577E0CE010E94EAF5EC0155
:10D59000C114D104D9F1F60180858F708430B1F5C2
:10D5A00061857285A801C7010F942570A8016CE5FB
:10D5B00077E0C7010F940770209779F188858F7005
:10D5C000843059F569857A85A801C7010F940770E1
:10D5D000A8016CE577E0C7010F940770A114B104AE
:10D5E00029F0A801B501C7010F940770C701DF91A9
:10D5F000CF911F910F91FF90EF90DF90CF90BF9050
:10D60000AF909F908F900895D0E0C0E0A80164E4AF
:10D6100076E2C7010F940364C9CFF2E08F1691043C
:10D6200081F083E08816910429F06091DA0C709102
:10D63000DB0CCACFA8016EE376E2C7010F94E56365
:10D64000C7CFA8016BE376E2F8CFFF920F931F9349
:10D65000CF93DF93CDB7DEB7C455D1090FB6F89499
:10D66000DEBF0FBECDBF8C01F62EDC0116966C918D
:10D67000FF2011F081E06827F80184810F946E0685
:10D68000F80187819085A185B285883E9340A105E8
:10D69000B10508F49BC060E475E28EEB91E10F9454
:10D6A00077356BE375E28EEB91E10F947735D80116
:10D6B00014966D917C918EEB91E10E947BF666E36E
:10D6C00075E28EEB91E10F9477356F2D70E08EEB64
:10D6D00091E10E947BF68EEB91E10F947834FE018C
:10D6E000E55BFF4F8FE290E08193919388E0DF014B
:10D6F0001D928A95E9F76FE275E2CE01855B9F4F37
:10D700000F94C163F801828193810E949BBCFF202A
:10D7100009F469C067E275E2853151F060E275E2B3
:10D72000863131F064E175E28F3011F46CE175E21D
:10D73000CE018F5B9F4F0F94D56380913F139091E3
:10D740004013059709F442C0D8011296ED91FC915F
:10D750000280F381E02D0081118101151105B1F1E5
:10D7600040E450E0B801CE0101960F9425706FE2BD
:10D7700070E0CE0101960F94EC6F892B41F4980173
:10D7800043E050E060E4CE0101960E94916A4FE3CD
:10D7900050E0BE01655B7F4FCE0101960F9407708C
:10D7A0000E9408F6882391F080913F1390914013D6
:10D7B000069761F480913A13811108C041E0BE01DF
:10D7C0006F5B7F4FCE0101960F94E509CC5ADF4F76
:10D7D0000FB6F894DEBF0FBECDBFDF91CF911F9182
:10D7E0000F91FF90089560E175E2823009F4A0CFB7
:10D7F0006BE075E29DCFAF92BF92CF92EF92FF9216
:10D800000F931F93CF93DF9300D000D01F921F92EE
:10D81000CDB7DEB75C0109831A832B833C834D832C
:10D820005E836F83788765E875E28EEB91E10F94F4
:10D830007735CE0101960E94F425E114F10439F008
:10D840006EE775E2C7010F94CC63009749F1F501CB
:10D85000028113810115110509F18981811163C0CC
:10D860008B81813009F467C068F1823049F1082F5B
:10D8700010E06BE575E28EEB91E10F9477356BE488
:10D8800075E28EEB91E10F947735B8018EEB91E163
:10D890000E947BF68EEB91E10F94783490E080E06B
:10D8A00028960FB6F894DEBF0FBECDBFDF91CF91A3
:10D8B0001F910F91FF90EF90CF90BF90AF90089580
:10D8C000CC20D9F060E0CE0101960E941428892B6B
:10D8D00009F44EC0C8010E94D0B4672B682B692B95
:10D8E000F9F44FEF5FEFBA0180E00F945256AB01AD
:10D8F000BC01C8010E948FB413C0C8010E949BBC28
:10D900008E3019F050F4813059F460E0CE01019668
:10D910000E941428892B21F0DDCF83518430A8F395
:10D9200081E090E0BDCF8031F0F48E3098F6813008
:10D9300089F28230E9F063E775E28EEB91E10F94B2
:10D94000773566E675E28EEB91E10F947735698164
:10D950008EEB91E10E9474F68EEB91E10F94783496
:10D9600001E010E086CF8351843008F4B3CFE3CFD9
:10D9700040E050E0BA01C8010E948FB460E0C501E8
:10D980000E94256BCDCF4F925F926F927F928F92C4
:10D990009F92AF92BF92CF92DF92FF920F931F930D
:10D9A000CF93DF9300D000D01F921F92CDB7DEB788
:10D9B0006130710509F482C0FC01628173816115D7
:10D9C000710509F47BC08C0119821A821B821C82AA
:10D9D0001D821E821F8218868A81807F8A8340E092
:10D9E00050E2CE0101960E94512760E0CE010196DF
:10D9F0000E9414286C01F801828193810E94D0B4A6
:10DA00002B013C01F8012781308541855285D601E3
:10DA10000F94576B2FEF30E040E050E00F940B6B0A
:10DA200049015A010F941709FF24F39481149104BA
:10DA3000A104B10461F06419750986099709FF24EE
:10DA4000F394681579058A059B0508F4F12C4114B7
:10DA500051046104710491F1F80187809084A184DC
:10DA6000B2840F941709F80181149104A104B10440
:10DA700051F06419750986099709681579058A05B1
:10DA80009B0508F449C0A280B3804FEF5FEFBA0155
:10DA900080E00F945256AB01BC01C5010E948FB4C7
:10DAA000CD2861F0F80184810F943B56F8019681EE
:10DAB000891304C061E0C8010E94256B90E080E0FA
:10DAC00028960FB6F894DEBF0FBECDBFDF91CF9181
:10DAD0001F910F91FF90DF90CF90BF90AF909F90DC
:10DAE0008F907F906F905F904F900895FF20D9F0B6
:10DAF00060E0C8010E94256BF801828193810E9439
:10DB0000D7D6892BD9F640E050E0BA01F8018281DE
:10DB100093810E948FB4D2CF84810F943B56F80139
:10DB200096818913E3CFCD2849F2F80184810F94BF
:10DB30003B56F80196818913C1CFF110BFCFBACF00
:10DB4000AF92BF92CF92DF92EF92FF921F93CF934B
:10DB5000DF9300D000D0CDB7DEB76C017C0110E0C0
:10DB60008AE0A82EB12C133061F1F701828190E098
:10DB7000B0E0A0E089839A83AB83BC83BE82AD8290
:10DB8000BE016F5F7F4F8DE091E10E94AFBE69E300
:10DB900076E20F9477351F5FFFEFEF1AFF0A14301C
:10DBA00011F726960FB6F894DEBF0FBECDBFDF91FA
:10DBB000CF911F91FF90EF90DF90CF90BF90AF90EB
:10DBC0000895F601858190E0B0E0A0E089839A8312
:10DBD000AB83BC83BE82AD82BE016F5F7F4F8DE0A1
:10DBE00091E10E94AFBE67E376E2D3CFFC01DC0196
:10DBF0008D918111FDCF30E020E050E040E08AE0DF
:10DC00009191992301F1443051055CF59E3271F4F4
:10DC10002F3F310509F02CF5DB01A40FB51F12963B
:10DC20002C934F5F5F4F30E020E0EACF829FD0011E
:10DC3000839FB00D1124292F990F330B20533109E5
:10DC40002A0F3B1FDDCF2F3F310509F054F444303C
:10DC500051053CF4640F751FFB01228381E090E0C5
:10DC6000089590E080E00895CF93DF931F921F9274
:10DC7000CDB7DEB78091571490915814009711F4E6
:10DC800083E694E1BE016F5F7F4F681B790B072E1F
:10DC9000000C880B990B0F900F90DF91CF91089596
:10DCA0004F925F926F927F929F92AF92BF92CF926C
:10DCB000DF92EF92FF920F931F93CF93DF93CDB735
:10DCC000DEB768970FB6F894DEBF0FBECDBFFC017C
:10DCD000198A1A8A1B8A1C8A1D8A1E8A1F8A188E14
:10DCE0008A89807F8A8BA081B181109709F47AC0DC
:10DCF0008C91882309F476C000811181D8019C9110
:10DD0000992309F443C09D3209F4DAC090539A3044
:10DD100028F00F5F1F4F11830083EECFC801912CB5
:10DD2000DC016D01C81AD90A2D91022E000C330BAB
:10DD3000205331092A303105A0F37F016EE270E0F3
:10DD4000C8010F94EC6FFC01009709F448C0DC0196
:10DD50005D01AE1ABF0A11968C911197082E000C26
:10DD6000990BC09711960A9798F38181282F082E56
:10DD7000000C330B205331092A30310518F480335D
:10DD80000CF057C020E030E0A90108C0912CD12C44
:10DD9000C12CD3CF29E030E040E050E0AAE0B0E071
:10DDA0000F944C6B2B013C012281822F022E000C20
:10DDB000990BC0978A30910570F420330CF441C060
:10DDC0002A330CF042C0092E000CAA0BBB0B480EE4
:10DDD000591E6A1E7B1EA114B10409F088C0CD280B
:10DDE00009F073C088E0FE017196DE01199601907A
:10DDF0000D928A95E1F729853A854B855C856D857D
:10DE00007E858F85988968960FB6F894DEBF0FBE21
:10DE1000CDBFDF91CF911F910F91FF90EF90DF90D9
:10DE2000CF90BF90AF909F907F906F905F904F90FA
:10DE300008958A330CF0AECF032E000C440B550B23
:10DE4000ADCF80E090E0DC01C2CF89E090E0A0E0BF
:10DE5000B0E0BDCFB8E0CB16D1040CF04DC0C80186
:10DE60000F947E639B01AC01A4E6B0E00F944C6B71
:10DE7000992041F07094609450944094411C511C3E
:10DE8000611C711C2A89207F26602A8B460E571E32
:10DE9000681E791E4D8A5E8A6F8A788E6CE270E009
:10DEA000F701808191810F94EC6F009721F4D701E5
:10DEB0001D921C9297CF0196F7019183808392CF98
:10DEC000C8010196992493942BCFC8010F947E63C7
:10DED000AB01BC01CE0141960E94282729833A83D9
:10DEE0004B835C836D837E838F839887D7CFF3E0EA
:10DEF000AF16B1040CF4AECFC8010F945C632A894D
:10DF0000207F27602A8B6D8B7E8B8F8B988FC6CF5F
:10DF1000CF92DF92EF92FF920F931F93CF93DF93F5
:10DF2000EC01A881B981109781F18C91882369F166
:10DF300008811981F8019081992351F09D3241F0B7
:10DF400090539A3028F00F5F1F4F19830883F0CF4A
:10DF5000C8010F947E636B017C016CE270E0C80124
:10DF60000F94EC6F009769F419821882C701B6010B
:10DF7000DF91CF911F910F91FF90EF90DF90CF90A5
:10DF80000895019699838883F1CFC12CD12C760115
:10DF9000EDCF0097B1F1FC01DB01AC01405F5F4FB9
:10DFA00080E090812FE9290F263098F497559295BB
:10DFB000907F9C9321813FE9320F3630B0F4275592
:10DFC000922B9D933296E417F50759F791E0892734
:10DFD00008952FEB290F263010F49753E8CF905374
:10DFE0009A3028F381E090E0E2CF3FEB320F3630F9
:10DFF00010F42753E5CF20532A3010F381E020E0BE
:10E00000DFCF80E008950097D1F0DC011696ED9106
:10E01000FC913097A1F080858F70843021F4818548
:10E020009285009771F40680F781E02D309739F0E2
:10E0300080858F70843019F481859285089590E0F1
:10E0400080E00895089508950895089508950F9320
:10E050001F93CF93DF93EC011D860A811B8170E033
:10E0600060E0C8010E945CB587FD44C08C838C8150
:10E070008150853410F080E28C8361E070E0C8014B
:10E080000E945CB587FD3BC08D838D8181508534B6
:10E0900010F081E28D8362E070E0C8010E945CB5FF
:10E0A000863490F58E8363E070E0C8010E945CB511
:10E0B0009C01215031092115344040F59A87898708
:10E0C00064E070E0C8010E945CB5813024E09207F2
:10E0D00000F59C878B8765E070E0C8010E945CB505
:10E0E00018161906CCF498878F83DF91CF911F9172
:10E0F0000F91089581958C8381E08D87B8CF8195AC
:10E100008D8381E08D87C1CF1E82CDCF1A8619867F
:10E11000D7CF80E094E0DDCF80E197E2E4CFCF93EA
:10E12000DF93EC0163EE74E28EEB91E10F947735AF
:10E130006EED74E28EEB91E10F9477356C817D8109
:10E140008EEB91E10E947BF668ED74E28EEB91E13B
:10E150000F9477358EEB91E10F94783461E08C81E8
:10E160000F949C066E818C810F946E068A819B8130
:10E17000009729F040E050E0BA010E948FB4E88196
:10E18000F9810484F585E02D62E0CE0119958A813C
:10E190009B81009799F00E94D7D61816190674F43F
:10E1A0000A80DB81C02D4FEF5FEFBA0180E00F9452
:10E1B0005256AB01BC01CE010E948FB481E090E0C9
:10E1C000DF91CF910895CF93DF93EC0165EB74E27B
:10E1D0008EEB91E10F9477356C817D818EEB91E12F
:10E1E0000E947BF663EB74E28EEB91E10F9477353E
:10E1F000EA81FB810280F381E02D608171818EEBE9
:10E2000091E10F9420356DEA74E28EEB91E10F9469
:10E2100077358EEB91E10F9478348A819B81892B3D
:10E2200009F451C08C819D81892B09F04CC0E88193
:10E23000F981008CF18DE02DCE0119958130910589
:10E2400029F0029759F061E08C811AC063E070E018
:10E25000CE010E94A2EF61E00F949C0661E08C81E8
:10E260000F949C0661E070E0CE010E94A2EF61E095
:10E270000F949C0662E070E0CE010E94A2EF61E084
:10E280000F949C068091A100887F8093A1008091CB
:10E290009100887F809391008091A100826080939B
:10E2A000A10080919100826080939100E881F981C2
:10E2B0000484F585E02D62E0CE01199581E090E0BF
:10E2C000DF91CF91089590E080E0FACF2F923F92B6
:10E2D0004F925F926F927F928F929F92AF92BF9276
:10E2E000CF92DF92EF92FF920F931F93CF93DF9322
:10E2F000CDB7DEB76A970FB6F894DEBF0FBECDBFBD
:10E300009C878B87DC011496ED91FC91309709F482
:10E310008FC2268037802114310409F450C2D10104
:10E32000ED91FC91309709F445C28081882309F46E
:10E3300041C22FEF3FEFA90163E979E0C1010E94DB
:10E34000C26422E030E040E050E06BED77E0C101D4
:10E350000E94C2642FEF3FEFA90163E577E0C1019E
:10E360000E94C26464EC76E0C1010E94EAF59A83DF
:10E370008983009709F41EC2FC0180858F70853067
:10E3800009F018C2CF010E9434F7833008F412C29A
:10E3900020E030E040EA51E463E578E0C1010E940A
:10E3A0008D645C010E949B5D20E030E040EC5FE703
:10E3B0006DE775E0C1010E948D646C010E949B5D58
:10E3C00020E030E040E050EC6EE577E0C1010E94D3
:10E3D0008D647C010E949B5D00E010E020E83FE33B
:10E3E00050E040E061E677E089819A810F945455CE
:10E3F0002B013C0120E030E0A9010F94C169912C70
:10E40000812C87FF07C077FA709477F8709488247E
:10E410008394912C00E010E0980141E050E064E624
:10E4200077E089819A810F9454556B837C838D8327
:10E430009E8300E010E0980142E050E067E677E05C
:10E4400089819A810F9454556F83788789879A8739
:10E4500000E010E020EA30E443E050E06AE677E0D4
:10E4600089819A810F945455698B7A8B8B8B9C8B05
:10E4700000E010E020EF32E444E050E06DE677E0A9
:10E48000C1010F9454556D877E878F87988B00E06C
:10E4900010E0980145E050E067E777E0C1010F9494
:10E4A00054556D8B7E8B8F8B988F88E490E00F9402
:10E4B00093619A8F898FF9E0EF0EF11CDC015F9672
:10E4C000FC92EE925E97B9E0CB0ED11CFC01D58E8A
:10E4D000C48EF9E0AF0EB11CDC019196BC92AE92F5
:10E4E0009097FC01EA5BFF4F1082389710821182EF
:10E4F00012821382349680E090E0AFE7B3E4808329
:10E500009183A283B38384E690E0A0E0B0E0E98D3C
:10E51000FA8D82AF93AFA4AFB5AFB401CF010F9422
:10E52000E53620E030E0A901C301B2010F94C169D2
:10E5300087FD9FC020E030E0A9016B817C818D8147
:10E540009E810F94C16987FD94C020E030E0A9014D
:10E550006F81788589859A850F94C16987FD89C007
:10E5600081E090E0A98DBA8D5B969C938E935A972B
:10E57000FD01E95BFF4FB1E0B083E98DFA8D408288
:10E580005182628273828B819C81AD81BE81848342
:10E590009583A683B7838F819885A985BA8580875F
:10E5A0009187A287B38762AD73AD84AD95AD0F94AB
:10E5B000C66920E030E04AE754E40F94216C6B0117
:10E5C0007C01A98DBA8D1C964D925D926D927C92C4
:10E5D0001F97AC019B016B817C818D819E810F9483
:10E5E000276A4B015C01E98DFA8D808A918AA28AA3
:10E5F000B38AA70196016F81788589859A850F94E2
:10E60000216C6B017C01A98DBA8D5496CD92DD925F
:10E61000ED92FC92579758968D919C91019749F5F0
:10E62000A301920160E070E0CB010F94B46BE98D1F
:10E63000FA8D6487758786879787A501940160E0C6
:10E6400070E0CB010F94B46BA98DBA8D50966D9389
:10E650007D938D939C935397A701960160E070E0A2
:10E66000CB010F94B46BE98DFA8D648B758B868B1F
:10E67000978B20E030E04AE754E46D857E858F85F6
:10E6800098890F94276A0F949A6C6B017C010F9400
:10E690001709A98DBA8DDA968D909D90AD90BC909A
:10E6A000DD97681979098A099B09FD0166A377A39B
:10E6B00080A791A79E96CD92DD92ED92FC92D19784
:10E6C0008D899E89AF89B88D82A393A3A4A3B5A396
:10E6D00012A613A614A615A6CD28CE28CF2859F029
:10E6E000048CF58DE02D80E090E0A0ECBFE7808306
:10E6F0009183A283B383E98DFA8DC2A0D3A0E4A055
:10E70000F5A0A7019601C701B6010F94296D8111EB
:10E7100009C0A98DBA8D5E96ED91FC91C082D1821F
:10E72000E282F382E98DFA8DCF01FF0FAA0BBB0BBA
:10E73000E981FA8181879287A387B48720E030E05E
:10E740004AE754E469897A898B899C890F94276AFE
:10E750000F94936C898D9A8D0F94723964EF70E2E7
:10E760008EEB91E10F947735B301A2018EEB91E12D
:10E770000E94F5FA62E877E08EEB91E10F94203584
:10E780004B815C816D817E818EEB91E10E94F5FA77
:10E7900066E877E08EEB91E10F9420354F81588544
:10E7A00069857A858EEB91E10E94F5FA8EEB91E115
:10E7B0000F947834D10112962D903C90ACCD69EE37
:10E7C00070E28EEB91E10F9477358EEB91E10F942F
:10E7D000783440E050E0BA01EB85FC85828193817A
:10E7E0000E948FB4AB85BC85ED91FC911197048498
:10E7F000F585E02D62E0CD01199581E090E06A9603
:10E800000FB6F894DEBF0FBECDBFDF91CF911F9141
:10E810000F91FF90EF90DF90CF90BF90AF909F90BF
:10E820008F907F906F905F904F903F902F900895C2
:10E8300065ED70E28EEB91E10F9477358EEB91E10F
:10E840000F94783490E080E0DACFCF93DF93EC013F
:10E850000E9427706AE877E08EEB91E10F947C3498
:10E8600061E08C810F949C0661E08D810F949C0681
:10E870006D858C810F946E066D858D810F946E066B
:10E8800060E08E810F949C0640E050E0BA018A81DE
:10E890009B810E948FB440E050E061E070E08A818B
:10E8A0009B810E9406B640E050E062E070E08A8101
:10E8B0009B810E9406B6E881F9810484F585E02DEC
:10E8C00062E0CE01199582E08093000281E090E041
:10E8D000DF91CF9108952F923F924F925F926F9266
:10E8E0007F928F929F92AF92BF92CF92DF92EF92E0
:10E8F000FF920F931F93CF93DF93CDB7DEB7CB5724
:10E90000D1090FB6F894DEBF0FBECDBFE296EFAED1
:10E91000E297E396FFAEE397E4960FAFE497E596B0
:10E920001FAFE597E6962FAFE697E7963FAFE797DD
:10E93000E8964FAFE897E9965FAFE9970097B9F18E
:10E9400024012B2CEC96AFAEEC97EB96DFAEEB9759
:10E95000EA96CFAEEA97362E8C0180911E0289305E
:10E9600020F480911D028930C0F0C8010E943EFE53
:10E970007C01892B91F066E977E08EEB91E10F94B1
:10E980002035B7018EEB91E10F9420358EEB91E1AC
:10E990000F947834C7010F942F62F80180858F702F
:10E9A000843009F45FC128F4882309F464C180E04D
:10E9B0002FC0853009F446C08630C9F769E375E099
:10E9C000C8010E94EAF53C01009709F476C0912C39
:10E9D000812CB12CA12CD12CC12CE296EFACE2976A
:10E9E000E396FFACE397E4960FADE497E5961FAD91
:10E9F000E597E6962FADE697E7963FADE797E89661
:10EA00004FADE897E9965FADE997632D0E946B746F
:10EA1000C558DF4F0FB6F894DEBF0FBECDBFDF91F4
:10EA2000CF911F910F91FF90EF90DF90CF90BF900B
:10EA3000AF909F908F907F906F905F904F903F909E
:10EA40002F90089580913B138F5F80933B136680D6
:10EA500077806114710459F14201EC96AFACEC97E8
:10EA6000B22CEA96CFACEA97EB96DFACEB97E29646
:10EA7000EFACE297E396FFACE397E4960FADE49733
:10EA8000E5961FADE597E6962FADE697E7963FAD85
:10EA9000E797E8964FADE897E9965FADE997632D64
:10EAA000C3010E946B74F30162807380D2CF8091A6
:10EAB0003B13815080933B137ACF6CE977E0C80118
:10EAC0000E94EAF52C0161EA77E0C8010E94EAF5AC
:10EAD0007C0166EA77E0C8010E94EAF5332039F04C
:10EAE000F1E03F1609F49FC0D12CC12C0CC06AEA9A
:10EAF00077E0C8010E94EAF53C016AED77E0C801C1
:10EB00000E94EAF56C016114710409F43801C11422
:10EB1000D10409F468014114510431F4EA964FAC70
:10EB2000EA97EB965FACEB97E114F10421F4EC96D5
:10EB3000EFACEC97F22C6114710409F4A5C0F30159
:10EB400080858F70843009F09FC061847284C11405
:10EB5000D10409F49CC0F60180858F70843009F0DF
:10EB600096C0C184D28410E000E04114510409F43D
:10EB7000F3C06114710409F4B1C061E976E28EEB6F
:10EB800091E10F947735F201618572858EEB91E109
:10EB90000F9420356CE876E28EEB91E10F94773597
:10EBA000B3018EEB91E10F9420358EEB91E10F9440
:10EBB0007834CE018F589F4F0E94F425E114F10460
:10EBC00009F0D3C0F20180858F70843009F083C1D1
:10EBD000409141135091421361857285CE01019697
:10EBE0000E94C7BDCE0101960E9469B38823B1F08F
:10EBF0000E94346E6B01683C71050CF083C06BE4BD
:10EC000076E287E191E10F947735B60187E191E1F2
:10EC10000E947BF687E191E10F947834CE01019652
:10EC20000E9464BE58C16FEA77E0C8010E94EAF50D
:10EC30003C0164EB77E0C8010E94EAF56C016114C5
:10EC4000710409F04AC16AEA77E0C8010E94EAF556
:10EC50003C01C114D10409F450CF892B09F05BCFDA
:10EC6000380159CFD12CC12C712C612CF12CE12C05
:10EC7000512C412C48CFD12CC12C712C612CF12C62
:10EC8000E12C512C412C47CF712C612C60CF00E03E
:10EC900020E030E340E150E0BE016F597F4FCE01EC
:10ECA0008F589F4F0E94CF236C01E4960FADE497DD
:10ECB00010E00115110509F058CFE2968FADE297EB
:10ECC000811109C0E3968FADE3978F7009F44DCFA2
:10ECD00002E010E04ACF01E010E047CF62E876E2C0
:10ECE0008EEB91E10F947735F201618572858EEBA1
:10ECF00091E10F9420356DE776E28EEB91E10F9470
:10ED0000773557CF6114710431F0B301CE0101960C
:10ED10000E947DFE83CFA12CC12CF12CE12CE29628
:10ED20000FADE297E3961FADE397E4962FADE4971E
:10ED3000E5963FADE597E6964FADE697E7965FAD72
:10ED4000E797E8966FADE897E9967FADE997CE0132
:10ED500001960E94C2C262CFE114F10409F4BBC063
:10ED6000C114D10409F4B7C004C0C114D10409F41A
:10ED700029CFF70180858F70843009F0A8C0818584
:10ED8000928525961FAE1EAE259748EE53E060E0B3
:10ED900070E029964CAF5DAF6EAF7FAF29972BED3A
:10EDA00032E023963FAF2EAF23972F969FAF8EAFC3
:10EDB0002F9761961FAE1EAE619763961FAE1EAE73
:10EDC000639765961FAE1EAE659767961FAE1EAE23
:10EDD000679769961FAF0EAF69976A961FAE6A97DD
:10EDE00040E450E0BE016F5F7F4FCE018F5B9F4FCD
:10EDF0000E94E8F721E030E02C0F3D1F820F931FA7
:10EE0000FC01108265E776E28EEB91E10F94773595
:10EE1000F701618572858EEB91E10F94203569EBE6
:10EE200077E08EEB91E10F942035BE016F5F7F4F4D
:10EE30008EEB91E10F94203560E776E28EEB91E165
:10EE40000F947735B6018EEB91E10F9420358EEB60
:10EE500091E10F9478340E9408F68823C1F18091E3
:10EE60003A13811134C06FE270E0CE0101960F9425
:10EE7000EC6F892B51F4F7012185328543E050E096
:10EE800060E4CE0101960E94916A69E676E28EEB1B
:10EE900091E10F947735BE016F5F7F4F8EEB91E16B
:10EEA0000F94203564E676E28EEB91E10F9477358E
:10EEB000B6018EEB91E10F9420358EEB91E10F942A
:10EEC000783441E0B601CE0101960F94E509411472
:10EED000510409F077CE81E09BCD892B09F01BCE40
:10EEE0000CCE8F929F92AF92BF92CF92DF92EF9211
:10EEF000FF920F931F93CF93DF9300D000D01F9208
:10EF00001F92CDB7DEB7DC011296ED91FC913097E0
:10EF100009F468C024813581232B09F463C08C0176
:10EF2000662309F472C00E94A262E62EB72E6C011D
:10EF3000D8011296ED91FC910280F381E02D608161
:10EF4000718187E191E10F94203566E374E287E1F6
:10EF500091E10F94773587E191E10F94783420E0C7
:10EF600030E0A9016E2D7B2DC6010F94C96C87FD81
:10EF700039C06AE274E287E191E10F9477354E2D52
:10EF80005B2DB60187E191E10E94F5FA87E191E1FD
:10EF90000F947834D8011296ED91FC9161E0848150
:10EFA00095810E9462F619821A821B821C822A8134
:10EFB000207F2760F22E2E2D4E2D5B2DB6014D8326
:10EFC0005E836F837887912C812CB12CA12CD12C5E
:10EFD000C12CE9800B811C813E814F8158856FEFE8
:10EFE0000E946B7428960FB6F894DEBF0FBECDBF9B
:10EFF000DF91CF911F910F91FF90EF90DF90CF9015
:10F00000BF90AF909F908F9008950280F381E02D84
:10F01000608171818DE091E10F94203563E474E2A9
:10F020008DE091E10F9477358DE091E128960FB650
:10F03000F894DEBF0FBECDBFDF91CF911F910F912E
:10F04000FF90EF90DF90CF90BF90AF909F908F9008
:10F050000D9478344F925F926F927F928F929F922D
:10F06000AF92BF92CF92DF92EF92FF920F931F93D6
:10F07000CF93DF93CDB7DEB7E8970FB6F894DEBF36
:10F080000FBECDBF09AB1AAB2BAB3CAB4DAB5EABF0
:10F090006FAB78AFDC011496ED91FC91309719F4C9
:10F0A00090E080E0C9C020813181232BC9F33C016D
:10F0B000DC01ED91FC910284F385E02D1995029716
:10F0C00079F78BA9E82EF12C19A9112321F0E1146D
:10F0D000F10409F431C1823009F4D7C090F48130D1
:10F0E000A9F066E574E28EEB91E10F947735B701F4
:10F0F0008EEB91E10E947BF68EEB91E10F947834D8
:10F10000CFCF833009F44AC0893059F7D301129622
:10F11000ED91FC9161E0848195810E9462F62C0161
:10F1200019A61AA61BA61CA61DA61EA61FA618AACF
:10F130008AA5807F8AA719A761E0CE0189960E94DF
:10F14000E42629A33AA34BA35CA36DA37EA38FA3BC
:10F1500098A71150193108F013C2E12FF0E0882769
:10F16000EB54F7488F4F0D94966BE279A079C07AF3
:10F17000C07AC07AC07AC07AC07AC07A117A717ABD
:10F18000C07AC07AE279E279C07AC07AC07AE2794C
:10F19000E279E279E279C07AC07AAD7A8AA98F7091
:10F1A00009F47ECFCE01C1960E947529D301149631
:10F1B000ED91FC91668377838087918767EA74E29B
:10F1C0008EEB91E10F947735D3011296ED91FC917E
:10F1D0000280F381E02D608171818EEB91E10F94CB
:10F1E000203569E974E28EEB91E10F947735D30114
:10F1F0001496ED91FC9146815781608571858EEB67
:10F2000091E10E94F5FA8EEB91E10F947834F301CD
:10F21000E480F5800F941709D70152966D937D9382
:10F220008D939C935597D3011496ED91FC9186890B
:10F23000811119C081E090E0E8960FB6F894DEBF26
:10F240000FBECDBFDF91CF911F910F91FF90EF9037
:10F25000DF90CF90BF90AF909F908F907F906F90F6
:10F260005F904F900895168A60E0C3010E94717705
:10F27000D3011496ED91FC9180E090E0A0E0B0EC19
:10F2800086879787A08BB18BD5CF8AA98F7009F419
:10F2900007CFCE01C1960E947529D3011496ED9136
:10F2A000FC91628773878487958763E974E28EEBAC
:10F2B00091E10F947735D3011296ED91FC91028084
:10F2C000F381E02D608171818EEB91E10F94203507
:10F2D00068E874E28EEB91E10F947735D3011496D0
:10F2E000ED91FC9142855385648575858EEB91E1A6
:10F2F0000E94F5FA8EEB91E10F947834D3011296C7
:10F30000ED91FC9162E0848195810E9462F6009704
:10F3100009F490CF912C812CB12CA12CD12CC12C93
:10F32000E9A8FAA80BA91CA92DA93EA94FA958AD77
:10F330006FEF0E946B747ECFEE24E394F12CE6CE47
:10F3400080913F13909140130597F1F019821A8232
:10F350001B821C821D821E821F8218868A81807FEA
:10F360008A836BE0CE0101960E940627912C812CA6
:10F37000B12CA12CD12CC12C79018A019B01AC01AB
:10F380006FEFC2010E946B74912C812CB12CA12CC7
:10F39000D12CC12CE9A4FAA40BA51CA52DA53EA532
:10F3A0004FA558A96FEFC2010E946B7430E020E0B6
:10F3B00040E050E460E070E0F301828193810E94BC
:10F3C000E8B938CF19821A821B821C821D821E82E4
:10F3D0001F8218868A81807F8A8340E051E060E046
:10F3E00070E0D30112968D919C910E9458B6672BC4
:10F3F000682B692BA1F06BE0CE0101960E940627D5
:10F40000912C812CB12CA12CD12CC12C79018A01F9
:10F410009B01AC016FEFC2010E946B74BBCF6AE02D
:10F42000EBCF80913F1390914013059791F061E0ED
:10F43000D30112968D919C910E947CBC30E020E01B
:10F4400040E050E160E070E0F301828193810E942E
:10F45000E8B940E050E061E070E0D30112968D9190
:10F460009C910E942FB6912C812CB12CA12CD12CD7
:10F47000C12CE9A4FAA40BA51CA52DA53EA54FA55A
:10F4800058A96FEFC2010E946B74D301ED91FC91FA
:10F490000288F389E02DC3011995892B09F4E8CE80
:10F4A00019821A821B821C821D821E821F8218866C
:10F4B0008A81807F8A8361E0CE0101960E940627BF
:10F4C00029873A874B875C876D877E878F87988BE4
:10F4D00079018A019B01AC016FEFC2010E946B743C
:10F4E000C7CE912C812CB12CA12CD12CC12CE9A4FC
:10F4F000FAA40BA51CA52DA53EA54FA558A96FEFF5
:10F50000C2010E946B74D301ED91FC910288F389D2
:10F51000E02DC3011995892B09F08CCE19861A8626
:10F520001B861C861D861E861F86188A8A85807FFC
:10F530008A8762E0CE0109960E94062729833A83D2
:10F540004B835C836D837E838F83988779018A01E7
:10F550009B01AC016FEFC201ECCED3011496ED918B
:10F56000FC91808191810F9424376DE774E28EEBDA
:10F5700091E10F9477358EEB91E10F9478345ACE68
:10F580006BE674E28EEB91E10F94773569A98EEB0F
:10F5900091E10E9474F68EEB91E10F947834A1CD45
:10F5A0002F923F924F925F926F927F928F929F9293
:10F5B000AF92BF92CF92DF92EF92FF920F931F9381
:10F5C000CF93DF93CDB7DEB768970FB6F894DEBF61
:10F5D0000FBECDBF1C01DC0114968D919C91159737
:10F5E000892B99F41296ED91FC91FA83E98389E1D4
:10F5F00090E00F949361BC0189819A810E944CB480
:10F60000D10115969C938E931497F1010480F58196
:10F61000E02DFE83ED83EF2B69F46BEC73E287E161
:10F6200091E10F94773587E191E10F94783490E080
:10F6300080E07FC4AD81BE811D921C92F1010280E9
:10F64000F381E02DF88FEF8B309791F084819581D5
:10F650009A838983009761F0DC0118968C91189742
:10F660008F70853029F4CD010E9434F7811186C056
:10F6700061E973E287E191E10F94773561E070E031
:10F68000F10184819581892B11F470E060E087E1BC
:10F6900091E10E947BF66FE873E287E191E10F94BC
:10F6A000773561E070E0D10112968D919C91892BA4
:10F6B00011F470E060E087E191E10E947BF66DE873
:10F6C00073E287E191E10F947735D1011296ED91C4
:10F6D000FC9161E070E084819581892B11F470E0E8
:10F6E00060E087E191E10E947BF66BE873E287E1DD
:10F6F00091E10F947735D1011296ED91FC91048040
:10F70000F581E02D80858F7061E070E0853011F427
:10F7100070E060E087E191E10E947BF669E873E2C6
:10F7200087E191E10F947735D1011296ED91FC912B
:10F73000848195810E9434F761E070E0823010F09E
:10F7400070E060E087E191E10E947BF687E191E162
:10F750000F94783465EA73E287E191E10F9477358D
:10F7600087E191E10F947834D101ED91FC9104840B
:10F77000F585E02D61E0C101199559CF60E08981DF
:10F780009A810E9462F69E8B8D8B009729F0FC0176
:10F7900080858F70853039F06FE673E287E191E103
:10F7A0000F947735D3CF8D899E890E9434F781508D
:10F7B000883008F099C1E82FF0E08827ED51F4482F
:10F7C0008F4F0D94966B467D1A7DED7C6D7C557C3C
:10F7D000557C407CEB7B67E08D899E890E9462F6B8
:10F7E000FC0190859F70933009F03FC041845284A2
:10F7F0006384748411E066E08D899E890E9462F6BC
:10F80000FC0190859F70933009F042C081859285FC
:10F81000A385B48589839A83AB83BC8311E064E0BC
:10F820008D899E890E9462F6FC0180858F708330ED
:10F8300009F04CC061857285838594850F949A6C1C
:10F840004B0163E08D899E890E9462F6FC018085F0
:10F850008F70833009F05CC081859285A385B48563
:10F86000898B9A8BAB8BBC8B60C0923049F46185DD
:10F870007285838594850F94C8692B013C01BACFAA
:10F88000412C512C1FE7612E13E4712E10E0B3CFF1
:10F890009230B9F461857285838594850F94C86927
:10F8A00069837A838B839C83B9CF412C512CBFE72A
:10F8B0006B2EB3E47B2E19821A821B821C8210E00D
:10F8C000AECF19821A821B821C82A9CF8230C1F46A
:10F8D00081849284A384B484B4CFF0EC8F2EF7E2B9
:10F8E0009F2EF9E0AF2EB12C412C512CAFE76A2EA0
:10F8F000A3E47A2E19821A821B821C8210E0A1CF07
:10F90000E0EC8E2EE7E29E2EE9E0AE2EB12C99CFF0
:10F91000823009F07DC061857285838594850F945E
:10F92000C869698B7A8B8B8B9C8B62E08D899E89F1
:10F930000E9462F6FC0180858F70833009F06DC0F3
:10F9400081859285A385B48589879A87AB87BC8793
:10F9500061E08D899E890E9462F6FC0180858F702E
:10F96000833009F086C081859285A385B4858D8713
:10F970009E87AF87B88B60E08D899E890E9462F672
:10F98000FC0190859F70933009F0A3C0C184D2849C
:10F99000E384F48420E030E0A901C701B6010F94AC
:10F9A000C16987FFCCC0F7FAF094F7F8F094A1E0B2
:10F9B000B0E0BE8BAD8BAF89B88D1696ED91FC9102
:10F9C00080858F70823009F4BDC0833009F4CAC2CB
:10F9D00080E090E0A0EAB1E4C9C260EC862E67E264
:10F9E000962E69E0A62EB12C80E090E0A0EAB0E46B
:10F9F000898B9A8BAB8BBC8B412C512C7FE7672E6C
:10FA000073E4772E19821A821B821C8210E08DCF3C
:10FA100080E090E0A0EAB0E423CF823029F5618550
:10FA20007285838594850F94C86969877A878B87E7
:10FA30009C878ECF40EC842E47E2942E49E0A42E82
:10FA4000B12C80E090E0A0EAB0E4898B9A8BAB8B7C
:10FA5000BC8B412C512C5FE7652E53E4752E198227
:10FA60001A821B821C8210E019861A861B861C864D
:10FA70006FCF823049F561857285838594850F94B7
:10FA8000C8696D877E878F87988B75CF20EC822E13
:10FA900027E2922E29E0A22EB12C80E090E0A0EA8D
:10FAA000B0E4898B9A8BAB8BBC8B412C512C3FE7FC
:10FAB000632E33E4732E19821A821B821C8210E09B
:10FAC00019861A861B861C861D861E861F86188A26
:10FAD00052CF923089F561857285838594850F9424
:10FAE000C8696B017C0156CF80EC882E87E2982E86
:10FAF00089E0A82EB12C80E090E0A0EAB0E4898BE8
:10FB00009A8BAB8BBC8B412C512C9FE7692E93E4D5
:10FB1000792E19821A821B821C8210E01E8A1D8A8D
:10FB200019861A861B861C861D861E861F86188AC5
:10FB3000C12CD12C76013FCF1E8A1D8AF9CF1E8A97
:10FB40001D8A39CF61857285838594850F94C86934
:10FB5000ED81FE816287738784879587AD81BE8141
:10FB600016961D921D921D921C921997FD011282EC
:10FB70001382148215820F941709AD81BE815296AB
:10FB80006D937D938D939C935597D1011496ED9130
:10FB9000FC9101E0068B908E878A61E0C1010E9492
:10FBA0007177F101A480B580D5018D919C9166E5B6
:10FBB00073E2892B09F0F2CD88E490E00F94936111
:10FBC000988F8F8BC5010296EF89F88D978F868F5E
:10FBD0000496958F848FFAE0AF0EB11CAF89B88D73
:10FBE0009196BC92AE929097FD01EA5BFF4F108216
:10FBF00038971082118212821382349680E090E04E
:10FC0000AFE7B3E480839183A283B38384E690E07B
:10FC1000A0E0B0E0EF89F88D82AF93AFA4AFB5AFAD
:10FC20006D897E89CF010F94E53620E030E0A9018F
:10FC3000C701B6010F94C16987FDA1C020E030E083
:10FC4000A9016D857E858F8598890F94C16987FD8F
:10FC500096C020E030E0A90169857A858B859C8576
:10FC60000F94C16987FD8BC081E090E0AF89B88DAA
:10FC70005B969C938E935A97FD01E95BFF4F00833F
:10FC8000FD01C082D182E282F3828D859E85AF859F
:10FC9000B88984839583A683B78389859A85AB8544
:10FCA000BC8580879187A287B38762AD73AD84AD31
:10FCB00095AD0F94C66920E030E04AE754E40F9414
:10FCC000216C4B015C01AF89B88D1C96CD92DD9201
:10FCD000ED92FC921F97AC019B016D857E858F850F
:10FCE00098890F94276A6D837E838F839887EF8925
:10FCF000F88D608B718B828B938BA5019401698544
:10FD00007A858B859C850F94216C4B015C01AF89B2
:10FD1000B88D54968D929D92AD92BC9257975896FD
:10FD20008D919C91019759F5A701960160E070E0D3
:10FD3000CB010F94B46BEF89F88D64877587868744
:10FD400097872D813E814F81588560E070E0CB011F
:10FD50000F94B46BAF89B88D50966D937D938D934E
:10FD60009C935397A501940160E070E0CB010F9440
:10FD7000B46BEF89F88D648B758B868B978B0F94A2
:10FD80001709AF89B88DDA96CD90DD90ED90FC9093
:10FD9000DD976C197D098E099F09FD0166A377A384
:10FDA00080A791A79E961D921D921D921C92D1979D
:10FDB00080E090E0A0ECBFE782A393A3A4A3B5A347
:10FDC00012A613A614A615A6D1011496ED91FC91C6
:10FDD0008F89988D91838083009709F4BBCC7C0137
:10FDE00096E4E90EF11CD7018C91811104C08F8932
:10FDF000988D0F94243781E0F7018083D101149608
:10FE0000ED91FC91808191819E838D83112309F472
:10FE100052C0A301920169817A818B819C810F94E8
:10FE2000C96C87FF48C0ED81FE81FE9689819A8169
:10FE3000AB81BC8180839183A283B383ED81FE81FA
:10FE4000EE5BFF4F4082518262827382ED81FE81C0
:10FE5000EA5BFF4F8081882371F1AD81BE815E96A0
:10FE6000ED90FC90F70180809180A280B380A50185
:10FE70009401C301B2010F94C16987FF7EC0D7010D
:10FE80004D925D926D927C921397AD81BE81D29618
:10FE9000CD90DD90ED90FC90D597A7019601C30120
:10FEA000B2010F94C16987FF7DC0ED81FE8142AA36
:10FEB00053AA64AA75AA20E030E04AE754E46989AD
:10FEC0007A898B899C890F94276A0F94936C8D8112
:10FED0009E810F94723967EB73E28DE091E10F948C
:10FEE0007735D1011296ED91FC910280F381E02DDE
:10FEF000608171818DE091E10F9420358DE091E179
:10FF00000F947834D1011496ED91FC9180E090E04B
:10FF1000A0E0B0EC86879787A08BB18BD101ED91E3
:10FF2000FC910484F585E02D62E0C101199581E022
:10FF300090E068960FB6F894DEBF0FBECDBFDF919C
:10FF4000CF911F910F91FF90EF90DF90CF90BF90D6
:10FF5000AF909F908F907F906F905F904F903F9069
:10FF60002F90089581859285A385B485ED81FE81CA
:10FF700082879387A487B587F1CDA5019401698114
:10FF80007A818B819C810F94C96C18160CF07DCFFF
:10FF900089819A81AB81BC81F70180839183A2839F
:10FFA000B38373CFA701960169817A818B819C818C
:10FFB0000F94C96C18160CF07ECF89819A81AB81A1
:10FFC000BC81ED81FE8182AB93ABA4ABB5AB73CFAB
:10FFD0004F925F926F927F928F929F92AF92BF9259
:10FFE000CF92DF92EF92FF920F931F93CF93DF9305
:10FFF000CDB7DEB760970FB6F894DEBF0FBECDBFAA
:020000021000EC
:100000006130710509F4DDC1DC011496ED91FC91BC
:100010003097C9F481E090E060960FB6F894DEBFA7
:100020000FBECDBFDF91CF911F910F91FF90EF9049
:10003000DF90CF90BF90AF909F908F907F906F9008
:100040005F904F90089520813181232B19F33C015B
:10005000DC01ED91FC910284F385E02D1995029766
:10006000C9F6F301E280F380E114F10499F2C701CB
:100070000E949BBC823071F240E051E060E070E091
:10008000C7010E9458B6672B682B692B19F6D3015C
:100090001496ED91FC9180819181FC01EA5BFF4F08
:1000A0002081222309F455C10F947E37882309F457
:1000B00050C1D3011496ED91FC9186898823A1F05B
:1000C000C3010E94A2626B017C0120E030E0A90123
:1000D0000F94C96C87FD08C0D3011496ED91FC9173
:1000E000C282D382E482F5826AE074E28EEB91E10F
:1000F0000F947735D3011296ED91FC910280F38134
:10010000E02D608171818EEB91E10F94203564E0E8
:1001100074E28EEB91E10F947735D3011496ED9153
:10012000FC9142855385648575858EEB91E10E9433
:10013000F5FA6FEF73E28EEB91E10F947735D3010F
:100140001496ED91FC9146815781608571858EEB07
:1001500091E10E94F5FA6CEB77E08EEB91E10F9460
:100160002035D3011496ED91FC9142815381648135
:1001700075818EEB91E10E94F5FA6BEF73E28EEBE5
:1001800091E10F947735D3011496ED91FC91019094
:10019000F081E02D40815181628173818EEB91E18C
:1001A0000E94F5FA67EF73E28EEB91E10F947735D9
:1001B000D3011496ED91FC910190F081E02D4481E2
:1001C0005581668177818EEB91E10E94F5FA63EFAC
:1001D00073E28EEB91E10F947735D3011496ED9194
:1001E000FC910190F081E02D4085518562857385F9
:1001F0008EEB91E10E94F5FAD3011496ED91FC91FA
:100200008689882331F06CEE73E28EEB91E10F94D6
:1002100077358EEB91E10F947834F301E480F5802B
:10022000D70156968C918111F5CE0281138161E040
:10023000F801848195810E9462F62C0120E030E073
:10024000A901D7011E966D917D918D919C91519739
:100250000F94C16981110CC020E030E0A901F701C1
:1002600062817381848195810F94C96C18165CF04A
:1002700040E050E061E070E0C8010E9458B6672B92
:10028000682B692B31F119861A861B861C861D8600
:100290001E861F86188A8A85807F8A8761E0CE0144
:1002A00009960E94062729833A834B835C836D83DA
:1002B0007E838F839887912C812CB12CA12CD12CFB
:1002C000C12C79018A019B01AC016FEFC2010E9430
:1002D0006B7440E050E061E070E0D30112968D91C4
:1002E0009C910E9406B6D3011496ED91FC91328147
:1002F00063815481458119861A861B861C868A85EE
:10030000807F8760F82E8A87232F832F962FA52F33
:10031000B42F8D879E87AF87B88B912C812CB12C01
:10032000A12CD12CC12CE9840B851C853E854F85E1
:1003300058896FEFC2010E946B74D3011496ED913E
:10034000FC9182819381A481B58186879787A08B58
:10035000B18BD3011496ED91FC91868981115ACE0F
:100360008789908D009709F455CE28EE33E0829F5F
:100370002001839F500C929F500C11240F94170959
:10038000D3011496ED91FC914114510499F062014E
:10039000F12CE12C0289138924893589AB01BC0138
:1003A000401B510B620B730B4C155D056E057F05F1
:1003B00008F430CE81E0868B61E0C3010E94717742
:1003C00029CE90E080E028CE2F923F924F925F920C
:1003D0006F927F928F929F92AF92BF92CF92DF9255
:1003E000EF92FF920F931F93CF93DF93CDB7DEB7BA
:1003F000EF970FB6F894DEBF0FBECDBF09AB1AABB7
:100400002BAB3CAB4DAB5EAB6FAB78AFFC01068169
:1004100017810115110509F4DDC11C012FE030E041
:1004200040E050E062EC77E0C8010F9491552B0159
:10043000D9A8DD2009F495C020E030E0A9016AECDC
:1004400077E0C8010F9491557B0120E030E0A901CD
:1004500063ED77E0C8010F949155CB01892B79F0BA
:10046000F2E0DF1661F0CE01C1960E94062729A7AF
:100470003AA74BA75CA76DA77EA78FA798AB89A9C2
:100480008E151F0431F4C20184709927892B09F05D
:1004900068C06FED77E08EEB91E10F942035CE01CF
:1004A000C1960E94F4258EEB91E10F947834198661
:1004B0001A861B861C868A85807F8A8789A98987F8
:1004C00089859A85AB85BC85898B9A8BAB8BBC8BD8
:1004D0001D8A1E8A1F8A188E61E0CE0141960E94F5
:1004E000E426298F4B8F5C8F6D8F7E8F8F8F98A323
:1004F000307F3A8F88E0FE017996DE0111960190F7
:100500000D928A95E1F788E0FE013196DE01919621
:1005100001900D928A95E1F7912C812CB12CA12CA0
:10052000D12CC12CE9A0FAA00BA11CA12DA13EA1A8
:100530004FA158A56FEFF101868197810E946B74DE
:1005400049A96AEC77E0F101868197810E94D56321
:100550004FEF5FEF65EF77E0F101868197810E94B1
:100560005E648AA98F70D9F481E090E0EF960FB6AF
:10057000F894DEBF0FBECDBFDF91CF911F910F91D9
:10058000FF90EF90DF90CF90BF90AF909F908F90B3
:100590007F906F905F904F903F902F900895F10162
:1005A000068117812FEF3FEFA90165EF77E0C801C2
:1005B0000F9491556B017FAF6EAF20E030E0A90141
:1005C0006EEF77E0C8010F9428554B015C012FEFC7
:1005D0003FEFA90167E078E0C8010F9491556AAF39
:1005E0007BAF8CAF9DAF8AAD9BAD8230910519F08A
:1005F000019609F068C021E029AF8EAD9FAD1816B5
:1006000019060CF019AE8BA9823009F479C0873035
:1006100009F0CAC0E1E04E225524452869F0CE0118
:10062000C1960E94BB290D2C000CEE08FF08C616CF
:10063000D706E806F90619F16CE078E08EEB91E157
:100640000F942035CE01C1960E94F4258EEB91E1E6
:100650000F94783460E0CE01C1960E940627912C59
:10066000812CB12CA12CD12CC12C79018A019B01A8
:10067000AC016FEFF101868197810E946B74CE010E
:10068000C1960E94BB299B01AC0165EF77E0F101A7
:10069000868197810E940264CE01C1960E94BB2987
:1006A000611571058105910589F4F9ADFF2309F400
:1006B0005BCF4AAD5BAD62E278E0F1018681978164
:1006C0000E945E6451CF91E099AF9DCF1616170638
:1006D000180619060CF048CFF9ADF11145CFF1011C
:1006E000068117812FE030E040E050E062E278E0E0
:1006F000C8010F949155AB016AEC77E0C801E0CFD7
:10070000F2E04F2255244528B1F0CE01C1960E9457
:1007100075296B017C01C501B4010F94936C072E00
:10072000000C880B990B0F94C869A70196010F94D0
:10073000C169882359F16AE278E08EEB91E10F9468
:100740002035CE01C1960E94F4258EEB91E10F94E5
:10075000783460E0CE01C1960E940627298B3A8B3F
:100760004B8B5C8B6D8B7E8B8F8B988F912C812C20
:10077000B12CA12CD12CC12C79018A019B01AC0197
:100780006FEFF101868197810E946B74CE01C19653
:100790000E9475299B01AC016EEF77E0F101868123
:1007A00097810E943064E0CE60E0CE01C1960E9445
:1007B0000627912C812CB12CA12CD12CC12C790194
:1007C0008A019B01AC016FEFF101868197810E9444
:1007D0006B74CACE90E080E0C9CEEF92FF920F9387
:1007E0001F93CF93DF9300D000D01F921F92CDB7FD
:1007F000DEB709831A832B833C834D835E836F832B
:100800007887DC011696ED91FC91309709F445C08C
:1008100020852F70263031F441855285638574859B
:1008200060FD3BC07C0160E478E08EEB91E10F94C9
:1008300020358EEB91E10F947834F7010681178112
:1008400025E130E040E050E063E578E0C8010F9436
:100850009155AB016FE478E0C8010E945E640981A4
:100860001A812B813C814D815E816F817885C70122
:100870000E94E481D7011696ED91FC91309769F0C2
:1008800080858F70863049F481859285A385B485F3
:10089000A16081879287A387B48728960FB6F894C2
:1008A000DEBF0FBECDBFDF91CF911F910F91FF90A3
:1008B000EF9008956F927F928F929F92AF92BF9226
:1008C000CF92DF92EF92FF920F931F93CF93DF931C
:1008D000CDB7DEB760970FB6F894DEBF0FBECDBFC1
:1008E000E986FA860B871C872D873E874F87588BB2
:1008F000009731F1FC0120852F70263009F50E9408
:10090000EAF53C01892BE1F090E080E0CC2029F071
:100910006FEE75E0C3010E94EAF5BC01CE010996B5
:100920000E94FF29912C812CB12CA12CD12CC12CFF
:1009300079018A019B01AC016FEFC3010E946B74C6
:1009400060960FB6F894DEBF0FBECDBFDF91CF919A
:100950001F910F91FF90EF90DF90CF90BF90AF90DD
:100960009F908F907F906F9008952F923F924F921B
:100970005F926F927F928F92AF92BF92CF92DF92EF
:10098000EF92FF920F931F93CF93DF93CDB7DEB714
:10099000AA970FB6F894DEBF0FBECDBF8C013B0106
:1009A000342E20E030E0A90167E578E0C3010F9420
:1009B000915521E0672B682B692B09F420E0231562
:1009C00009F4B2C06DE578E0C3010E94EAF52C019C
:1009D0006FE071E28EEB91E10F947735632D70E05B
:1009E0008EEB91E10E947BF68EEB91E10F947834CF
:1009F00067E578E0C3010F9401555C01009711F1A0
:100A0000FC018085982F9F70923039F0933079F0F7
:100A1000911118C0807F82608087832D90E0B0E0C4
:100A2000A0E0F50181879287A387B4870BC0632D6F
:100A300070E090E080E00F94C669F50161877287ED
:100A400083879487332009F487C080913F13909166
:100A50004013059799F1F80122803380F301A080BB
:100A6000B18019821A821B821C821D821E821F8203
:100A700018868A81807F8A836EE0CE0101960E946B
:100A8000062729873A874B875C876D877E878F8704
:100A9000988B67E0CE0109960E94E426022F242F4E
:100AA00088248394C12CE0E1DE2EE12CF12C132F5D
:100AB000352FAB01BC01C1010E947CB619821A829C
:100AC0001B821C821D821E821F8218868A81807F63
:100AD0008A836EE0CE0101960E940627298B3A8B0D
:100AE0004B8B5C8B6D8B7E8B8F8B988F67E0CE01F1
:100AF00041960E94E42629873A874B875C876D8759
:100B00007E878F87988BC12C79018A019B01AC016C
:100B100063E979E0C2010E945A8450E040E063E951
:100B200079E0C3010E945E64AA960FB6F894DEBF16
:100B30000FBECDBFDF91CF911F910F91FF90EF902E
:100B4000DF90CF90BF90AF908F907F906F905F902D
:100B50004F903F902F90089563E979E0C3010E9480
:100B6000EAF51C01009701F3FC0180858F7082304B
:100B7000D9F680913F1390914013059709F442C034
:100B80006185728583859485F8010280F381E02D6B
:100B9000FAA7E9A7F301A080B18019821A821B820B
:100BA0001C821D821E821F8218862A81207F2A8332
:100BB000CE0101960E94E02729873A874B875C8700
:100BC0006D877E878F87988B67E0CE0109960E949C
:100BD000E426022F242F098F3A8F4B8F5C8F6D8F65
:100BE0007E8F8F8F98A388248394C12C40E2D42ECB
:100BF000E12CF12C132F352FAB01BC0189A59AA54F
:100C00000E947CB619861A861B861C861D861E8647
:100C10001F86188A8A85807F8A87F101618572859F
:100C2000CE0109960E94E027298B3A8B4B8B5C8B77
:100C30006D8B7E8B8F8B988F67E0CE0141960E94E3
:100C4000E42629833A834B835C836D837E838F8381
:100C50009887CC24C39479018A019B01AC0163E994
:100C600079E0C2010E945A845FCF2F923F924F9247
:100C70005F926F927F928F929F92AF92BF92CF922C
:100C8000DF92EF92FF920F931F93CF93DF93CDB735
:100C9000DEB7C550D1400FB6F894DEBF0FBECDBF52
:100CA000C752DF4F0883C95DD040C652DF4F18835B
:100CB000CA5DD040C552DF4F2883CB5DD040C452BF
:100CC000DF4F3883CC5DD040C352DF4F4883CD5DCA
:100CD000D040C252DF4F5883CE5DD040C152DF4F6B
:100CE0006883CF5DD040C052DF4F7883C05ED04074
:100CF000DC0114962D913C911597232B09F468C6BD
:100D000016962D913C91232B09F462C6202F2A5070
:100D1000223008F45DC6CB5FDE4FC882C550D1409B
:100D2000C650DF4FF982E882CA5FD040CF51DF4F13
:100D300099838883C15ED040C552DF4F8881CB5DE7
:100D4000D040E82FF0E0CB51DF4FF983E883C55E58
:100D5000D04061E678E08EEB91E10F942035C650EB
:100D6000DF4F68817981CA5FD0408EEB91E10F94AB
:100D7000203560EA75E08EEB91E10F942035CE01CD
:100D800087529F4F0E94F425C752DF4F1881C95DDB
:100D9000D040112381F0CB51DF4F28813981C55ECE
:100DA000D040232B41F441E050E0CB51DF4F598339
:100DB0004883C55ED04020E030E0A9016DE678E0D0
:100DC000CF51DF4FA881B981C15ED04016968D9179
:100DD0009C910F949155CE5FDE4F6883C250D140F5
:100DE000CA50DF4F6883C65FD040C950DF4F788359
:100DF000C75FD040C552DF4F8881CB5DD040873080
:100E000009F066C0113109F452C1123109F4ADC1C3
:100E1000103109F008C26FEF70E0CE0187529F4F8A
:100E20000E94E027CF52DF4F2883C15DD040CE52D1
:100E3000DF4F3883C25DD040CD52DF4F4883C35D62
:100E4000D040CC52DF4F5883C45DD040CB52DF4FEF
:100E50006883C55DD040CA52DF4F7883C65DD040FD
:100E6000C952DF4F8883C75DD040C852DF4F988397
:100E7000C85DD04060E0CE0187529F4F0E94062798
:100E8000C753DF4F2883C95CD040C653DF4F388338
:100E9000CA5CD040C553DF4F4883CB5CD040C453BD
:100EA000DF4F5883CC5CD040C353DF4F6883CD5CA9
:100EB000D040C253DF4F7883CE5CD040C153DF4F68
:100EC0008883CF5CD040C053DF4F9883C05DD04053
:100ED000C650DF4FE881F981CA5FD040EF2BA1F403
:100EE000CB51DF4F28813981C55ED0402330310599
:100EF00009F462C20CF0D2C12130310509F409C5F0
:100F00002230310509F414C3CF51DF4FA881B981D4
:100F1000C15ED0401496ED91FC91309711F40C9481
:100F2000859326803780C050DF4F19821882C050C9
:100F3000D140CC50DF4F19821882C45FD040C251DB
:100F4000DF4F19821882CE5ED040C551DF4F198223
:100F50001882CB5ED040CE50DF4F19821882C25F1C
:100F6000D0402114310411F40C949D9363E979E08D
:100F7000C1010E94EAF5C751DF4F99838883C95E9A
:100F8000D0406BED77E0C1010E94EAF5CD51DF4F13
:100F900099838883C35ED0406DE578E0C1010E94EB
:100FA000EAF5C850DF4F99838883C85FD04064EC6E
:100FB00076E0C1010E94EAF55C01C751DF4FE8818C
:100FC000F981C95ED040309711F40C94C992CD518B
:100FD000DF4F28813981C35ED0402115310511F4DE
:100FE0000C94C99280858F70823011F00C94C99254
:100FF000D90118968C918F70823011F00C94C9929F
:101000002CE330E040E050E06AE077E0C1010F946B
:101010009155C450DF4F688379838A839B83CC5F6B
:10102000D04020E030E0A90167E578E0C1010F94ED
:1010300091556B017C01B1E0C351DF4FB883CD5EA8
:10104000D040C114D104E104F10429F4C351DF4FAD
:101050001882CD5ED040C650DF4FE881F981CA5F6B
:10106000D040309711F40C944D92BF01D1018D9175
:101070009C910F94F76F892B11F00C944D92CB51EA
:10108000DF4FE881F981C55ED040E230F10511F40F
:101090000C9435910CF06FC4412C512C32013197D6
:1010A00009F439C6412C512C32010C94959060E81A
:1010B00070E0CE0187529F4F0E94E027CF53DF4F51
:1010C0002883C15CD040CE53DF4F3883C25CD04010
:1010D000CD53DF4F4883C35CD040CC53DF4F5883A0
:1010E000C45CD040CB53DF4F6883C55CD040CA534B
:1010F000DF4F7883C65CD040C953DF4F8883C75C1D
:10110000D040C853DF4F9883C85CD04060E0CE0128
:1011100087529F4F0E940627C754DF4F2883C95B21
:10112000D040C654DF4F3883CA5BD040C554DF4F30
:101130004883CB5BD040C454DF4F5883CC5BD04056
:10114000C354DF4F6883CD5BD040C254DF4F7883F8
:10115000CE5BD040C154DF4F8883CF5BD040C054BA
:10116000DF4F9883C05CD040B3CE60E470E0CE0126
:1011700087529F4F0E94E027CF54DF4F2883C15BE7
:10118000D040CE54DF4F3883C25BD040CD54DF4FC8
:101190004883C35BD040CC54DF4F5883C45BD040FE
:1011A000CB54DF4F6883C55BD040CA54DF4F788390
:1011B000C65BD040C954DF4F8883C75BD040C8545A
:1011C000DF4F9883C85BD04060E0CE0187529F4FCD
:1011D0000E940627C755DF4F2883C95AD040C655FD
:1011E000DF4F3883CA5AD040C555DF4F4883CB5AAA
:1011F000D040C455DF4F5883CC5AD040C355DF4F41
:101200006883CD5AD040C255DF4F7883CE5AD04044
:10121000C155DF4F8883CF5AD040C055DF4F9883E8
:10122000C05BD04055CEC652DF4F8881CA5DD040EA
:101230008F7009F44DCECE0187529F4F0E94BB297B
:10124000CE0187529F4F0E94E027CF55DF4F288362
:10125000C15AD040CE55DF4F3883C25AD040CD5509
:10126000DF4F4883C35AD040CC55DF4F5883C45A10
:10127000D040CB55DF4F6883C55AD040CA55DF4FA9
:101280007883C65AD040C955DF4F8883C75AD040AB
:10129000C855DF4F9883C85AD0401ACECB51DF4F84
:1012A00048815981C55ED0404730510509F4D3C00B
:1012B0004830510509F028CEC752DF4F8881C95DFB
:1012C000D040882309F47FC069E272E28EEB91E19D
:1012D0000F9477356FE172E28EEB91E10F947735E1
:1012E000C752DF4F6881C95DD0408EEB91E10E940B
:1012F00074F68EEB91E10F947834CF51DF4FE88193
:10130000F981C15ED040068117810115110509F4EC
:1013100041C0C752DF4FF880C95DD0406F2C712C9F
:1013200020E030E0A9016AEC77E0C8010F94915504
:101330004B0120E030E0A90167E078E0C8010F949C
:1013400091551B012FEF3FEFA90165EF77E0C80131
:101350000F949155232809F016C26FEE78E08EEBBA
:1013600091E10F942035B3018EEB91E10E947BF661
:101370008EEB91E10F947834A3016AEC77E0CF51C2
:10138000DF4FA881B981C15ED04016968D919C91A6
:101390000E945E64C752DF4F4881C95DD04067E05C
:1013A00078E0CF51DF4FE881F981C15ED04086817E
:1013B00097810E94D56307C0C652DF4F8881CA5DFE
:1013C000D0408F7029F466246A94762C0C94A793ED
:1013D00068E772E28EEB91E10F9477356AE672E28C
:1013E0008EEB91E10F947735CE0187529F4F0E948B
:1013F0007529AB01BC018EEB91E10E94F5FA8EEBF1
:1014000091E10F947834CF51DF4FA881B981C15E4B
:10141000D04012960D911C914FEF5FEFBA0180E022
:101420000F945256AB01BC01C8010E948FB4CE018B
:1014300087529F4F0E9475299B01AC016DE775E0B3
:10144000CF51DF4FE881F981C15ED040868197811D
:101450000E943064B8CFC652DF4F8881CA5DD04049
:101460008F7009F4B0CF63E672E28EEB91E10F94D6
:1014700077356AE572E28EEB91E10F947735CE0114
:1014800087529F4F0E94BB29AB01BC012AE030E08C
:101490008EEB91E10F949A348EEB91E10F947834B6
:1014A000CE0187529F4F0E94BB296B01CF51DF4F66
:1014B000A881B981C15ED04016968D919C9100970C
:1014C00011F120E030E0A90163E979E00F94915532
:1014D000C616D706C1F067E778E08EEB91E10F946E
:1014E00020358EEB91E10F9478344FEF5FEF65EF8D
:1014F00077E0CF51DF4FE881F981C15ED04086812E
:1015000097810E945E64CE0187529F4F0E94BB2943
:101510009B01AC0163E979E0CF51DF4FA881B9812C
:10152000C15ED04016968D919C910E9402644BCF73
:10153000C652DF4F8881CA5DD0408F7009F443CF17
:1015400063E572E28EEB91E10F9477356AE472E223
:101550008EEB91E10F947735CE0187529F4F0E9419
:101560007529AB01BC018EEB91E10E94F5FA8EEB7F
:1015700091E10F947834CE0187529F4F0E947529D4
:10158000CF51DF4FE881F981C15ED04006811781DC
:101590000115110571F10F94936C1B012FEF3FEFB3
:1015A000A9016EEF77E0C8010F9491556B01CB0153
:1015B0006F3F760709F06CC06CE978E08EEB91E143
:1015C0000F942035B1018EEB91E10E947BF68EEBFA
:1015D00091E10F947834A1016EEF77E0CF51DF4FA6
:1015E000A881B981C15ED04016968D919C910E94D0
:1015F0005E64CE0187529F4F0E9475299B01AC010A
:1016000063E578E0CF51DF4FE881F981C15ED040DA
:10161000868197810E943064CE0187529F4F0E943D
:1016200075296B017C0120E030E040EF51E40F941C
:10163000C169882351F020E030E048E851E4C70157
:10164000B6010F94C1698111BECECF51DF4FA88181
:10165000B981C15ED0401696ED91FC91309769F04A
:1016600080858F70863049F481859285A385B48505
:10167000A16081879287A387B48760E372E28EEBD3
:1016800091E10F9477358EEB91E10F9478349BCEF6
:10169000892B09F4AECF2616370609F4AACF6DEBD5
:1016A00078E08EEB91E10F942035B6018EEB91E15D
:1016B0000E947BF661EE78E08EEB91E10F9420358D
:1016C000B1018EEB91E10E947BF68EEB91E10F94DC
:1016D000783466EE78E0CF51DF4FE881F981C15E62
:1016E000D040868197810E94EAF53C01892B09F45C
:1016F00072CF198A1A8A1B8A1C8A1D8A1E8A1F8A1F
:10170000188E8A89807F8A8BA101032C000C660BBE
:10171000770BCE0141960E94282729873A874B876D
:101720005C876D877E878F87988B62E0CE010996F4
:101730000E94E42629833A834B835C836D837E83F6
:101740008F8398876FEE75E0C3010E94EAF5BC01B4
:10175000CE0101960E94FF29298F3A8F4B8F5C8F13
:101760006D8F7E8F8F8F98A3912C812CB12CA12C03
:10177000D12CC12C79018A019B01AC016FEFC3010F
:101780000E946B7428CF8114910409F403CE68146D
:10179000790409F4FFCDB2E06B16710419F4672BDC
:1017A00009F499C061E179E08EEB91E10F94203565
:1017B000B4018EEB91E10E947BF661EE78E08EEB56
:1017C00091E10F942035B3018EEB91E10E947BF6FD
:1017D0008EEB91E10F947834CF51DF4FE881F9819E
:1017E000C15ED04084819581F2E0FF1286C0892BD2
:1017F00041F0CF51DF4F88819981C15ED0400E9476
:10180000D29F66EE78E0CF51DF4FA881B981C15EEB
:10181000D04016968D919C910E94EAF52C01892B5F
:1018200009F459C019A61AA61BA61CA61DA61EA619
:101830001FA618AA8AA5807F8AA76F2DCE01899638
:101840000E94062729A33AA34BA35CA36DA37EA302
:101850008FA398A761E0CE0181960E94E426298F8C
:101860004B8F5C8F6D8F7E8F8F8F98A3307F3A8FD9
:1018700088E0FE017996DE01199601900D928A9515
:10188000E1F788E0FE013996DE01519601900D9254
:101890008A95E1F788E0FE017196DE0111960190CC
:1018A0000D928A95E1F76FEE75E0C2010E94EAF5AC
:1018B000BC01CE0101960E94FF29912C812CB12CF4
:1018C000A12CD12CC12C79018A019B01AC016FEFB5
:1018D000C2010E946B74A3016AEC77E0CF51DF4F25
:1018E000E881F981C15ED040868197810E945E6463
:1018F0004FEF5FEF65EF77E042CD892B09F481CFA1
:10190000CF51DF4F88819981C15ED0400E94479FAF
:1019100078CFC752DF4F8881C95DD0408031C0F495
:101920008E30D0F48130C1F0823009F04CCDCF51EF
:10193000DF4FA881B981C15ED04014968D919C91F2
:101940001597892B09F43FCDCD010E94D29F3BCD45
:101950008351843008F037CDCF51DF4FE881F981D2
:10196000C15ED04084819581892B09F42CCDCF01B3
:101970000E94479F28CDCB51DF4F28813981C55E1A
:10198000D0402330310509F40AC62730310509F06B
:1019900089CBD10118968C9118978F708630E9F415
:1019A00019968D919D910D90BC91A02D88279670D0
:1019B000AA27BB27892B8A2B8B2B79F06DE072E24B
:1019C0008EEB91E10F9477358EEB91E10F947834A3
:1019D0009EEF692E77247A94BAC6C652DF4F88816B
:1019E000CA5DD0408F7009F404C1CE0187529F4F69
:1019F0000E94BB299B01AC01CB5FDE4FB881C55073
:101A0000D140B11131C066E379E0C1010E940264A6
:101A10006DE379E08EEB91E10F942035CE01875292
:101A20009F4F0E94BB29AB01BC012AE030E08EEB46
:101A300091E10F949A348EEB91E10F947834A114D4
:101A4000B10491F0F50181859285A385B485009755
:101A5000A105B10549F08A5B9F4FDC018C91882379
:101A600019F06BEE71E2ACCFCE0187529F4F0E940E
:101A7000BB29CD51DF4FE881F981C35ED04001859C
:101A8000128523853485672B682B692B09F46FC079
:101A9000023011052105310509F04FC0CA50DF4F52
:101AA00028813981C65FD040232B09F446C0CE5F20
:101AB000DE4F6881C250D140CE0187529F4F0E94B5
:101AC0000627C756DF4F2883C959D040C656DF4F77
:101AD0003883CA59D040C556DF4F4883CB59D040D0
:101AE000C456DF4F5883CC59D040C356DF4F68836C
:101AF000CD59D040C256DF4F7883CE59D040C15621
:101B0000DF4F8883CF59D040C056DF4F9883C05AEB
:101B1000D0406FE579E08EEB91E10F942035CA500B
:101B2000DF4F68817981C65FD0408EEB91E10E94E2
:101B30007BF68EEB91E10F947834CE0187529F4F64
:101B40000E94BB29C751DF4FA881B981C95ED0402F
:101B500019966D937D938D939C931C97CD28CE28D9
:101B6000CF2809F40DC1412C512C3201B9C00230EB
:101B700011052105310509F3CA50DF4F488159810C
:101B8000C65FD040452BC9F262E0CE0187529F4F1D
:101B90000E940627CF56DF4F2883C159D040CE562A
:101BA000DF4F3883C259D040CD56DF4F4883C359E9
:101BB000D040CC56DF4F5883C459D040CB56DF4F6E
:101BC0006883C559D040CA56DF4F7883C659D04084
:101BD000C956DF4F8883C759D040C856DF4F988316
:101BE000C859D0406DE779E08EEB91E10F94203534
:101BF000A0CFC752DF4F8881C95DD0408E3009F039
:101C0000A9C041E0B101CF51DF4F88819981C15E08
:101C1000D0400E94B58462E0CE0187529F4F0E945F
:101C20000627C757DF4F2883C958D040C657DF4F14
:101C30003883CA58D040C557DF4F4883CB58D0406F
:101C4000C457DF4F5883CC58D040C357DF4F688309
:101C5000CD58D040C257DF4F7883CE58D040C157BF
:101C6000DF4F8883CF58D040C057DF4F9883C0598B
:101C7000D04061E0CE0187529F4F0E94E426CF57AB
:101C8000DF4F2883C158D040CE57DF4F3883C2582A
:101C9000D040CD57DF4F4883C358D040CC57DF4F9B
:101CA0005883C458D040CB57DF4F6883C558D040C5
:101CB000CA57DF4F7883C658D040C957DF4F888353
:101CC000C758D040C857DF4F9883C858D040412CE0
:101CD000512C3201B1E0C351DF4FB883CD5ED0400B
:101CE000C752DF4F8881C95DD040882309F41DC2E7
:101CF00067E979E08EEB91E10F942035C752DF4F11
:101D00006881C95DD0408EEB91E10E9474F68EEB44
:101D100091E10F947834C752DF4F8881C95DD0407C
:101D2000882309F402C2813009F0EEC0F1018085F8
:101D30008F70863059F581859285A385B485882773
:101D40009670AA27BB27892B8A2B8B2BF9F069ED7C
:101D500071E236CE823009F006CF40E0B101CF51BA
:101D6000DF4F88819981C15ED0400E94B584412CAB
:101D7000512C3201C351DF4F1882CD5ED040B0CF1D
:101D8000412C10E2512E612C712CF4CFCD51DF4F3C
:101D9000E881F981C35ED04081859285A385B485B1
:101DA00082309105A105B10529F00597A105B1057E
:101DB00009F0BBC1C751DF4FA881B981C95ED040CE
:101DC00019966D917C91CE0187529F4F0E94E0271A
:101DD000EA962FAFEA97EB963FAFEB97EC964FAFB3
:101DE000EC97ED965FAFED97EE966FAFEE97EF96AF
:101DF0007FAFEF97C158DF4F8883CF57D040C0588F
:101E0000DF4F9883C058D04067E0CE0187529F4F84
:101E10000E94E426E2962FAFE297E3963FAFE39766
:101E2000E4964FAFE497E5965FAFE597E6966FAF20
:101E3000E697E7967FAFE797E8968FAFE897E99642
:101E40009FAFE9972FE030E040E050E069EC79E0A7
:101E5000C1010F949155CD51DF4FE881F981C35EE7
:101E6000D040618772878387948761ED79E08EEB3C
:101E700091E10F942035CD51DF4FA881B981C35E28
:101E8000D04019964D915D916D917C911C972AE0FF
:101E900030E08EEB91E10F949A348EEB91E10F9448
:101EA0007834CD51DF4FE881F981C35ED040618540
:101EB000CE0187529F4F0E940627AA962FAFAA975E
:101EC000AB963FAFAB97AC964FAFAC97AD965FAFCD
:101ED000AD97AE966FAFAE97AF967FAFAF97E096E8
:101EE0008FAFE097E1969FAFE19740E0B101CF510E
:101EF000DF4F88819981C15ED0400E94B584412C1A
:101F0000B0E35B2E612C712CC752DF4FE881C95DB5
:101F1000D040E150E63108F0C7C0F0E08827EC5629
:101F2000F0478F4F0D94966BDD90AA8F549054908C
:101F30005490549054905490549054905490A7902E
:101F400097903091EA90549054905490E790E0909C
:101F5000B890B890D10118968C9118978F708630F0
:101F600089F419968D919D910D90BC91A02D882793
:101F70009670AA27BB27892B8A2B8B2B19F067EC2D
:101F800071E21ECDCD51DF4FE881F981C35ED040B3
:101F9000218532854385548522303105410551051F
:101FA00029F069EC79E0C1010E94026470E060E010
:101FB000CE0187529F4F0E94E027A2962FAFA29793
:101FC000A3963FAFA397A4964FAFA497A5965FAFF4
:101FD000A597A6966FAFA697A7967FAFA797A89647
:101FE0008FAFA897A9969FAFA99767E0CE018752B8
:101FF0009F4F0E94E4266A962FAF6A976B963FAF79
:102000006B976C964FAF6C976D965FAF6D976E96B2
:102010006FAF6E976F967FAF6F97A0968FAFA097B9
:10202000A1969FAFA19768EE79E08EEB91E10F94B6
:102030002035CD51DF4FA881B981C35ED0401996BC
:102040004D915D916D917C911C972AE030E08EEB73
:1020500091E10F949A348EEB91E10F947834689467
:1020600054F8C351DF4FB881CD5ED040B11105C0E7
:10207000412CA0E35A2E612C712C22E030E040E08C
:1020800050E0CD51DF4FA881B981C35ED040199691
:102090002D933D934D935C931C974FEF5FEF70E052
:1020A00060E0C5010F94E604912C80913F1390915C
:1020B00040130597D1F1992009F4F2C0C751DF4FC1
:1020C000E881F981C95ED04081859285A385B48578
:1020D0004497A105B1054CF52EE130E040E050E019
:1020E00021873287438754876EE170E0CE018752A3
:1020F0009F4F0E94E02722962FAF229723963FAF53
:10210000239724964FAF249725965FAF2597269661
:102110006FAF269727967FAF279728968FAF289780
:1021200029969FAF2997689455F8912CB9C0F10171
:1021300080858F70863009F046C981859285A38598
:10214000B485966081879287A387B4873CC9D10103
:1021500018968C9118978F70863009F034C91996AB
:102160008D919D910D90BC91A02D997FF101EACFA9
:1021700041E050E061E070E0C5010F94E60468942E
:1021800054F8C752DF4F8881C95DD04090E0B0E07D
:10219000A0E0CD51DF4FE881F981C35ED040818757
:1021A0009287A387B48740E0B101CF51DF4F888188
:1021B0009981C15ED0400E94B5849924939475CFD3
:1021C00050E040E061E070E0C5010F94E6044FEF9D
:1021D0005FEFD0CF689455F8C751DF4FA881B98120
:1021E000C95ED04019966D917C91CE0187529F4F68
:1021F0000E94E02762962FAF629763963FAF639786
:1022000064964FAF649765965FAF659766966FAFBC
:10221000669767967FAF679768968FAF689769965E
:102220009FAF699767E0CE0187529F4F0E94E426D7
:102230002A962FAF2A972B963FAF2B972C964FAF0E
:102240002C972D965FAF2D972E966FAF2E972F96CA
:102250007FAF2F9760968FAF609761969FAF619722
:102260004FEF5FEF70E060E087CFC652DF4F8881AD
:10227000CA5DD0408F7009F4A6C8CE0187529F4F27
:102280000E9475299B01AC0163E578E0C1010E94C1
:102290003064412CF0E25F2E612C712C99249394D0
:1022A00080913F1390914013059709F48EC054FE1E
:1022B0004DC0CF51DF4FE881F981C15ED04002802F
:1022C000F381E02DCD5FDE4FF983E883C350D14029
:1022D000D101AD90BC9019861A861B861C868A8512
:1022E000807F8A87C752DF4F8881C95DD040898748
:1022F00089859A85AB85BC85898B9A8BAB8BBC8B8A
:102300001D8A1E8A1F8A188E61E0CE0141960E94A6
:10231000E42629AF3AAF4BAF5CAF6DAF7EAF8FAF66
:1023200021969FAF219788248394C12CE0E1DE2E73
:10233000E12CF12C89019A01AB01BC01CD5FDE4F8C
:1023400088819981C350D1400E947CB655FE3DC022
:10235000F101A080B18088248394C12C20E2D22E88
:10236000E12CF12CC752DF4F0881C95DD040C65225
:10237000DF4F1881CA5DD040C552DF4F2881CB5D49
:10238000D040C452DF4F3881CC5DD040C352DF4FC4
:102390004881CD5DD040C252DF4F5881CE5DD040E4
:1023A000C152DF4F6881CF5DD040C052DF4F78818E
:1023B000C05ED040CF51DF4FA881B981C15ED0400F
:1023C00012968D919C910E947CB6C850DF4FE88197
:1023D000F981C85FD040EF2B09F45CC054FE4DC0BA
:1023E00019861A861B861C868A85807F8A87C75233
:1023F000DF4F8881C95DD040898789859A85AB8503
:10240000BC85898B9A8BAB8BBC8B1D8A1E8A1F8ADD
:10241000188E61E0CE0141960E94E426298F4B8FF1
:102420005C8F6D8F7E8F8F8F98A3307F3A8F88E07F
:10243000FE017996DE01119601900D928A95E1F7E1
:1024400088E0FE013196DE01999601900D928A9501
:10245000E1F7CC24C394E9A4FAA40BA51CA52DA5EF
:102460003EA54FA558A96BED77E0C850DF4F888196
:102470009981C85FD0400E945A8455FE0BC0C55256
:10248000DF4F8881CB5DD040823009F4E4C08730D3
:1024900009F412C191100C94E389CD51DF4FE8810A
:1024A000F981C35ED04081859285A385B485823051
:1024B0009105A105B10529F08F3F9F4FAF4FBF4F49
:1024C00041F4C351DF4F2881CD5ED040222309F46F
:1024D0004CC0C751DF4FE881F981C95ED04081858A
:1024E0009285A385B485C450DF4F48815981CC5F64
:1024F000D040849F9001859F300D949F300D112412
:10250000CE50DF4FE881F981C25FD040E20FF31F68
:10251000CE50DF4FF983E883C25FD040C050DF4F19
:10252000E881F981C050D140AF01FF0F660B770BF6
:10253000481759076A077B07C4F4C050DF4F9983D7
:102540008883C050D140CC50DF4F39832883C45F8B
:10255000D040C450DF4F28813981CC5FD040C25178
:10256000DF4F39832883CE5ED040C551DF4F48818D
:102570005981CB5ED040C450DF4F88819981CC5FB8
:10258000D040480F591FC551DF4F59834883CB5E58
:10259000D040D10112962D903C900C94B187C65238
:1025A000DF4F8881CA5DD0408F7011F40C94E389AD
:1025B000A114B10411F40C94E389F501018512858D
:1025C00023853485011511052105310511F40C947D
:1025D000E389CE0187529F4F0E947529D8015C96EE
:1025E000ED91FC9160837183828393830F9417092B
:1025F000611571058105910521F1F80162A773A7A5
:1026000084A795A765EB71E28EEB91E10F94773586
:10261000D1016D917C918EEB91E10F94203562EAAE
:1026200071E28EEB91E10F947735CE0187529F4F87
:102630000E947529AB01BC018EEB91E10E94F5FA75
:1026400022C881E090E0A0E0B0E0F80182A793A763
:10265000A4A7B5A7D7CFCC24C394C752DF4FE88037
:10266000C95DD040C652DF4FF880CA5DD04002E05D
:10267000C452DF4F1881CC5DD040C352DF4F288158
:10268000CD5DD040C252DF4F3881CE5DD040C152C7
:10269000DF4F4881CF5DD040C052DF4F5881C05ED0
:1026A000D04063E578E0C850DF4F88819981C85FEA
:1026B000D0400E945A84EECECC24C394C752DF4F40
:1026C000E880C95DD040C652DF4FF880CA5DD04077
:1026D00007E0C452DF4F1881CC5DD040C352DF4FBA
:1026E0002881CD5DD040C252DF4F3881CE5DD040D1
:1026F000C152DF4F4881CF5DD040C052DF4F58817B
:10270000C05ED04063E979E0CECFCC50DF4F198274
:102710001882C45FD040C251DF4F19821882CE5E4A
:10272000D040C551DF4F19821882CB5ED040CE50C9
:10273000DF4F19821882C25FD040C551DF4FE88158
:10274000F981CB5ED040EF2BE9F4712C612CC301F1
:10275000CB5FDE4F0FB6F894DEBF0FBECDBFDF916B
:10276000CF911F910F91FF90EF90DF90CF90BF908E
:10277000AF909F908F907F906F905F904F903F9021
:102780002F900895CE50DF4F88819981C25FD0404D
:10279000C551DF4F68817981CB5ED0400F94826B49
:1027A0003B0163E971E28EEB91E10F947735C551FE
:1027B000DF4F68817981CB5ED0408EEB91E10E9442
:1027C0007BF668E871E28EEB91E10F9477350FEFBD
:1027D00010E0CE50DF4F88819981C25FD040B801B0
:1027E0000F94826B8EEB91E10E947BF661E871E2BF
:1027F0008EEB91E10F947735B3018EEB91E10E945E
:102800007BF667E771E28EEB91E10F947735CC5060
:10281000DF4F88819981C45FD040B8010F94826BEB
:102820008EEB91E10E947BF660E771E28EEB91E125
:102830000F947735C251DF4F68817981CE5ED040E9
:102840008EEB91E10E947BF66CE671E28EEB91E1FA
:102850000F9477358EEB91E10F9478346114710405
:1028600009F473CFCF51DF4FA881B981C15ED04049
:102870001496ED91FC91309709F469CF2681378148
:10288000CF51DF4F39832883C15ED040C251DF4F23
:1028900088819981CE5ED040092E000CAA0BBB0B1B
:1028A000C251DF4F88839983AA83BB83CE5ED04019
:1028B000CC50DF4F28813981C45FD040032E000CFB
:1028C000440B550BCB51DF4F288339834A835B83FD
:1028D000C55ED040CF51DF4F48815981C15ED040A5
:1028E000452B09F434CF2CE330E040E050E06AE0BF
:1028F00077E0CF51DF4F88819981C15ED0400F943E
:1029000091556B0163E577E0CF51DF4F8881998165
:10291000C15ED0400E94EAF5CD51DF4F9983888394
:10292000C35ED04063E979E0CF51DF4F8881998160
:10293000C15ED0400E94EAF55C016BED77E0CF51BB
:10294000DF4F88819981C15ED0400E94EAF54C0139
:1029500020E030E0A90167E578E0CF51DF4F8881C2
:102960009981C15ED0400F9491551B012C01CD512E
:10297000DF4F88819981C35ED040009709F4E8C099
:10298000A114B10409F4E4C08114910409F4E0C075
:10299000DC0118968C918F70823009F0D9C0F50156
:1029A00080858F70823009F0D3C0D40118968C9145
:1029B00018978F70823009F0CBC0C114D10409F48C
:1029C000C7C019968D919D910D90BC91A02D82301C
:1029D0009105A105B10529F08F3F9F4FAF4FBF4F24
:1029E00031F4211431044104510409F46BC0CC507A
:1029F000DF4F28813981C45FD040212C312C210147
:102A0000232B09F45FC0D50119968D919C918C9D63
:102A100050018D9DB00C9C9DB00C11242FEF30E027
:102A2000D5010F94AD6B9601DD0C440B550B0F9443
:102A30002D6BC251DF4F688179818A819B81CE5E87
:102A4000D0400F94FB6ACB51DF4F288139814A81F6
:102A50005B81C55ED0400F942D6B19012A0165E69C
:102A600071E28EEB91E10F947735CF51DF4FE88122
:102A7000F981C15ED040608171818EEB91E10F944C
:102A800020356FE571E28EEB91E10F947735C5014A
:102A90006FEF70E00F94826B8EEB91E10E947BF6FA
:102AA00069E571E28EEB91E10F9477352AE030E031
:102AB000B201A1018EEB91E10F949A348EEB91E17A
:102AC0000F947834CD51DF4FE881F981C35ED04057
:102AD00081859285A385B48582159305A405B505E6
:102AE000B9F119861A861B861C861D861E861F86CE
:102AF000188A8A85807F8A87B101CE0109960E9453
:102B0000E02729A33AA34BA35CA36DA37EA38FA3C5
:102B100098A7912C812CB12CA12CD12CC12C7901FE
:102B20008A019B01AC016FEFCF51DF4F8881998102
:102B3000C15ED0400E946B74CD51DF4FA881B98136
:102B4000C35ED04019962D923D924D925C921C9797
:102B5000CF51DF4FE881F981C15ED0400280F3811F
:102B6000E02DCF51DF4FF983E883C15ED040B2CE74
:102B70002F923F924F925F926F927F928F929F928D
:102B8000AF92BF92CF92DF92EF92FF920F931F937B
:102B9000CF93DF93CDB7DEB7C459D1090FB6F89400
:102BA000DEBF0FBECDBF1C0161307105B9F5DC0180
:102BB00012968D919C910E94D0B4672B682B692B43
:102BC00069F14FEF5FEFBA0180E00F9452566B014D
:102BD0007C01F10102811381C8010E94D0B4C61AA0
:102BE000D70AE80AF90AF0E6CF16FAEEDF06E104A2
:102BF000F104A0F040E050E0BA01C8010E948FB497
:102C00006DE775E0D10116968D919C910E94EAF5D1
:102C1000009721F0FC012085207F2087D1011696A6
:102C2000ED90FC9020E030E040EC5FE76DE775E070
:102C3000C7010F9428554B015C0120E030E0A90149
:102C400067E078E0C7010F9491552B01C657DF4F1D
:102C500079836883CA58D04026EE30E040E050E0E7
:102C600065E17AE0C7010F949155C057DF4F688343
:102C700079838A839B83C059D04020E030E040EFC5
:102C800051E4C501B4010F94C96C18160CF491C13C
:102C900020E030E040E751E4C501B4010F94C16980
:102CA00087FD90C1EFE0F0E0C158DF4FF983E88382
:102CB000CF57D040A5019401C501B4010F94296DEF
:102CC000882371F0C657DF4FA881B981CA58D04018
:102CD000AB2B31F0C158DF4F59824882CF57D040DB
:102CE000D1011496ED91FC9126813781EB963FAF8F
:102CF0002EAFEB978FEF9FEFEF969FAF8EAFEF97D3
:102D0000C157DF4F1882CF58D040CC56DF4F1882C2
:102D1000C459D040C257DF4F1882CE58D040C75751
:102D2000DF4F1882C958D040CB57DF4F1982188225
:102D3000C558D040EB96AEADBFADEB97109709F4F8
:102D40004CC6ED91FC911197309709F411C4808124
:102D5000882309F40DC420E030E0A9016BED77E091
:102D6000CD010F9491556B01C957DF4F798368836B
:102D7000C758D04020E030E0A90163E578E0EB9649
:102D80008EAD9FADEB970F9428554B015C0120E071
:102D900030E0A9016DE775E0EB968EAD9FADEB9746
:102DA0000F9428552B013C0120E030E0A90163E994
:102DB00079E0EB968EAD9FADEB970F949155C95787
:102DC000DF4FE881F981C758D040EF30F10509F4B1
:102DD000AEC10CF000C1E230F10509F40BC13E9721
:102DE00009F4B0C110E0ED961FAE1EAEED9720E0E5
:102DF00030E0A90167E578E0EB968EAD9FADEB97EB
:102E00000F9491552B013C0164EC76E0EB968EAD6E
:102E10009FADEB970E94EAF5C457DF4F99838883F3
:102E2000CC58D0406EE577E0EB968EAD9FADEB973A
:102E30000E94EAF5CF57DF4F99838883C158D0406D
:102E40006DE775E0EB968EAD9FADEB970E94EAF5CE
:102E5000FC01C457DF4F28813981CC58D04021155F
:102E6000310509F485C3D90119968D909D90AD90D7
:102E7000BC901C9781149104A104B10409F478C397
:102E8000CF57DF4F28813981C158D04021153105F6
:102E900009F46EC3D90118969C919F70933009F084
:102EA00067C3309709F464C380858F70833009F05D
:102EB0005FC3CD57DF4F99828882C358D040F40159
:102EC000EA5BFF4FC158DF4F28813981CF57D0408F
:102ED0002431310509F45CC12531310509F498C16B
:102EE000411451046104710449F4111107C0ED96B5
:102EF0008EAD9FADED97029709F061C18081882367
:102F000009F45DC1108266E273E28EEB91E10F94E9
:102F10007735EB96AEADBFADEB976D917C918EEBB7
:102F200091E10F9420358EEB91E10F947834EB967C
:102F3000EEADFFADEB97E080F18019861A861B8617
:102F40001C861D861E861F86188A8A85807F8A8732
:102F500020E030E0A90166E379E0CF010F949155BC
:102F6000CE0109960E94E02729833A834B835C8334
:102F70006D837E838F83988767E0CE0101960E94E0
:102F8000E42629A33AA34BA35CA36DA37EA38FA33E
:102F900098A7CC24C39489019A01AB01BC01C1015B
:102FA0000E94358697FD0BC1EF969FAF8EAFEF97CE
:102FB00006C124E130E0C158DF4F39832883CF5761
:102FC000D04078CE85E190E0C158DF4F9983888367
:102FD000CF57D0406FCEC957DF4F28813981C758AE
:102FE000D0402331310561F00CF4FCCE263131059F
:102FF0000CF0F8CEED96DFAECEAEED9710E0F7CE4A
:10300000C657DF4F88819981CA58D04084319105D5
:1030100081F1459709F458C020E030E040E85FE3D3
:10302000C301B2010F94B56B9B01AC01C501B401A2
:103030000F94C96C18160CF473C0ED961FAE1EAE3B
:10304000ED9720E030E040E85FE3C301B2010F9468
:10305000B46B9B01AC01C501B4010F94C16910E0D0
:1030600087FFC5CE85E190E0ED969FAF8EAFED97DF
:10307000BECEA3019201C501B4010F94C96C18160C
:10308000E4F0ED961FAE1EAEED9720E030E040E894
:103090005FE3C301B2010F94B46B9B01AC01C501A6
:1030A000B4010F94C16910E087FFA1CEE5E1F0E023
:1030B000ED96FFAFEEAFED979ACEA4E1B0E0ED96BE
:1030C000BFAFAEAFED97E1CFA3019201C501B4014F
:1030D0000F94C16987FD1DC0ED961FAE1EAEED9722
:1030E00020E030E040E85FE3C301B2010F94B56B2C
:1030F0009B01AC01C501B4010F94C96C10E0181616
:103100000CF075CE24E130E0ED963FAF2EAFED9799
:103110006ECEE5E1F0E0ED96FFAFEEAFED97E0CFDC
:1031200024E130E0ED963FAF2EAFED978ACF161633
:10313000170694F08FE090E0ED969FAF8EAFED977D
:1031400011E055CE16161706ACF0AEE0B0E0ED96E5
:10315000BFAFAEAFED97F4CFAFE0B0E0ED96BFAF4D
:10316000AEAFED9711E0B1E0C757DF4FB883C95854
:10317000D0403DCEEEE0F0E0ED96FFAFEEAFED9744
:1031800011E0F1E0C257DF4FF883CE58D0402FCE88
:10319000111105C0411451046104710459F080817A
:1031A000811103C0C4010F94243781E0F401EA5B6C
:1031B000FF4F808370E060E0C4010F94E536CD5787
:1031C000DF4FA881B981C358D0405C96ED91FC9146
:1031D00060817181828193817401B6E4EB0EF11CF0
:1031E000F70110819B01AC010F94296D811125C05D
:1031F000ED968EAD9FADED9744970297F0F41123B5
:1032000009F4ABC3CC56DF4F1883C459D04018C063
:10321000111105C0411451046104710459F08081F9
:10322000811103C0C4010F94243781E0F401EA5BEB
:10323000FF4F808361E070E0BFCF112309F48DC39D
:10324000C4010F947E37D82E882309F486C36FE11A
:1032500073E28EEB91E10F947735D1011296ED91E7
:10326000FC910280F381E02D608171818EEB91E110
:103270000F9420356CE577E08EEB91E10F942035CB
:10328000EB96EEADFFADEB97608171818EEB91E136
:103290000F9420356AE173E28EEB91E10F9477355C
:1032A000CD57DF4FA881B981C358D0405C96ED91CE
:1032B000FC9140815181628173818EEB91E10E948A
:1032C000F5FA64E173E28EEB91E10F947735CD5717
:1032D000DF4FA881B981C358D0409096ED91FC9101
:1032E00040815181628173818EEB91E10E94F5FAF8
:1032F0006EE073E28EEB91E10F947735CD57DF4F9F
:10330000A881B981C358D0405E96ED91FC9140816F
:103310005181628173818EEB91E10E94F5FA6BE13C
:103320007AE08EEB91E10F942035CD57DF4FE881A5
:10333000F981C358D04040815181628173818EEB05
:1033400091E10E94F5FA6FE17AE08EEB91E10F9442
:103350002035CD57DF4FA881B981C358D04014968E
:103360004D915D916D917C9117978EEB91E10E944B
:10337000F5FA63E27AE08EEB91E10F942035CD57B8
:10338000DF4FE881F981C358D0404085518562857F
:1033900073858EEB91E10E94F5FACD57DF4FA8813E
:1033A000B981C358D04058968D919C9167E07AE0DE
:1033B000892B11F46DE07AE08EEB91E10F942035CA
:1033C000B6E48B0E911CF40180816DE17BE08823D3
:1033D00011F063E17AE08EEB91E10F942035CD5747
:1033E000DF4FA881B981C358D0405C96ED91FC9124
:1033F00060817181828193819B01AC010F94296D61
:10340000882331F067E073E28EEB91E10F9477351A
:103410008EEB91E10F947834CF57DF4FE881F9813B
:10342000C158D04081849284A384B484A5019401BE
:10343000C501B4010F94296D81119AC0ED962EAD8E
:103440003FADED972431310519F12531310509F4EE
:10345000BAC0C158DF4F28813981CF57D0402431BD
:10346000310509F449C12531310509F4E5C12F3091
:10347000310509F07DC0C457DF4FA881B981CC5810
:10348000D0401996ED91FC91EA5BFF4F108270C01D
:10349000EB96AEADBFADEB97ED90FC90C158DF4F12
:1034A000E881F981CF57D04019861A861B861C8681
:1034B0001D861E861F86188A8A85807F8A87759753
:1034C00009F063C070E060E0CE0109960E94E02739
:1034D00029833A834B835C836D837E838F839887B4
:1034E00067E0CE0101960E94E42629A73AA74BA7E0
:1034F0005CA76DA77EA78FA798ABCC24C394890146
:103500009A01AB01BC01C1010E9435867C0197FF85
:1035100004C0EF96EEACFFACEF97CB57DF4F28819E
:103520003981C558D040B901330F880B990B0F94DE
:10353000C869CF57DF4FA881B981C158D0401996CB
:103540002D913D914D915C911C970F94B56B0F940B
:10355000936CCB57DF4F79836883C558D040EF9683
:10356000FFAEEEAEEF97C157DF4FD882CF58D040B5
:10357000EB96AEADBFADEB9712960D90BC91A02D22
:10358000EB96BFAFAEAFEB97D5CBC501B4010F94AF
:10359000936CCE0109960E94E02729833A834B83DE
:1035A0005C836D837E838F83988767E0CE0101966D
:1035B0000E94E42629AB3AAB4BAB5CAB6DAB7EAB68
:1035C0008FAB98AF9ACFEB96EEADFFADEB97E08067
:1035D000F180C158DF4F28813981CF57D0401986FB
:1035E0001A861B861C861D861E861F86188A8A855B
:1035F000807F8A872431310509F046C070E060E0A1
:10360000CE0109960E94E02729833A834B835C838D
:103610006D837E838F83988767E0CE0101960E9439
:10362000E42629AF3AAF4BAF5CAF6DAF7EAF8FAF43
:1036300021969FAF2197CC24C39489019A01AB01B5
:10364000BC01C1010E9435867C0197FF04C0EF9642
:10365000EEACFFACEF97CB57DF4FA881B981C558CF
:10366000D040BD01BB0F880B990B0F94C869CF5791
:10367000DF4FE881F981C158D040218532854385EB
:1036800054850F94B46B63CFC501B4010F94936C50
:10369000CE0109960E94E02729833A834B835C83FD
:1036A0006D837E838F83988767E0CE0101960E94A9
:1036B000E426022F22962FAF2297132F23963FAF97
:1036C0002397242F24964FAF2497352F25965FAF4D
:1036D0002597462F26966FAF2697572F27967FAFB1
:1036E0002797682F28968FAF2897792F29969FAF15
:1036F0002997CC24C394A5CF61EF72E28EEB91E1C0
:103700000F947735D1011296ED91FC910280F381EF
:10371000E02D608171818EEB91E10F9420356CE595
:1037200077E08EEB91E10F942035EB96EEADFFAD97
:10373000EB97608171818EEB91E10F9420356BEEF8
:1037400072E28EEB91E10F947735CF57DF4FA8816E
:10375000B981C158D04019964D915D916D917C9180
:103760001C978EEB91E10E94F5FA8EEB91E10F949C
:103770007834C957DF4FE881F981C758D040329774
:1037800029F445284628472809F4F2CEEB96AEAD39
:10379000BFADEB97ED90FC9019861A861B861C86B0
:1037A0001D861E861F86188A8A85807F8A87CF5746
:1037B000DF4FE881F981C158D040618572858385EA
:1037C00094850F94936CCE0109960E94E02729837B
:1037D0003A834B835C836D837E838F83988767E016
:1037E000CE0101960E94E4262A962FAF2A972B96A7
:1037F0003FAF2B972C964FAF2C972D965FAF2D9701
:103800002E966FAF2E972F967FAF2F9760968FAF24
:10381000609761969FAF6197CC24C39489019A0108
:10382000AB01BC01C1010E94358697FDA1CEEF9688
:103830009FAF8EAFEF979CCE65ED72E28EEB91E17C
:103840000F947735D1011296ED91FC910280F381AE
:10385000E02D608171818EEB91E10F9420356CE554
:1038600077E08EEB91E10F942035EB96EEADFFAD56
:10387000EB97608171818EEB91E10F9420356FECB5
:1038800072E28EEB91E10F947735CF57DF4FA8812D
:10389000B981C158D04019964D915D916D917C913F
:1038A0001C978EEB91E10E94F5FA8EEB91E10F945B
:1038B0007834C957DF4FE881F981C758D040329733
:1038C00029F445284628472809F452CEEB96AEAD98
:1038D000BFADEB97ED90FC9019861A861B861C866F
:1038E0001D861E861F86188A8A85807F8A87CF5705
:1038F000DF4FE881F981C158D040618572858385A9
:1039000094850F94936CCE0109960E94E027298339
:103910003A834B835C836D837E838F83988767E0D4
:10392000CE0101960E94E42662962FAF62976396BD
:103930003FAF639764964FAF649765965FAF6597A7
:1039400066966FAF669767967FAF679768968FAFFB
:10395000689769969FAF69975FCFF7018081882349
:1039600009F406CECF57DF4FA881B981C158D040A6
:103970001996CD90DD90ED90FC901C97A7019601D3
:10398000C701B6010F94296D8111F2CDCD57DF4FDC
:10399000E881F981C358D040808D918D892B21F029
:1039A000F7FAF094F7F8F094CB57DF4F288139817C
:1039B000C558D040B901330F880B990B0F94C869D3
:1039C000A70196010F94B56B0F94936CCB57DF4F03
:1039D00079836883C558D040CBCDC157DF4FB881BC
:1039E000CF58D040BB2309F480C0C057DF4F0881B7
:1039F0001981C059D0406BEB72E28EEB91E10F94CC
:103A00007735CB57DF4F68817981C558D0408EEB31
:103A100091E10E947BF660EB72E28EEB91E10F94F4
:103A20007735C057DF4F68817981C059D0408EEB20
:103A300091E10E947BF68EEB91E10F947834CB57A5
:103A4000DF4FE881F981C558D0400E171F070CF0F1
:103A500094C0198A1A8A1B8A1C8A1D8A1E8A1F8A88
:103A6000188E8A89807F8A8B64E1CE0141960E94FC
:103A7000062729873A874B875C876D877E878F87E4
:103A8000988B4EE150E060E070E0CE0109960E9414
:103A9000282729833A834B835C836D837E838F83BE
:103AA000988762E0CE0101960E94E4266A962FAFC5
:103AB0006A976B963FAF6B976C964FAF6C976D960E
:103AC0005FAF6D976E966FAF6E976F967FAF6F9784
:103AD000A0968FAFA097A1969FAFA19789019A0159
:103AE000AB01BC01C1010E94ED83CC56DF4FB88110
:103AF000C459D040BB2309F49FC0C757DF4F188279
:103B0000C958D040EF968EAD9FADEF9718161906A5
:103B10000CF4C8C0EF96AEADBFADEF97AB2B89F4F8
:103B2000C158DF4F88819981CF57D0404497029781
:103B300008F0B8C0C757DF4FB881C958D040B1119D
:103B4000B1C081E090E0CC56DF4F0FB6F894DEBFF5
:103B50000FBECDBFDF91CF911F910F91FF90EF90DE
:103B6000DF90CF90BF90AF909F908F907F906F909D
:103B70005F904F903F902F900895CB57DF4F8881F3
:103B80009981C558D04091958195910908171907D9
:103B90000CF046C0198A1A8A1B8A1C8A1D8A1E8A42
:103BA0001F8A188E8A89807F8A8B65E1CE014196B3
:103BB0000E94062729873A874B875C876D877E8717
:103BC0008F87988B41E150E060E070E0CE0109966C
:103BD0000E94282729833A834B835C836D837E83ED
:103BE0008F83988762E0CE0101960E94E426A29618
:103BF0002FAFA297A3963FAFA397A4964FAFA497DA
:103C0000A5965FAFA597A6966FAFA697A7967FAF2D
:103C1000A797A8968FAFA897A9969FAFA9975ECFB1
:103C2000CB57DF4F68817981C558D040675F7F4FA0
:103C30006331710508F059CFD1011696ED91FC91D1
:103C4000309709F060C0C257DF4FB881CE58D040DE
:103C5000BB2309F4D4C0EF96EEADFFADEF971E166F
:103C60001F060CF0FBC019861A861B861C861D8653
:103C70001E861F86188A8A85807F8A876EE0CE011D
:103C800009960E940627298B3A8B4B8B5C8B6D8B98
:103C90007E8B8F8B988F89019A01AB01BC01C1018A
:103CA0000E94E481AD961CAE1DAE1EAE1FAEAD9758
:103CB000E1961CAE1DAE1EAE1FAEE197AB968FAD6A
:103CC000AB97807FAB968FAFAB97EF966EAD7FAD26
:103CD000EF97CE0187599F4F0E94E02729873A87A7
:103CE0004B875C876D877E878F87988B67E0CE01D7
:103CF00009960E94E42689019A01AB01BC01C10129
:103D00000E94E4811ECF80858F70863009F09BCFA2
:103D100081859285A385B485A0FF95CF67E27AE07F
:103D20008EEB91E10F9420358EEB91E10F94783476
:103D300025E130E040E050E06FE478E0F101868179
:103D400097810F9491556B01CB0142970C9728F006
:103D500085E1C82ED12CE12CF12C19861A861B8600
:103D60001C861D861E861F86188A8A85807F8A8704
:103D700060E0CE0109960E940627298B3A8B4B8B77
:103D80005C8B6D8B7E8B8F8B988FA601DD0C660B09
:103D9000770BCE0141960E942827298F3A8F4B8FAF
:103DA0005C8F6D8F7E8F8F8F98A362E0CE014996D6
:103DB0000E94E42629833A834B835C836D837E8350
:103DC0008F83988789019A01AB01BC01C1010E94D0
:103DD000E481D1011696ED91FC91309709F433CF2F
:103DE00080858F70863009F02ECF81859285A385DE
:103DF000B485AE7F81879287A387B48724CFC757C6
:103E0000DF4FF881C958D040FF2309F1EF962EAD5E
:103E10003FADEF97121613060CF07CCE19861A866A
:103E20001B861C861D861E861F86188A8A85807FB3
:103E30008A876FE0CE0109960E940627298F3A8F64
:103E40004B8F5C8F6D8F7E8F8F8F98A324CF31E047
:103E5000C757DF4F3883C958D04054CEC257DF4FC1
:103E60009881CE58D040C757DF4F9883C958D0406B
:103E700051CEFC0126813781232B31F024813581FD
:103E8000232B11F00C94B89590E080E008958F9268
:103E90009F92AF92BF92CF92EF92FF920F931F9398
:103EA000CF93DF93CDB7DEB768970FB6F894DEBF38
:103EB0000FBECDBF4C0166E972E28EEB91E10F942B
:103EC00077358EEB91E10F947834D4011496ED910F
:103ED000FC91A680B780A114B10409F451C0F5018A
:103EE000E080F180E114F10409F446C0D7018C911F
:103EF000882309F441C022E030E040E050E067E36D
:103F00007AE0C5010F9491559B012D7F232B69F118
:103F100019861A861B861C861D861E861F86188A91
:103F20002A85207F2A87CE0109960E9406272983A9
:103F30003A834B835C836D837E838F83988761E0B4
:103F4000CE0101960E94E426298B3A8B4B8B5C8B29
:103F50006D8B7E8B8F8B988FCC24C39489019A01B3
:103F6000AB01BC01C4010E94358650E040E067E32C
:103F70007AE0C5010E945E64F501A280B380ABCFF8
:103F800068960FB6F894DEBF0FBECDBFDF91CF911C
:103F90001F910F91FF90EF90CF90BF90AF909F90A7
:103FA0008F9008958F929F92AF92BF92CF92EF928F
:103FB000FF920F931F93CF93DF93CDB7DEB7689730
:103FC0000FB6F894DEBF0FBECDBF4C016FE772E2B3
:103FD0008EEB91E10F9477358EEB91E10F9478346D
:103FE000D4011496ED91FC91A680B780A114B10480
:103FF00009F45EC0D501ED91FC91309709F453C0EE
:104000008081882309F44FC020E030E0A9016BEDE6
:1040100077E0C5010F9491559B0160317105F4F56E
:104020006E3071051CF461307105E9F5AB0167E391
:104030007AE0C5010E945E64F501E080F180198696
:104040001A861B861C861D861E861F86188A8A85F0
:10405000807F8A8762E0CE0109960E940627298325
:104060003A834B835C836D837E838F83988761E083
:10407000CE0101960E94E426298B3A8B4B8B5C8BF8
:104080006D8B7E8B8F8B988FCC24C39489019A0182
:10409000AB01BC01C4010E94358605C02351310922
:1040A0002430310518F2D5011296AD90BC909ECF08
:1040B00068960FB6F894DEBF0FBECDBFDF91CF91EB
:1040C0001F910F91FF90EF90CF90BF90AF909F9076
:1040D0008F900895AF92BF92CF92EF92FF920F937D
:1040E0001F93CF93DF93CDB7DEB7A0970FB6F894A9
:1040F000DEBF0FBECDBF5C01C12C0E9435867C01A6
:1041000097FD4CC062E471E28EEB91E10F9477353C
:10411000B7018EEB91E10E947BF68EEB91E10F945B
:10412000783419861A861B861C861D861E861F8675
:10413000188A8A85807F8A87B701CE0109960E94F6
:10414000E027298B3A8B4B8B5C8B6D8B7E8B8F8B17
:10415000988F67E0CE0141960E94E42689019A017A
:10416000AB01BC01C5010E94E48181E090E02EEF2B
:10417000E2162FEFF20611F490E080E0A0960FB661
:10418000F894DEBF0FBECDBFDF91CF911F910F918D
:10419000FF90EF90CF90BF90AF9008956EE271E2E4
:1041A0008EEB91E10F94773564E271E22FEFE21626
:1041B000F20611F46BE271E28EEB91E10F94773528
:1041C0008EEB91E10F947834D0CF2F923F924F92A3
:1041D0005F926F927F928F929F92AF92BF92CF9297
:1041E000DF92EF92FF920F931F93CF93DF93CDB7A0
:1041F000DEB7CF56D1090FB6F894DEBF0FBECDBFE4
:104200003C011A01A4962FAFA497AE961FAF0EAF34
:10421000AE97E096FFAEEEAEE097A896CFAEA89729
:10422000A796BFAEAEAEA797DC011496ED91FC91B8
:104230000288F389E02D86809780AB2839F4FE014F
:10424000EE59FF4FA796FFAFEEAFA79781E0A79675
:10425000AEADBFADA7978C936B01F12CE12C81140F
:10426000910409F449C5A496BFADA497B13009F4EF
:1042700082C008F479C0B23041F0B33009F471C0A3
:10428000D40112968D909C90EACF67EF75E0C4013F
:104290000E94EAF511E0009799F3FC01818592856F
:1042A000A385B4858C159D05AE05BF0549F765EC62
:1042B00076E0C4010E94EAF5AA969FAF8EAFAA9756
:1042C000D3011296ED91FC9162E0848195810E9468
:1042D00062F6AC969FAF8EAFAC97822D0F94BB0168
:1042E0007C01A2961FAEA297198A1A8A1B8A1C8A81
:1042F0001D8A1E8A1F8A188E8A89807F8A8B68EFA2
:1043000076E0C4010E94EAF56C016FEE75E0C4012D
:104310000E94EAF55C01C114D10451F0F6018085D8
:104320008F70843029F4818592850E943020182F67
:10433000EFEFE10FEB3008F069C10E2E000CFF0B20
:104340008827EA55FE458F4F0D94966BBEA146A275
:1043500024A26BA206A306A3A5A290A2B9A2CAA2F8
:10436000E2A263E47AE093CF66E47AE0C4010E94BB
:10437000EAF51BE090CF6BE47AE0F8CF1701512CFF
:10438000412CA701FF0C660B770BCE0141960E94D2
:1043900028276A962FAF6A976B963FAF6B976C96FC
:1043A0004FAF6C976D965FAF6D976E966FAF6E97D0
:1043B0006F967FAF6F97A0968FAFA097A1969FAF94
:1043C000A19780911E02893020F480911D028930CE
:1043D000A8F167EE7EE18EEB91E10F94773500E076
:1043E00020E030E340E150E0BE016F5F7F4FCE013F
:1043F00041960E94CF23BC018EEB91E10F942035B2
:104400006BED7EE18EEB91E10F947735612F110F0B
:10441000770B8EEB91E10E947BF669ED7EE18EEBEE
:1044200091E10F947735D4016D917C918EEB91E100
:104430000F9420358EEB91E10F947834A114B104E0
:1044400009F0E8C0D12CF4C21701512C412CB20163
:10445000A701CE0141960E94282762962FAF62974E
:1044600063963FAF639764964FAF649765965FAF6F
:10447000659766966FAF669767967FAF6797689602
:104480008FAF689769969FAF69979BCFFE24EF2403
:10449000FE241701512C412CB201A101CE014196FD
:1044A0000E9428272A962FAF2A972B963FAF2B974B
:1044B0002C964FAF2C972D965FAF2D972E966FAF02
:1044C0002E972F967FAF2F9760968FAF609761964C
:1044D0009FAF619776CFFE24EF24FE241701512C65
:1044E000412CB201A101CE0141960E9428272296BB
:1044F0002FAF229723963FAF239724964FAF249751
:1045000025965FAF259726966FAF269727967FAFA4
:10451000279728968FAF289729969FAF299751CF35
:10452000FF241701512C412CB201A701CE01419665
:104530000E94282729AF3AAF4BAF5CAF6DAF7EAF7B
:104540008FAF21969FAF21973CCFEF2CFF2417010F
:10455000512C412CB201A701CE0141960E9428277F
:1045600029AB3AAB4BAB5CAB6DAB7EAB8FAB98AFD3
:1045700028CF1701512C412C8A89807F86608A8B35
:104580002AE030E0D7010F94AD6B6D8B7E8B8F8B63
:10459000988F17CF1701512C412C8A89807F876013
:1045A0008A8BB701FF0C880B990B0F94C86920E028
:1045B00030E048EC52E40F94216C6D8B7E8B8F8B36
:1045C000988FFFCEC10124E0969587952A95E1F753
:1045D0000F94BB01FFE02F22332402C096958795EC
:1045E0002A94E2F7817099271C01512C412CB201C9
:1045F000AC01CE0141960E94282729A73AA74BA7D4
:104600005CA76DA77EA78FA798ABDBCE212C312CA2
:104610002101D7CEF50180858F708550823008F05A
:1046200011CFB501CE0141960E94FF29298B3A8B0B
:104630004B8B5C8B6D8B7E8B8F8B988F211102C087
:104640003F7009F180911E02893008F46DC264E563
:104650007EE18EEB91E10F94773500E020E030E3CE
:1046600040E150E0BE016F5F7F4FCE0141960E9456
:10467000CF23BC018EEB91E10F9420358EEB91E1BD
:104680000F947834DFCE63EF75E0C5010E94EAF540
:104690007C01009709F4D6CEDC0118968C918F70BE
:1046A000823009F4F3C0843009F0CCCE80911E0230
:1046B000893020F480911D02893090F06AE87EE113
:1046C0008EEB91E10F947735D70119966D917C911E
:1046D0008EEB91E10F9420358EEB91E10F947834BD
:1046E000AC96EEADFFADAC97309709F416C380855C
:1046F0008F70863009F00FC3D7011996CD90DC90EA
:10470000C114D10409F407C3D3011296ED91FC91B1
:1047100062E0848195810E9462F6B6010E94EAF50A
:104720000F94CF046C01892B09F4F5C280911E020D
:10473000893020F480911D028930A8F068E77EE17D
:104740008EEB91E10F947735F601418552856385B3
:1047500074852AE030E08EEB91E10F949A348EEB71
:1047600091E10F947834D70119966D917C91D30122
:104770001496ED91FC91828993890E94EAF57C015F
:10478000009709F4C8C268EF76E00E94EAF5009746
:1047900049F0FC0120852F70243021F48185928519
:1047A0000E943020D60119964D915D916D917C91BA
:1047B0001C97CE0141960E94282729A33AA34BA318
:1047C0005CA36DA37EA38FA398A76FEE75E0C701CE
:1047D0000E94EAF5BC01009791F0FC0190859F7062
:1047E0009550923060F4CE0141960E94FF29298BAA
:1047F0003A8B4B8B5C8B6D8B7E8B8F8B988F8091E4
:104800001E02893020F480911D028930D8F063E6C1
:104810007EE18EEB91E10F94773500E020E030E30C
:1048200040E150E0BE016F5F7F4FCE0141960E9494
:10483000CF23BC018EEB91E10F9420358EEB91E1FB
:104840000F947834D60118968C911897982F9295DA
:104850009F7090FD60C221E0A2962FAFA297916059
:104860009295907F8F70892B18968C93DD24D3942A
:10487000A896BFADA897BB2309F4EDC0AA964EAD8C
:104880005FADAA97452B09F4E6C055C280911E0280
:10489000893020F480911D028930A8F063EC7EE11C
:1048A0008EEB91E10F947735F70141855285638551
:1048B00074852AE030E08EEB91E10F949A348EEB10
:1048C00091E10F947834D70119966D917D918D9176
:1048D0009C911C97AE96EEADFFADAE978F0130E088
:1048E00020E060177107820793070CF44AC0E09636
:1048F0004EAD5FADE0978A0130E020E00617170764
:1049000028073907F4F1AB014E1B5F0BDE01AF59ED
:10491000BF4F5D01C12CE096EEACFFACE0978F017C
:10492000A4962FADA497C3010E94E5A0298B3A8BD2
:104930004B8B5C8B6D8B7E8B8F8B988F80911E0247
:10494000893020F480911D028930C0F06FE47AE054
:104950008EEB91E10F9420356CE67AE08EEB91E1DD
:104960000F942035A2966FADA29770E08EEB91E187
:104970000E947BF68EEB91E10F947834DD24D39482
:1049800057C069EB7EE18EEB91E10F947735F7012B
:1049900041855285638574852AE030E08EEB91E194
:1049A0000F949A346AE97EE18EEB91E10F947735AA
:1049B0008EEB91E10F94783481E080933C0FCE012F
:1049C00049969093C20F8093C10FA496FFADA49710
:1049D0006F2F70E041E050E0D70119968D919C91C6
:1049E0000E94EB69D82E8823D1F0F701618572858A
:1049F0009E012F593F4F5901C12C7B018B01A49679
:104A00002FADA49750E040E0C3010E94E5A0298BA0
:104A10003A8B4B8B5C8B6D8B7E8B8F8B988F80E46E
:104A200080933C0F81E49FE09093C20F8093C10F6D
:104A3000A896BFADA897BB2339F0AA96EEADFFADFF
:104A4000AA97EF2B09F077C1AC96EEADFFADAC970E
:104A5000EF2B09F43EC0AC96AEADBFADAC97189647
:104A60008C9118978F708630A1F5F4016081718167
:104A7000CD010E94EAF53C01009759F10F94CF0453
:104A80007C01009709F4C6C0FC0181859285A3854D
:104A9000B48582159305A405B50509F089C0808504
:104AA00082958F7081FD84C0A896FFADA897F11103
:104AB0004BC080FD49C091E0A796AEADBFADA797B2
:104AC0009C9381608295807FF70190859F70892BF0
:104AD000808788E0FE017196DE01599601900D9263
:104AE0008A95E1F7298D3A8D4B8D5C8D6D8D7E8D8C
:104AF0008F8D98A1C159DF4F0FB6F894DEBF0FBE5E
:104B0000CDBFDF91CF911F910F91FF90EF90DF907C
:104B1000CF90BF90AF909F908F907F906F905F905D
:104B20004F903F902F90089580911D02893008F496
:104B300089CC8DCDF3016281738140E050E1CE01DB
:104B400041960E943C2680CFA796AEADBFADA797F9
:104B50001C92DD2009F4BDCFA896BFADA897BB235A
:104B600009F4B7CFA2968FADA297811108C0A7967E
:104B7000AEADBFADA7978C91882309F4AACF912C35
:104B8000812CB12CA12CD12CC12CE988FA880B895D
:104B90001C892D893E894F89588D6FEFC3010E9472
:104BA0006B7481E0A796EEADFFADA797808391CFA0
:104BB00080911E02893020F480911D028930E8F036
:104BC00061E77AE08EEB91E10F942035B201A1010B
:104BD0008EEB91E10E9471F66FE77AE08EEB91E146
:104BE0000F942035F401608171818EEB91E10F9477
:104BF00020358EEB91E10F947834C101032C000C29
:104C0000AA0BBB0BF70181879287A387B4878085A6
:104C10008F708087D110A0CFA796AEADBFADA797FC
:104C20008C91882309F455CFA896BFADA897BB23D4
:104C300009F44FCFF30180858F708530B1F58681FF
:104C4000978169E077E00E94EAF5A5969FAF8EAF65
:104C5000A597009761F1DC0118968C9118978F70D9
:104C6000823029F519968D919D910D90BC91A02DC2
:104C700082159305A405B505D1F480911E028930F3
:104C800020F480911D02893050F06DE27EE18EEBC0
:104C900091E10F9477358EEB91E10F947834A796DC
:104CA000EEADFFADA797108214CFC301CACF912CF0
:104CB000812CB12CA12CD12CC12CE988FA880B892C
:104CC0001C892D893E894F89588D6FEFC3010E9441
:104CD0006B74A5962EAD3FADA5972115310509F44E
:104CE000F8CED30118968C9187FDF3CEF901218679
:104CF000328643865486EDCE19821A821B821C822C
:104D00008A81807F8A831D821E821F82188688E0A6
:104D1000FE013196E1CED12CABCDA896EFADA89790
:104D2000EE2309F4D6CEAA962EAD3FADAA97D12C8C
:104D3000232B09F4CECEAA96AEADBFADAA97189696
:104D40008C9118978F70823009F07ECE19968D91D4
:104D50009D910D90BC91A02D81309105A105B105CB
:104D600009F4E8CE0297A105B10509F06DCED30193
:104D700012966D917C9140E050E2E1CE2F923F92ED
:104D80004F925F926F927F928F929F92AF92BF925B
:104D9000CF92DF92EF92FF920F931F93CF93DF9307
:104DA000CDB7DEB768970FB6F894DEBF0FBECDBFA4
:104DB0006115710509F491C05E8B498B9D8B8C8BBD
:104DC000FB01868097808114910409F486C0F40168
:104DD00080858F70823031F0853031F1F40182802E
:104DE0009380F1CF6184728441E050E069897E89CB
:104DF000C3010E94EB69882389F3B12CA12CCC2438
:104E0000C39473018301298950E040E0B3018C8988
:104E10009D890E94E5A029873A874B875C876D872B
:104E20007E878F87988BDACFC4010E9434F7823057
:104E3000A9F660E0C4010E9462F6FC01C184D2843C
:104E4000E384F48461E0C4010E9462F6FC012184E1
:104E5000328443845484388E2F8ADB8ACA8AA10123
:104E60004C195D094F5F5F4F69897E89C6010E94B9
:104E7000EB69882309F4B2CF80911E02893020F4B7
:104E800080911D02893020F08EEB91E10F947834EF
:104E9000712C612C6A897B89660D771D8F89988DAD
:104EA000861797070CF49ACFB12CA12CCC24C3946D
:104EB00071010A891B892989A3018C899D890E9416
:104EC000E5A029833A834B835C836D837E838F8344
:104ED00098879FEF691A790ADDCF68960FB6F89424
:104EE000DEBF0FBECDBFDF91CF911F910F91FF901D
:104EF000EF90DF90CF90BF90AF909F908F907F907A
:104F00006F905F904F903F902F9008952F923F9217
:104F10004F925F926F927F928F929F92AF92BF92C9
:104F2000CF92DF92EF92FF920F931F93CF93DF9375
:104F300000D01F921F92CDB7DEB761307105D1F45A
:104F400090E080E00F900F900F900F900F90DF9106
:104F5000CF911F910F91FF90EF90DF90CF90BF9076
:104F6000AF909F908F907F906F905F904F903F9009
:104F70002F9008952091D70C3091D80C232B01F756
:104F80008C01DC01ED91FC910284F385E02D1995F3
:104F90000297B1F68091DE0C9091DF0CA091E00CAD
:104FA000B091E10C892B8A2B8B2B79F4D8011296C6
:104FB000ED91FC9162E0848195810E9462F69C8370
:104FC0008B83892BB1F4B12C04C40F941709C090C2
:104FD000DE0CD090DF0CE090E00CF090E10C6C194E
:104FE0007D098E099F09683C710581059105F0F6E0
:104FF000A7CFEB81FC8180858F70863021F7C6803A
:10500000D7801D82B12CC114D10409F4DEC3D601AE
:1050100018968C91982F9F702BEF290F223008F053
:10502000D4C3BD81B111D1C3282F22952F7087FF22
:1050300073C522FD71C5953009F0A7C0F6018681C0
:10504000978169E077E00E94EAF51C01892B09F459
:1050500063C581E090E09093D80C8093D70CB11099
:1050600003C0C8010E946B6AD10119964D905C90F3
:105070006AE87AE08EEB91E10F942035D801129620
:10508000ED91FC910280F381E02D608171818EEBC6
:1050900091E10F9420356CE577E08EEB91E10F9470
:1050A0002035F601608171818EEB91E10F942035FE
:1050B00062EA76E08EEB91E10F942035D1011996EA
:1050C0004D915D916D917C911C972AE030E08EEBC3
:1050D00091E10F949A348EEB91E10F947834F601BC
:1050E00080809180D8011496ED91FC916BEC7FE16A
:1050F000309759F0B401828993890E94EAF57C01C6
:10510000009709F044C068EA7FE187E191E10F94DC
:10511000773587E191E10F947834EE24EA94FE2C00
:105120004201550CAA08BB08D10119964D905D901B
:105130006D907C901C9784149504A604B70409F420
:10514000A0C48091DE0C9091DF0CA091E00CB09196
:10515000E10C892B8A2B8B2B09F486CF0F9417092E
:105160002091DE0C3091DF0C4091E00C5091E10C6D
:10517000621B730B840B950B683C710581059105CF
:1051800008F072CF0E94AC5CD6CFC6015ACF67EF51
:1051900075E00E94EAF53C01892B79F466E47AE037
:1051A000C7010E94EAF53C0165E87FE1892B69F0BF
:1051B000F10180858F70806B8087D30118968C9168
:1051C0008F70823079F06FE67FE187E191E10F9493
:1051D000773587E191E10F947834EEEFEE2EFF24DE
:1051E000FA949ECF66EE75E0C7010E94EAF57C0155
:1051F000009709F43CC1FC0180858F70813009F073
:105200005BC18185882309F457C1D10118968C911F
:10521000807FF12CE12C803B19F072E0E72EF12C1D
:1052200064E67FE18EEB91E10F947735B4018EEB6C
:1052300091E10F94203561E67FE18EEB91E10F94CF
:105240007735F30141855285638574852AE030E026
:105250008EEB91E10F949A3466E97AE08EEB91E15E
:105260000F942035B7018EEB91E10E947BF660EA46
:1052700075E08EEB91E10F942035F1E0F0933C0F57
:1052800081E090E08C0F9D1F9093C20F8093C10F1F
:1052900041E050E0B701D30119968D919C910E9495
:1052A000EB69F82E4FEF5FEFBA0180E00F94525692
:1052B0006093DE0C7093DF0C8093E00C9093E10C14
:1052C000FF2009F4F6C0D8011296ED91FC9162E03E
:1052D000848195810E9462F67C01009709F4BEC02A
:1052E000FC0180858F70863009F0E3C0B401C701EE
:1052F0000E94EAF57C01009709F4B0C00F94CF0436
:105300007C01892B09F4AAC080911E02893020F407
:1053100080911D02893018F16AE57FE18EEB91E101
:105320000F947735D70119964D915D916D917C91D0
:105330001C972AE030E08EEB91E10F949A3464E5FB
:105340007FE18EEB91E10F94773569817A818EEB65
:1053500091E10E94EFFA8EEB91E10F947834F7011E
:10536000418552856385748589819A81B0E0A0E08A
:10537000481759076A077B0719F16EE47FE18EEB46
:1053800091E10F947735B4018EEB91E10F942035C4
:1053900060E47FE18EEB91E10F9477358EEB91E144
:1053A0000F947834F0E4F0933C0F81E49FE0909305
:1053B000C20F8093C10F6DEFE62EFF24FA94B0CE9A
:1053C000F10181859285A385B485481759076A073D
:1053D0007B0779F56AE37FE18EEB91E10F947735F6
:1053E000B4018EEB91E10F94203568E37FE18EEB01
:1053F00091E10F94773569817A818EEB91E10E947A
:10540000EFFA67E27FE18EEB91E10F9477358EEB57
:1054100091E10F947834F0E4F0933C0F81E49FE045
:105420009093C20F8093C10F5CEFE52EFF24FA9496
:1054300077CE61E27FE18EEB91E10F947735B40195
:105440008EEB91E10F94203566E07FE18EEB91E1E8
:105450000F9477358EEB91E10F94783490E490932C
:105460003C0FA1E4BFE0B093C20FA093C10FD101E4
:105470001896EC91E295EF70E150AA24AA94BA2C08
:10548000EB3008F066C0F0E0D30119962D913C9105
:105490008827E25BF5458F4F0D94966B5FAA74AA3F
:1054A0005FAA74AA1FAB1AAB1FAB1AAB5FAA5FAAA5
:1054B0002BABF12CE12CD2CFF12CE12CD8CFF10188
:1054C000818592853093C40F2093C30F1092C60F2D
:1054D0001092C50F9093C80F8093C70F86E00F946A
:1054E000710AA82EB12C35C0D10119968D919C91CD
:1054F0009827892798273093C40F2093C30F1092C1
:10550000C60F1092C50F9093C80F8093C70F86E007
:105510000F94710AA82EB12CF10181859285A38583
:10552000B4853A2F2B2FD30119968D919C9101961A
:105530009093C40F8093C30F1092C60F1092C50FA3
:105540003093C80F2093C70F86E00F94710AA80EFE
:10555000B11C4FEF5FEFBA0180E00F945256609399
:10556000DE0C7093DF0C8093E00C9093E10C6BEFFA
:105570007EE18EEB91E10F947735B5018EEB91E1F1
:105580000E947BF669EF7EE18EEB91E10F94773517
:10559000B4018EEB91E10F9420356DE97AE08EEB4A
:1055A00091E10F942035F30141855285638574851F
:1055B0002AE030E08EEB91E10F949A3463EF7EE1C4
:1055C0008EEB91E10F947735D10119964D915D9154
:1055D0006D917C911C972AE030E08EEB91E10F9465
:1055E0009A348EEB91E10F947834A114B104D1F484
:1055F000F10180858F708230A9F4E114F10491F0FB
:10560000D70118968C918F70823061F44185528554
:10561000052E000C660B770BF701418752876387D5
:105620007487808791E080E0AB2809F090E0E92E54
:10563000F82E76CDF10181859285992743CFF1012E
:1056400081859285A385B485892F9A2FAB2FBB279F
:10565000A7FDBA95F2CFD10119968C913093C40F62
:105660002093C30F882341F080E09FEF9093C60FF3
:105670008093C50F85E033CF90E080E0F7CFD6016F
:1056800018968C911897806418968C9368E570E250
:1056900087E191E10F947735D8011296ED91FC9155
:1056A0000280F381E02D6081718187E191E10F94A7
:1056B00020356CE577E087E191E10F942035F60124
:1056C0006081718187E191E10F9420356AE470E295
:1056D00087E191E10F947735D60118968C91189750
:1056E000982F92959F70292F2370233039F09F5F58
:1056F0009295907F8F70892B18968C9362E470E25C
:1057000087E191E10F947735D8011296ED91FC91E4
:105710000280F381E02D6081718187E191E10F9436
:1057200020356CE577E087E191E10F942035F601B3
:105730006081718187E191E10F94203563EA7AE01D
:1057400087E191E10F942035D60118966C9162950E
:10575000637070E087E191E10E947BF687E191E15F
:105760000F947834D7C164E370E287E191E10F943C
:105770007735D8011296ED91FC910280F381E02DEE
:105780006081718187E191E10F9420356CE577E0CC
:1057900087E191E10F942035F6016081718187E105
:1057A00091E10F94203561E270E287E191E10F947D
:1057B000773587E191E10F947834D60118968C9172
:1057C00018978F7018968C93A5C11092D80C1092D0
:1057D000D70CD8011496ED91FC91C480D580F12CA2
:1057E000E12C0F941709C114D104E104F10491F0E4
:1057F000D8011496ED91FC914680578060847184A5
:1058000064197509860997096C157D058E059F0534
:1058100008F4C3C08091DE0C9091DF0CA091E00CE5
:10582000B091E10C892B8A2B8B2B09F0A2C0EB8164
:10583000FC81EF2B09F0B8C0D8011496ED91FC91D2
:1058400082859385892B69F484859585892B49F414
:1058500086859785892B29F480899189892B09F47C
:10586000FFC080911E02893020F480911D02893092
:10587000B8F06BEF7FE18EEB91E10F947735D801B3
:105880001296ED91FC910280F381E02D608171818F
:105890008EEB91E10F9420358EEB91E10F947834EB
:1058A00081E090E09093D80C8093D70CB11003C0A6
:1058B000C8010E946B6AD8011496ED91FC91628533
:1058C000738542E050E0C8010E94BEA6D80114963C
:1058D000ED91FC916485758543E050E0C8010E941C
:1058E000BEA6D8011496ED91FC916685778550E0AF
:1058F00040E0C8010E94BEA6D8011496ED91FC912B
:105900006089718941E050E0C8010E94BEA6809183
:105910001E02893020F480911D028930B8F06BEEB0
:105920007FE18EEB91E10F947735D8011296ED91DE
:10593000FC910280F381E02D608171818EEB91E119
:105940000F9420358EEB91E10F9478340F94170962
:105950006B017C010F9417096C197D098E099F0951
:10596000623371058105910508F076C00E94AC5C38
:10597000F1CF0F941709C090DE0CD090DF0CE090AF
:10598000E00CF090E10C6C197D098E099F09683CD0
:1059900071058105910508F04ACFD8011496ED9163
:1059A000FC9184819581CECAAB81BC8118968C9183
:1059B00018978F70863009F03FCF1696ED90FC90C7
:1059C000E114F10409F438CFF7018085982F9F7016
:1059D0002BEF290F223008F02FCF82958F7082FF96
:1059E00005C08B708295807F892B8087D7011896A0
:1059F0008C9182958370833059F56EEA7AE087E165
:105A000091E10F942035D8011296ED91FC9102801E
:105A1000F381E02D6081718187E191E10F94203560
:105A20006CE577E087E191E10F942035F701608123
:105A3000718187E191E10F94203587E191E10F9425
:105A40007834D70118968C9118978F7018968C938C
:105A5000F701E280F380B4CF1092D80C1092D70CEB
:105A6000F801E480F5804FEF5FEFBA0180E00F941A
:105A70005256D70116966D937D938D939C931997EB
:105A80008CCFBDEFEB16BFEFFB0609F46CCEACF587
:105A9000FCEFEF16FFEFFF06B9F163E170E287E17B
:105AA00091E10F947735D8011296ED91FC91028027
:105AB000F381E02D6081718187E191E10F942035C0
:105AC0006CE577E087E191E10F942035F601608184
:105AD000718187E191E10F94203568E070E287E100
:105AE00091E10F94773587E191E10F947834D601F5
:105AF00018968C9118978F7765CEE114F10409F40C
:105B0000BECDEA94EF2849F6F60180858F70808734
:105B1000F1E0FD83BB24B394F601C280D38073CA45
:105B2000CF93DF93FC017383628361157105B1F03C
:105B3000EB01A885B985109771F018968C9118978C
:105B40008F70823041F416968D919C919583848359
:105B5000DF91CF91089590E080E0F8CF1582148214
:105B6000F7CFCF93DF93FC017383628361157105D7
:105B7000B1F0EB01A885B985109771F018968C915A
:105B800018978F70823041F416968D919C91958371
:105B90008483DF91CF91089590E080E0F8CF158263
:105BA0001482F7CFFC01238130E090E080E0FC011B
:105BB000EE0FFF1FE758F24FA081B181A217B30784
:105BC00061F4880F991F880F991FFC01EB59F24F60
:105BD00040835183628373830895A081B181AB2B8D
:105BE00019F420813181EDCF019685309105F9F6C8
:105BF0000895FC01238130E090E080E0FC01EE0F8D
:105C0000FF1FE758F24F408151814217530761F45B
:105C1000880F991F880F991FFC01EB59F24F608183
:105C2000718182819381089540815181452B89F44E
:105C300031832083880F991F880F991FFC01EB592E
:105C4000F24F108211821282138260E070E0CB0169
:105C5000089501968530910589F6F7CF880F991F31
:105C6000880F991FFC01E35BF24F80819181A28133
:105C7000B3810196A11DB11D80839183A283B3835B
:105C8000089585E090E00C942EAE84E090E00C94B2
:105C90002EAE83E090E00C942EAE82E090E00C9467
:105CA0002EAE81E090E00C942EAE90E080E00C945B
:105CB0002EAECF93DF93EC01E881F9810484F58562
:105CC000E02D199529893A892F5F3F4F3A8B298B0F
:105CD000DF91CF910895CF93DF93EC018E858111F1
:105CE0000DC081E090E049895A892C853D85421795
:105CF000530708F080E0DF91CF910895E881F981A2
:105D00000484F585E02DCE0119958F3F910549F763
:105D100080E090E0F0CFFC018485958568177907D5
:105D200008F4CB01928B818B0895CF93DF93FC0114
:105D30002685222351F0EC010190F081E02D0190A5
:105D4000F081E02D6FEF19951E86DF91CF910895B8
:105D5000FC0187859089089581E00895DC01129601
:105D6000ED91FC91309761F00280F381E02D309746
:105D700039F0862F8295807F60856F70682B6087F1
:105D80000895DC011296ED91FC91309751F002805C
:105D9000F381E02D309729F0808582958F7090E017
:105DA000089590E080E008950F931F93CF93DF93C1
:105DB00000D000D01F921F92CDB7DEB781E02896A9
:105DC0000FB6F894DEBF0FBECDBFDF91CF911F910C
:105DD0000F910895FC0173836283089590E080E041
:105DE0000895CF93DF93EC017B836A83611571057E
:105DF000B1F01D821C821F821E82FB01848195816D
:105E0000009769F0FC0120852F70263041F49D83B6
:105E10008C8362EF7BE00E94EAF59F838E83DF91A3
:105E2000CF910895CF93DF93CDB7DEB760970FB6CC
:105E3000F894DEBF0FBECDBF19821A821B821C826E
:105E40001D821E821F8218868A81807F8A836FEF5F
:105E500070E0CE0101960E94E02760960FB6F8949C
:105E6000DEBF0FBECDBFDF91CF91089567EF7AE21D
:105E7000811102C062EF7AE28EEB91E10D947735E9
:105E8000DC0155962C915597273781F4ED91FC91C3
:105E9000008CF18DE02D199565EC76E28EEB91E1A9
:105EA0000F9477358EEB91E10D947834089565E089
:105EB000FC01828193810E9462F6009749F0FC0107
:105EC0008085982F907F21F082958F7090E00895C3
:105ED00090E080E008958F929F92AF92BF92CF9210
:105EE000DF92EF920F931F93CF93DF9300D000D0F8
:105EF0001F921F92CDB7DEB709831A832B833C8391
:105F00004D835E836F837887DC0112962D913C91DF
:105F100021153105A1F490E080E028960FB6F894A1
:105F2000DEBF0FBECDBFDF91CF911F910F91EF90DC
:105F3000DF90CF90BF90AF909F908F9008958C018D
:105F4000C9010E9434F7C82ED12CB6E0CB16D1047B
:105F500064F40E94BEFBBC01F801828193810E941F
:105F6000CBFBFFEFCF1ADF0AF0CF65E0D801129626
:105F70008D919C910E9462F66C01892B61F289815E
:105F8000803148F6CE0101960E94BB2916161706ED
:105F90001806190644F4F6018085982F9D7039F192
:105FA0008F70873021F1D60118968C9118978F70D9
:105FB00018968C9366EE77E28EEB91E10F9477352D
:105FC000D8011296ED91FC91608171818EEB91E187
:105FD0000F9420356CED77E28EEB91E10F947735DD
:105FE0008EEB91E10F94783481E090E096CF0F949E
:105FF00017094B015C01CE0101960E94BB29860E58
:10600000971EA81EB91EF60181869286A386B486C5
:1060100082E0E11087E099819295907F892BD601EB
:1060200018968C936FEC77E28EEB91E10F947735B5
:10603000D8011296ED91FC91608171818EEB91E116
:106040000F94203569EC77E28EEB91E10F94773570
:10605000CE0101960E94BB29AB01BC012AE030E0D1
:106060008EEB91E10F949A3465EC77E2B5CFEF9225
:10607000FF920F931F93CF93DF930097C1F0FC0122
:1060800020812223A1F08C0184ECE82E8CE2F82EF2
:10609000C1E0D0E0B701C8010F94CC63892B49F06F
:1060A0002196F5E0EF0EF11CCE30D10599F7D0E046
:1060B000C0E0CE01DF91CF911F910F91FF90EF9043
:1060C0000895EF92FF920F931F93CF93DF93611583
:1060D000710511F480E08CC0EB018C0188858F7014
:1060E000823009F440C08430A9F762E577E28EEB94
:1060F00091E10F947735F80163818EEB91E10E9475
:1061000074F661EE78E08EEB91E10F9420356985AD
:106110007A858EEB91E10F9420358EEB91E10F940F
:106120007834F801E080F180E114F10499F269E338
:1061300075E0C7010E94EAF58C01009759F2FC0155
:1061400080858F70863031F669857A856115710595
:1061500009F44AC0FB018081882309F445C0C801C5
:106160000E94EAF540C065E477E28EEB91E10F947E
:106170007735F80163818EEB91E10E9474F661EE50
:1061800078E08EEB91E10F94203549855A856B8537
:106190007C852AE030E08EEB91E10F949A348EEB0F
:1061A00091E10F947834F801E080F180E114F1047A
:1061B00009F490CF69E375E0C7010E94EAF58C010C
:1061C000009709F487CFFC0180858F70855082305D
:1061D00008F080CF6985862F9A85892B29F0615038
:1061E000C8010E9462F67C01F801F286E18681E036
:1061F000DF91CF911F910F91FF90EF900895FC01D7
:1062000073836283672B11F00C94277008951F939A
:10621000CF93DF93FC01162FC389D489818992899A
:106220009C012F5F3F4F328B218BC80FD91FCE01AE
:106230000F94E56A181721F0612FCE010F94ED6AD3
:1062400081E090E0DF91CF911F910895FC01818959
:106250009289248535858217930740F423893489F0
:10626000820F931F0F94E56A90E008958FEF9FEFE0
:1062700008958F929F92AF92BF92CF92DF92EF924A
:10628000FF920F931F93CF93DF93E0914113F0910F
:106290004213309709F467C0812EF02E932EC22E40
:1062A000A52ED42EB72EE62EBC01CF010E94EAF512
:1062B000EC01892B19F481E090E057C088858F703C
:1062C0008530C9F760E0CE010E9462F68C0161E082
:1062D000CE010E9462F6FC01C185D285D8011996D3
:1062E0002D913C912130310561F13CF46F2DCE01AF
:1062F000232B09F70F94D74FDECF2230310531F130
:1063000027303105C1F6892BB1F280858F70853039
:1063100091F6C681D781209771F288858F7084307D
:1063200061F40F2D182D2C2D392D4D2D5A2D6E2D3C
:106330007B2D89859A850E9439B10A80DB81C02D29
:10634000EACF6F2DCE0103960F94D74F6E2DCE015D
:106350000F94D74F6D2DCE0101960F94D74F6C2D12
:10636000CE010296C7CF90E080E0DF91CF911F91E0
:106370000F91FF90EF90DF90CF90BF90AF909F90E4
:106380008F9008954F925F926F927F928F929F921B
:10639000AF92BF92CF92DF92EF92FF920F931F9333
:1063A000CF93DF9380914E0C90914F0C892B09F481
:1063B000A0C0E0904D0CF12CF594E794F594E7948F
:1063C00088248394912CD0E0C0E0AA24A394B12C1B
:1063D000EC16FD0609F48DC025010C2E02C0440CFC
:1063E000551C0A94E2F7052C000C66087708640136
:1063F000A4E0CA0ED11CC40160E020911B023091C0
:106400001C02AC012817390720F440911B0250915F
:106410001C022091321330913313240F351FF901E0
:10642000A08140914E0C50914F0CFC013197E40F2C
:10643000F51F20812A17B1F04091440D5091450D70
:106440006091460D7091470D442955296629772999
:106450004093440D5093450D6093460D7093470D46
:10646000A08361E001968C159D0539F66623F1F154
:106470008091500C9091510C009751F1DC011896CD
:106480002C912F70253021F56C2F0E9462F6FC01B3
:1064900090859F709430E1F4818592850097C1F0DA
:1064A00040914E0C50914F0CFE01EE0FFF1FEE0F6E
:1064B000FF1FE40FF51F038110E0228130E0840EFE
:1064C000951ED4014C9150E0608170E00E9439B17A
:1064D0004FEF5FEFBA0180E00F9452566093480D82
:1064E0007093490D80934A0D90934B0D2196460170
:1064F0006FCFDF91CF911F910F91FF90EF90DF90C1
:10650000CF90BF90AF909F908F907F906F905F9053
:106510004F900895FC01A7812A2F2E7FC9F0818119
:106520008F7081508330A0F4A695A150BB0B2BE552
:1065300031E00F94AD6B24E630E040E050E00F9482
:106540002D6BDA01C90187569F4FAF4FBF4F08959A
:106550008FEF9FEF0895CF93DF93EC0161157105E5
:1065600039F48F8181708F8381E0DF91CF9108951D
:106570008981982F9F7029F180E09430B0F79B01BA
:10658000770F440B550B2959310941095109A4E6EC
:10659000B0E00F944C6B2BE531E040E050E00F94FD
:1065A0002D6B37FF02C030E020E02536310514F0B6
:1065B00024E630E02F5F220F8F818170282B2F83FC
:1065C000D3CF807F82608983DACFFC019181892FCC
:1065D0008F7021F0823029F080E00895907F9260E2
:1065E00091839B0177FF02C030E020E02E3681E0EE
:1065F000380714F02DE631E02683878130FB80F9DF
:10660000878381E00895EF92FF920F931F93CF93BA
:10661000DF93FC01892B69F19081992351F19D321F
:1066200091F180ED890F8A3070F1C8E0D0E09532A9
:1066300011F1CEEFDFEF9B37F1F0C7E1D0E09332FD
:10664000D1F08F018FEEE82E89E0F82EC1E0D0E086
:10665000C7010F94DC63AC01B701C8010F94F56367
:10666000892B49F021968AE0E80EF11CCA31D10548
:1066700079F7CFEFDFEFCE01DF91CF911F910F912F
:10668000FF90EF900895D0E0C0E0F5CF0F931F93F7
:10669000CF93DF93EC01088119816FE270E0C801AC
:1066A0000F943470009749F0FC011192CF01DF91F3
:1066B000CF911F910F910C9437B0C8010E9437B051
:1066C000009711F019821882DF91CF911F910F91DD
:1066D0000895DC011296ED91FC91309729F0908598
:1066E0009F7081E0953009F080E008958F929F922D
:1066F000AF92BF92CF92DF92FF920F931F93CF93EF
:10670000DF93EC018A819B810E9434F7082F10E00F
:106710000430110554F40E94BEFBBC018A819B81A8
:106720000E94CBFB0F5F1F4FF3CFEA81FB810681F5
:1067300017810115110531F0D80112968D919C91A8
:106740009D838C83EC81FD81309721F08281938140
:106750009F838E83EE81FF81309749F00280F38121
:10676000E02D309721F082819381998788870115E8
:10677000110541F0F80180858F70843059F128F4BB
:10678000823071F0FF24FA940CC0853001F186301C
:10679000C9F768EF76E0C8010E94EAF58C01E7CFFF
:1067A000F184FA86CE010E9469B3811138C010E0ED
:1067B00000E01C870B87DF91CF911F910F91FF9015
:1067C000DF90CF90BF90AF909F908F9008950681FB
:1067D0001781CDCFC184D284C114D10499F2F601BE
:1067E0008081882379F299EA892E9EE2992EB12C34
:1067F000A12CFA2CC4010F94DC63AC01B401C601D6
:106800000F94F563892BB9F1FFEFAF1ABF0A89E046
:10681000880E911CA8E1AA16B10459F7B3CFCE0196
:106820000E94D1FA8C010097B1F0FC018281938122
:10683000892B39F08F2D0E94E9FB8C01892B09F4FB
:10684000B6CFD801ED91FC910684F785E02DBE010D
:10685000C8011995AECF8F2D0E94E9FB8C01892BC1
:1068600009F4A5CFEA85F0E0EE0FFF1FE350FE4EDE
:1068700011830083E6CFC6010F94F63B8A2D90E08A
:10688000B0E0A0E0F80181879287A387B487808574
:10689000807F8260808785CFEF92FF920F931F9356
:1068A000CF93DF93EC017B0188859985892BA9F42F
:1068B0008A819B810E9434F7082F10E00530110572
:1068C00064F40E94BEFB99878887BC018A819B8102
:1068D0000E94CBFB0F5F1F4FF1CFE885F985309702
:1068E000D9F08085982F9F70A9F4807F826080877F
:1068F000E885F9851186128613861486E885F98560
:10690000F782E682C701DF91CF911F910F91FF902F
:10691000EF900895923061F3F12CE12CF3CFCF92F8
:10692000DF92EF92FF920F931F93CF93DF93EC01CF
:106930006A017B0188859985892BA9F48A819B81CD
:106940000E9434F7082F10E00530110564F40E940E
:10695000BEFB99878887BC018A819B810E94CBFB03
:106960000F5F1F4FF1CFE885F985309781F0808563
:10697000982F9F7051F4807F82608087E885F98529
:10698000C186D286E386F48602C09230B9F3DF91E5
:10699000CF911F910F91FF90EF90DF90CF900895CE
:1069A000FC0180859185009799F0FC0120852F706E
:1069B000223029F461857285838594850895253078
:1069C00039F460E00E9462F6009711F0FC01F2CF0A
:1069D00060E070E0CB010895FC01A681B7811097BB
:1069E00021F118969C9118979F708EEF890F823035
:1069F00010F091111AC019964D935D936D937C938D
:106A00001C97A681B78118969C911897907F9260E9
:106A100018969C930680F781E02D8085982F907FB3
:106A2000903619F48F70806A808708950F931F93B2
:106A3000CF93DF93FC01C481D5812097C9F18B01ED
:106A400088858F70853021F5CE010E9434F780173C
:106A5000110671F16CF1602FCE010E9462F6FC010B
:106A6000892B31F180858F70823039F46185728590
:106A7000838594850F94C86906C08330C9F4618505
:106A8000728583859485DF91CF911F910F91089531
:106A9000672B71F4823029F469857A858B859C8512
:106AA000E9CF833029F469857A858B859C85EBCF86
:106AB00060E070E0CB01E7CF0F931F93CF93DF939C
:106AC000FC01C481D5812097F9F088858F708230D0
:106AD00049F4672BC9F489859A85DF91CF911F917D
:106AE0000F910895853081F48B01CE010E9434F717
:106AF0008017110649F044F0602FCE010E9462F623
:106B0000FC0181859285E9CF90E080E0E6CF0F938C
:106B10001F93CF93DF93FC0173836283611571052B
:106B200069F18B01EC01168270E060E0C8010E94FF
:106B30005CB597FD28C09D838C838C819D810097D7
:106B400019F08634910524F080E290E09D838C83D7
:106B500061E070E0C8010E9416B520E030E04AE72D
:106B600054E40F94276A0F949A6C6115710581059E
:106B7000910589F06F83788789879A87DF91CF9114
:106B80001F910F9108959195819591099D838C8313
:106B900081E08E83D2CF88E893E1A0E0B0E08F83DC
:106BA0009887A987BA87EACF0F931F93CF93DF9374
:106BB000EC018B017B836A8370E060E0C8010E9476
:106BC0005CB597FD19C09D838C83D8011496ED9117
:106BD000FC913097C1F090859F70923089F095308C
:106BE00091F4CF010E9434F790E09F838E83DF9170
:106BF000CF911F910F910895919581959109E3CFC0
:106C000081E090E0F2CF90E080E0EFCFCF92DF9292
:106C1000EF92FF926A017B0163E0FC018281938124
:106C20000E9462F6FC01892BA9F080858D7091F499
:106C3000C094D094E094F094CC24CA948185928539
:106C4000A385B4858C219D21AE21BF2181879287A8
:106C5000A387B487FF90EF90DF90CF900895CF92F5
:106C6000DF92EF92FF926A017B0163E0FC01828177
:106C700093810E9462F6FC01892BA9F09085892FEF
:106C80008D7089F4907F92609087CC24FF24418599
:106C90005285638574854C295D296E297F2941873A
:106CA000528763877487FF90EF90DF90CF900895AD
:106CB000CF92DF92EF92FF926A017B0163E0FC01C9
:106CC000828193810E9462F6009791F0FC012085F9
:106CD0002F70223069F461857285838594856C21DB
:106CE0007D218E219F21FF90EF90DF90CF9008951E
:106CF00060E070E0CB01F7CF2F923F924F925F920E
:106D00006F927F928F92AF92BF92CF92DF92EF926B
:106D1000FF920F931F93CF93DF93CDB7DEB7C45786
:106D2000D1090FB6F894DEBF0FBECDBF3C01AE96C1
:106D30000FAFAE97AF961FAFAF97E0962FAFE0972C
:106D4000E1963FAFE197E2964FAFE297E3965FAFF0
:106D5000E397E4966FAFE497E5967FAFE5972396C8
:106D60001FAE1EAE2397FE01ED5BFF4F82E1DF01F8
:106D70001D928A95E9F77296119211928EE0DF01C9
:106D80001D928A95E9F761EC7AE08EEB91E10F9420
:106D90002035B5018EEB91E10F94203560EA75E066
:106DA0008EEB91E10F942035CE0183599F4F0E94C5
:106DB000F425D4FE2CC0AE96EFADAE97E83108F0C6
:106DC0006BC1F0E08827E851F9448F4F0D94966B22
:106DD00052B800B749B84CB84CB849B800B74CB82D
:106DE0004CB84CB84CB84CB84CB84CB800B700B71D
:106DF0004CB84CB84CB800B700B700B700B752B8A1
:106E00006BE37DE2CE018B5A9F4F0F94D5630E94B6
:106E100008F6882309F41DC180913A13811119C124
:106E2000A114B10409F05FC030E020E043E050E07D
:106E300060E4CE0101960E94916AD3011296ED9111
:106E4000FC91608171814FE350E0CE0101960F9477
:106E50000770D5FE2AC1AE968FADAE97823009F489
:106E600024C1853009F421C1AF968FADAF978F70E3
:106E70009FE0980F9F70923018F0883009F015C18C
:106E800001E020E030E244E150E0BE016F5B7F4F63
:106E9000CE0183599F4F0E94CF23482DBE016F5BC7
:106EA0007F4FCE0101960F94E50961E17DE28EEB03
:106EB00091E10F947735BE016F5F7F4F8EEB91E1CB
:106EC0000F9420356EE07DE28EEB91E10F947735E3
:106ED000BE016F5B7F4F8EEB91E10F9420358EEBFF
:106EE00091E10F947834AF968FADAF978F70160104
:106EF000270122243324B0E14B225524882311F0AA
:106F0000D5FC06C0211431044104510409F40DC11B
:106F100030E020E043E050E060E4CE0101960E94C2
:106F2000916AD3011296ED91FC91608171814FE3DA
:106F300050E0CE0101960F940770A114B10469F0DE
:106F40006CE577E0CE0101960F94E16F4FE350E0DE
:106F5000B501CE0101960F9407706CE577E0CE0184
:106F600001960F94E16F4FE350E063ED7CE2211452
:106F700031044104510479F4E0968FADE0974FE37A
:106F800050E06EEC7CE2833031F062EE7CE28730E0
:106F900011F069EC7CE2CE0101960F94E563AF96A7
:106FA0008FADAF978F708450823008F0A5C067E135
:106FB000CE0183599F4F0E940627A6962FAFA69712
:106FC000A7963FAFA797A8964FAFA897A9965FAF90
:106FD000A997AA966FAFAA97AB967FAFAB97AC96DF
:106FE0008FAFAC97AD969FAFAD9700E020E030E358
:106FF00044E150E0BE016F5B7F4FCE0183599F4F4C
:107000000E94CF2369EB7CE28EEB91E10F94773500
:10701000BE016F5F7F4F8EEB91E10F94203566EBE1
:107020007CE28EEB91E10F947735BE016F5B7F4F71
:107030008EEB91E10F9420358EEB91E10F94783433
:107040000E9408F6882329F080913A13882309F4D6
:107050005DC0B701A601C3010E942FB690E080E099
:10706000CC58DF4F0FB6F894DEBF0FBECDBFDF9117
:10707000CF911F910F91FF90EF90DF90CF90BF9035
:10708000AF908F907F906F905F904F903F902F9038
:10709000089565E47DE2B6CE67E17DE28EEB91E195
:1070A0000F947735E894D4F8B2CED4FE1CCF669610
:1070B0008FAD6697882309F416CF482DBE016B5A11
:1070C0007F4FCE0101960F94E50968E07DE28EEBDB
:1070D00091E10F947735BE016F5F7F4F8EEB91E1A9
:1070E0000F94203565E07DE28EEB91E10F947735CA
:1070F000BE016B5A7F4FEFCE20E030E323282428D7
:10710000252811F420E030E200E072CF482DBE01C6
:107110006F5B7F4FCE0101960F94E50940E050E28E
:1071200060E070E0C3010E9406B6D4FE9EC0A114C8
:10713000B10409F02FC1AE96EFADAE97E150E63144
:1071400020F5F0E08827E855F7448F4F0D94966BB3
:10715000C2B9C5B8C5B8C5B8C5B8C2B9C5B8C5B84B
:10716000C5B8C5B8C5B8C5B8C5B8C7B9BFB9C5B839
:10717000C5B8C5B8BEB8B6B9B9B9BCB96FEE7DE28D
:10718000CE018B5A9F4F0F94D56330E020E043E04F
:1071900050E060E4CE0101960E94916AD3011296FC
:1071A000ED91FC91608171814FE350E0CE01019639
:1071B0000F940770A114B10469F06CE577E0CE017B
:1071C00001960F94E16F4FE350E0B501CE010196B7
:1071D0000F9407706CE577E0CE0101960F94E16F94
:1071E000E0968FADE0974FE350E062EE7CE28730AF
:1071F00011F064EC7CE2CE0101960F94E56360EB44
:107200007CE28EEB91E10F947735BE016F5F7F4F8B
:107210008EEB91E10F9420356DEA7CE28EEB91E1EB
:107220000F947735BE016B5A7F4F8EEB91E10F942F
:1072300020358EEB91E10F9478340E9408F6882374
:1072400009F407CF80913A13811103CF482DBE0175
:107250006B5A7F4FCE0101960F94E50940E050E153
:1072600060E070E0C3010E9406B6D6FE7CC040E03C
:1072700056E060E070E0C3010E9458B6672B682BAF
:10728000692B09F494C063EB7DE2CE018B5A9F4FCA
:107290000F94D56330E020E043E050E060E4CE019D
:1072A00001960E94916AD3011296ED91FC91608142
:1072B00071814FE350E0CE0101960F940770A11445
:1072C000B10469F06CE577E0CE0101960F94E16FAF
:1072D0004FE350E0B501CE0101960F9407706CE5C5
:1072E00077E0CE0101960F94E16F4FE350E06CEE32
:1072F0007CE2CE0101960F94E56367EA7CE28EEBB7
:1073000091E10F947735BE016F5F7F4F8EEB91E176
:107310000F94203564EA7CE28EEB91E10F9477358F
:10732000BE016B5A7F4F8EEB91E10F9420358EEBAF
:1073300091E10F9478340E9408F6882309F489CEED
:1073400080913A13811185CE482DBE016B5A7F4F33
:10735000CE0101960F94E50940E050E460E070E052
:10736000C3010E9406B681E090E07ACE69EF7DE22B
:1073700007CF63E07EE204CF6DE07EE201CF67ECF1
:107380007DE2FECEF3018285853009F0FECE6DEB05
:107390007DE2F6CE00E0960140E150E0BE016B5A7E
:1073A0007F4FCE0183599F4F0E94CF23EECE40E006
:1073B00051E060E070E0C3010E9458B6672B682B73
:1073C000692B19F06FE97DE260CF65E97DE25DCF61
:1073D0006F927F928F92AF92BF92CF92DF92EF9295
:1073E000FF920F931F93CF93DF9300D000D01F9293
:1073F0001F92CDB7DEB73C016A017B01590140FF06
:1074000003C0E894C0F8D3F8D3FC0DC00E94346EDA
:10741000663971058105910530F080913F13909197
:107420004013059729F5B701A60144275077662731
:107430007727C3010E942FB663E97CE28EEB91E1CE
:107440000F9477358FEF9FEF28960FB6F894DEBF35
:107450000FBECDBFDF91CF911F910F91FF90EF90A5
:10746000DF90CF90BF90AF908F907F906F900895F6
:1074700019821A821B821C821D821E821F8218861C
:107480008A81807F8A8340E050E3B301CE01019678
:107490000E94512740E050E760E070E0C3010E9485
:1074A00058B6C62AD72AE82AF92A8824839409815B
:1074B0001A812B813C814D815E816F817885C3016A
:1074C0000E947CB6C1CF8F929F92AF92CF92EF92E3
:1074D000FF920F931F93CF93DF9300D000D01F92A2
:1074E0001F92CDB7DEB74C0109831A832B833C83EF
:1074F0004D835E836F83788765EB76E28EEB91E157
:107500000F947735CE0101960E94F425898181116F
:107510002FC00B81013089F140F1023019F010E0E9
:107520000530E1F5D401ED91FC91028CF38DE02D55
:1075300009811A812B813C814D815E816F81788523
:10754000C401199581E090E028960FB6F894DEBF4B
:107550000FBECDBFDF91CF911F910F91FF90EF90A4
:10756000CF90AF909F908F900895CC24C394DACFA2
:10757000813051F1823009F44FC068EA76E28EEB37
:1075800091E10F94773569818EEB91E10E9474F659
:107590008EEB91E10F94783401E010E068E976E237
:1075A0008EEB91E10F947735B8018EEB91E10E945B
:1075B0007BF68EEB91E10F947834CE0101960E9418
:1075C000F42590E080E0C0CFCE0101960E94B2F693
:1075D0004497C8F4CE0101960E9483F6F4016281BB
:1075E000738140E050E2CE0101960E943C2630E0DB
:1075F00020E040E058E260E070E0D40112968D9106
:107600009C910E94E8B9D401ED91FC91028CF38D1C
:10761000E02DCC24C3948CCF1D821E821F8218863D
:10762000D401ED91FC91028CF38DE02DCC24C39418
:1076300002E01A812B813C8140E07FCFCF93DF9322
:10764000EC0140E050E360E070E00E9458B6AB010E
:10765000BC014115510561057105A1F080913F13F1
:1076600090914013069771F430E020E0CE010E9423
:10767000E8B940E050E360E070E0CE01DF91CF91E7
:107680000C9406B6DF91CF910895AF92BF92CF923E
:10769000EF92FF920F931F93CF93DF93CDB7DEB797
:1076A000C856D1090FB6F894DEBF0FBECDBFA29663
:1076B0000FAFA297A3961FAFA397A4962FAFA4973F
:1076C000A5963FAFA597A6964FAFA697A7965FAF93
:1076D000A797A8966FAFA897A9967FAFA99797018C
:1076E00048E0FE01EF59FF4FDE01A75ABF4F01905E
:1076F0000D924A95E1F7A296EFADA297E150ED30D9
:1077000008F0F7C0EC2C5C01F0E08827E557F44462
:107710008F4F0D94966B02BC0CBC6CBC77BC62BCEA
:1077200098BBF9BB79BC79BC15BC27BC4EBC3ABC34
:107730002130310531F4C5010E9457AF009709F49B
:1077400047C067E0CE01875A9F4F0E94062761EB32
:1077500077E28EEB91E10F9477356A966FAD6A9779
:107760008EEB91E10E9474F666EA77E28EEB91E18E
:107770000F947735CE01875A9F4F0E94BB29AB01EA
:10778000BC012AE030E08EEB91E10F949A348EEB4D
:1077900091E10F9478346A960FAD6A976B961FAD9E
:1077A0006B976C962FAD6C976D963FAD6D976E96FF
:1077B0004FAD6E976F965FAD6F97A0966FADA09728
:1077C000A1967FADA197C5010E946BAF81E090E0CB
:1077D000C859DF4F0FB6F894DEBF0FBECDBFDF91A3
:1077E000CF911F910F91FF90EF90CF90BF90AF90EE
:1077F0000895232B29F4C5010E9457AF009741F348
:1078000066E0A0CF2130310529F4C5010E9457AFB1
:107810000097F1F262E096CF232B29F4C5010E9474
:1078200057AF0097A9F261E08DCF40E051E060E0F2
:1078300070E0C5010E9458B6672B682B692B29F4AC
:10784000C5010E9457AF009719F26BE07BCF40E073
:1078500051E060E070E0C5010E9458B6672B682BCC
:10786000692B31F0C5010E9457AF009709F4B0CFE2
:107870006AE068CF40E056E060E070E0C5010E9439
:1078800058B6611576408105910531F4C5010E9415
:1078900057AF009709F49CCF6CE054CF40E056E01E
:1078A00060E070E0C5010E9458B661157640810520
:1078B000910531F0C5010E9457AF009709F488CFB8
:1078C0006DE040CF232B31F4C5010E9457AF0097E4
:1078D00009F47ECF63E036CF2130310531F4C501A4
:1078E0000E9457AF009709F473CF65E02BCF64E097
:1078F00029CF90E080E06CCFCF93C62F63E0FC01EE
:10790000828193810E9462F6FC01892B91F090851F
:10791000892F8D7071F4907F926090878185928518
:10792000A385B4858827BB278C2B81879287A38763
:10793000B487CF91089563E0FC01828193810E9416
:1079400062F6009719F0FC01818508958FEF089584
:107950008F929F92AF92BF92CF92DF92EF92FF925F
:107960000F931F93CF93DF93CDB7DEB760970FB61A
:10797000F894DEBF0FBECDBF8C017B0140E050E824
:1079800060E070E00E9458B6672B682B692B09F005
:10799000B5C062E070E0C8010E945CB56C01198658
:1079A0001A861B861C861D861E861F86188A8A8557
:1079B000807F8A87D7FCA2C040E050E2B801CE01A8
:1079C00009960E94512763E070E0C8010E945CB5EF
:1079D000AC011816190614F04FE350E081E0C81608
:1079E000D10429F4EF2CFF0CFF08FF2404C082E02F
:1079F000C816D104D4F32FEF30E0D7010F94AD6B4C
:107A00009A01550F440B550B0F942D6B49016901D9
:107A1000C8010E949BBCE82EF12C60E0CE010996C3
:107A20000E94142888169906F9F4CD2841F082E0C6
:107A3000E816F10419F185E0E816F104F9F081E0A7
:107A400090E060960FB6F894DEBF0FBECDBFDF9119
:107A5000CF911F910F91FF90EF90DF90CF90BF904B
:107A6000AF909F908F900895CD2899F186E0E81609
:107A7000F10441F081E0E816F10421F061E0C80171
:107A80000E947CBCB401CE0109960E94E02740E030
:107A900050E2B801CE0109960E943C2682E0E81629
:107AA000F10421F085E0E816F10449F430E020E02B
:107AB00040E050E160E070E0C8010E94E8B930E0C9
:107AC00020E040E050E260E070E0C8010E94E8B9C8
:107AD000B6CF85E0E816F10409F4B1CF82E0E816EC
:107AE000F10409F4ACCF62E0C8010E947CBC30E034
:107AF00020E040E050E160E070E0E7CF90E080E01F
:107B0000A0CF0F931F93CF93DF9300D000D01F928D
:107B10001F92CDB7DEB78C0119821A821B821C829C
:107B20001D821E821F8218868A81807F8A836EEC66
:107B30007AE08EEB91E10F942035F80102811381F8
:107B4000C8010E949BBC813041F020F0823011F0CE
:107B5000853081F490E080E002C081E090E02896DA
:107B60000FB6F894DEBF0FBECDBFDF91CF911F914E
:107B70000F91089540E050E2B801CE0101960E94B5
:107B8000512760E0CE0101960E941428E8CFAF9201
:107B9000BF92CF92DF92EF92FF920F931F93CF93FA
:107BA000DF93CDB7DEB765970FB6F894DEBF0FBE93
:107BB000CDBF8C017B015A01FC01518340831486A7
:107BC00013861586168E158E672B09F479C0452B02
:107BD00009F476C06FE270E0C7010F94EC6F6C019E
:107BE000892B09F465C0F701DE01119690E080E071
:107BF000BD012191222341F02F3231F084319105D2
:107C000019F02D930196F5CF860F971FFC01108276
:107C1000C5010E94EAF5F80193838283FFEFCF1A32
:107C2000DF0AD601F8013D9630E020E0CF01BD012A
:107C30004D91442349F04F3239F02F30310521F076
:107C400041932F5F3F4FF3CFF801E20FF31F1586EB
:107C5000FB0140814F3219F52F5F3F4FC601820F64
:107C6000931F0E9437B0F801968F858FC8010E943C
:107C700069B3882319F0C8010E9476B365960FB6E0
:107C8000F894DEBF0FBECDBFDF91CF911F910F9152
:107C9000FF90EF90DF90CF90BF90AF9008950E943B
:107CA00037B0F801968F858F892B01F31586DECFCB
:107CB000B701C5010E94EAF5F80193838283D6CF0C
:107CC000F80113821282D2CF0F931F93CF93DF93C9
:107CD000DC011B960D911C910115110519F1EC01A8
:107CE0000E94D1FA0097F1F0D801ED91FC91DC01EE
:107CF00012968D919C91C817D90759F40684F7857F
:107D0000E02D70E060E0C801DF91CF911F910F91ED
:107D100019940280F381E02DC801DF91CF911F916A
:107D20000F911994DF91CF911F910F910895CF93E7
:107D3000DF93EC01598348837B836A831C861B860F
:107D40001D861E8E1D8E0E9469B3882329F0CE01E8
:107D5000DF91CF910C9476B3DF91CF910895CF93BB
:107D6000DF93EC01FB0124813581408151816281E7
:107D700073810F949A34CE01DF91CF910895EF92E1
:107D8000FF920F931F93CF93DF9300D000D0CDB716
:107D9000DEB77C018B016EE37EE28EEB91E10F9406
:107DA0007735D7011296ED91FC91608171818EEB50
:107DB00091E10F94203565E37EE28EEB91E10F9423
:107DC0007735012E000C220B330B09831A832B838A
:107DD0003C8380E190E09E838D83BE016F5F7F4F87
:107DE0008EEB91E10E94AFBE0F94783440E050E8F2
:107DF00060E070E0C7010E942FB626960FB6F89497
:107E0000DEBF0FBECDBFDF91CF911F910F91FF90CD
:107E1000EF9008953F924F925F926F927F928F9270
:107E20009F92AF92BF92CF92DF92EF92FF920F9309
:107E30001F93CF93DF93CDB7DEB72C970FB6F8948F
:107E4000DEBF0FBECDBF5C01362E972E3A01690111
:107E50006FE97EE28EEB91E10F947735632D792DFA
:107E60008EEB91E10E947BF667E97EE28EEB91E179
:107E70000F947735C301B0E0A0E08F839887A9877E
:107E8000BA8730E1432E512C5C864B86BE01695F78
:107E90007F4F8EEB91E10E94AFBE4C0163E97EE221
:107EA0000F947735B601C4010E947BF66BE87EE241
:107EB000C4010F947735C701B0E0A0E089839A83AD
:107EC000AB83BC835E824D82BE016F5F7F4FC40176
:107ED0000E94AFBE0F9478348091D70C9091D80C4B
:107EE00070E060E0892B09F047C081E090E090935A
:107EF000D80C8093D70C26E040E855E260E070E0B3
:107F00008CE39EE00F94833630923B0F8CE39EE02F
:107F100090933A0F8093390F1092491010924B10A2
:107F200010924A100130110509F44EC00CF041C006
:107F3000012B09F44EC0C114D10409F457C082E0EA
:107F4000C816D10409F062C07092C40F6092C30FCA
:107F50001092C60F1092C50FF092C80FE092C70F93
:107F600086E00F94710A1092D80C1092D70C8823D7
:107F700009F456C0682F70E0C5010E94BFBE90E0B2
:107F800080E02C960FB6F894DEBF0FBECDBFDF9118
:107F9000CF911F910F91FF90EF90DF90CF90BF9006
:107FA000AF909F908F907F906F905F904F903F9099
:107FB00008950330110581F00430110509F0BBCF9D
:107FC000FE24EF24FE24B7CFFE2CEE24EE24EA9408
:107FD000B2CFFF24FA94AFCFEF2821F492E0E92E3C
:107FE000F12CEECFEE24E394F12CEACF7092C40F83
:107FF0006092C30F90E080E0EE2011F080E09FEFF0
:108000009093C60F8093C50F85E0ABCF6FE67EE2FD
:108010008EEB91E10F9477351092D80C1092D70C1B
:1080200081E090E0AECF2F923F924F925F926F929D
:108030007F928F929F92AF92BF92CF92DF92EF92F8
:10804000FF920F931F93CF93DF93CDB7DEB72C979B
:108050000FB6F894DEBF0FBECDBF5C0109831A8353
:108060002B833C834D835E836F837887CE0101969B
:108070000E94B2F61C01023011F0053011F4312CCF
:10808000212CF50104811581F80180858F708530E0
:1080900009F07FC0C8010E9434F7E82EF12CF2E00D
:1080A000EF16F1040CF475C060E0C8010E9462F69E
:1080B000FC01818592859C878B8761E0C8010E94C5
:1080C00062F6FC01418452846384748488248A9417
:1080D000982CF2E0EF16F10459F062E0C8010E941A
:1080E00062F6FC0181849284F3E0EF16F104A1F4BE
:1080F0008FE390E09A87898792E0C92ED12C298559
:108100003A85D1010F94A56B24E630E040E050E0C1
:108110000F942D6B79011CC063E0C8010E9462F6C8
:10812000FC01818592859A87898782E0C82ED12CAF
:10813000F4E0EF16F10439F064E0C8010E9462F641
:10814000FC01C184D28489859A857101892BB9F695
:1081500084019601A2016B857C85C5010E940ABF3E
:108160002C960FB6F894DEBF0FBECDBFDF91CF9136
:108170001F910F91FF90EF90DF90CF90BF90AF9045
:108180009F908F907F906F905F904F903F902F9037
:10819000089590E080E0E4CF8F929F92AF92BF92DB
:1081A000DF92EF92FF920F931F93CF93DF93CDB7A0
:1081B000DEB7A7970FB6F894DEBF0FBECDBF7C0128
:1081C00008A319A32AA33BA34CA35DA36EA37FA37B
:1081D000CE0180960E9475294B015C01D70114964F
:1081E000ED91FC9180858F70843009F0E9C0102FEB
:1081F000409141135091421361857285CE010196E1
:108200000E94C7BDCE0101960E9469B3882309F47C
:1082100046C08B85893009F042C070E060E0CE0135
:1082200001960E945CB5082FD92E62E67EE28EEBA5
:1082300091E10F947735602F7D2D8EEB91E10E94B7
:108240007BF660E67EE28EEB91E10F947735B50127
:10825000A4018EEB91E10E94F5FA6AE57EE28EEBD5
:1082600091E10F947735612F70E08EEB91E10E94E0
:108270007BF68EEB91E10F9478348091D70C90913E
:10828000D80C892B29F140E050E3B701CE0180964C
:108290000E943C2670E060E0C7010E94BFBE10E073
:1082A00000E0CE0101960E9464BEC801A7960FB6F9
:1082B000F894DEBF0FBECDBFDF91CF911F910F911C
:1082C000FF90EF90DF90BF90AF909F908F900895B8
:1082D00081E090E09093D80C8093D70C26E040E8A2
:1082E00055E260E070E08CE39EE00F9483360093EB
:1082F0003B0F8CE39EE090933A0F8093390F1092DE
:10830000491010924B1010924A10EB81FC811530ED
:1083100021F01F3011F0123011F580858F708087A9
:1083200070E060E083ED97E09093C40F8093C30FFB
:108330001092C60F1092C50F7093C80F6093C70FAD
:1083400086E00F94710A1092D80C1092D70C01E0BD
:1083500010E0882309F4A5CF682F70E09DCF8085B9
:108360008F708061808722E538EB42E152E4C501DD
:10837000B4010F94B56B20E030E040E251E40F947B
:10838000276A2DEE3EE94CE35EE30F94216C4B012E
:108390005C0120E030E0A9010F94C96C20E030E0DE
:1083A00040E05FE387FD07C0C501B4010F94B56BE2
:1083B0000F94936CB7CFC501B4010F94B46BF8CF91
:1083C00010E000E072CFCF92DF92EF92FF920F9316
:1083D0001F93CF93DF9300D000D01F921F92CDB791
:1083E000DEB77C0109831A832B833C834D835E8334
:1083F0006F837887CE0101960E94B2F68C01898145
:10840000882351F09B81923008F0B6C0823011F081
:10841000853011F410E000E070E060E0C7010E94D8
:108420005CB5D82EC92E62E57EE28EEB91E10F9409
:1084300077356D2D7C2D8EEB91E10E947BF660E50A
:108440007EE28EEB91E10F947735B8018EEB91E1EE
:108450000E947BF68EEB91E10F9478348091D70CDB
:108460009091D80C892BE9F040E050E3B701CE01A0
:1084700001960E943C2670E060E0C7010E94BFBEEA
:1084800090E080E028960FB6F894DEBF0FBECDBF17
:10849000DF91CF911F910F91FF90EF90DF90CF90E0
:1084A000089581E090E09093D80C8093D70C26E05B
:1084B00040E855E260E070E08CE39EE00F94833684
:1084C000D0923B0F8CE39EE090933A0F8093390F4C
:1084D0001092491010924B1010924A1080ED97E0C4
:1084E0009093C40F8093C30F1092C60F1092C50FC4
:1084F00001151105E1F185E090E09093C80F80939C
:10850000C70F86E00F94710AD82E64E670E080E011
:1085100090E00F94E408D1100AC069E47EE28EEB8B
:1085200091E10F9477358EEB91E10F94783482EDE1
:1085300097E09093C40F8093C30F1092C60F1092D0
:10854000C50F24E6209FC001219F900D1124909318
:10855000C80F8093C70F86E00F94710A1092D80C51
:108560001092D70C882359F0682F70E086CF1092B4
:10857000C80F1092C70FC5CF8FEF9FEF83CF81E059
:1085800090E080CF2F923F924F925F926F927F92B6
:108590008F929F92AF92BF92CF92DF92EF92FF9213
:1085A0000F931F93CF93DF93CDB7DEB7C95DD1098A
:1085B0000FB6F894DEBF0FBECDBF1C01C754DF4F0E
:1085C0000883C95BD040C654DF4F1883CA5BD040D4
:1085D000C554DF4F2883CB5BD040C454DF4F388372
:1085E000CC5BD040C354DF4F4883CD5BD040C254F6
:1085F000DF4F5883CE5BD040C154DF4F6883CF5BE1
:10860000D040C054DF4F7883C05CD040CF53DF4FA1
:10861000F982E882C15CD040CD52DF4FC882C35D91
:10862000D040C053DF4FA882C05DD0400E94346E5E
:108630006B01CC52DF4F79836883C45DD040683CC6
:1086400071059CF46EED7AE287E191E10F94773544
:10865000B60187E191E10E947BF687E191E10F94F9
:1086600078342FEF3FEF0C947CCE0F941709CA5249
:10867000DF4F688379838A839B83C65DD040C5546E
:10868000DF4F8881CB5BD040A82FB0E0C553DF4FD0
:10869000B983A883CB5CD040E0913F13F0914013A5
:1086A000CF52DF4FF983E883C15DD040CF53DF4F16
:1086B000E881F981C15CD040309721F0808181113F
:1086C0000C9434D4D1011D968C91882341F0C101C2
:1086D0000D96CF53DF4F99838883C15CD040C5533B
:1086E000DF4FE881F981CB5CD040EF2B11F00C9487
:1086F00090D4CF53DF4FE881F981C15CD0403097EF
:1087000011F00C943DD4D1015D960D90BC91A02D3B
:10871000C553DF4FB983A883CB5CD040AB2B11F49A
:108720000C9490D4C554DF4F8881CB5BD04081112D
:108730000C9490D4C553DF4F6881CB5CD040CE0100
:1087400087549F4F0E94E426CF55DF4F2883C15A9C
:10875000D040CE55DF4F3883C25AD040CD55DF4F81
:108760004883C35AD040CC55DF4F5883C45AD040B9
:10877000CB55DF4F6883C55AD040CA55DF4F788349
:10878000C65AD040C955DF4F8883C75AD040C85514
:10879000DF4F9883C85AD0400C9490D4D1011296E0
:1087A0008D919C91892B09F45CCFC553DF4FE881F3
:1087B000F981CB5CD0403197A1F4C654DF4F88815A
:1087C000CA5BD0408F70F1E0C153DF4FF883CF5CBC
:1087D000D040811128C0C153DF4F1882CF5CD040F8
:1087E00022C0C553DF4F08811981CB5CD040012BDB
:1087F00009F044C0C754DF4F8881C95BD04088234B
:1088000009F44EC08850823008F44AC0C153DF4F8B
:108810001882CF5CD04081E090E0C553DF4F998350
:108820008883CB5CD040C754DF4F1881C95BD040F0
:10883000112309F45DC040E052E060E070E0C10146
:108840000E9458B6672B682B692B09F451C01C3065
:1088500009F44EC06BE97AE287E191E10F94773534
:1088600087E191E10F947834AAEFBFEFC953DF4F4E
:10887000B983A883C75CD0400C94E9D4C553DF4FBB
:1088800028813981CB5CD0402430310509F4A3CF55
:108890002930310509F49FCF2330310509F469C02F
:1088A000C654DF4F8881CA5BD0408F7009F461C025
:1088B00040E054E060E070E0C1010E9458B6672BD0
:1088C000682B692B09F455C066E87AE287E191E1EB
:1088D0000F94773587E191E10F947834EAEFFFEF59
:1088E000C953DF4FF983E883C75CD0400C94E9D4C7
:1088F000C553DF4F08811981CB5CD040043011058E
:10890000E9F5C053DF4FE880C05DD040C754DF4F6A
:108910000881C95BD040C654DF4F1881CA5BD04084
:10892000C554DF4F2881CB5BD040C454DF4F388122
:10893000CC5BD040C354DF4F4881CD5BD040C254A4
:10894000DF4F5881CE5BD040C154DF4F6881CF5B91
:10895000D040C054DF4F7881C05CD040C1010E943C
:108960006BAFC953DF4F99838883C75CD0400C94A9
:10897000E9D4C153DF4F1882CF5CD040CD52DF4FD6
:108980001881C35DD040133091F4D1011A968C91B7
:10899000873069F468E67AE28EEB91E10F947735DF
:1089A0008EEB91E10F947834E9EFFFEF99CF88E0F7
:1089B000FE01E754FF4FDE01AF54BF4F01900D920F
:1089C0008A95E1F7E114F10409F451C06BE37DE20B
:1089D000C7010F94CC63892B09F450C065E47DE294
:1089E000C7010F94CC63892B09F451C063E67DE283
:1089F000C7010F94CC63892B09F452C06DE67DE268
:108A0000C7010F94CC63892B09F453C069EF7DE251
:108A1000C7010F94CC63892B09F454C063E07EE254
:108A2000C7010F94CC63892B09F466C06DEB7DE21E
:108A3000C7010F94CC63892B09F461C067EC7DE218
:108A4000C7010F94CC63892B09F45CC06DE07EE212
:108A5000C7010F94CC63892B09F457C06FEE7DE2F8
:108A6000C7010F94CC6303E110E0892B69F1C35374
:108A7000DF4F19821882CD5CD0402CC021E030E05D
:108A8000C353DF4F39832883CD5CD04023C082E0BD
:108A900090E0C353DF4F99838883CD5CD0401AC0E8
:108AA000A5E0B0E0C353DF4FB983A883CD5CD040CD
:108AB00011C0E6E0F0E0C353DF4FF983E883CD5CFB
:108AC000D04008C004E110E0C353DF4F198308838E
:108AD000CD5CD040C754DF4F1881C95BD040143003
:108AE00009F42BC3A8F4112309F479C0412C512CAB
:108AF00032012FEF3FEFB5C325E130E0C1CF8EE06B
:108B000090E0C7CFAFE0B0E0CDCFE6E1F0E0D3CF6B
:108B100088EF810F823050F788E0FE01E754FF4F65
:108B2000DE01119601900D928A95E1F7C654DF4F50
:108B30008881CA5BD0408F7009F4AAC3CE018754E4
:108B40009F4F0E94172F6B017C01C114D104E104D7
:108B5000F10409F49DC3193041F4F094E094D094E9
:108B6000C094C11CD11CE11CF11CB101CE01875481
:108B70009F4F0E946BFC60E0CE0187549F4F0E9484
:108B80000627A2962FAFA297A3963FAFA397A496CE
:108B90004FAFA497A5965FAFA597A6966FAFA69780
:108BA000A7967FAFA797A8968FAFA897A9969FAFD4
:108BB000A997C553DF4FA881B981CB5CD040AA30BB
:108BC000B10509F43FC50CF069C3109709F400C45E
:108BD000129709F4C0C3412C512C320191C519825E
:108BE0001A821B821C821D821E821F8218868A8125
:108BF000807F8A83C654DF4F8881CA5BD0408F70E4
:108C000009F489C2C553DF4F08811981CB5CD0407C
:108C10000A30110509F432C25CF40115110579F12D
:108C20000230110509F4C3C0412C512C32011DC280
:108C3000C553DF4F28813981CB5CD0402B303105C3
:108C400009F4B5C12C30310579F7B101CE01019697
:108C50000E946BFCCE0187549F4F0E948AB2BC01D8
:108C6000CE0101960E94ABB288E0FE013196DE0192
:108C7000A754BF4F01900D928A95E1F7F1C1EF28FB
:108C800059F063E57AE28EEB91E10F9477358EEB44
:108C900091E10F947834C8CFC1010E94D7D618163D
:108CA000190614F00C941ED4CE0187549F4F0E94D5
:108CB000BB29672B682B692B09F06FC162E0CE01DD
:108CC00087549F4F0E940627C756DF4F2883C959F4
:108CD000D040C656DF4F3883CA59D040C556DF4F03
:108CE0004883CB59D040C456DF4F5883CC59D0402D
:108CF000C356DF4F6883CD59D040C256DF4F7883CB
:108D0000CE59D040C156DF4F8883CF59D040C0568E
:108D1000DF4F9883C05AD0404424439430E1532E0F
:108D2000612C712C31E0CD53DF4F3883C35CD040D0
:108D3000AA24A39446C061E0CE0187549F4F0E94AD
:108D40000627CF56DF4F2883C159D040CE56DF4F7C
:108D50003883C259D040CD56DF4F4883C359D040E5
:108D6000CC56DF4F5883C459D040CB56DF4F688371
:108D7000C559D040CA56DF4F7883C659D040C9562E
:108D8000DF4F8883C759D040C856DF4F9883C859F2
:108D9000D0404424439420E1522E612C712C81E078
:108DA000CD53DF4F8883C35CD040A12C0AC0412C37
:108DB000512C3201CD53DF4F1882C35CD040AA241E
:108DC000AA94B101CE0101960E946BFC8A819CE0BD
:108DD000980F9F70923058F4C654DF4F9881CA5B49
:108DE000D0409F70923019F4807F82608A83D101D5
:108DF0001A969C91973069F4C654DF4F8881CA5BFC
:108E0000D0408F708250843020F48A81807F8260CD
:108E10008A83F101A385B485892F90E0109741F0F2
:108E2000ED91FC911197008CF18DE02DCD011995FC
:108E30007C01C754DF4F0881C95BD040C654DF4F67
:108E40001881CA5BD040C554DF4F2881CB5BD0402E
:108E5000C454DF4F3881CC5BD040C354DF4F4881CE
:108E6000CD5BD040C254DF4F5881CE5BD040C1545F
:108E7000DF4F6881CF5BD040C054DF4F7881C05C4A
:108E8000D040CE0101960E944530C757DF4F28835E
:108E9000C958D040C657DF4F3883CA58D040C5574D
:108EA000DF4F4883CB58D040C457DF4F5883CC584E
:108EB000D040C357DF4F6883CD58D040C257DF4FF3
:108EC0007883CE58D040C157DF4F8883CF58D040E9
:108ED000C057DF4F9883C059D040CE0101960E9401
:108EE000F425CD53DF4FF881C35CD040FF2341F11F
:108EF000C654DF4F8881CA5BD0408F709FE0980FC7
:108F00009F70923020F08A5F8F708230C8F48A811F
:108F10008F7081508230A0F42D8130E0AFEFB0E04F
:108F20000F945F6B2FEF611504E6700781059105C3
:108F300034F424E630E040E050E00F942D6B2D83B4
:108F400088E0FE013196DE01A754BF4F01900D92DB
:108F50008A95E1F718E2512AB12C2FEF3FEFC95360
:108F6000DF4F39832883C75CD040D1011A968C919A
:108F70001A97873009F05FC6CC52DF4FE881F9813C
:108F8000C45DD040EE35F1400CF03AC463E07AE2C3
:108F900087E191E10F94773560CB412C512C320160
:108FA00091E0CD53DF4F9883C35CD040C1CEB10177
:108FB000CE0101960E946BFCC254DF4F9881CE5BBC
:108FC000D0408A81282F2F7041F0223049F0412C67
:108FD000512C3201BB24B39449C0807F82608A83C4
:108FE000892F90E08536910514F084E690E08E8319
:108FF00088E0FE013196DE01A754BF4F01900D922B
:109000008A95E1F762E0CE0187549F4F0E94E426E3
:10901000CF57DF4F2883C158D040CE57DF4F38831A
:10902000C258D040CD57DF4F4883C358D040CC57AB
:10903000DF4F5883C458D040CB57DF4F6883C558A3
:10904000D040CA57DF4F7883C658D040C957DF4F4A
:109050008883C758D040C857DF4F9883C858D0403E
:10906000412C98E2592E612C712CB12CCD53DF4F3D
:109070001882C35CD040AA24AA946FCFB101CE015C
:1090800001960E946BFCC154DF4F6881CF5BD040DA
:10909000C054DF4F7881C05CD0407170CE01019622
:1090A0000E94E5B2CD53DF4F8883C35CD040412C92
:1090B000512C3201BB24B3948823E9F288E0FE01ED
:1090C0003196DE01A754BF4F01900D928A95E1F7CA
:1090D00062E0CE0187549F4F0E94E426EA962FAFAC
:1090E000EA97EB963FAFEB97EC964FAFEC97ED9688
:1090F0005FAFED97EE966FAFEE97EF967FAFEF977E
:10910000C158DF4F8883CF57D040C058DF4F988376
:10911000C058D040A5CF412C512C32018FEF9FEF8A
:10912000C953DF4F99838883C75CD040B12CCD539E
:10913000DF4F1882C35CD04082C2C553DF4FA88185
:10914000B981CB5CD040199709F471C0C1010E946C
:10915000D7D618161906B4F562E0CE0187549F4F92
:109160000E940627E2962FAFE297E3963FAFE39780
:10917000E4964FAFE497E5965FAFE597E6966FAF5D
:10918000E697E7967FAFE797E8968FAFE897E9967F
:109190009FAFE9974424439480E1582E612C712CB1
:1091A000EFEFFFEFC953DF4FF983E883C75CD0408F
:1091B000B12CF1E0CD53DF4FF883C35CD040AA243B
:1091C000A394D3CE61E0CE0187549F4F0E9406271F
:1091D000AA962FAFAA97AB963FAFAB97AC964FAF7F
:1091E000AC97AD965FAFAD97AE966FAFAE97AF96BB
:1091F0007FAFAF97E0968FAFE097E1969FAFE19793
:109200004424439400E1502E612C712C0FEF1FEF8A
:10921000C953DF4F19830883C75CD040B12C11E0DC
:10922000CD53DF4F1883C35CD040A12C9ECE40E0CD
:1092300051E060E070E0C1010E9458B6672B682BD6
:10924000692BB1F040E051E060E070E0C1010E94A4
:1092500006B64424439410E4512E612C712C21E075
:1092600030E0C953DF4F39832883C75CD0405ECFDD
:1092700040E051E060E070E0C1010E942FB644245C
:109280004394B0E45B2E612C712C81E090E048CFD8
:10929000A5E0CA2ED12CE12CF12C5DCCC553DF4FBB
:1092A000E881F981CB5CD040EB30F10509F449C28B
:1092B0003C9709F090CCC654DF4F8881CA5BD04000
:1092C0008F70823009F08FC2C701B60124E630E00A
:1092D00040E050E00F942D6BC054DF4F8881C05C9C
:1092E000D040869590E0280F391F1216130614F00F
:1092F00021E030E02536310514F024E630E0220F7D
:10930000C054DF4F8881C05CD0408170282BC0548E
:10931000DF4F2883C05CD04062E0CE0187549F4F6E
:109320000E94E4262A962FAF2A972B963FAF2B97C1
:109330002C964FAF2C972D965FAF2D972E966FAF33
:109340002E972F967FAF2F9760968FAF609761967D
:109350009FAF6197D0C1CD53DF4F1882C35CD0401F
:10936000D1011B968D919C911C97009709F037C0F5
:109370001A968C9190E0E0E58E2E912CA12CB12CC8
:109380008530910549F0812C912C5401449721F0AE
:10939000812C912C54018A94C654DF4FE881CA5B1A
:1093A000D040EF70E150EB3008F032C1F0E0882798
:1093B000E352F6438F4F0D94966BF7C9F7C908CB6C
:1093C00008CB08CBD5CA9FCA9FCA9FCA30CA30CA29
:1093D000F1E0CD53DF4FF883C35CD040C1CFDC0157
:1093E000ED91FC91008CF18DE02D1995C4CFC35403
:1093F000DF4F1881CD5BD040C701B60124E630E0D5
:1094000040E050E00F942D6BDA01C901810F911DEE
:10941000A11DB11DB7FF03C080E090E0DC018F3FCC
:109420009105A105B10529F024F08FEF90E0A0E0AF
:10943000B0E0C354DF4F8883CD5BD04063EE7AE069
:109440008EEB91E10F942035CE0187549F4F0E94FF
:10945000F425412C78E2572E612C712CB12CE7C0F9
:10946000C354DF4F488059806A807B80CD5BD040F9
:10947000B4E6CB16D104E104F104DCF5A4E6B0E0D7
:10948000A30192010F944C6BC60ED71EE81EF91E65
:1094900081149104A104B104B9F0A50194010F94C1
:1094A0004C6B362F272FB701A60177FF03C040E092
:1094B00050E0BA01C32ED22E7C014C155D056E051D
:1094C0007F0514F46A017B01C354DF4FC882D9823F
:1094D000EA82FB82CD5BD040C654DF4F8881CA5BF5
:1094E000D040807F8660C654DF4F8883CA5BD040FF
:1094F000A5CFC701B60124E630E040E050E00F946C
:109500002D6B240D351D461D571D81149104A1049A
:10951000B10461F057FF03C020E030E0A9018216DA
:109520009306A406B50614F4A5019401C354DF4FB5
:10953000288339834A835B83CD5BD0407FCFC3547C
:10954000DF4F688179818A819B81CD5BD0400F9408
:10955000936C2B013C01C701B60124E630E040E0EA
:1095600050E00F942D6BCA01B901640D751D861D65
:10957000971D81149104A104B10461F097FF03C009
:1095800060E070E0CB0186169706A806B90614F4D1
:10959000C501B4010F94C869C354DF4F6883798350
:1095A0008A839B83CD5BD04049CFC354DF4F8881F2
:1095B0009981AA81BB81CD5BD040C80ED91EEA1E1D
:1095C000FB1E81149104A104B104C9F0A4E6B0E02B
:1095D000A50194010F944C6B362F272FB701A601DC
:1095E00077FF03C040E050E0BA01C32ED22E7C01C9
:1095F0004C155D056E057F0514F46A017B01C354AB
:10960000DF4FC882D982EA82FB82CD5BD04016CF81
:1096100088E0FE013196DE01A754BF4F01900D9204
:109620008A95E1F7412C512C3201BB24B3940FEF02
:109630001FEFC953DF4F19830883C75CD040AA24AA
:10964000AA9493CCC654DF4F8881CA5BD0408F70F8
:10965000823009F057C0C701B60124E630E040E08F
:1096600050E00F942D6BC154DF4F8881CF5BD04009
:10967000C054DF4F6881C05CD040962F9170280F96
:10968000391F2E36E1E03E072CF437FF05C02DE6EA
:1096900031E002C030E020E0C154DF4F2883CF5BCF
:1096A000D040C054DF4F8881C05CD04030FB80F98F
:1096B000C054DF4F8883C05CD04062E0CE01875445
:1096C0009F4F0E94E4266A962FAF6A976B963FAF32
:1096D0006B976C964FAF6C976D965FAF6D976E966C
:1096E0006FAF6E976F967FAF6F97A0968FAFA09773
:1096F000A1969FAFA197412C68E2562E612C712C48
:10970000B12C19C088E0FE013196DE01A754BF4F8D
:1097100001900D928A95E1F767E47AE287E191E1A1
:109720000F94773587E191E10F947834412C512CD7
:109730003201BB24B394CD53DF4F1882C35CD040B9
:1097400076CFC654DF4F8881CA5BD0408F7082309D
:10975000E9F5C701B60124E630E040E050E00F949F
:109760002D6BC254DF4F8881CE5BD04090E0280F34
:10977000391F37FF02C030E020E02536310514F0F4
:1097800024E630E0C254DF4F2883CE5BD04062E055
:10979000CE0187549F4F0E94E42662962FAF6297B6
:1097A00063963FAF639764964FAF649765965FAFDC
:1097B000659766966FAF669767967FAF679768966F
:1097C0008FAF689769969FAF699795CF88E0FE0144
:1097D0003196DE01A754BF4F01900D928A95E1F7B3
:1097E0006BE37AE29BCF88E0FE013196DE01A7545D
:1097F000BF4F01900D928A95E1F76FE27AE28ECF2A
:10980000CD52DF4F3881C35DD04030FD7AC0149611
:10981000ED91FC9180858F70853009F072C0CF5238
:10982000DF4FE881F981C15DD040359709F469C007
:10983000C553DF4F08811981CB5CD0400130110541
:1098400011F00C94B3D5C754DF4F8881C95BD04069
:109850008A50823010F00C9409D56BEE79E28EEBD1
:1098600091E10F947735D1011296ED91FC916081D1
:1098700071818EEB91E10F9420358EEB91E10F9485
:109880007834C754DF4F8881C95BD0408A3079F083
:109890008B30C9F030E020E040E050E460E070E060
:1098A000C1010E94E8B901E010E00C94E3D440E06B
:1098B00051E060E070E0C1010E9406B66AE0C101BB
:1098C0000E947CBCE7CFC053DF4FB881C05DD04061
:1098D000B1110EC062ED79E287E191E10F94773525
:1098E00087E191E10F947834EBEFFFEF0C9470C4B3
:1098F00040E051E060E070E0C1010E942FB66BE0F3
:10990000DECF10E0C353DF4F28813981CD5CD040DA
:10991000232B11F40C94A1D5CF53DF4F1982188259
:10992000C15CD0400C94A1D5863011F40C94C2D502
:10993000873011F00C94B0D5C1010E949BBC082F58
:10994000863009F063C066EA79E28EEB91E10F940C
:10995000773566E070E08EEB91E10E947BF68EEB4E
:1099600091E10F94783462E0CE0187549F4F0E94BA
:10997000062729AF3AAF4BAF5CAF6DAF7EAF8FAF6D
:1099800021969FAF21973DC0C1010E949BBC8530AD
:1099900021F083E090E00C94B1C46DEB79E28EEBA2
:1099A00091E10F94773565E070E08EEB91E10E94D4
:1099B0007BF68EEB91E10F947834B101CE018754A0
:1099C0009F4F0E946BFC61E0CE0187549F4F0E9425
:1099D000062722962FAF229723963FAF23972496F0
:1099E0004FAF249725965FAF259726966FAF2697A2
:1099F00027967FAF279728968FAF289729969FAFF6
:109A00002997689440F854F80C94B0D568E879E246
:109A10008EEB91E10F947735602F70E08EEB91E142
:109A20000E947BF68EEB91E10F947834A3E0B0E0D6
:109A30000C9436C4A1100C94DCD5B101CE0187542E
:109A40009F4F0E946BFC61E0CE0187549F4F0E94A4
:109A5000062729AB3AAB4BAB5CAB6DAB7EAB8FABA8
:109A600098AF689440F854F846E0942ED301C201B0
:109A7000689440F8C554DF4F2881CB5BD04022303A
:109A800060F4C754DF4F2881C95BD040222329F0FE
:109A90002C013D01689440F854F8C654DF4F88818A
:109AA000CA5BD0408F7009F4BBC0689455F811238D
:109AB00011F0E89455F8A201B101CE0187549F4FEF
:109AC0000E943C26A1E0B0E0C953DF4FB983A883D0
:109AD000C75CD040B110AEC6D1011B968D919C9150
:109AE000009709F43FC3DC01ED91FC910488F589EE
:109AF000E02DC754DF4F0881C95BD040C654DF4F0B
:109B00001881CA5BD040C554DF4F2881CB5BD04061
:109B1000C454DF4F3881CC5BD040C354DF4F488101
:109B2000CD5BD040C254DF4F5881CE5BD040C15492
:109B3000DF4F6881CF5BD040C054DF4F7881C05C7D
:109B4000D040199581110EC36CE378E287E191E171
:109B50000F94773587E191E10F94783456FC4EC627
:109B600064EF77E28EEB91E10F947735C953DF4FC5
:109B700068817981C75CD0408EEB91E10E947BF6D1
:109B80006DEE77E28EEB91E10F9477350F94170924
:109B9000AB01BC01CA52DF4F088119812A813B8188
:109BA000C65DD040401B510B620B730B8EEB91E1F5
:109BB0000E9471F68EEB91E10F9478340AC769E543
:109BC00079E28EEB91E10F94773503E010E0FBC66C
:109BD0002FEFA2120FC0C1010E94D7D6AA24A394CE
:109BE000181619064CF06CE379E28EEB91E10F94B4
:109BF0007735CFCEAA20B9F362E0CE0187549F4FCC
:109C00000E94062729A73AA74BA75CA76DA77EA7A6
:109C10008FA798AB689440F854F835E0932E26CF80
:109C200040E050E2B101CE0187549F4F0E9451277E
:109C300081113BCF3CCFBFEFAB1265C0C1010E9489
:109C4000D7D6AA24A394181619060CF45FC0A12C29
:109C50006EE279E28EEB91E10F947735EA2C0A2CD3
:109C6000000CFF08B7018EEB91E10E947BF667E2E2
:109C700079E28EEB91E10F947735CD53DF4FF88188
:109C8000C35CD0406F2F70E08EEB91E10E947BF6B9
:109C90008EEB91E10F947834CF53DF4F8880998019
:109CA000C15CD04081149104F1F1C1010E949BBCC0
:109CB000C82ED12CC114D10409F46701C353DF4F5E
:109CC00008811981CD5CD0400115110509F453C0FC
:109CD000C016D10611F16BE079E28EEB91E10F94A1
:109CE0007735B6018EEB91E10E947BF68EEB91E128
:109CF0000F9478342DEF3FEFC953DF4F398328831A
:109D0000C75CD04066C6AA2009F4A2CFE1E0CD53DB
:109D1000DF4FE883C35CD0409BCFCF53DF4F198226
:109D20001882C15CD040C754DF4F9880C95BD040D7
:109D3000B6E1B91508F4E5C1E92DF0E08827EC5546
:109D4000F1438F4F0D94966BFECE37D028D03ACF8B
:109D5000FECE09D0CBCF82CFFECEFECE7DD07DD041
:109D60009CD09CD059D059D081D081D081D059D0AD
:109D700059D059D059D0D1011B968D919C91009703
:109D800009F4D1CFDC01ED91FC910088F189E02D3F
:109D9000C053DF4FA880C05DD040CD53DF4FC88097
:109DA000C35CD0407401C754DF4F0881C95BD04009
:109DB000C654DF4F1881CA5BD040C554DF4F28819D
:109DC000CB5BD040C454DF4F3881CC5BD040C35410
:109DD000DF4F4881CD5BD040C254DF4F5881CE5B0E
:109DE000D040C154DF4F6881CF5BD040C054DF4FBB
:109DF0007881C05CD04019950C94B1C4912CC153AA
:109E0000DF4F2881CF5CD040222309F463CEC053BA
:109E1000DF4FC880C05DD040CF54DF4F0881C15BA9
:109E2000D040CE54DF4F1881C25BD040CD54DF4FBD
:109E30002881C35BD040CC54DF4F3881C45BD04015
:109E4000CB54DF4F4881C55BD040CA54DF4F5881A7
:109E5000C65BD040C954DF4F6881C75BD040C8544F
:109E6000DF4F7881C85BD040C1010E9445BBE894B8
:109E700055F830CEC1010E949BBC853009F089CDD8
:109E800066EF78E28EEB91E10F94773565E070E054
:109E90008EEB91E10E947BF68EEB91E10F9478348A
:109EA000B101CE0187549F4F0E946BFCF101828566
:109EB0008530C9F46EE0CE0187549F4F0E9406277B
:109EC00029A33AA34BA35CA36DA37EA38FA398A75A
:109ED000689440F854F8912CF1E0CD53DF4FF883AB
:109EE000C35CD0408CCF61E0CE0187549F4F0E946D
:109EF0000627298F3A8F4B8F5C8F6D8F7E8F8F8FC8
:109F000098A3E6CFC1010E949BBC182F863081F533
:109F10006FED78E28EEB91E10F94773566E070E0BB
:109F20008EEB91E10E947BF68EEB91E10F947834F9
:109F300062E0CE0187549F4F0E940627298B3A8BFF
:109F40004B8B5C8B6D8B7E8B8F8B988F40E050E0C2
:109F500068E070E0C1010E9406B6689440F854F8C9
:109F6000912C01E0CD53DF4F0883C35CD04047CF35
:109F700061EC78E28EEB91E10F947735612F70E020
:109F80008EEB91E10E947BF68EEB91E10F94783499
:109F900023E030E0B1CE40E051E060E070E0C1018C
:109FA0000E9458B6672B682B692B61F5A11027C05A
:109FB000B101CE0187549F4F0E946BFC61E0CE013E
:109FC00087549F4F0E94062729873A874B875C87D3
:109FD0006D877E878F87988B40E050E068E070E067
:109FE000C1010E942FB6689440F854F826E0922EE2
:109FF00031E0CD53DF4F3883C35CD04000CF67EAF8
:10A0000078E2F3CD62E978E28EEB91E10F94773557
:10A010000DCDAA20D1F062E0CE0187549F4F0E945F
:10A02000062729833A834B835C836D837E838F83EA
:10A030009887689440F854F895E0992EB1E0CD5394
:10A04000DF4FB883C35CD040DACE65E778E2B6C5AF
:10A05000C554DF4F8881CB5BD040823008F073C09D
:10A06000C1010E949BBC853009F032CF92CCC5540F
:10A07000DF4F8881CB5BD040823008F02CCFAA2004
:10A08000C1F06CE578E28EEB91E10F94773561E0F9
:10A09000C1010E947CBCCF53DF4F28813981C15C54
:10A0A000D04040E058E160E070E0C1010E94E8B9B2
:10A0B0008CCDC554DF4F8881CB5BD040823008F017
:10A0C0004FCF992009F447C0C654DF4F8881CA5B3F
:10A0D000D0408F7031F4B101CE0187549F4F0E9460
:10A0E0006BFC689440F810E3512A912C21E0CD5389
:10A0F000DF4F2883C35CD04082CE689456F8912C01
:10A1000077CFC654DF4F8881CA5BD0408F7051F43F
:10A11000689454F8912C81E0CD53DF4F8883C35C61
:10A12000D0406DCE90E3592A912CA1E0CD53DF4F62
:10A13000A883C35CD04063CE912C412C80E4582E80
:10A14000612C712C7BCF912CE1E0CD53DF4FE88364
:10A15000C35CD04054CE11E0CD53DF4F1883C35CB5
:10A16000D0404DCEF10183859485892B09F4CBC075
:10A17000411451046104710439F0A201B101CE010E
:10A1800087549F4F0E943C26D1011B968D919C9134
:10A19000CF53DF4FE880F980C15CD040DC01ED9106
:10A1A000FC910088F189E02DC053DF4FA880C05D8D
:10A1B000D040CD53DF4FC880C35CD040C754DF4F81
:10A1C0000881C95BD040C654DF4F1881CA5BD040BC
:10A1D000C554DF4F2881CB5BD040C454DF4F38815A
:10A1E000CC5BD040C354DF4F4881CD5BD040C254DC
:10A1F000DF4F5881CE5BD040C154DF4F6881CF5BC9
:10A20000D040C054DF4F7881C05CD0401995C9530D
:10A21000DF4F99838883C75CD040F10183859485A3
:10A22000DC01ED91FC91008CF18DE02D19950597E5
:10A2300011F4689440F856FCD8C2992021F0692D99
:10A24000C1010E947CBCCF52DF4FE881F981C15D22
:10A25000D040359709F484CC30E020E0B301A2016E
:10A26000C1010E94E8B9C153DF4FF881CF5CD040F3
:10A27000FF2309F475CCCF53DF4F88819981C15CEE
:10A28000D040892B09F46CCC6FEF77E28EEB91E133
:10A290000F9477358EEB91E10F947834CF53DF4FE5
:10A2A000A880B980C15CD040812C73016201CF5479
:10A2B000DF4F0881C15BD040CE54DF4F1881C25BB5
:10A2C000D040CD54DF4F2881C35BD040CC54DF4F0A
:10A2D0003881C45BD040CB54DF4F4881C55BD04050
:10A2E000CA54DF4F5881C65BD040C954DF4F6881E4
:10A2F000C75BD040C854DF4F7881C85BD040C101F4
:10A300000E947CB62DCC8285863009F488C080F509
:10A31000843009F4B0C1853009F08FCF4114510465
:10A320006104710439F0A201B101CE0187549F4F3D
:10A330000E943C26C553DF4F28813981CB5CD04039
:10A340002230310509F493C12330310509F4EAC004
:10A350002130310509F071CF689440F854F821E0BC
:10A3600030E0C953DF4F39832883C75CD04065CFC5
:10A37000883009F4E9C1893009F05FCF41145104F4
:10A380006104710439F0A201B101CE0187549F4FDD
:10A390000E943C26CD53DF4F8881C35CD040882388
:10A3A00009F44BCFAA2079F0C754DF4F8881C95BED
:10A3B000D040813041F4C654DF4F8881CA5BD04021
:10A3C0008F7009F43ACFC754DF4F0881C95BD04082
:10A3D000C654DF4F1881CA5BD040C554DF4F288177
:10A3E000CB5BD040C454DF4F3881CC5BD040C354EA
:10A3F000DF4F4881CD5BD040C254DF4F5881CE5BE8
:10A40000D040C154DF4F6881CF5BD040C054DF4F94
:10A410007881C05CD040C1010E94E3C17CC1C754B7
:10A42000DF4FD880C95BD040DD2009F477CF70E0E2
:10A4300060E0C1010E945CB57C01411451046104DB
:10A44000710439F0A201B101CE0187549F4F0E94DF
:10A450003C26E114F10409F4F0CE10E000E0F7FE30
:10A4600005C0F194E194F10801E010E0C701019703
:10A470008634910508F0E1CECE2C61E08E2D0F944C
:10A480009C06EFEFED0DE63108F049C0F0E08827BB
:10A49000E35BFD428F4F0D94966B63D265D28FD2F2
:10A4A0008FD265D263D265D28FD28FD28FD28FD224
:10A4B0008FD28FD263D263D28FD28FD28FD263D218
:10A4C0008FD263D263D2F1E00F27602F8C2D0F94CF
:10A4D0006E0667E378E28EEB91E10F947735B70172
:10A4E0008EEB91E10E947BF665E378E28EEB91E1E1
:10A4F0000F947735B8018EEB91E10E947BF68EEBDD
:10A5000091E10F947834689440F854F801E010E039
:10A51000C953DF4F19830883C75CD0408ECE0FEF3D
:10A520001FEFD7CFC1010E94D0B46B017C01892BF2
:10A5300061F565E278E28DE091E10F947735D10124
:10A540001296ED91FC91608171818DE091E10F9403
:10A5500020356FEE7AE08DE091E10F9420352AE00E
:10A5600030E0B701A6018DE091E10F949A348DE0BF
:10A5700091E10F947834D1011296ED91FC916081B4
:10A58000718185EF9AE00F94030ACE0187549F4FA3
:10A590000E94752920E030E048EC52E40F94276ACD
:10A5A0000F94936CC953DF4F688379838A839B83AD
:10A5B000C75CD040C953DF4FC880D980C75CD0404A
:10A5C0004FEF5FEF60E070E088E00F945256CD539C
:10A5D000DF4F688379838A839B83C35CD040CD53EC
:10A5E000DF4FE880F980C35CD0406EE178E28EEB0B
:10A5F00091E10F947735D1011296ED91FC91608134
:10A6000071818EEB91E10F9420356AE178E28EEB57
:10A6100091E10F947735C953DF4F68817981C75C29
:10A62000D0408EEB91E10E947BF665E178E28EEB03
:10A6300091E10F947735CD53DF4F68817981C35C09
:10A64000D0408EEB91E10E94EFFA8EEB91E10F94F6
:10A650007834B701A601C1010E948FB4E1E0F0E0B7
:10A66000C953DF4FF983E883C75CD040E6CD6894D7
:10A6700040F855F84BCF411451046104710439F08E
:10A68000A201B101CE0187549F4F0E943C26CD53B9
:10A69000DF4F3881C35CD040332309F4CECDC7549B
:10A6A000DF4F8881C95BD040AA20E1F1813041F4BD
:10A6B000C654DF4F8881CA5BD0408F7009F4BDCD8E
:10A6C000C754DF4F0881C95BD040C654DF4F1881A3
:10A6D000CA5BD040C554DF4F2881CB5BD040C45407
:10A6E000DF4F3881CC5BD040C354DF4F4881CD5B16
:10A6F000D040C254DF4F5881CE5BD040C154DF4FB1
:10A700006881CF5BD040C054DF4F7881C05CD040BF
:10A71000C1010E9413C0C953DF4F99838883C75C6E
:10A72000D0408BCD813061F6CE0187549F4F0E947F
:10A73000B2F6449728F6CE0187549F4F0E9483F6C5
:10A74000689440F855F8BCCF411451046104710479
:10A7500039F0A201B101CE0187549F4F0E943C26DF
:10A76000CD53DF4F9881C35CD040992309F465CD68
:10A77000AA2079F0C754DF4F8881C95BD04081306F
:10A7800041F4C654DF4F8881CA5BD0408F7009F412
:10A7900054CDC754DF4F0881C95BD040C654DF4F4A
:10A7A0001881CA5BD040C554DF4F2881CB5BD040B5
:10A7B000C454DF4F3881CC5BD040C354DF4F488155
:10A7C000CD5BD040C254DF4F5881CE5BD040C154E6
:10A7D000DF4F6881CF5BD040C054DF4F7881C05CD1
:10A7E000D040C1010E94CCC096CFA1E0B0E0C953D7
:10A7F000DF4FB983A883C75CD0401FCDCF52DF4F56
:10A8000008811981C15DD0400530110509F4A8C93E
:10A8100040E050E4B101CE0187549F4F0E943C2696
:10A8200030E020E040E050E460E070E0C1010E94D0
:10A83000E8B996C9ACEFBFEF0C9436C4CE0187548B
:10A840009F4F0E94BB292B013C014114510461041C
:10A85000710411F00C949BC6B1E0CD53DF4FB88367
:10A86000C35CD0400C94D5C6C553DF4F0881198115
:10A87000CB5CD040012B09F053C08081882311F4B8
:10A880000C9483C3CE018F539F4F0E9446B3C55390
:10A89000DF4F99838883CB5CD040C554DF4F8881DC
:10A8A000CB5BD040811132C0C553DF4F6881CB5C98
:10A8B000D040CE0187549F4F0E94E426C755DF4FFA
:10A8C0002883C95AD040C655DF4F3883CA5AD04072
:10A8D000C555DF4F4883CB5AD040C455DF4F58830E
:10A8E000CC5AD040C355DF4F6883CD5AD040C255B3
:10A8F000DF4F7883CE5AD040C155DF4F8883CF5A7F
:10A90000D040C055DF4F9883C05BD040C553DF4F68
:10A91000E881F981CB5CD040EF2B11F40C9483C318
:10A9200063ED7AE28EEB91E10F947735B6018EEB11
:10A9300091E10E947BF66CEC7AE28EEB91E10F9450
:10A940007735D1011296ED91FC91608171818EEB8A
:10A9500091E10F94203566EC7AE28EEB91E10F9451
:10A960007735CF53DF4F68817981C15CD0408EEB62
:10A9700091E10F94203564EC7AE28EEB91E10F9433
:10A980007735CE0187549F4F0E94F425CF53DF4F78
:10A99000E880F980C15CD040E114F10411F40C941A
:10A9A000CEC3F7018081843211F00C94CEC360EBEA
:10A9B0007AE28EEB91E10F9477358EEB91E10F9473
:10A9C00078340CEF1FEFC953DF4F19830883C75C3E
:10A9D000D040C953DF4F88819981C75CD040C752AE
:10A9E000DF4F0FB6F894DEBF0FBECDBFDF91CF9122
:10A9F0001F910F91FF90EF90DF90CF90BF90AF909D
:10AA00009F908F907F906F905F904F903F902F908E
:10AA100008951FEFA11212C0C1010E94D7D6AA2427
:10AA2000A394181619060CF0A12CC553DF4F2881EA
:10AA30003981CB5CD0402130310599F4C754DF4FC8
:10AA40008881C95BD040863061F440E051E060E02D
:10AA500070E0C1010E9458B6672B682B692B09F082
:10AA600086C0CF53DF4F28813981C15CD040D101EE
:10AA700014966D917C91CD52DF4FE880C35DD0403C
:10AA8000C053DF4F0881C05DD040AE0147545F4FD7
:10AA9000C1010E94E6D5C153DF4FB881CF5CD040E1
:10AAA00010E0BB23C1F1C053DF4FC880C05DD04070
:10AAB000EE24EA94FE2CCF54DF4F0881C15BD040D6
:10AAC000CE54DF4F1881C25BD040CD54DF4F288178
:10AAD000C35BD040CC54DF4F3881C45BD040CB54F3
:10AAE000DF4F4881C55BD040CA54DF4F5881C65BF9
:10AAF000D040C954DF4F6881C75BD040C854DF4F96
:10AB00007881C85BD040C1010E9445BBC153DF4F73
:10AB10001881CF5CD040CF53DF4F88819981C15CD1
:10AB2000D040892B11F40C9482CCC353DF4FE881C1
:10AB3000F981CD5CD040EF2B11F00C948CCC689453
:10AB400040F8C754DF4F8881C95BD040853009F495
:10AB50003FC810F00C9494CC833011F40C94C4CC06
:10AB6000912C0C9436CD2FEFA2127BCF55CFC3532F
:10AB7000DF4F88819981CD5CD04010E0892B11F0A6
:10AB80000C948CCC40E051E060E070E0C1010E9488
:10AB900058B6672B682B692B11F00C94DFCDBFEFF3
:10ABA000AB120C941ACDC1010E94D7D6A12C181655
:10ABB000190614F00C941DCD6EE679E28EEB91E14E
:10ABC0000F947735E3E0F0E00C9470C42F923F923D
:10ABD0004F925F926F927F928F929F92AF92BF92AD
:10ABE000CF92DF92EF92FF920F931F93CF93DF9359
:10ABF000CDB7DEB7A4970FB6F894DEBF0FBECDBFBA
:10AC0000FC016115710509F4D0C0DB0118969C9117
:10AC10009F70953009F0C9C0EBA20AA319013A014F
:10AC2000F9A3E8A3FB014680578080913B138F5F17
:10AC300080933B13FE2DF160FCA34114510409F4F1
:10AC4000AFC0D20118968C918F70843049F018F003
:10AC5000873008F491C0D20112964D905C90EDCFF0
:10AC6000F20161857285A8A1B9A18D919C910E9484
:10AC7000EAF54C01009779F3FC0180858F708530EF
:10AC800051F74091411350914213B401CE01019606
:10AC90000E9497BE6114710419F1CE0101960E94C1
:10ACA00069B38823E9F0AAA0CCA07101D3010C916B
:10ACB00011961C91119712962C91129713963C9114
:10ACC000139714964C91149715965C9115971696B8
:10ACD0006C91169717967C91CE0101960E94C2C284
:10ACE0008B858730A9F561E0C4010E9462F6EBA074
:10ACF0000AA19101A301BC0188A199A10E94E6D5F6
:10AD000061147104A1F5882391F180913B13815066
:10AD100080933B13CE0101960E9464BE81E0A4960D
:10AD20000FB6F894DEBF0FBECDBFDF91CF911F915C
:10AD30000F91FF90EF90DF90CF90BF90AF909F90DA
:10AD40008F907F906F905F904F903F902F900895DD
:10AD50006114710461F4CE0101960E9469B38823E5
:10AD600031F0CE0101960E94D7D6892B71F6CE0123
:10AD700001960E9464BE6FCF912C812CB12CA12C26
:10AD8000D12CC12CF301E080F18002811381248158
:10AD90003581468157816FEFC2010E946B745BCF92
:10ADA00080913B13815080933B1380E0B8CFCF92CA
:10ADB000DF92EF92FF920F931F93CF93DF9300D018
:10ADC00000D01F921F92CDB7DEB76C0119821A8294
:10ADD0001B821C821D821E821F8218868A81807FB0
:10ADE0008A8361E27BE28EEB91E10F947735D601A5
:10ADF0001296ED91FC91608171818EEB91E10F943F
:10AE000020356FE17BE28EEB91E10F947735C6013F
:10AE10000E9469B381111CC066E17BE28EEB91E177
:10AE20000F9477358EEB91E10F9478340FEF1FEF8D
:10AE3000C80128960FB6F894DEBF0FBECDBFDF91D4
:10AE4000CF911F910F91FF90EF90DF90CF900895D9
:10AE5000C6010E949BBCF82EF6018385948500975D
:10AE600091F0DC01ED91FC910288F389E02D1995B8
:10AE70008C0197FD08C081E00115110509F480E0FF
:10AE80000E9436AFD5CFF6018285873009F431C0F4
:10AE9000EFEFEF0DE63108F02CC0F0E08827EC5A18
:10AEA000F8428F4F0D94966B6AD773D779D779D7BD
:10AEB00073D76AD779D779D779D779D779D779D727
:10AEC00079D76AD779D779D779D779D76AD76AD72F
:10AED0006AD76AD767EF7AE28EEB91E10F94773504
:10AEE00001E010E0A5CF80E00E9436AF10E000E066
:10AEF0009FCF40E050E2B601CE0101960E9451275B
:10AF0000D6011A968C911A97873079F160F48330C4
:10AF100009F457C0843061F067E07BE28EEB91E189
:10AF20000F947735E3CF883009F44BC08930A1F70F
:10AF300060E0CE0101960E9414288C016CEF7AE249
:10AF40008EEB91E10F947735B8018EEB91E10E9481
:10AF50007BF68EEB91E10F94783491E080E0012B49
:10AF600009F490E0092F182F63CF1496ED91FC910E
:10AF700080858F7010E000E0853001F764E17BE2AE
:10AF80008EEB91E10F947735F60164817581E12CA8
:10AF900000E030E020E050E040E0C6010E94E6D54D
:10AFA000F82E082F10E061E17BE28EEB91E10F9427
:10AFB00077358F2D0E9436AF8EEB91E10F94783468
:10AFC00037CFCE0101960E94BB298B01B7CFAF923C
:10AFD000CF92EF92FF920F931F93CF93DF9300D006
:10AFE00000D01F921F92CDB7DEB719821A821B8242
:10AFF0001C821D821E821F8218861A81107FA12C3E
:10B00000C12CF12CE12C02E02B813C8140E05E81DF
:10B010006F8178850E94C2C228960FB6F894DEBF71
:10B020000FBECDBFDF91CF911F910F91FF90EF9099
:10B03000CF90AF9008956F927F928F929F92AF9230
:10B04000BF92CF92DF92EF92FF920F931F93CF9315
:10B05000DF93CDB7DEB7C854D1090FB6F894DEBF81
:10B060000FBECDBF3C014B01FC01008111816CE999
:10B0700077E0C8010E94EAF55C0161EA77E0C80167
:10B080000E94EAF56C0166EA77E0C8010E94EAF5E1
:10B09000A114B10431F4C114D10419F4892B09F4B9
:10B0A000CEC064E07BE0C8010E94EAF57C0169E063
:10B0B0007BE0C8010E94EAF58C016BE977E28EEB38
:10B0C00091E10F947735F30163818EEB91E10E945A
:10B0D00074F669E977E28EEB91E10F947735B4016C
:10B0E0008EEB91E10E947BF68EEB91E10F94783428
:10B0F000C114D10409F455C0F60180858F708430E5
:10B1000009F04FC06185728540E450E0CE010196A0
:10B110000F9425700E9408F6882309F442C080919C
:10B120003A1381113EC06FE270E0CE0101960F9498
:10B13000EC6F892B51F4F6012185328543E050E014
:10B1400060E4CE0101960E94916A8114910409F491
:10B15000B5C0E114F10409F088C041E06EE07BE085
:10B16000CE0101960F94E50963E977E28EEB91E158
:10B170000F947735BE016F5F7F4F8EEB91E10F9497
:10B18000203560E977E28EEB91E10F9477356EE040
:10B190007BE08EEB91E10F9420358EEB91E10F94E3
:10B1A0007834A114B10409F44AC0F50180858F7088
:10B1B000843009F044C0409141135091421361859D
:10B1C0007285CE0101960E94C7BDCE0101960E94F4
:10B1D00069B3882381F1892809F4B7C0F701EF2802
:10B1E00009F0CCC025961CAE1DAE1EAE1FAE259735
:10B1F00029961CAE1DAE1EAE1FAE299723961FAD1D
:10B200002397107FA12CC12CF12CE12C01E0249676
:10B210002FAD249725963FAD259740E027965FAD4B
:10B22000279728966FAD289729967FAD2997CE014D
:10B2300001960E94C2C2CE0101960E9464BEC85B04
:10B24000DF4F0FB6F894DEBF0FBECDBFDF91CF91B9
:10B250001F910F91FF90EF90DF90CF90BF90AF9034
:10B260009F908F907F906F900895F70180858F70E9
:10B27000843009F096CF61857285FB018081882337
:10B2800009F48FCF41E0CE0101960F94E5096AE8F9
:10B2900077E28EEB91E10F947735BE016F5F7F4FC0
:10B2A0008EEB91E10F94203567E877E28EEB91E128
:10B2B0000F947735F701618572856BCF0115110504
:10B2C000E9F441E061E17BE0CE0101960F94E509EC
:10B2D00061E877E28EEB91E10F947735BE016F5F05
:10B2E0007F4F8EEB91E10F9420356EE777E28EEB86
:10B2F00091E10F94773561E17BE04BCFF8018085D8
:10B300008F70843009F04DCF61857285FB0180819B
:10B31000882309F446CF41E0CE0101960F94E50958
:10B3200068E777E28EEB91E10F947735BE016F5FAE
:10B330007F4F8EEB91E10F94203565E777E28EEB3E
:10B3400091E10F947735F801B6CFF801012BB1F4F4
:10B3500025961CAE1DAE1EAE1FAE259729961CAEBF
:10B360001DAE1EAE1FAE299723961FAD2397107FEB
:10B37000A12CC12CF12CE12C02E049CF80858F70EB
:10B38000843009F058CF61857285FB018081882364
:10B3900009F451CFCE0101960E947DFE4CCF2F9231
:10B3A0003F924F925F926F927F928F929F92AF9255
:10B3B000BF92CF92DF92EF92FF920F931F93CF93A2
:10B3C000DF93CDB7DEB7CF55D1090FB6F894DEBF06
:10B3D0000FBECDBF3C016A967FAF6EAF6A9740E06B
:10B3E00050E860E070E00E9458B6672B682B692B2C
:10B3F00009F45DC019821A821B821C821D821E8282
:10B400001F8218868A81807F8A8340E050E3B301DF
:10B41000CE0101960E945127D3011B968D919C91DC
:10B42000892B09F42CC140E050E860E070E0C301D2
:10B430000E9406B664E77BE28EEB91E10F947735CC
:10B44000F30183859485DC01ED91FC910088F189FD
:10B45000E02DA12CCC24C394F12CE12C09811A817C
:10B460002B813C814D815E816F8178851995D30157
:10B470001296ED91FC918F3F9807C9F06081718120
:10B48000892B09F066C18EEB91E10F94203567E3BB
:10B490007BE28EEB91E10F9477356FE27BE28EEBEE
:10B4A00091E10F9477358EEB91E10F94783465E05C
:10B4B000F301828193810E9462F66C969FAF8EAFFA
:10B4C0006C97009709F483C1DC011896BC916E96C5
:10B4D000BFAF6E97B295BF706D96BFAF6D97FC0111
:10B4E00021843284438454840F9417096D96FFADF0
:10B4F0006D97FF2309F46BC1261A370A480A590AC7
:10B5000019A21AA21BA21CA21DA21EA21FA218A64B
:10B510008AA1807F8B608AA3F9A3B201A101CE0129
:10B5200081960E94282761962FAF619762963FAF60
:10B53000629763964FAF639764965FAF6497659623
:10B540006FAF659766967FAF669767968FAF679781
:10B5500068969FAF68976A968EAD9FAD6A9704977D
:10B5600071F588248394B12CA12CC12CD12C30E10D
:10B57000E32EF12C09A11AA12BA13CA14DA15EA1A2
:10B580006FA178A5C3010E947CB6C201B10128EE6B
:10B5900033E040E050E00F942D6BBA01A9012AE09E
:10B5A00030E08EEB91E10F949A3464E87CE28EEB0C
:10B5B00091E10F9477358EEB91E10F94783457FE3B
:10B5C00006C192E029163104410490E859060CF4B2
:10B5D000FEC00E94346E1B01A0967FAF6EAFA09795
:10B5E00088248394B12CA12CC12CD12C20E1E22EF3
:10B5F000F12C09A11AA12BA13CA14DA15EA16FA123
:10B6000078A5C3010E947CB6A096AEADBFADA09751
:10B61000A83CB1050CF0AAC06BE67CE287E191E1A1
:10B620000F947735B10187E191E10E947BF687E1C4
:10B6300091E10F947834EFEFFFEF6A96FFAFEEAF32
:10B640006A976A968EAD9FAD6A97C15ADF4F0FB663
:10B65000F894DEBF0FBECDBFDF91CF911F910F9148
:10B66000FF90EF90DF90CF90BF90AF909F908F9022
:10B670007F906F905F904F903F902F900895F301CF
:10B680008285883009F445C0893019F1843009F089
:10B690000ECF8091D70C9091D80C892B09F007CF51
:10B6A00040E050E860E070E0C3010E9406B66FE53C
:10B6B0007BE28EEB91E10F94773509811A812B8122
:10B6C0003C814D815E816F817885C3010E9413C0EA
:10B6D000CECE8091D70C9091D80C892B09F0E7CE73
:10B6E00040E050E860E070E0C3010E9406B66EE4FE
:10B6F0007BE28EEB91E10F94773509811A812B81E2
:10B700003C814D815E816F817885C3010E94E3C1D8
:10B71000AECE8091D70C9091D80C892B09F0C7CE72
:10B7200040E050E860E070E0C3010E9406B669E3C3
:10B730007BE28EEB91E10F94773509811A812B81A1
:10B740003C814D815E816F817885C3010E94CCC0B0
:10B750008ECE8EEB91E10F9420356DE27BE28EEB85
:10B7600091E10F94773569E27BE299CE6C96AEADAC
:10B77000BFAD6C9718968C9118978F7018968C9314
:10B7800019821A821B821C821D821E821F821886C9
:10B790008A81807F8A836D96BFAD6D97B9836E96DF
:10B7A0008FAD6E978F70AA24A394873009F0A12CD7
:10B7B00092E0C92EF12CE12C09811A812B813C8168
:10B7C0004D815E816F817885C3010E94C2C26A96F5
:10B7D000EEADFFAD6A97319759F4D3011A968C916B
:10B7E000843089F0893009F477C1C3010E941EBBFF
:10B7F000F30183859485009709F08CC46A961FAE87
:10B800001EAE6A971ECF8091D70C9091D80C892BD1
:10B81000C1F4F30104811581D80118968C918F70C1
:10B82000853049F4C8010E9434F7282E312CB2E04B
:10B830002B16310454F463ED7BE28EEB91E10F940F
:10B840007735C3010E941EBBFCCE6A96EEADFFADFC
:10B850006A97F093D80CE093D70C70E060E0C301D6
:10B860000E945CB57C0161E070E0C3010E945CB5A0
:10B870002C01F5E02F1631040CF442C064E0C8013D
:10B880000E9462F6DC0119960D911C9126E040E8B9
:10B8900055E260E070E08CE39EE00F948336E09226
:10B8A0003B0F8CE39EE090933A0F8093390F1092F8
:10B8B000491010924B1010924A106FEB7BE28EEB06
:10B8C00091E10F947735D3011296ED91FC9160814F
:10B8D00071818EEB91E10F9420358EEB91E10F9405
:10B8E00078340130110509F4C1C06CF4012B09F45E
:10B8F000B2C063EA7BE28EEB91E10F94773523C00F
:10B9000002E010E0C3CF0230110579F003301105D9
:10B9100081F750923E0F40923D0F81E090E090936E
:10B92000400F80933F0F84E00BC050923E0F409237
:10B930003D0F81E090E09093400F80933F0F83E0B4
:10B940000F94710A982E91109BC080E00F94BB0158
:10B950008C016EE97BE28EEB91E10F947735D30198
:10B960001296ED91FC91608171818EEB91E10F94C3
:10B97000203567E97BE28EEB91E10F947735C801C2
:10B98000012E000CAA0BBB0B89839A83AB83BC836B
:10B9900080E190E09E838D83BE016F5F7F4F8EEBD1
:10B9A00091E10E94AFBE0F947834B801C3010E94A8
:10B9B000A8BC4091411350914213E0913813F0918B
:10B9C000391362817381CE0101960E9497BE8091E6
:10B9D000381390913913892BA9F1CE0101960E9459
:10B9E00069B3882379F18B85843061F570E060E07C
:10B9F000CE0101960E945CB5E816F90619F561E0E2
:10BA000070E0CE0101960E945CB548165906D1F44B
:10BA1000B801CE0101960E94A8BCE0913813F091C4
:10BA20003913828193819093391380933813892B32
:10BA300049F4D301ED91FC9186819781909339135C
:10BA400080933813CE0101960E9464BE1092D80CE8
:10BA50001092D70CF6CE50923E0F40923D0F81E0EF
:10BA600090E09093400F80933F0F6ACF50923E0F2B
:10BA700040923D0F1093400F00933F0F82E060CF44
:10BA80006AE87BE28EEB91E10F947735D301129651
:10BA9000ED91FC91608171818EEB91E10F942035E5
:10BAA00062E87BE28EEB91E10F947735892D90E08F
:10BAB000B0E0A0E089839A83AB83BC8380E190E00F
:10BAC0009E838D83BE016F5F7F4F8EEB91E10E945D
:10BAD000AFBE0F947834BACF8091D70C9091D80C28
:10BAE000892B09F0AECE6A96EEADFFAD6A97F09362
:10BAF000D80CE093D70C0F94A63D2C01009741F091
:10BB0000DC0118968C911897807F866018968C932C
:10BB1000F20180858F70808730E020E043E050E0C4
:10BB200060E2CE0101960E94916AD3011296ED91D6
:10BB3000FC91608171814FE150E0CE0101960F943C
:10BB4000077065E17BE0CE0101960F94E16F26E07E
:10BB500040E855E260E070E08CE39EE00F948336AD
:10BB600070E060E0C3010E945CB580933B0F8CE302
:10BB70009EE090933A0F8093390F109249101092E3
:10BB80004B1010924A106BE57CE28EEB91E10F9422
:10BB90007735D3011296ED91FC91608171818EEB26
:10BBA00091E10F9420358EEB91E10F94783462E3AC
:10BBB00070E080E090E00F94E40884E398E09093D4
:10BBC0003E0F80933D0F8AE090E09093400F80936A
:10BBD0003F0F83E00F94710A182F811131C26EE478
:10BBE0007CE28EEB91E10F94773580E1E82EF12C29
:10BBF000812F0F94BB01092E000CAA0BBB0B89A34C
:10BC00009AA3ABA3BCA3FEA2EDA2BE016F5D7F4FC2
:10BC10008EEB91E10E94AFBE6CE47CE20F9477352D
:10BC20001F5F1A3029F78EEB91E10F94783482E090
:10BC30000F94BB01BC0190E080E00F94C86920E044
:10BC400030E048EC52E40F94216C9B01AC016AE0B7
:10BC500077E0C2010F94470284E00F94BB016C01AE
:10BC6000F12CE12CA7019C016BE17BE0C2010F9458
:10BC7000230285E00F94BB01BC0190E080E00F94AB
:10BC8000C86920E030E048EC52E40F94216C9B013D
:10BC9000AC0165E677E0C2010F94470286E00F949D
:10BCA000BB01BC0190E080E00F94C86920E030E067
:10BCB00040E251E40F94216C9B01AC016DE17BE00B
:10BCC000C2010F94470280E00F94BB019C0150E039
:10BCD00040E06FE17BE0C2010F942302CD28CE2823
:10BCE000CF2809F485C0D3011496ED91FC9190857D
:10BCF0009F70953009F07CC061E0CF010E9462F630
:10BD0000009709F475C0FC0120852F70243009F0DC
:10BD10006FC0409141135091421361857285CE01ED
:10BD200081960E94C7BDCE0181960E9469B3882387
:10BD300009F45AC024961CAE1DAE1EAE1FAE249749
:10BD400028961CAE1DAE1EAE1FAE289722968FAD54
:10BD50002297807F816022968FAF22978FEF259662
:10BD60008FAF259726965FAD269727963FAD2797ED
:10BD700028962FAD289721969FAD219722967FADCB
:10BD8000229723966FAD239724964FAD2497092FC2
:10BD900029969FAF29972A967FAF2A972B966FAF48
:10BDA0002B972C964FAF2C97482F2D968FAF2D9712
:10BDB0002E965FAF2E972F963FAF2F9760962FAF9F
:10BDC0006097A12CC12CF12CE12C172F262F2C963B
:10BDD0003FAD2C972F966FAD2F9760967FAD6097F4
:10BDE000CE0181960E94C2C2CE0181960E9464BE9D
:10BDF00080E00F94BB0183FF4FC161E27CE28EEBD8
:10BE000091E10F947735D3011296ED91FC91608109
:10BE100071818EEB91E10F9420358EEB91E10F94BF
:10BE2000783462E370E080E090E00F94E4088EE301
:10BE300098E090933E0F80933D0F81E090E09093C7
:10BE4000400F80933F0F83E00F94710A81110AC065
:10BE50000F94BB019C0150E040E062E27BE0C20134
:10BE60000F9423021092D80C1092D70CC3010E9499
:10BE7000D7D6181619061CF4C3010E94E7D781E033
:10BE800090E09093D80C8093D70C61E17CE28EEB2C
:10BE900091E10F947735D3011296ED91FC91608179
:10BEA00071818EEB91E10F9420358EEB91E10F942F
:10BEB000783462E370E080E090E00F94E40883E17E
:10BEC00090E090933E0F80933D0F84E090E090933C
:10BED000400F80933F0F83E00F94710A182F811158
:10BEE000EDC064E07CE28EEB91E10F947735812F19
:10BEF0000F94BB01BC018EEB91E10E947BF662E0E6
:10BF00007CE28EEB91E10F9477351F5F143079F767
:10BF10008EEB91E10F94783480E00F94BB018C019B
:10BF20000097C9F0BC01990F880B990B0F94C86951
:10BF30002DEE3EE94CE35EE30F94276A22E538EBF1
:10BF400042E152E40F94B46B9B01AC0163E578E0ED
:10BF5000C2010F94470281E00F94BB01BC01990F0D
:10BF6000880B990B0F94C8692DEE3EE94CE35EE314
:10BF70000F94276A22E538EB42E152E40F94B46B48
:10BF80006B017C01AC019B016EE87BE0C2010F9468
:10BF9000470283E00F94BB01181619060CF085C008
:10BFA000BC01990F880B990B0F94C86920E030E011
:10BFB00040E251E40F94216C9B01AC0166E27BE00E
:10BFC000C2010F94470220E030E040E252E4C70192
:10BFD000B6010F94C96C1816BCF4012BA9F00E948D
:10BFE00008F6882371F080913A1381110AC0D301B9
:10BFF0001296ED91FC91608171818AE29BE00F9431
:10C00000030AC3010E94E7D7C2010E943EFE8C01D1
:10C010000E9408F6882349F080913A13811105C0E7
:10C02000B801CE0101960F94030AC8010F942F6244
:10C030004114510409F40ACDC2010F94CF0106CD79
:10C040006FE37CE28EEB91E10F947735D30112968A
:10C05000ED91FC91608171818EEB91E10F9420351F
:10C0600067E37CE28EEB91E10F947735812F90E0CE
:10C07000B0E0A0E089A39AA3ABA3BCA380E190E0C9
:10C080009EA38DA3BE016F5D7F4F8EEB91E10E9459
:10C09000AFBE0F947834ACCE20E030E0A90162E26C
:10C0A0007BE0C2010F942302F0CE20E030E0A90132
:10C0B00066E27BE0C2010F94230285CF62EF7BE250
:10C0C0008EEB91E10F947735D3011296ED91FC91AF
:10C0D000608171818EEB91E10F9420356AEE7BE2F5
:10C0E0008EEB91E10F947735812F90E0B0E0A0E0E6
:10C0F00089A39AA3ABA3BCA380E190E09EA38DA3E8
:10C10000BE016F5D7F4F8EEB91E10E94AFBE0F9439
:10C1100078347ACFDC01ED91FC910284F385E02D37
:10C120001995892B09F46ACBF30183859485DC0189
:10C13000ED91FC910480F581E02D6A966EAD7FADA6
:10C140006A9719956A969FAF8EAF6A977ACAEF92EF
:10C15000FF920F931F93CF93DF93EC018B011E820D
:10C160001D821A821B821C82E880F980E114F1048E
:10C1700059F18091520C9091530C892B29F1672B26
:10C1800009F48701F80180858F708630E9F46BE649
:10C1900077E0C8010E94EAF5009719F0FC0181855B
:10C1A0008A8362EC76E0C8010E94EAF5FC01892BE3
:10C1B00061F180858F70823071F0853079F0F9E01F
:10C1C000EF0EF11CFE82ED82DF91CF911F910F9156
:10C1D000FF90EF90089581858B83F1CF0680F781E2
:10C1E000E02D309761F380858F70823041F7818533
:10C1F0008B830680F781E02D309709F380858F705F
:10C200008230E9F681858C83DACFF80180819181D3
:10C210000F946063E1CF2F923F924F925F927F9293
:10C220008F929F92AF92BF92CF92DF92EF92FF9246
:10C230000F931F93CF93DF93CDB7DEB7A9970FB6B8
:10C24000F894DEBF0FBECDBF6C01F62E1A01490176
:10C25000DC018D919C911197892B09F4C6C015962C
:10C26000ED91FC91309709F4C0C080818071BFEFDF
:10C270006B13BDC0C9F481E0A9960FB6F894DEBF78
:10C280000FBECDBFDF91CF911F910F91FF90EF9027
:10C29000DF90CF90BF90AF909F908F907F905F90F6
:10C2A0004F903F902F9008954330510521F3F18036
:10C2B000F2942FE0F2226BE677E28EEB91E10F949D
:10C2C0007735D60113966C918EEB91E10E9474F64E
:10C2D00069E677E28EEB91E10F947735D6011596FA
:10C2E000ED91FC9161816F708EEB91E10E9474F68B
:10C2F00066E677E28EEB91E10F9477356F2D8EEB4A
:10C3000091E10E9474F68EEB91E10F947834D6019E
:10C310001596ED91FC9181818F70F81609F462C039
:10C32000008103FB002700F9198E1A8E1B8E1C8ECC
:10C330001D8E1E8E1F8E18A28A8D807F8A8FD60139
:10C340001596ED91FC9181818F708F1579F1B3E095
:10C350002B16310459F164E677E28EEB91E10F94EC
:10C360007735F60163818EEB91E10E9474F662E607
:10C3700077E28EEB91E10F947735D6011596ED912A
:10C38000FC9161816F708EEB91E10E9474F66FE514
:10C3900077E28EEB91E10F9477356F2D8EEB91E183
:10C3A0000E9474F68EEB91E10F947834BFE0BF15D4
:10C3B00008F455C1EF2DF0E08827EE51FE418F4F74
:10C3C0000D94966BFBE13BE287E2F2E2FDE287E24D
:10C3D00060E287E200E30CE374E20FE31AE32FE389
:10C3E0002FE31DE380818F7E808380E045CF88230B
:10C3F00009F49ACFFACFF601A580B680D50111963F
:10C400008C918F70853009F42AC168F48230D9F09C
:10C4100069E07BE0C4010E94EAF52C01712CEE205A
:10C4200009F491C0A7C08730D1F08A3089F76EE354
:10C430007BE0C4010E94EAF52C01F501708072FADC
:10C44000772470F8ECCF68E37BE0C4010E94EAF542
:10C450002C01F501708070FA772470F8E0CF67E363
:10C460007BE0C4010E94EAF52C01D5017C9071FAB1
:10C47000772470F8D4CF64E07BE0C4010E94EAF531
:10C480002C01D6011596ED91FC91808180FB7724DB
:10C4900070F8982F9E7F80FF916090834114510423
:10C4A00009F0BDCF61E0CE0149960E940627298B95
:10C4B0003A8B4B8B5C8B6D8B7E8B8F8B988FAFCF3A
:10C4C00065E47BE0C4010E94EAF52C01D6011596D3
:10C4D000ED91FC91808181FB772470F8982F9D7FEE
:10C4E00081FF926090839BCF6BE47BE0C4010E944C
:10C4F000EAF52C01D6011596ED91FC91808182FB25
:10C50000772470F8982F9B7F82FF9460EBCF69E0CF
:10C510007BE0C4010E94EAF52C01892B69F462E0FA
:10C52000CE0149960E94062729873A874B875C8768
:10C530006D877E878F87988BEE2009F48EC0BFE0D1
:10C54000712CFB1217C0E3E02E16310409F48AC0E7
:10C55000602F70E0C6010E941BD8D6011596ED91A0
:10C56000FC9180818F7E8083BFE0FB1203C0EE20B0
:10C5700009F481CE6CE977E0C4010E94EAF58C01F0
:10C5800061EA77E0C4010E94EAF55C0166EA77E0BF
:10C59000C4010E94EAF599A788A7A114B10481F407
:10C5A0000115110569F460E0CE0149960E94062745
:10C5B00029833A834B835C836D837E838F83988743
:10C5C000D6011596ED91FC914114510409F05BC020
:10C5D000898D811158C0BFE0FB126AC080818F7EB7
:10C5E000808349CE61E57BE0C4010E94EAF52C011D
:10C5F000D6011596ED91FC912DCF66E57BE0F4CF49
:10C600006CE57BE0C4010E94EAF52C01D601159689
:10C61000ED91FC9170802BCF62E67BE0F3CF69E671
:10C620007BE0C4010E94EAF52C01D6011596ED913C
:10C63000FC9104CF6FE67BE0F4CF712C512C412CA0
:10C64000EE2009F480CF64E07BE0011102C069E0D4
:10C650007BE0C4010E94EAF52C01712C74CF512CAF
:10C66000412C6ACFD6011596ED91FC9180818061B5
:10C6700000FB83F9808381818F709F2D9295907F3D
:10C68000892B818371CF83E028163104C9F481811D
:10C690008F708F1509F4EFCD9FE0F91609F4EBCDFB
:10C6A000F29490EFF9228F2981838081806198CF65
:10C6B0009F2D9F70F92E8181807FF82AF1828ECF85
:10C6C000AFE0FA1639F0BF2DBF70FB2E8181807F5D
:10C6D000F82AF18280818F7E808366E77BE0C20149
:10C6E0000E94EAF54C01009709F452C0FC018085D4
:10C6F0008F70843029F0853031F0823009F048C0E5
:10C70000B401C60143C070E060E0C4010F94C65597
:10C710006C010097E9F1BC0180913D1390913E13AB
:10C720000E94EAF59AA389A370E060E0CE018196A9
:10C730000E94A7E06FE77BE08EEB91E10F9420353C
:10C74000B6018EEB91E10F94203564E87BE08EEB2F
:10C7500091E10F94203561E070E08EA19FA1892BBB
:10C7600011F470E060E08EEB91E10E947BF68EEBBD
:10C7700091E10F9478348EA19FA1892B49F061E05B
:10C78000C4010E9462F6BC01CE0181960E9461B094
:10C7900088A499A46801E98CFA8C0B8D1C8D2D8DD1
:10C7A0003E8D4F8D58A1672DC2010E946B7463CDE1
:10C7B0002F923F924F925F926F927F928F929F92B1
:10C7C000AF92BF92CF92DF92EF92FF920F931F939F
:10C7D000CF93DF93CDB7DEB7CF56D1090FB6F8941C
:10C7E000DEBF0FBECDBFDC0115962D913C91232BF2
:10C7F00011F40C94BCED5B013C016130710509F44E
:10C80000C7C50CF482C0643071050CF07EC0DC0139
:10C8100012968C91803409F45EC308F06DC08430A8
:10C8200008F073C0873009F470C080914C0D8F5FA1
:10C8300080934C0DF301C080D180C114D10491F0DC
:10C8400069E375E0C6010E94EAF5FC01892B51F00D
:10C8500090859F709550923028F48185928500973D
:10C8600009F06C01E12C00E09601A5016FEFC30116
:10C870000E940BE1D30112968C91129781FBFF2449
:10C88000F0F813961C919AEC910F903118F08730C4
:10C8900009F04CC06FEE75E0F301808191810E9438
:10C8A000EAF54C01009709F441C0DC0118968C911F
:10C8B0008F708530D9F580912D1218132AC0809180
:10C8C0002E12803431F580912F12909130121C017C
:10C8D000990F4408550860E0C4010E9462F6FC010B
:10C8E00081859285A385B485281639064A065B069C
:10C8F0000CF06AC010E043C0823409F4ECC228F0A6
:10C9000090E8980F943008F48DCF90E080E00C947C
:10C91000BEED10932D1280E480932E12812F0F9480
:10C92000AF079093301280932F12D1CF212F30E098
:10C93000F901EF5BFF4C8491F901E550F04D149142
:10C94000F901EB54F04DE490EE2009F43AC0811166
:10C950000F940706EE2DF0E0EE0FFF1FEA54FB4C9C
:10C96000A591B491EC911E2331E020E009F430E070
:10C97000832F922F11E0F816190609F0BBCFF3E0D0
:10C98000AF16B10409F4A6C0D3011596ED91FC9140
:10C99000E181EF70E150EC3008F09CC0F0E08827B6
:10C9A000EB52FB418F4F0D94966BF5E482E629E53F
:10C9B00053E582E69FE582E6D2E5F2E50BE649E63D
:10C9C00069E690E080E0D6CF61E0C4010E9462F6A3
:10C9D00011E0FC0181859285A385B48582159305BC
:10C9E000A405B5050CF0CBCF85CF0F941709DC015A
:10C9F000CB01AA27BB27F30125813681F9012281CA
:10CA00003381821B930BA109B109AA27BB27883E5A
:10CA10009340A105B10508F45DC061E57BE0D30159
:10CA20008D919C910E94EAF5EE24E394012F892BCD
:10CA300041F466E57BE0C6010E94EAF5892B09F422
:10CA4000ACC0960142E050E063E0C3010E940BE1FC
:10CA500041C00F941709DC01CB01AA27BB27F301C2
:10CA600025813681F90122813381821B930BA10933
:10CA7000B109AA27BB278C329140A105B10550F11D
:10CA8000EE24E394012F960142E050E064E0C301FC
:10CA90000E940BE10F941709D3011596ED91FC91BB
:10CAA0007383628317C00F941709DC01CB01AA2797
:10CAB000BB27F30125813681F90122813381821B55
:10CAC000930BA109B109AA27BB2786399105A105B6
:10CAD000B105B0F6D3011596ED91FC91808183FBF1
:10CAE000882780F9181709F42DC1D3011596ED9107
:10CAF000FC918081982F907E09F053C10F94170903
:10CB0000F301A581B68113967C936E9312971196CB
:10CB1000EC911197EF70112309F489C1E23009F407
:10CB200052C108F045C1EE2309F47BC1EC90E3FA51
:10CB3000EE24E0F801E09601A5016FE065C10F94D5
:10CB40001709DC01CB01AA27BB27F3012581368118
:10CB5000F90122813381821B930BA109B109AA2714
:10CB6000BB27883E9340A105B10508F4B3CF6CE51F
:10CB70007BE0C6010E94EAF5EE24E394012F892BA5
:10CB800039F462E67BE0C6010E94EAF5892B29F0C0
:10CB9000960142E050E068E058CF960142E050E054
:10CBA0006DE053CF0F941709DC01CB01AA27BB27F7
:10CBB000F30125813681F90122813381821B930B98
:10CBC000A109B109AA27BB278C329140A105B10563
:10CBD00008F480CFEE24E394012F960142E050E068
:10CBE00069E055CF0F941709DC01CB01AA27BB27B9
:10CBF000F30125813681F90122813381821B930B58
:10CC0000A109B109AA27BB2786399105A105B1055C
:10CC100008F460CFDFCF0F941709DC01CB01AA27FE
:10CC2000BB27F30125813681F90122813381821BE3
:10CC3000930BA109B109AA27BB27883E9340A10500
:10CC4000B10508F447CF69E67BE0C6010E94EAF52A
:10CC5000892B39F46FE67BE0C6010E94EAF5892B47
:10CC600041F0EE24E394012F960142E050E06BE0A6
:10CC7000ECCE6BE47BE0C6010E94EAF5EE24E3947F
:10CC8000012F960142E050E066E0892B09F088CF41
:10CC9000DCCE0F941709DC01CB01AA27BB27F301D7
:10CCA00025813681F90122813381821B930BA109F1
:10CCB000B109AA27BB278C329140A105B10508F420
:10CCC00009CFEE24E394012F960142E050E06CE09E
:10CCD000DECE0F941709DC01CB01AA27BB27F30195
:10CCE00025813681F90122813381821B930BA109B1
:10CCF000B109AA27BB2786399105A105B10508F41A
:10CD0000E9CEDFCF0F941709DC01CB01AA27BB279F
:10CD1000F30125813681F90122813381821B930B36
:10CD2000A109B109AA27BB2788359240A105B10501
:10CD300008F4D0CEEE24E394012F960142E050E0B7
:10CD400060E083CE0F941709F301E580F680DC01E3
:10CD5000CB01AA27BB27F70122813381821B930BCA
:10CD6000A109B109AA27BB2780339547A105B105C1
:10CD700068F020E030E0A90169E87BE0C6010F948B
:10CD80009155672B682B692B09F0AFCED7018C9199
:10CD90008F7180648C9380914C0D815080934C0DE9
:10CDA000B4CD982F907E90528F71892B8083F3CFD2
:10CDB000E53049F0E73009F0B9CEE12C01E0960109
:10CDC000A5016AE021C065E47BE0C6010E94EAF5A6
:10CDD000892BA9F46CE57BE0C6010E94EAF5892B5A
:10CDE00071F462E67BE0C6010E94EAF5892B39F412
:10CDF00067E37BE0C6010E94EAF5892B91F0E12C04
:10CE000001E09601A50166E0C3010E940BE18823C1
:10CE100011F2D3011596ED91FC91808110FB83F9FD
:10CE2000C5CFE12C01E09601A50161E0EDCFE15015
:10CE3000ED3008F048C0F0E08827EE5DF8418F4FF4
:10CE40000D94966B2FE763E735E735E763E73BE73C
:10CE500063E75DE75DE75DE75DE75DE735E7E12C0B
:10CE600000E09601A50162E0CFCFE12C00E0960141
:10CE7000A50165E0C9CF65E47BE0C6010E94EAF543
:10CE8000892BA9F46CE57BE0C6010E94EAF5892BA9
:10CE900071F462E67BE0C6010E94EAF5892B39F461
:10CEA00067E37BE0C6010E94EAF5892B31F0E12CB3
:10CEB00000E09601A50167E0A7CFE12C00E0960114
:10CEC000A50160E0A1CFEC90E3FAEE24E0F881E068
:10CED000E82600E030CEB3E0AB16B10409F415CD7E
:10CEE0006FEE75E0F301808191810E94EAF51C01EB
:10CEF000D30113968C9190912D128913CFC09091EC
:10CF00002E12903409F0CAC080912F1290913012E5
:10CF10002C012114310409F4F1C0F10120852F7096
:10CF2000253009F0EBC0C1010E9434F7A9968FAFFC
:10CF3000A997843008F4BEC063E0C1010E9462F684
:10CF4000DC0119968D919C91FAE0FF2EF89EF0017C
:10CF5000F99EF00D1124A896FFAFEEAFA89762E0FE
:10CF6000C1010E9462F6DC0119968D919C91F89E98
:10CF70008001F99E100D11246801012E000CEE08AD
:10CF8000FF0861E0C1010E9462F6AB969FAF8EAFD1
:10CF9000AB9760E0C1010E9462F6FC01818492843B
:10CFA000A384B4849201052C000C440B550B281962
:10CFB00039094A095B09A896AEADBFADA897BD0176
:10CFC000BB0F880B990B6C197D098E099F090F9473
:10CFD000FB6AAB96EEADFFADAB97218532854385FD
:10CFE0005485281939094A095B090F942D6BC20E23
:10CFF000D31EE41EF51EA996FFADA997F53009F4DE
:10D000006CC0AA24A394B12CA896EEADFFADA8974E
:10D01000CF01FF0FAA0BBB0B8C159D05AE05BF05FD
:10D020000CF464C0D701C6019801012E000C440B1A
:10D03000550B82179307A407B5070CF45CC09C013D
:10D04000AD01A996FFADA997F23009F06CC062015D
:10D05000550CEE08FF0860E0C1010E9462F6FC0179
:10D0600081859285A385B485C816D906EA06FB0694
:10D070000CF49EC561E0C1010E9462F6FC0181854D
:10D080009285A385B4858C159D05AE05BF050CF072
:10D090003CCCC12CD12C7601C3948DC580932D122C
:10D0A00090E490932E120F94AF07909330128093D8
:10D0B0002F122ECF8AE0849D6001859DD00C112413
:10D0C0000D2C000CEE08FF0810E000E020E038E234
:10D0D000A8963FAF2EAFA89794CF64E0C1010E94FD
:10D0E00062F6DC011996AD90BC908ECF44244A9430
:10D0F00073E0572E99CF512C412CA3CF2AE0289FC3
:10D100006001299FD00C11249601DD0C440B550BB6
:10D1100010E000E080E098E2A8969FAF8EAFA8975D
:10D12000AA24A394B12CD3011596ED91FC916281B0
:10D130007381C201861B970B97FF03C09195819560
:10D140009109A816B90674F08081982F929596954A
:10D150009770963050F49F5F9295990F907E8F71E3
:10D16000892B02C080818F7180838081803AB8F0E2
:10D17000C801110FAA0BBB0B82179307A407B507B1
:10D1800071F0A896EEADFFADA897CF01FF0FAA0BE7
:10D19000BB0B82179307A407B50709F0B6CB461659
:10D1A000570609F4B2CBA2961CAE1DAE1EAE1FAE42
:10D1B000A297A0968FADA097807F8660A0968FAF34
:10D1C000A097A2968CAD9DADAEADBFADA29768966F
:10D1D0008CAF9DAFAEAFBFAF6897AAE0B0E00F9441
:10D1E0004C6B6C966CAF7DAF8EAF9FAF6C976BEC5A
:10D1F00076E28EEB91E10F947735D30113966C9123
:10D200008EEB91E10E9474F669EC76E28EEB91E18F
:10D210000F947735CE018C5A9F4F0E94F42569E315
:10D2200075E0F301808191810E94EAF5912C812CB7
:10D23000B12CA12CD12CC12C6596EFAC65976696CC
:10D24000FFAC669767960FAD679768961FAD6897B6
:10D2500069962FAD69976A963FAD6A976B964FAD09
:10D260006B976C965FAD6C976FEF0E946B74D301F8
:10D270000D911C916CE977E0C8010E94EAF57C01F0
:10D2800061EA77E0C8010E94EAF58C010097E9F1B4
:10D29000FC0180858F708430C1F56185728540E422
:10D2A00050E0CE0101960F9425706FE270E0CE0140
:10D2B00001960F94EC6F892B59F4D80119962D9192
:10D2C0003C9143E050E060E4CE0101960E94916AF7
:10D2D00000E020E030E240E150E0BE016F5B7F4FB4
:10D2E000CE018C5A9F4F0E94CF230E9408F68823BC
:10D2F00061F080913A13811108C041E0BE016F5B7B
:10D300007F4FCE0101960F94E509E114F104C9F1B4
:10D31000F70180858F708430A1F5409141135091C1
:10D32000421361857285CE0101960E94C7BDCE0170
:10D3300001960E9469B3882301F1A12CC12CF12C24
:10D34000E12C65960FAD659766961FAD669767965B
:10D350002FAD679768963FAD689769964FAD69970F
:10D360006A965FAD6A976B966FAD6B976C967FAD63
:10D370006C97CE0101960E94C2C2CE0101960E9416
:10D3800064BED3011596ED91FC9153824282BDCAD1
:10D39000FC018281883009F4C7C2803109F4AEC330
:10D3A000843009F0B2CA0F9417096B017C01C301E4
:10D3B0000E94F9ADC61AD70AE80AF90AF8E9CF16A9
:10D3C000FAE3DF06E104F10408F49FCAD3011396DF
:10D3D0008C9127968FAF279796E128969FAF289735
:10D3E000282F30E0F901E550F04DE4912996EFAF98
:10D3F0002997F901EB54F04DE4912A96EFAF2A9763
:10D4000040E85EE360E070E062964CAF5DAF6EAF07
:10D410007FAF629762E00F949C060F941709605DDE
:10D420007740810991092E966CAF7DAF8EAF9FAF8B
:10D430002E9787E364968FAF6497CE018F5B9F4FE3
:10D440000F947B0C882349F028968FAD28978C3059
:10D4500009F473C048F48B3011F1212C312C20ECED
:10D46000422E2FE7522E47C085518230B0F72496C6
:10D470001FAD2497612F70E0762F662766277F7790
:10D4800025968FAD2597682B90E080E00F94C669B4
:10D490002DEC3CEC4CEC5DE30F94276A6CC02496B9
:10D4A0006FAD249770E090E080E00F94C6696B0147
:10D4B0007C0125961FAD259717FF0AC0AC019B0183
:10D4C00060E070E080E89FEB0F94B46B6B017C012F
:10D4D0001F70612F70E090E080E00F94C8692DEC20
:10D4E0003CEC4CEC5DE30F94276AA70196010F9486
:10D4F000B56B1B012C01CE018F5B9F4F0F947B0CF2
:10D50000882309F402C228968FAD28978B3030F01B
:10D510008D30D0F18551823008F4E5C1A7961FAE59
:10D52000A797A9961FAEA997F0ECAA96FFAFAA9766
:10D530002FE7AC962FAFAC9751C024961FAD249720
:10D54000612F70E090E080E00F94C6696B017C0170
:10D5500025966FAD25976F7070E090E080E00F9496
:10D56000C8692DEC3CEC4CEC5DE30F94276AA701F5
:10D5700096010F94B56B1B012C0117FFBCCF57FA16
:10D58000509457F85094B7CF23966FAD239770E01F
:10D5900090E080E00F94C8692DEC3CEC4CEC5DE32E
:10D5A0000F94276A6B017C0122966FAD229770E081
:10D5B00090E080E00F94C8699B01AC01C701B601FF
:10D5C0000F94B56BA7966FAFA797A9967FAFA99752
:10D5D000AA968FAFAA97AC969FAFAC9768EE76E20B
:10D5E0008EEB91E10F947735D30113966C918EEB0E
:10D5F00091E10E9474F668ED76E28EEB91E10F9472
:10D600007735B201A1018EEB91E10E94F5FA61ED4F
:10D6100076E28EEB91E10F947735A7964FADA79701
:10D62000A9965FADA997AA966FADAA97AC967FAD64
:10D63000AC978EEB91E10E94F5FA6FEC76E28EEBFF
:10D6400091E10F9477358EEB91E10F947834F301EB
:10D650000081118160E97BE0C8010E94EAF5AE9685
:10D660009FAF8EAFAE9765E97BE0C8010E94EAF5F7
:10D67000E0969FAF8EAFE097A2019101C201B10188
:10D680000F94296D811121C019821A821B821C827C
:10D690008A81807F8760F82E8A83222D2D823E82A8
:10D6A0004F825886912C812CB12CA12CD12CC12CCD
:10D6B000E9800B811C813E814F8158856FEFAE96CA
:10D6C0008EAD9FADAE970E946B74A7962FADA797B6
:10D6D000A9963FADA997AA964FADAA97AC965FAD14
:10D6E000AC97A7966FADA797A9967FADA997AA9675
:10D6F0008FADAA97AC969FADAC970F94296D811111
:10D700002DC019821A821B821C828A81807F8760C9
:10D71000F82E8A83A7962FADA797822FA9969FAD43
:10D72000A997AA96AFADAA97AC96BFADAC978D83DB
:10D730009E83AF83B887912C812CB12CA12CD12C46
:10D74000C12CE9800B811C813E814F8158856FEF90
:10D75000E0968EAD9FADE0970E946B7461EA77E032
:10D76000D3018D919C910E94EAF57C01009709F408
:10D77000B1C0FC0180858F70843009F0ABC020E01F
:10D7800030E0A901C201B1010F94C169882309F4F5
:10D79000A1C020E030E0A901A7966FADA797A99698
:10D7A0007FADA997AA968FADAA97AC969FADAC977F
:10D7B0000F94C169882309F48DC0A2019101C201AF
:10D7C000B1010F94C169811185C0A7962FADA797AC
:10D7D000A9963FADA997AA964FADAA97AC965FAD13
:10D7E000AC97A7966FADA797A9967FADA997AA9674
:10D7F0008FADAA97AC969FADAC970F94C16981117C
:10D8000069C01A821982FE0133968EE3DF011D92F0
:10D810008A95E9F7F7016185728540E450E08E0151
:10D820000F5F1F4FC8010F9425706FE270E0C801B1
:10D830000F94EC6F892B51F4D70119962D913C91DF
:10D8400043E050E060E4C8010E94916A6BE677E033
:10D85000C8010F94E16FB201A101CE018C5A9F4F14
:10D860000F949B560E9408F6882351F080913A133A
:10D87000811106C0BE016C5A7F4FC8010F94030A84
:10D88000F80101900020E9F73197E01BF10BEC0F54
:10D89000FD1F88E48083A7964FADA797A9965FAD3B
:10D8A000A997AA966FADAA97AC967FADAC97CE011B
:10D8B0008C5A9F4F0F949B560E9408F6882351F074
:10D8C00080913A13811106C0BE016C5A7F4FC80186
:10D8D0000F94030A0F941709AB01BC01C3010E9406
:10D8E000D2AD0C9485E423966EAD7FAD2397762759
:10D8F0006727762790E080E00F94C6692DEC3CEC1A
:10D900004CEC5DE30F94276A5DCEA7961FAEA797F8
:10D91000A9961FAEA997B0ECAA96BFAFAA97EFE75A
:10D92000AC96EFAFAC975ACE0F9417096B017C0100
:10D93000C3010E94F9ADC61AD70AE80AF90AB8E984
:10D94000CB16BAE3DB06E104F10410F40C9485E491
:10D95000D3011596ED91FC911697818113961C9138
:10D96000811156C0163008F03FC08CE0EBEEF2E0BB
:10D97000DE01119601900D928A95E1F7E12FF0E01A
:10D98000EE0FFF1F21E030E02C0F3D1FE20FF31FD1
:10D9900060E080810F949C0669E47EEA83E01330A6
:10D9A000C9F070F461E57EEA81E0113099F06DE430
:10D9B0007EEA82E0123071F065E57EEA80E00AC01E
:10D9C00065E47EEA84E0143029F061E47EEA85E0D3
:10D9D000153091F70F946601D3011596ED91FC91E6
:10D9E00081E081830C9485E460E477E28EEB91E141
:10D9F0000F947735F30163818EEB91E10E9474F609
:10DA000063E177E28EEB91E10F9477350C9485E436
:10DA100024E0129FF0011124E35BF24FC080D1801B
:10DA2000E280F3806FE077E28EEB91E10F9477353F
:10DA3000D30113966C918EEB91E10E9474F66BEF1B
:10DA400076E28EEB91E10F9477352AE030E0B70172
:10DA5000A6018EEB91E10F949A3461EA77E0F3012D
:10DA6000808191810E94EAF58C01009709F443C0FE
:10DA7000DC0118968C9118978F708430E1F5199617
:10DA80006D917C9140E450E0CE0101960F94257099
:10DA90006FE270E0CE0101960F94EC6F892B51F488
:10DAA000F8012185328543E050E060E4CE01019623
:10DAB0000E94916AFF92EF92DF92CF928AE595E001
:10DAC0009F938F938E010F5B1F4F1F930F930F94A4
:10DAD0007C700E9408F60FB6F894DEBF0FBECDBF73
:10DAE000882309F4F7CE80913A138111F3CEB8015F
:10DAF000CE010196EDCE6CEE76E284CF0F9417093D
:10DB00006B017C01C3010E94F9ADC61AD70AE80A6D
:10DB1000F90A30E3C31635E7D306E104F10410F443
:10DB20000C9485E461EA77E0D3018D919C910E9489
:10DB3000EAF58C01009709F4CDCEFC0180858F7049
:10DB4000843009F0C7CE0F9417092AE0AE014F5F69
:10DB50005F4F0F9470640E9408F6882309F4BACED0
:10DB600080913A138111B6CEBE016F5F7F4FD8010D
:10DB700019968D919C91ACCE8FEF9FEFC159DF4FDD
:10DB80000FB6F894DEBF0FBECDBFDF91CF911F91CE
:10DB90000F91FF90EF90DF90CF90BF90AF909F904C
:10DBA0008F907F906F905F904F903F902F9008954F
:10DBB000C12CD12C7601D3011596ED91FC91828177
:10DBC0009381092E000CAA0BBB0B8C159D05AE058D
:10DBD000BF0511F40C9485E4B601C3010E941BD863
:10DBE000D3011596ED91FC91D382C2820C9485E409
:10DBF00090E080E00895AF92CF92DF92EF92FF9293
:10DC00000F931F93CF93DF93CDB7DEB7C754D109DE
:10DC10000FB6F894DEBF0FBECDBF8091480D909136
:10DC2000490DA0914A0DB0914B0D892B8A2B8B2B5E
:10DC300009F4FFC00F9417090091480D1091490D88
:10DC400020914A0D30914B0D601B710B820B930B91
:10DC50006C3271408105910508F4EBC01092480DBB
:10DC60001092490D10924A0D10924B0D80914D0C5F
:10DC700090E0959587959595879510E000E0E1E017
:10DC8000F0E08017910709F4A6C09F01002E02C0A2
:10DC9000220F331F0A94E2F7C090440DD090450D37
:10DCA000E090460DF090470DA901032E000C660B85
:10DCB000770B4C215D216E217F21452B462B472B75
:10DCC00009F43BC14091440D5091450D6091460DC2
:10DCD0007091470D20953095C901330FAA0BBB0BEE
:10DCE00084239523A623B7238093440D9093450D59
:10DCF000A093460DB093470D8091500C9091510C1C
:10DD0000009709F468C0FC0120852F70253009F0C8
:10DD100062C0602F0E9462F6FC0190859F70943073
:10DD200009F059C0618572856115710509F453C008
:10DD3000E0914E0CF0914F0C000F111F000F111FBE
:10DD4000E00FF11F13810281F180E08040914113C7
:10DD500050914213CE0101960E94C7BDE1107AC0D6
:10DD6000F11078C0011176C0111174C018A619A65F
:10DD70001AA61BA61CA61DA61EA61FA689A5807FE7
:10DD800089A762E0CE0188960E94062728A339A3BE
:10DD90004AA35BA36CA37DA38EA39FA361E0CE01E6
:10DDA00080960E94E42628AB39AB4AAB5BAB6CABE8
:10DDB0007DAB8EAB9FABA12CC12CF12CE12C89014A
:10DDC0009A01AB01BC01CE0101960E94C2C2CE01F4
:10DDD00001960E9464BE6EEB76E28EEB91E10F94A9
:10DDE000773501E010E080911B0290911C028017B2
:10DDF000910708F0A5C080911B0290911C02E09150
:10DE00003213F0913313E80FF91F60818EEB91E12B
:10DE10000E9474F669E97BE08EEB91E10F94203566
:10DE20000F5F1F4F01311105F1F68EEB91E10F9459
:10DE30007834C95BDF4F0FB6F894DEBF0FBECDBF9D
:10DE4000DF91CF911F910F91FF90EF90DF90CF90D6
:10DE5000AF90089518A619A61AA61BA689A5807FBB
:10DE6000856089A7EEA6FDA60CA71FA78CA59DA57A
:10DE7000AEA5BFA548A559A56AA57BA548A359A3EA
:10DE80006AA37BA38CA39DA3AEA3BFA362E0CE0134
:10DE900080960E94E42628AF39AF4AAF5BAF6CAFE3
:10DEA0007DAF8EAF9FAFA12CC12CF12CE12C89014D
:10DEB0009A01AB01BC01CE0101960E94C2C218A614
:10DEC00019A61AA61BA61CA61DA61EA61FA689A5D6
:10DED000807F89A761E0CE0188960E94062728A34B
:10DEE00039A34AA35BA36CA37DA38EA39FA361E088
:10DEF000CE0180960E94E426022F21962FAF219713
:10DF0000132F22963FAF2297242F23964FAF2397AC
:10DF1000352F24965FAF2497462F25966FAF259710
:10DF2000572F26967FAF2697682F27968FAF279774
:10DF3000792F28969FAF289746CF0F5F1F4FA1CE0E
:10DF4000C8015DCFFC016115710519F484819581CB
:10DF5000089586819781681779072CF084819581CF
:10DF6000860F971F0895828193810C945CB581E0A0
:10DF700090E00895AF92BF92DF92EF92FF920F93DD
:10DF80001F93CF93DF9300D000D0CDB7DEB78C01C5
:10DF90007B01D42EFB0184819581892BF9F0A0802F
:10DFA000B1806FE370E0C5010F94EC6F0097B1F0A2
:10DFB0009C012A193B0937FD11C050E040E0B70130
:10DFC000CE0101960F942932BE016F5F7F4FC701CA
:10DFD0000F947730CE0101960F94D9316BE97BE035
:10DFE000C7010F943230882321F1F801128A118A77
:10DFF00080E090E19587848784E890E0948B838B20
:10E0000081E0868780E090E2908B8787D58A81E0E7
:10E0100090E026960FB6F894DEBF0FBECDBFDF911D
:10E02000CF911F910F91FF90EF90DF90BF90AF9035
:10E03000089568EA7BE0C7010F943230882369F0C5
:10E04000F801128A118A148A138A84E890E095876D
:10E050008487168680E090E3D7CF90E080E0D9CF28
:10E060004F925F926F927F928F929F92AF92BF92E8
:10E07000CF92DF92EF92FF920F931F93CF93DF9394
:10E08000EC014B017A012901DB010D911C91888182
:10E09000882309F45AC05E01FE0181E090E02191DD
:10E0A000222321F02E3211F00196F9CF6C01B1E05C
:10E0B000CB1AD108F7013196D701CC923E01680EF8
:10E0C000791E2BE030E0D5018D915D01A615B705D5
:10E0D00009F5CC0EDD1EE601BFEFCB1ADB0A888105
:10E0E0008E32C9F32C30310591F280915B10909102
:10E0F0005C104CE050E06A01C21AD30ADC01ED91D9
:10E10000FC910280F381E02DA601B70119950C0D59
:10E110001D1DBDCF80832150310931961216130683
:10E1200094F280915B1090915C10DC01ED91FC9178
:10E130000280F381E02D4CE050E0B7011995045FB7
:10E140001F4FF7012CE030E0BECF452891F0F701DA
:10E15000108280915B1090915C10DC01ED91FC913C
:10E160000280F381E02D41E050E0B70119950F5F87
:10E170001F4FF40111830083DF91CF911F910F9105
:10E18000FF90EF90DF90CF90BF90AF909F908F90D7
:10E190007F906F905F904F900895CF92DF92EF92B3
:10E1A000FF920F931F93CF93DF931F921F92CDB7D0
:10E1B000DEB76C018B01DC018D919C919A83898380
:10E1C0008BE5E82E80E1F82E21E030E0AB01BE01C6
:10E1D0006F5F7F4FF701828993890E9430F0D801E9
:10E1E0001C9281E011968C93119790E812969C9363
:10E1F000129713968C93F70180819181DC01ED9148
:10E20000FC910280F381E02D44E050E0B8011995C3
:10E2100089819A8104969A83898380E090E0A0E0C6
:10E22000B8E7F80180839183A283B38380E094E010
:10E2300095838483D70115962C91159716969C91FA
:10E24000169717968C91179714963C9114973683CE
:10E250002783908781878D919C91DC01ED91FC91C2
:10E260000280F381E02D4AE050E0B80119958981E0
:10E270009A810A96F601918380830F900F90DF9127
:10E28000CF911F910F91FF90EF90DF90CF90089565
:10E29000AF92BF92CF92DF92EF92FF920F931F93B4
:10E2A000CF93DF931F921F92CDB7DEB77B016A0138
:10E2B0005901FB01208131813A8329838C01065F5A
:10E2C0001F4FF801EE0FFF1FE55AFF4E0190F0813E
:10E2D000E02DA114B10459F1868197819501A60121
:10E2E000BE016F5F7F4F0E9430F0AB2871F4000FCA
:10E2F000111FF801E55AFF4E0190F081E02D828157
:10E3000093810097B9F0019709F189819A81F7010A
:10E31000918380830F900F90DF91CF911F910F9188
:10E32000FF90EF90DF90CF90BF90AF9008958481E1
:10E330009581D4CF8CE696E021E030E0A601BE01C5
:10E340006F5F7F4F01960E9430F0DFCF84EE9BE03D
:10E35000F3CFAF92BF92CF92DF92EF92FF920F93E3
:10E360001F93CF93DF938C01EB01A880B980DC0170
:10E37000ED91FC9180E090E0A216B3062CF1CA0169
:10E380007F01D7017D917D01DC016D91CD01472F8A
:10E3900050E071547A3110F4405E5F4FC62ED12C9C
:10E3A00061546A3118F4B0E2CB0ED11C4C195D09EE
:10E3B00031F4B7016E1B7F0B6217730710F381E016
:10E3C00090E0452B09F080E0E20FF31FD801119691
:10E3D000FC93EE93A501421B530B9A01598348838A
:10E3E00040814E3239F43196ED93FC93215031093E
:10E3F00039832883DF91CF911F910F91FF90EF9088
:10E40000DF90CF90BF90AF9008958F7099278230A2
:10E41000910518F0029761F008958091C4109091D1
:10E42000C510DC01ED91FC910680F781E02D199477
:10E430008091C6109091C710009791F0DC01ED918A
:10E44000FC91008CF18DE02D19958091C610909172
:10E45000C710DC01ED91FC910488F589E02DE7CF30
:10E4600008958F929F92AF92BF92CF92DF92EF92D8
:10E47000FF92CF93DF93EC014A015B01C12CD12CB9
:10E480007601CE010F946548882399F0C814D90409
:10E49000EA04FB0474F4CE010F94AA43892B89F398
:10E4A0008FEFC81AD80AE80AF80ACE010F94C846B6
:10E4B000E8CFDF91CF91FF90EF90DF90CF90BF90AA
:10E4C000AF909F908F9008954F925F926F927F923E
:10E4D000AF92BF92CF92DF92EF92FF920F931F9372
:10E4E000CF93DF931F921F92CDB7DEB76C015B0114
:10E4F0007A0128013901DB018D919C919A838983EE
:10E5000021E030E0BE016F5F7F4FC6010E9448F1FD
:10E51000F70110828CE08183128281E08383742C66
:10E520006624552444244482558266827782F6010B
:10E53000EE0FFF1FE159FF4E0190F081E02D0480A6
:10E54000F581E02DDF010D900020E9F7CD018E1B54
:10E550009F0B0C96982789279827F701918780872A
:10E5600080915B1090915C10DC01ED91FC91028038
:10E57000F381E02D4AE050E0B701199589819A8135
:10E580000A969A83898330E020E0A701BE016F5F7D
:10E590007F4FC6010E9448F189819A81F5019183DC
:10E5A00080830F900F90DF91CF911F910F91FF907B
:10E5B000EF90DF90CF90BF90AF907F906F905F9083
:10E5C0004F9008952F923F924F925F926F927F9259
:10E5D0008F929F92AF92BF92CF92DF92EF92FF9273
:10E5E0000F931F93CF93DF9300D000D01F921F9201
:10E5F000CDB7DEB78C016B010F94683C019619F41E
:10E600008FEF9FEF1DC0D801ED91FC910284F3853F
:10E61000E02DC80119957C018F3F980789F3D80137
:10E62000ED91FC910684F785E02D682FC8011995BE
:10E63000B2E2EB16F104E9F4B601C8010F94EC3C28
:10E6400028960FB6F894DEBF0FBECDBFDF91CF91F5
:10E650001F910F91FF90EF90DF90CF90BF90AF9000
:10E660009F908F907F906F905F904F903F902F90F2
:10E670000895EDE2EE16F10429F0C701C0970A975C
:10E6800008F03DC1D801ED91FC910284F385E02DA5
:10E69000C80119957C018F3F980709F4B1CF8D9778
:10E6A00099F5D801ED91FC910284F385E02DC80124
:10E6B00019957C01019609F4A3CFEFEFFFEFF887DE
:10E6C000EF83C701C097812C912C54010A9708F55C
:10E6D000AAE0B0E0A50194010F944C6B30E3E31A7B
:10E6E000F1084701FF0CAA08BB08860E971EA81E5A
:10E6F000B91ED801ED91FC910284F385E02DC8018B
:10E7000019957C01C097E2CF21E030E038872F8354
:10E71000D8CFBEE2EB16F104F1F0C7018F7D85344E
:10E720009105C9F0AF81B885A50194010F94576B8D
:10E73000F601618772878387948782E08087D8019A
:10E74000ED91FC910684F785E02D6E2DC801199599
:10E7500090E080E075CFC501B4010F94C8692B012A
:10E760003C01312C212CFEE2EF16F10499F5D80181
:10E77000ED91FC910284F385E02DC80119957C018F
:10E78000312C212C20E030E040E251E4C301B20101
:10E790000F94276A4B015C01B70160537109072E82
:10E7A000000C880B990B0F94C869A50194010F9474
:10E7B000B56B2B013C01B1E02B1A3108D801ED916A
:10E7C000FC910284F385E02DC80119957C01C09766
:10E7D0000A97C0F2C7018F7D8534910509F040C0CA
:10E7E000D801ED91FC910284F385E02DC8011995C3
:10E7F0007C01D801ED91FC918B32910519F50284D1
:10E80000F385E02DC80119957C01E1E0EE83B12C80
:10E81000A12C8AE0982ED801ED91FC91C701C097F8
:10E820008A30910508F59A9C90019B9C300D11242B
:10E830005C01A20EB31E0284F385E02DC801199578
:10E840007C01E9CF8D9749F40284F385E02DC8015E
:10E8500019957C013FEF3E83DACF81E08E83D7CFDD
:10E86000B1E0BE83B12CA12CEF81F885BF01FF0F71
:10E87000880B990B0F94C869A30192010F94276A22
:10E880002B013C01B501BB0C880B990B0F94C86997
:10E890004B015C01FE816F2FFF0F770B880B990BEB
:10E8A0000F94C8699B01AC01C501B4010F94276A9C
:10E8B0004B015C01B101330C880B990B0F94C869B3
:10E8C0009B01AC01C501B4010F94B56B9B01AC0178
:10E8D00060E070E080E291E40F94CE6C9B01AC01AB
:10E8E000C301B2010F94276AD60119966D937D93E7
:10E8F0008D939C931C9783E018968C9320CFBBE557
:10E90000EB16F10409F060C0D801ED91FC9102848E
:10E91000F385E02DC80119958B35910509F070CE6E
:10E9200085E0F6018087C8010F94683CD801ED911D
:10E93000FC910284F385E02DC80119958D35910570
:10E9400009F406CFD801ED91FC910684F785E02DFE
:10E95000682FC8011995BB24BA940F94A63D7C0179
:10E96000009709F44DCEBB2031F1F60197838683E1
:10E97000C8010F94683CB701C8010E94E2F2892BDC
:10E9800009F03ECEC8010F94683CD801ED91FC918E
:10E990000284F385E02DC8011995B12C47018C3212
:10E9A0009105D9F221E030E08D35910509F08BC059
:10E9B00030E020E088C0D40113969C938E93129788
:10E9C000FC0195828482D4CFBBE7EB16F10409F0F9
:10E9D00088C0D801ED91FC910284F385E02DC80137
:10E9E00019958B37910509F00BCE86E0F6018087EB
:10E9F000C8010F94683CD801ED91FC910284F38525
:10EA0000E02DC80119958D37910509F4A1CED801E3
:10EA1000ED91FC910684F785E02D682FC8011995CA
:10EA200099249A940F94A63D7C01009709F4E8CDAF
:10EA3000992009F44DC0F60197838683C8010F948D
:10EA4000683CB701C8010F94EC3C019609F4D8CD9D
:10EA5000C8010F94683CD70119968D919C911A9723
:10EA600011969C938E931A961C921E921997D80118
:10EA7000ED91FC910284F385E02DC8011995CA97A8
:10EA800009F0BECDC8010F94683CB701C8010E94CF
:10EA9000E2F2019609F4B4CDC8010F94683CD801A4
:10EAA000ED91FC910284F385E02DC8011995912C1C
:10EAB00057018C32910509F4B5CF21E030E08D3754
:10EAC000910509F475CF88279927821B930BB8CD40
:10EAD000D50113969C938E931297FC01B582A48264
:10EAE000ADCFBEE6EB16F10411F519821A821B8236
:10EAF0001C82D801ED91FC910484F585E02D44E061
:10EB000050E0BE016F5F7F4FC8011995049709F06F
:10EB100077CD44E050E064EB7BE0CE0101960F94AA
:10EB20001770009709F06CCDF601108689CDF6E6D6
:10EB3000EF16F10431F59E012F5F3F4F790185E01B
:10EB4000D9011D928A95E9F7D801ED91FC910484D1
:10EB5000F585E02D45E050E0B901C801199505970C
:10EB600009F04ECD45E050E069EB7BE0C7010F9422
:10EB70001770009709F044CD21E0F6012087118637
:10EB80005FCDF4E7EF16F10409F03ACD19821A824D
:10EB90001B821C82D801ED91FC910484F585E02D47
:10EBA00044E050E0BE016F5F7F4FC80119950497A4
:10EBB00009F026CD44E050E06FEB7BE0CE010196FA
:10EBC0000F941770009709F01BCD21E0F601208704
:10EBD000218736CD0F931F93CF93DF93EC018B01E9
:10EBE000892B81F00E80DF81C02D209759F0B8016C
:10EBF000888199810F94CE6F892B21F00A80DB8167
:10EC0000C02DF3CFCE01DF91CF911F910F910895C9
:10EC10008091140F9091150F009711F480E02FC090
:10EC2000DC01ED91FC910688F789E02D1995209182
:10EC3000370F3091380F81111FC0232B79F78DEFDB
:10EC40009FEF9093380F8093370F8091140F90911E
:10EC5000150FDC01ED91FC910680F781E02D1995EF
:10EC60008091140F9091150FDC01ED91FC910488B7
:10EC7000F589E02D1995D2CF81E0232B79F60895FF
:10EC8000CF93DF93EC01FA013296E60FF71FDC0118
:10EC90009D012C1B3D0BCF01861B970B4D914423EF
:10ECA00011F04193F5CFAC01421B530B640F751F5C
:10ECB000FB013297308361507109FB012083DF91A2
:10ECC000CF910895009761F0FC01868197810097AC
:10ECD00039F0662329F06150FC0182819381F7CFDE
:10ECE00008952AE00D942C34462F50E070E060E047
:10ECF0002AE00D942C34AB01770F660B770B2AE0DA
:10ED000030E00D949A34FC0191819F70963009F1A6
:10ED100028F49150923088F080E00895973081F087
:10ED20009A509230C8F78CE490E0A0E0B0E0848381
:10ED30009583A683B78381E008958CE48483FBCF19
:10ED400080E090E0A8E9B2E484839583A683B7834A
:10ED5000F2CF82EE9DE1A0E0B0E084839583A683AC
:10ED6000B783DACFCF92DF92EF92FF92DC01119658
:10ED7000EC911197EF70EC3098F4F0E08827EC53A9
:10ED8000F9408F4F0D94966B2EF7E9F6E9F6D0F621
:10ED9000D0F6D0F617F7F8F6D0F6D0F6D7F6D7F6C5
:10EDA0008FEF9FEFFF90EF90DF90CF900895149634
:10EDB0008D919D910D90BC91A02DB7FD4FC08536D2
:10EDC0009105A105B10574F384E690E0A0E0B0E000
:10EDD000E9CF14962C9130E0A4E6B0E00F945F6B7D
:10EDE0002FEF30E040E050E00F942D6BC901DACFF7
:10EDF0001496CD90DD90ED90FC90179720E030E0D8
:10EE0000A901C701B6010F94C16987FD27C020E0A1
:10EE100030E048EC52E4C701B6010F94C96C1816F3
:10EE200004F1C701B6010F94936CCB01BBCF1496CC
:10EE30006D917D918D919C9117976D392FEF720790
:10EE4000820792075CF0643727E27207810591051B
:10EE500044F424E630E040E050E0C6CF90E080E0AB
:10EE6000A1CF84E690E09ECF009761F0DC0116967A
:10EE7000ED91FC9180E0309731F08F5F0280F3815B
:10EE8000E02DF9CF80E00895EF92FF920F931F934A
:10EE9000CF93DF937C018B01D0E0C0E0C7010F94DA
:10EEA000C73397FD07C0F80181938F012196C430C5
:10EEB000D105A1F7CE01DF91CF911F910F91FF9066
:10EEC000EF9008950F931F93CF93DF93CDB7DEB7E5
:10EED00062970FB6F894DEBF0FBECDBF8C01CB0199
:10EEE000F80111821082138212821582148240E18D
:10EEF000BE016F5F7F4F0F944864BE016F5F7F4F0D
:10EF0000C8010F94A93162960FB6F894DEBF0FBE08
:10EF1000CDBFDF91CF911F910F910895E091E9103E
:10EF2000F091EA10128A118A148A138A24E830E0D8
:10EF300035872487168620E030E3308B2787858B42
:10EF400081E090E00895CF93DF938091E910909154
:10EF5000EA10892B99F182E70E948EF78091E910DF
:10EF60009091EA10DC01ED91FC910088F189E02D8F
:10EF700070E060E01995CAE1D4E08091E9109091C9
:10EF8000EA10DC01ED91FC91B4E0CE31DB07C1F079
:10EF90000284F385E02D19952991022E000C330B84
:10EFA0008217930751F38091E9109091EA10DC01E8
:10EFB000ED91FC910488F589E02D199580E005C05C
:10EFC0000488F589E02D199581E0DF91CF910895AE
:10EFD000AF92BF92CF92DF92EF92FF920F931F9367
:10EFE000CF93DF935C017B018B01040F151FEB01B5
:10EFF0006E01CE18DF08C017D10741F0C5010F948C
:10F00000C7331816190614F48993F2CFC601DF919D
:10F01000CF911F910F91FF90EF90DF90CF90BF9015
:10F02000AF900895CF93DF932091E9103091EA10CB
:10F03000232B11F480E041C0EC010E94A3F7882348
:10F04000C9F3FE0101900020E9F73197EC1BFD0B9D
:10F05000709780F782E70E948EF78091E910909177
:10F06000EA10DC01ED91FC910088F189E02D60E46B
:10F0700070E01995BE018091E9109091EA100F940B
:10F0800020358091E9109091EA10DC01ED91FC911E
:10F090000190F081E02D60E01995EC018091E9107C
:10F0A0009091EA10DC01ED91FC910488F589E02D46
:10F0B000199581E0CD2B09F4BDCFDF91CF91089553
:10F0C000CF93DF932091E9103091EA10232B11F4B4
:10F0D00080E041C0EC010E94A3F78823C9F3FE0140
:10F0E00001900020E9F73197EC1BFD0B709780F73A
:10F0F00082E70E948EF78091E9109091EA10DC017E
:10F10000ED91FC910088F189E02D60E570E01995A2
:10F11000BE018091E9109091EA100F942035809102
:10F12000E9109091EA10DC01ED91FC910190F081E1
:10F13000E02D60E01995EC018091E9109091EA10C2
:10F14000DC01ED91FC910488F589E02D199581E0B1
:10F15000CD2B09F4BDCFDF91CF9108950F931F936D
:10F16000CF93DF9300D01F92CDB7DEB7FC01828131
:10F170009381A481B58189839A83AB83BC83809179
:10F18000E9109091EA10892B11F480E033C00E94BD
:10F19000A3F78823D1F382E70E948EF78091E910CC
:10F1A0009091EA10DC01ED91FC910088F189E02D4D
:10F1B00060E170E019958091E9109091EA10DC010E
:10F1C000ED91FC910280F381E02D44E050E0BE011E
:10F1D0006F5F7F4F19958C018091E9109091EA1033
:10F1E000DC01ED91FC910488F589E02D199581E011
:10F1F000012B59F20F900F900F900F90DF91CF914C
:10F200001F910F9108950F931F93CF93DF9300D019
:10F210001F92CDB7DEB7FC0182819381A481B581B5
:10F2200089839A83AB83BC838091E9109091EA1023
:10F23000892B11F480E033C00E94A3F78823D1F317
:10F2400082E70E948EF78091E9109091EA10DC012C
:10F25000ED91FC910088F189E02D6CE170E0199549
:10F260008091E9109091EA10DC01ED91FC9102800F
:10F27000F381E02D44E050E0BE016F5F7F4F1995B0
:10F280008C018091E9109091EA10DC01ED91FC91E4
:10F290000488F589E02D199581E0012B59F20F9032
:10F2A0000F900F900F90DF91CF911F910F910895C4
:10F2B0000F931F93CF93DF9300D01F92CDB7DEB78C
:10F2C000FC0182819381A481B58189839A83AB8378
:10F2D000BC838091E9109091EA10892B11F480E0B1
:10F2E00033C00E94A3F78823D1F382E70E948EF7F0
:10F2F0008091E9109091EA10DC01ED91FC91008879
:10F30000F189E02D64E170E019958091E910909108
:10F31000EA10DC01ED91FC910280F381E02D44E0E4
:10F3200050E0BE016F5F7F4F19958C018091E9100D
:10F330009091EA10DC01ED91FC910488F589E02DB3
:10F34000199581E0012B59F20F900F900F900F90BB
:10F35000DF91CF911F910F9108950F931F93CF933A
:10F36000DF9300D01F92CDB7DEB7FC01828193817D
:10F37000A481B58189839A83AB83BC838091E91092
:10F380009091EA10892B11F480E033C00E94A3F71A
:10F390008823D1F382E70E948EF78091E910909143
:10F3A000EA10DC01ED91FC910088F189E02D68E123
:10F3B00070E019958091E9109091EA10DC01ED91CF
:10F3C000FC910280F381E02D44E050E0BE016F5FCC
:10F3D0007F4F19958C018091E9109091EA10DC0122
:10F3E000ED91FC910488F589E02D199581E0012BC0
:10F3F00059F20F900F900F900F90DF91CF911F91C6
:10F400000F910895CF93DF9300D01F92CDB7DEB751
:10F4100019821A821B821C8287E789838091E910F6
:10F420009091EA10892B41F10E94A3F7882321F1E2
:10F4300082E70E948EF78091E9109091EA10DC013A
:10F44000ED91FC910088F189E02D6CE070E0199558
:10F45000BE016F5F7F4F8091E9109091EA100E948A
:10F4600044F78091E9109091EA10DC01ED91FC9154
:10F470000488F589E02D199569817A818B819C81B9
:10F480000F900F900F900F90DF91CF9108950F93F1
:10F490001F93CF93DF9300D01F92CDB7DEB7698360
:10F4A0007A838B839C838091E9109091EA10892B59
:10F4B00011F480E033C00E94A3F78823D1F382E7E0
:10F4C0000E948EF78091E9109091EA10DC01ED9195
:10F4D000FC910088F189E02D6CE070E01995809135
:10F4E000E9109091EA10DC01ED91FC910280F3812A
:10F4F000E02D44E050E0BE016F5F7F4F19958C0115
:10F500008091E9109091EA10DC01ED91FC91048862
:10F51000F589E02D199581E0012B59F20F900F909C
:10F520000F900F90DF91CF911F910F910895CF937E
:10F53000C82F0E9402FAC0FB72F9CF910C9447FACF
:10F54000CF93C82F0E9402FA7E7FC0FF7160CF91D7
:10F550000C9447FACF93C82F0E9402FACF70607FB5
:10F560006C2BCF910C9447FACF93C82F0E9402FACC
:10F57000C295C07F6F706C2BCF910C9447FA0F939C
:10F580001F93CF93DF93EC010E947BF68C01CE0199
:10F590000F947834800F911FDF91CF911F910F91BD
:10F5A0000895CF93DF93EC010E9469B38823A1F003
:10F5B000EA85E83188F4E13028F0E33010F0E131F9
:10F5C00009F4E0E0F0E0EE0FFF1FE350FE4E808113
:10F5D0009181DF91CF91089590E080E0FACFAB0167
:10F5E00070E060E02AE00D942C348F929F92AF92ED
:10F5F000BF92CF92DF92EF92FF920F931F93CF9320
:10F60000DF93EC016A017B01AB019601CB01B601EE
:10F610000F94296D64EC7BE0811126C046015701EF
:10F62000E894B7F82FEF3FEF4FE75FE7C501B4016C
:10F630000F94296D81110CC02FEF3FEF4FE75FE76B
:10F64000C501B4010F94C16968EC7BE0181664F041
:10F650002FEF3FEF4FE75FE4C701B6010F94C96C8E
:10F6600018168CF46CEC7BE0CE01DF91CF911F91EA
:10F670000F91FF90EF90DF90CF90BF90AF909F9051
:10F680008F900D941D342FEF3FEF4FE75FECC701D4
:10F69000B6010F94C16987FDE5CF20E030E0A901F4
:10F6A000C701B6010F94C16910E000E087FF09C0EF
:10F6B0006DE2CE010F9493348C01F7FAF094F7F8D1
:10F6C000F0942AE037ED43EA5BE3C701B6010F94FB
:10F6D000B56B6B017C010F949A6C4B015C010F942C
:10F6E000C6699B01AC01C701B6010F94B46B6B01F5
:10F6F0007C012AE0B501A401CE010F942C34080F3F
:10F70000191F6EE2CE010F949334080F191F20E0E9
:10F7100030E040E251E4C701B6010F94276A4B0183
:10F720005C010F949A6C6B01CE010E94EFFA080FF6
:10F73000191FB60190E080E00F94C6699B01AC01EF
:10F74000C501B4010F94B46B20E030E040E251E415
:10F750000F94276A0F949A6CCE010E94EFFA800FE3
:10F76000911FDF91CF911F910F91FF90EF90DF904C
:10F77000CF90BF90AF909F908F9008950F94A63D2B
:10F78000009721F0FC012085207F2087FC01208547
:10F790002F70208708950097D9F061157105C1F089
:10F7A000DC011696ED91FC911797309731F417967E
:10F7B0007C936E9316970895FC0182819381009744
:10F7C000D9F773836283DB011596FC93EE9314974C
:10F7D0000895853108F07CC0E82FF0E08827EC50D0
:10F7E000F4408F4F0D94966B19FC68FC68FC09FC83
:10F7F00068FC68FC68FC68FC68FC68FC68FC68FCE9
:10F8000027FC40FC31FC68FC4AFC68FC54FC68FCAA
:10F810005EFC88E090E00F949361FC0113821282F9
:10F8200015821482178216828EEF93E09183808373
:10F8300025C088E090E00F949361FC01138212824E
:10F8400015821482178216828EED93E0EFCF8EE040
:10F8500090E00F949361FC011382128280EC93E09C
:10F86000E5CF86E090E00F949361FC011382128251
:10F8700082EA93E09183808315821482CF010895F8
:10F8800086E090E00F949361FC011382128284E879
:10F8900093E0F0CF8BE090E00F949361FC01138232
:10F8A000128286E693E0C2CF88E090E00F949361E5
:10F8B000FC011382128288E493E0B8CF84E090E0E8
:10F8C0000F949361FC01138212828AE293E0AECF1F
:10F8D000F0E0E0E0D3CFDF92EF92FF920F931F931F
:10F8E000CF93DF93EC017B0140E050E20E9451276F
:10F8F000D82E811170C060E273E38EEB91E10F941A
:10F900007735D7011B968D919C910097E9F1DC0129
:10F91000ED91FC91008CF18DE02D19958C0190E01A
:10F920000231110520F4F801EC5EFC4F90819F70CC
:10F930008981807F892B898365E173E38EEB91E177
:10F940000F947735B8018EEB91E10E947BF66DE064
:10F9500073E38EEB91E10F94773569816F708EEBD5
:10F9600091E10E9474F68EEB91E10F9478348981D5
:10F970008F70843068F48230B8F58130D9F11C8200
:10F980001D821E821F8215C0F701028510E0C7CFBD
:10F99000883039F0893099F780E090E0A6E9B2E448
:10F9A00004C080E090E0A0EAB1E48C839D83AE8344
:10F9B000BF8340E050E2B701CE010E943C26CE0159
:10F9C0000E94F42530E020E040E058E260E070E082
:10F9D000C7010E94E8B98D2DDF91CF911F910F9142
:10F9E000FF90EF90DF90089584E68E838F818E7F65
:10F9F0008F831D828FEF8C83DCCF8F929F92AF928B
:10FA0000BF92CF92DF92EF92FF920F931F93CF930B
:10FA1000DF936115710519F490E080E0CEC0DB0141
:10FA20001896EC911897EF70E830B0F7EC01F0E021
:10FA30008827E25EF2408F4F0D94966B26FD37FDCE
:10FA400040FD57FDC0FDD2FD0BFE40FD64EB7BE0A9
:10FA5000CE01DF91CF911F910F91FF90EF90DF903A
:10FA6000CF90BF90AF909F908F900D941D341996BA
:10FA70008C9169EB7BE0882359F36FEB7BE0E8CF57
:10FA800019964D915D916D917C911C972AE030E023
:10FA9000CE01DF91CF911F910F91FF90EF90DF90FA
:10FAA000CF90BF90AF909F908F900D949A341996FD
:10FAB000CD90DD90ED90FC901C9720E030E0A90106
:10FAC000C701B6010F94C16987FF09C060E375E003
:10FAD000CE010F942035F7FAF094F7F8F094C701AF
:10FAE000B6010F949A6C4B015C01BC01A401CE01DC
:10FAF0000E9471F661E276E0CE010F942035C501D7
:10FB0000B4010F94C6699B01AC01C701B6010F9403
:10FB1000B46B2AE037ED43EA5BE30F94B56B20E06A
:10FB200030E040E251E40F94276A4B015C010F94EE
:10FB30009A6C6B01CE010E94EFFAB60190E080E072
:10FB40000F94C6699B01AC01C501B4010F94B46B5D
:10FB50006B017C0120E030E0A9010F94C16988238A
:10FB600009F45ACF20E030E040E251E4C701B60189
:10FB70000F94276A0F949A6CCE010E94EFFA4CCF33
:10FB800019966D917C91CE01DF91CF911F910F91CC
:10FB9000FF90EF90DF90CF90BF90AF909F908F90AD
:10FBA0000D949C3C16960D911C916BE5CE010F9423
:10FBB0009334019679F48FEF9FEFDF91CF911F91EE
:10FBC0000F91FF90EF90DF90CF90BF90AF909F90FC
:10FBD0008F9008950115110579F0B801CE010E94AA
:10FBE000FDFC019641F3D80112960D911C9101156F
:10FBF000110511F06CE2DACF6DE5CE010F9493346C
:10FC000021E030E0019611F030E020E088279927CC
:10FC1000821B930BD2CF16960D911C916BE7CE01F0
:10FC20000F949334019639F20115110529F1D80189
:10FC30006D917C91CE010F949C3C019609F4BBCF51
:10FC40006AE3CE010F949334019609F4B4CFB8015E
:10FC5000CE010E94FDFC019609F4ADCFD8011296A9
:10FC60000D911C910115110539F06CE2CE010F9434
:10FC700093340196C9F69FCF6DE7BFCFEF92FF9205
:10FC80000F931F93CF93DF93CDB7DEB760970FB677
:10FC9000F894DEBF0FBECDBF7C0180E091E00F94F1
:10FCA00093618C01892BD9F01C821B821E821D82DC
:10FCB0008FEF9FEF98878F8382E093E09A83898309
:10FCC0001A8619861C870B8780E091E0988B8F87B6
:10FCD0001E861D86B701CE0101960E94FDFCC8015B
:10FCE00060960FB6F894DEBF0FBECDBFDF91CF9107
:10FCF0001F910F91FF90EF9008956F927F928F92D6
:10FD00009F92AF92CF92DF92EF92FF920F931F9349
:10FD1000CF93DF93CDB7DEB7CC54D1090FB6F894AB
:10FD2000DEBF0FBECDBF2D967FAF6EAF2D972B964A
:10FD30001FAE1EAE2B97672B09F4C5C24C010E9463
:10FD4000346E6B01683C710534F56FEE72E387E148
:10FD500091E10F947735B60187E191E10E947BF63E
:10FD600087E191E10F9478348FEF9FEFC45BDF4F11
:10FD70000FB6F894DEBF0FBECDBFDF91CF911F91BC
:10FD80000F91FF90EF90DF90CF90AF909F908F906A
:10FD90007F906F900895F4018585882331F0C40128
:10FDA0000D962B969FAF8EAF2B972B96EEADFFAD9A
:10FDB0002B97309791F5F401058D168D01151105DE
:10FDC000B9F560E470E02D968EAD9FAD2D970F9440
:10FDD000EC6FA12C009741F0FC0111922D96FFAF22
:10FDE000EEAF2D97AA24A394F12CE12C2D968EAD85
:10FDF0009FAD2D973C016E0C7F1CF30120812223C7
:10FE000009F44AC0822F220F990B0F94846FF301DB
:10FE10008083FFEFEF1AFF0AE9CF8081882359F230
:10FE2000CE01875B9F4F0E9446B38C01892B19F24C
:10FE30000D30110531F62D962EAD3FAD2D9719865B
:10FE40001A861B861C861D861E861F86188A8A8532
:10FE5000807F8C608A873E872D876DE0CE01099672
:10FE60000E94E42629833A834B835C836D837E83DF
:10FE70008F8398872B96EEACFFAC2B97A12CC12CCF
:10FE800009851A852B853C854D855E856F8578892A
:10FE9000C4010E94C2C26ACF0E9403B37C012596AE
:10FEA0001CAE1DAE1EAE1FAE259729961CAE1DAE14
:10FEB0001EAE1FAE299723968FAD2397807F239682
:10FEC0008FAF23972296EFAE22970530110509F4E4
:10FED00040C00630110519F497E1E92EF12CD02E1F
:10FEE000602FCE018F5B9F4F0E94E42629873A87BF
:10FEF0004B875C876D877E878F87988B2AE0E21619
:10FF0000F1045CF588E0E816F1040CF0B7C19EEF4F
:10FF1000E9169FEFF90644F0EFEFEE16FE0609F042
:10FF20000CF4D1C1EF2881F1CE01855B9F4F0E9477
:10FF3000886FAB01BC01411551056105710529F0C0
:10FF4000CE018F5B9F4F0E942827C12CF12CE12C02
:10FF50006EC088E1E82EF12CC2CFF7E1EF16F10474
:10FF600009F42AC128E1E216F104F1F660E0CE01BD
:10FF70008F5B9F4F0E940627298B3A8B4B8B5C8BA4
:10FF80006D8B7E8B8F8B988FCE01855B9F4F0E94F0
:10FF9000506E29833A834B835C836D837E838F838A
:10FFA00098876D2DCE0101960E94E426298F3A8F05
:10FFB0004B8F5C8F6D8F7E8F8F8F98A38A818F7010
:10FFC000D82E3E0181E2680E711CF12CE12C2D9699
:10FFD0008EAD9FAD2D97892B89F093E0E916F10442
:10FFE00069F0CE01855B9F4F0E94886FEFEFEE1A9C
:10FFF000FE0AF301619371933F01E9CF0B301105C4
:020000022000DC
:1000000079F10C30110509F444C00A30110509F0EA
:100010004AC0CE0101960E94BB29CE018F5B9F4F43
:100020000E94E5B22B96EEACFFAC2B97C12C22962A
:100030000FAD229723961FAD239724962FAD2497BB
:1000400025963FAD259726964FAD269727965FAD0F
:10005000279728966FAD289729967FAD299718CFB7
:10006000CE0101960E94BB2923968FAD2397982F2E
:100070009F7049F09230B1F6653608F064E6279635
:100080006FAF2797CFCF807F826023968FAF239764
:10009000F3CFCE0101960E94BB29CE018F5B9F4F0B
:1000A0000E94ABB2BFCF81E090E0D11002C090E0DF
:1000B00080E08E0D9F1D8230910509F441C06CF4E3
:1000C000019799F162EE72E387E191E10F94773540
:1000D00087E191E10F947834A5CF8330910509F43D
:1000E0004BC0049779F71BA109A1CE0101960E948C
:1000F000BB2923968FAD2397807F826023968FAF95
:10010000239728966FAF289729968FAD299770FB74
:1001100080F929968FAF299727960FAF27972696B4
:100120001FAF26976DA17EA1B8CF88E0FE01319662
:10013000DE01AF5BBF4F01900D928A95E1F772CF60
:1001400019A1CE0101960E94BB2923968FAD23975A
:10015000807F836023968FAF239728966FAF289771
:1001600029968FAD299770FB80F929968FAF299733
:1001700027961FAF279756CF1BA109A1CE01019645
:100180000E94BB2923968FAD2397807F82602396A0
:100190008FAF239728966FAF289729968FAD299711
:1001A00070FB80F929968FAF299727960FAF279775
:1001B00026961FAF269736CF60E0CE018F5B9F4F0C
:1001C0000E94062729A33AA34BA35CA36DA37EA399
:1001D0008FA398A7CE0101967C0110E000E02D9638
:1001E0008EAD9FAD2D97892B79F00430110591F0DC
:1001F000CE01855B9F4F0E94886F0F5F1F4FF701F5
:10020000619371937F01EBCF03301105E1F004306E
:10021000110569F59F812D813B81498123968FAD21
:100220002397807F856023968FAF239728964FAFC3
:10023000289727963FAF279726962FAF2697299680
:100240009FAF299714C09D812B81398123968FAD53
:100250002397807F846023968FAF239728963FAFA4
:10026000289727962FAF279726969FAF26972B96EE
:10027000EEACFFAC2B97CC24C394D9CECE01855BDA
:100280009F4F0E94506E29833A834B835C836D831A
:100290007E838F8398876E2DCE0101960E9406275C
:1002A000602FCE0101960E94E4262B96EEACFFACA7
:1002B0002B97C12C09811A812B813C814D815E8154
:1002C0006F817885E5CD90E080E050CD883008F0F2
:1002D00051C0E82FF0E0EE0FFF1FE95FFD4F718383
:1002E00060838150873058F5E82FF0E08827E45884
:1002F000FE4F8E4F0D94966BA90163014D033F0194
:100300008502D700B70280916900836080936900FD
:10031000E89A0895809169008C6080936900E99A59
:10032000089580916900806380936900EA9A089536
:1003300080916900806C80936900EB9A08958091A8
:100340006A00836080936A00EC9A089580916A0045
:100350008C6080936A00ED9A089580916A008063B2
:1003600080936A00EE9A089580916A00806C809371
:100370006A00EF9A089590913C0F891768F490E015
:10038000880F991F2091C10F3091C20F820F931FC8
:10039000FC018081918108958FEF9FEF08950F9365
:1003A0001F93CF93DF93EC01209701F10A811B810A
:1003B000888583FD06C08E819F81009711F00F9480
:1003C000CF0188858F70843031F489859A850097B4
:1003D00011F00F94F63B88819981009711F00F94EA
:1003E000F63BCE010F942F62E801DECFDF91CF9173
:1003F0001F910F910895EF92FF920F931F93CF9348
:10040000DF9341155105C1F0EA017B018C01888120
:100410009981009711F00F94F63BC7010F94253C8A
:1004200099838883BE01C801DF91CF911F910F91FD
:10043000FF90EF900C94CBFBDF91CF911F910F9128
:10044000FF90EF900895CF92DF92EF92FF920F937B
:100450001F93CF93DF93EC018B0169017A010F9415
:10046000A63D009739F022E0FC012087C186D286A4
:10047000E386F486AC01B801CE01DF91CF911F91E4
:100480000F91FF90EF90DF90CF900D94FB01CF92F2
:10049000DF92EF92FF920F931F93CF93DF93EC01C4
:1004A0008B0169017A010F94A63D009739F023E092
:1004B000FC012087C186D286E386F486AC01B801B0
:1004C000CE01DF91CF911F910F91FF90EF90DF90C0
:1004D000CF900D94FB018CBD9DBD0895EF92FF92CE
:1004E0000F931F93CF93DF9300D01F92CDB7DEB74A
:1004F00010922A0E02967C0110E000E0F701819133
:100500007F014AE0BE016F5F7F4F90E00F94486427
:1005100040E150E0BE016F5F7F4F8AE29EE00F94A2
:1005200007700330110531F061E276E08AE29EE067
:100530000F94E16F0F5F1F4F04301105F9F68AE247
:100540009EE00F900F900F900F90DF91CF911F9131
:100550000F91FF90EF9008951092290E1092280E9F
:100560001092270E1092260E0F942C508FE792E0D7
:100570009093250E8093240E8DEE90E09093230EA1
:100580008093220E08950F931F93CF93DF938C01D6
:100590000F94A63DEC01892B71F0C8010F94683CC3
:1005A000BE01C8010E94E2F2019629F4CE010F9427
:1005B000CF01D0E0C0E0CE01DF91CF911F910F912C
:1005C000089520E3FC0120833296862F82958F7058
:1005D0006F706A3030F4605D6293682F8111F5CFDF
:1005E0000895695CF9CF0F931F93CF93DF93009722
:1005F00039F490E080E0DF91CF911F910F91089541
:10060000EC0180916D1090916E10009711F00F9495
:100610002F62FE0101900020E9F7CF018C1B9D0B9A
:1006200006960F9493618C0190936E1080936D10D9
:100630000097F9F2BE010F940070FE0101900020B6
:10064000E9F73197CF018C1B9D0B61E776E0800FB6
:10065000911F0F94007081E090E0CDCFCF92DF9298
:10066000EF92FF920F931F93CF93DF936C01EB01F7
:100670007A0189010F949F41882331F180E591E04F
:100680000F946B0246E050E061EF70E189E090E08A
:100690000F94543FC60102960F948941C7010296F8
:1006A0000F949741C80102960F9490410F949E4178
:1006B0008A819B81AC81BD818093000F9093010F53
:1006C000A093020FB093030FDF91CF911F910F9171
:1006D000FF90EF90DF90CF900895CF92DF92EF924E
:1006E000FF92CF93DF93CDB7DEB768970FB6F8943C
:1006F000DEBF0FBECDBFFA0121E135E03A83298389
:100700005FEF5B835C835D831E8238872F83C280AB
:10071000D380E480F580C986DA86EB86FC863E8746
:100720002D87FB0142815381648175814F87588BEE
:10073000698B7A8B3C8B2B8BFC0182819381A4810A
:10074000B5818D8B9E8BAF8BB88F9E012F5F3F4FF6
:10075000AE01495F5F4FBE01635F7F4FCE0143969D
:100760000F942E0368960FB6F894DEBF0FBECDBF70
:10077000DF91CF91FF90EF90DF90CF9008950F938E
:100780001F93CF93DF93CDB7DEB768970FB6F8947A
:10079000DEBF0FBECDBFFB01DC0112964D915D9116
:1007A0006D917C9115974D8B5E8B6F8B788F81E16E
:1007B00095E09A83898321E0288F0D891E892F89EE
:1007C000388D0B831C832D833E8398878F83028112
:1007D00013812481358109871A872B873C879E875F
:1007E0008D874F87588B698B7A8BAE014F5F5F4F38
:1007F000BE01695F7F4FCE010D960F946D03689621
:100800000FB6F894DEBF0FBECDBFDF91CF911F9121
:100810000F910895CF93DF93CDB7DEB762970FB6F0
:10082000F894DEBF0FBECDBFFC0182819381A4810D
:10083000B5818F87988BA98BBA8B21E135E03A83FC
:10084000298341E04A8B4F85588969897A894B838E
:100850005C836D837E8338872F8389879A87AB87F4
:10086000BC87BE016F5F7F4FCE0107960F94BF0319
:1008700062960FB6F894DEBF0FBECDBFDF91CF9169
:100880000895EF92FF920F931F93CF93DF93CDB70D
:10089000DEB7C054D1090FB6F894DEBF0FBECDBF8E
:1008A0007C010E9408F6282F882329F1F701019086
:1008B0000020E9F731978F010E191F0981E3898321
:1008C00082E0800F8A831B820C834BE350E0B701E8
:1008D000CE0105960F942570A80155274C5F5F4FF8
:1008E000BE016F5F7F4F80E19FE00F94F32C21E00A
:1008F000892B09F420E0822FC05CDF4F0FB6F894FB
:10090000DEBF0FBECDBFDF91CF911F910F91FF9042
:10091000EF9008950F931F93CF93DF93EC0100970F
:1009200039F490E080E0DF91CF911F910F9108950D
:1009300028852F708C01253029F40E811F81011527
:10094000110579F360ED7BE0C8010E94EAF5892B7F
:1009500041F767E870E38EEB91E10F94773568819A
:1009600079818EEB91E10F9420358EEB91E10F941C
:10097000783420E030E0A90160ED7BE0C8010F94FD
:10098000230260ED7BE0C8010E94EAF5009749F27E
:10099000FC0120852062208781E090E0C4CF009791
:1009A000A1F0FC0120852F70253011F486819781FC
:1009B00060ED7BE00E94EAF5009739F0FC012085AC
:1009C0002F70223011F090E080E00895DF92EF92D6
:1009D000FF920F931F93CF93DF93EC01892B49F183
:1009E00089859A85AB85BC850097A105B10509F17C
:1009F0008A01262F2170D22EFC01EA5BFF4F7F0176
:100A00006130710529F42081211102C00F9424372F
:100A1000F701D0820F3F100761F0B80189859A85F0
:100A2000DF91CF911F910F91FF90EF90DF900D9488
:100A3000E536DF91CF911F910F91FF90EF90DF90FE
:100A400008958F929F92AF92BF92CF92DF92EF92D2
:100A5000FF920F931F93CF93DF93CDB7DEB76097CD
:100A60000FB6F894DEBF0FBECDBF7C019091D30DC1
:100A7000992351F108E0933309F404E06B0180E518
:100A800091E00F946B029E012F5F3F4F5901490186
:100A900010E0812F0F941540F40181934F018823BA
:100AA000D9F01F5F0113F5CF00E0F50181915F01DF
:100AB0008D3161F0883151F08A51823038F00F5F0A
:100AC0001013F3CF0F949E4118E08AC060E170E0EC
:100AD000802F0F947340102FA12EB12CF501EE0F33
:100AE000FF1FED53F24F1182108283EE93E00197C6
:100AF000F1F742E870E060E0812F0F9456404FEF2D
:100B000062E070E0812F0F945640B601C114D10409
:100B100091F4809101029091020201968115F0EC0E
:100B20009F0708F471C090930202809301026091C4
:100B3000010270910202812F0F94404086E0E7EF9E
:100B4000F2E0DE01199601900D928A95E1F7F70126
:100B500083818F778C8784818D8785818E87A7019C
:100B60004E5F5F4F24E030E06CE070E0812F0F9427
:100B70001940B601812F0F942A4026E030E0AE01E3
:100B8000475F5F4F66E070E0812F0F94194061E08E
:100B900070E0812F0F94734027E02A9DC0012B9DA8
:100BA000900D11249C012557324F7901F9011182D2
:100BB000108222E030E0AE01415F5F4F68E270E0FA
:100BC000812F0F9483408F859889982789279827AC
:100BD000F701938382831682158214820F949E41BB
:100BE000812F60960FB6F894DEBF0FBECDBFDF91A8
:100BF000CF911F910F91FF90EF90DF90CF90BF901A
:100C0000AF909F908F90089580E090EC8CCF8150B2
:100C1000823108F05AC0E82FF0E08827ED5EF94FE6
:100C20008E4F0D94966B5703E1005302F900430376
:100C300001045101DF02C3020903D902BF00FD0212
:100C4000F70101049301A9023904809180008F7794
:100C5000809380000895809180008F7DF9CF8091EE
:100C60008000877FF5CF84B58F7784BD089584B5E4
:100C70008F7DFBCF8091B0008F778093B000089577
:100C80008091B0008F7DF9CF809190008F77809315
:100C900090000895809190008F7DF9CF8091900011
:100CA000877FF5CF8091A0008F778093A000089573
:100CB0008091A0008F7DF9CF8091A000877FF5CF34
:100CC000809120018F7780932001089580912001E9
:100CD0008F7DF9CF80912001877FF5CF1F93CF9330
:100CE000DF93282F30E0F901EF5BFF4C8491F9018D
:100CF000E550F04DD491F901EB54F04DC491CC2363
:100D0000A9F0162F81110F940706EC2FF0E0EE0FDB
:100D1000FF1FE556F04DA591B4918FB7F894EC9173
:100D2000111108C0D095DE23DC938FBFDF91CF91E6
:100D30001F910895DE2BF8CFCF93DF9390E0FC0155
:100D4000E550F04D24918B54904DFC018491882303
:100D5000C9F090E0880F991FFC01EF57F04DA59165
:100D6000B491FC01E556F04DC591D49161110DC0CF
:100D70009FB7F8948C91209582238C9388812823A7
:100D800028839FBFDF91CF910895623051F49FB7C0
:100D9000F8943C91822F809583238C93E8812E2BAD
:100DA000EFCF8FB7F894EC912E2B2C938FBFEACF17
:100DB0001F93CF93DF93182FEB0161E00F949C06F4
:100DC000209739F460E0812FDF91CF911F910D942E
:100DD0006E06CF3FD10511F461E0F5CFE12FF0E0D1
:100DE000EF5BFF4CE491E150E23108F0B3C0F0E07A
:100DF0008827E250F94F8E4F0D94966BE10347041C
:100E00006702D5000302D503FB0071032D04F50230
:100E100005016701FF00B900D5032504A102B30253
:100E200084B5806884BDC7BDDF91CF911F910895BF
:100E300084B5806284BDC8BDF7CF80918000806892
:100E400080938000D0938900C0938800EDCF80917B
:100E50008000806280938000D0938B00C0938A00D2
:100E6000E3CF80918000886080938000D0938D00D4
:100E7000C0938C00D9CF8091B00080688093B0007F
:100E8000C093B300D1CF8091B00080628093B00056
:100E9000C093B400C9CF8091900080688093900087
:100EA000D0939900C0939800BFCF8091900080624A
:100EB00080939000D0939B00C0939A00B5CF80910F
:100EC0009000886080939000D0939D00C0939C0018
:100ED000ABCF8091A00080688093A0008091A0009B
:100EE0008F7B8093A000D093A900C093A8009CCFD3
:100EF0008091A00080628093A000D093AB00C0934B
:100F0000AA0092CF8091A00088608093A000D09327
:100F1000AD00C093AC0088CF8091200180688093A1
:100F20002001D0932901C09328017ECF8091200118
:100F3000806280932001D0932B01C0932A0174CF4B
:100F400080912001886080932001D0932D01C0936F
:100F50002C016ACFC038D1050CF03ECF33CF863399
:100F600008F0865320917B00982F9870277F922B52
:100F700090937B008770806480937C0080917A00DE
:100F8000806480937A0080917A0086FDFCCF809106
:100F900078009091790008953FB7F8948091870D7B
:100FA0009091880DA091890DB0918A0D26B5A89BCE
:100FB00005C02F3F19F00196A11DB11D3FBFBA2FEB
:100FC000A92F982F8827BC01CD01620F711D811DAB
:100FD000911D42E0660F771F881F991F4A95D1F730
:100FE00008958F929F92AF92BF92CF92DF92EF922D
:100FF000FF920F931F93CF93DF93D091260ED132A0
:1010000008F0D7C0182FC091210E0F94CC076B01A8
:101010007C018091FA0D81116BC082E08093FA0D02
:101020001093F90D8FEF8093F80D1092F70DD09378
:10103000F60DA1E0BEE0E6EDFDE080E0D81391C042
:101040001092D50D8091D50DCC0FC82BC093D50D26
:101050008091D40D813009F088C01092D40D0F9486
:10106000CC076B017C018091D50D8093BB008091F2
:10107000FC0D9091FD0DA091FE0DB091FF0D892BFF
:101080008A2B8B2BA1F00F94CC070091FC0D1091B3
:10109000FD0D2091FE0D3091FF0D6C197D098E091B
:1010A0009F09061717072807390708F442C08091DF
:1010B000BC0083FDD8CF85EC8093BC000F94CC0797
:1010C0006B017C018091FA0D823009F450C080914F
:1010D000F80D8F3F09F46FC08091F80D803209F44C
:1010E0006CC08091F80D803309F469C084E026C09B
:1010F0008091FC0D9091FD0DA091FE0DB091FF0D22
:10110000892B8A2B8B2B09F484CF0F94CC078090EA
:10111000FC0D9090FD0DA090FE0DB090FF0D6C1990
:101120007D098E099F0986169706A806B90608F05C
:1011300070CF8091FB0D0F944A5085E01092270EDE
:101140001092260E1092000EDF91CF911F910F91F9
:10115000FF90EF90DF90CF90BF90AF909F908F90D7
:1011600008959D9191938F5F69CF85EEA5CF809172
:10117000FC0D9091FD0DA091FE0DB091FF0D892BFE
:101180008A2B8B2B09F49ECF0F94CC070091FC0D7A
:101190001091FD0D2091FE0D3091FF0D6C197D0910
:1011A0008E099F09061717072807390708F08ACF05
:1011B000C0CF81E0C3CF80E0C1CF82E0BFCF83E06A
:1011C000BDCF81E00D94F1078F929F92AF92BF92B5
:1011D000CF92DF92EF92FF926B017C010F94CC07CC
:1011E0004B015C01C114D104E104F104B9F00F9486
:1011F000CC07681979098A099B09683E7340810503
:10120000910580F321E0C21AD108E108F10888EEC7
:10121000880E83E0981EA11CB11CE4CFFF90EF90D4
:10122000DF90CF90BF90AF909F908F9008952FB791
:10123000F8946091830D7091840D8091850D90914B
:10124000860D2FBF0895EF92FF920F931F93CF93B8
:10125000DF9300D01F92CDB7DEB7FA0120E08E01F8
:101260000F5F1F4F9E2F9F77EE0FEF2FEE1FFF0B8D
:10127000F195309709F09068D801A20FB11D9C93A9
:101280002F5F309779F730E0FB01E21BF30B84838B
:10129000FB01E21BF30B3596D801CD01801B910BAE
:1012A000821793071CF48D918193F7CF2F5F3F4FE7
:1012B0008091140F9091150F8901040F151F621B67
:1012C000730B6B5F7F4FDC01ED91FC910280F3812A
:1012D000E02DA80119957C010F9417096093200F48
:1012E0007093210F8093220F9093230F81E00E15AE
:1012F0001F0509F080E00F900F900F900F90DF9185
:10130000CF911F910F91FF90EF900895AF92BF92F0
:10131000CF92DF92FF920F931F93CF93DF936C01D5
:10132000EB018A01F22E0E9408F6882309F442C0DC
:10133000A090180FB090190FB501C6010F94166454
:101340009801295F3F4F820F931FA816B90690F1AD
:101350006091160F7091170F45E050E0C6010E9492
:1013600040F6AC019E01200F311FFE01EC01CE1BA7
:10137000DF0BDE01AE0FBF1F6091160F7091170FCC
:10138000E217F30729F08191A60FB71F8C93F1CFD5
:101390000550110980E3F11081E3400F511FDF91E7
:1013A000CF911F910F91FF90DF90CF90BF90AF90A2
:1013B0000D94230980E0DF91CF911F910F91FF9051
:1013C000DF90CF90BF90AF900895FF920F931F933F
:1013D000CF93DF938C01EB01F42E90E080E0209717
:1013E00039F06091180F7091190FCE010F941664A7
:1013F0002F2DAC01BE01C801DF91CF911F910F913C
:10140000FF900D9486090F931F93CF93DF938C0168
:10141000EB0190E080E0209739F06091180F709117
:10142000190FCE010F94166420E0AC01BE01C80173
:10143000DF91CF911F910F910D9486090F931F9308
:10144000CF93DF93EC010091180F1091190FB801A1
:101450000F941664099608171907E8F10E9408F618
:101460008823C9F180911E0F90911F0F019681F181
:1014700090931F0F80931E0FE091160FF091170F9E
:1014800080911F0F8583E091160FF091170F8091C7
:101490001E0F86836091160F7091170F47E050E082
:1014A000CE010E9440F6E091160FF091170FE80F61
:1014B000F91F1082AC01445051096091160F7091D0
:1014C000170F82E8DF91CF911F910F910D9423099F
:1014D00081E090E0CDCF80E0DF91CF911F910F911F
:1014E00008958F929F92AF92BF92DF92EF92FF92F8
:1014F0000F931F93CF93DF93CDB7DEB7DA950FB677
:10150000F894DEBF0FBECDBFD82E80913B0F8983EC
:10151000DA828FEF8D0D8430C8F580913D0F909168
:101520003E0F9B838C8380913F0F9091400F9D8352
:101530008E83E6E02E2F30E042E04E0F81E08E0FEA
:1015400090E08E010F5F1F4F55E0D51639F1A6E0F0
:10155000DA1691F17801D8018FEF9FEFB02E2A2F84
:10156000201B2E1770F52D91822728E030E0AC016A
:101570004170552796958795452B21F0F1E08F27EF
:10158000F0EA9F272150310991F7E9CF8091C30FED
:101590009091C40F9B838C83E4E0CCCF5091C50F16
:1015A0006091C60F200F311FF9016083800F911FDA
:1015B000DC015C93E42FCECF5091C70F6091C80F30
:1015C000F1CFD801AE0FB11D8C9322E0A22EAE0E4A
:1015D000EF5FE00FF12FF11D9083F801EA0DF11D8F
:1015E00010828091390F90913A0FDC01ED91FC91BE
:1015F0000284F385E02D1995019699F7E091521038
:10160000F0915310309709F019958091390F90910E
:101610003A0FDC01ED91FC912E2D2B192A1540F487
:10162000D7016D917D010190F081E02D1995EDCFED
:101630000680F781E02D1995E0915410F091551036
:10164000309709F019950F9417094B015C01E12CB3
:1016500088E0F82E8091390F90913A0FDC01ED91DE
:10166000FC910084F185E02D1995892B09F43FC088
:101670008091390F90913A0FDC01ED91FC91028439
:10168000F385E02D199590913B0F891719F0EE2005
:1016900009F48EC0F801EE0DF11D8083FA94E394F5
:1016A000B5E0EB1285C0EA818E2F8F77D81221C169
:1016B000E7FF5CC08B818823A1F110924910109242
:1016C0004B1010924A1010924E10D3950FB6F8940A
:1016D000DEBF0FBECDBFDF91CF911F910F91FF9065
:1016E000EF90DF90BF90AF909F908F900895E09122
:1016F0005010F0915110309799F219958091390F4F
:1017000090913A0FDC01ED91FC910084F185E02D80
:101710001995892B29F2F1109DCFF4E0FE1508F000
:101720005BC02FEF3FEFE0E08E2D90E0AC01425028
:1017300051096E2F70E0641775070CF085C0600FBB
:10174000711FDB016C91262768E070E0D901A17060
:10175000BB2736952795AB2B21F0B1E02B27B0EABC
:101760003B276150710991F7EF5FE3CFE150E7311B
:10177000F8F4F0E08827E054F44F8E4F0D94966B08
:10178000E702E702E702E702450145016102610263
:10179000610261026102610261026102450145016B
:1017A000610261026102610261024B02E702FB8099
:1017B0000F941709681979098A099B09613D7740D7
:1017C0008105910508F4A7CF82EE77CFB5E0FB2E17
:1017D000EFCFA3E0FA2EECCF8A81853038F4833046
:1017E00038F4813008F03FC080E067CF8731E1F7FF
:1017F0006B8170E075956795A091C10FB091C20F94
:1018000020E0422F50E04617570774F780913C0FB5
:101810002817B0F4CA010296880F991F440F551F6C
:101820007D01E40EF51EAE01480F591FFA0130810B
:10183000800F911FFC018081932FF701918380839A
:1018400020934F102F5FDDCF400F511FFA014081D1
:10185000421307C08C0F9D1FDC018C91831709F484
:10186000BBCF83EE2ACFFB806F2D70E07595679517
:101870004091C10F5091C20F20E0822F90E0861757
:10188000970704F530913C0F2317C0F4880F991F78
:10189000DA01A80FB91F05E010E00C0F1D1F080F9B
:1018A000191FF8013081E4E0F0E0EC0FFD1F8E0F0E
:1018B0009F1FFC018081932F8D939C9320934F1049
:1018C0002F5FDBCFF0FE90CF30913C0F231768F4F1
:1018D000880F991F480F591F8C0F9D1FDC0114960C
:1018E0008C9190E0FA01918380832F5F20934F10B9
:1018F0007BCF81EEE2CE8F929F92AF92BF92CF923A
:10190000DF92EF92FF920F931F93CF93DF93CDB7A8
:10191000DEB7C054D1400FB6F894DEBF0FBECDBFC6
:101920008C010F941709F801C184D284E384F484F4
:101930009B01AC012C193D094E095F0969017A012F
:1019400030EDC31637E0D306E104F104A8F4818931
:10195000C05CDE4F0FB6F894DEBF0FBECDBFDF9187
:10196000CF911F910F91FF90EF90DF90CF90BF909C
:10197000AF909F908F900895618772878387948737
:101980001482138212821182108262E085810F9488
:101990009C0661E070E080E090E00F94E40861E074
:1019A000F80185810F949C0660E0F80185810F9411
:1019B0006E06F80186818551823028F58BE291E12F
:1019C0000197F1F762E0F80185810F949C06F80118
:1019D000828990E08230910538F0880F991F880F36
:1019E000991F05970197F1F7F89460E0C8010F94EB
:1019F000ED396F3F7F4F8F4F9F4F61F4F801118A90
:101A0000789480E0A5CF64E170E080E090E00F94EE
:101A1000E408D8CF61E0C8010F94ED396F3F7F4FE4
:101A20008F4F9F4F59F39E012F5F3F4F79015E010A
:101A30003FEBA31A3EEFB30A670160E0C8010F94C1
:101A4000ED39F601608371838283938361E0C8017D
:101A50000F94ED39F6016483758386839783F8E0EC
:101A6000CF0ED11CCA14DB0441F7789430E020E09B
:101A7000F70180809180A280B38044815581668186
:101A80007781FFEF8F169F06AF06BF0631F04F3FFD
:101A90008FEF58076807780719F4F801118AB1CF5A
:101AA000F90183E0F595E7958A95E1F7E00FF11FDD
:101AB0008081880F84169506A606B706F0F080830D
:101AC0002F5F3F4FF8E0EF0EF11C2832310581F611
:101AD000F801448120818181280F3327331F8281BF
:101AE000280F311D8381820F932F911D992748174D
:101AF000190699F681E0818B2BCF8160E0CF8F9220
:101B00009F92AF92BF92CF92DF92EF92FF92CF93CC
:101B1000DF93EC010F9417094B015C018091140FC6
:101B20009091150FDC01ED91FC910084F185E02D81
:101B30001995892BB9F40F9417096B017C01C8180A
:101B4000D908EA08FB0820911C0F30911D0FA8EE60
:101B5000B3E00F945F6BC616D706E806F906F0F2FD
:101B600080E00DC08091140F9091150FDC01ED9174
:101B7000FC910284F385E02D1995888381E0DF9143
:101B8000CF91FF90EF90DF90CF90BF90AF909F905C
:101B90008F9008952F923F924F925F926F927F9213
:101BA0008F929F92AF92BF92CF92DF92EF92FF926D
:101BB0000F931F93CF93DF9300D000D000D01F92DC
:101BC000CDB7DEB71C018091160F9091170F0F94BF
:101BD0007F0D81111CC060E070E0CB012A960FB62A
:101BE000F894DEBF0FBECDBFDF91CF911F910F9153
:101BF000FF90EF90DF90CF90BF90AF909F908F902D
:101C00007F906F905F904F903F902F900895E0915C
:101C1000160FF091170FD0801982EE24E394F12C67
:101C2000812C912C5401412C512C32014394CE0132
:101C300001960F947F0D882371F287010F5F1F4F6C
:101C40008981E091160FF091170FEE0DFF1D808333
:101C5000E981AE2FAF77B0E0A30192010F944C6BF6
:101C6000860E971EA81EB91E37E0440C551C661C34
:101C7000771C3A95D1F7E7FD3FC0BD2DB07FBE83FD
:101C80008FEF800FF1018083B03309F04CC0809159
:101C9000160F9091170F800F911F0F947F0D8823BF
:101CA00009F499CF2091160F3091170FC7010296B2
:101CB000820F931F0F947F0D882309F48CCF0E5F42
:101CC0001F4FE091160FF091170FD1018C91DF019A
:101CD000A80FB11D11968C91119790E0982F88272D
:101CE00012962C91820F911D208121FD0296F2E027
:101CF000E0E030E020E01DC078010530110509F07A
:101D000096CF8FEF9FEF9093380F8093370F80918E
:101D1000140F9091150FDC01ED91FC910488F58969
:101D2000E02D199558CFF0E0E0E030E020E090E0C1
:101D300080E070E060E0CF2EDE2EE32EF22E280150
:101D40003B014C185D086E087F084A825B826C82FA
:101D50007D822C01712C612C4F82588669867A868F
:101D60004A805B806C807D804C0C5D1C6E1C7F1CEF
:101D7000C814D904EA04FB0408F046C0CE01019659
:101D80000F947F0D882309F426CF8091350F909111
:101D9000360F009711F12E812033F9F4D1012C91E7
:101DA0004EEF5FEF6FEF7FEF421B51096109710941
:101DB000440E551E661E771E2F81388549855A852B
:101DC000241535054605570540F4DC01ED91FC91DD
:101DD0000190F081E02D698119958091180F909103
:101DE000190F0817190750F48981E091160FF09127
:101DF000170FE00FF11F80830F5F1F4FBFEFCB1A4C
:101E0000DB0AEB0AFB0AACCF8091350F9091360FBD
:101E1000892B69F48091180F9091190FB0E0A0E020
:101E200084159505A605B70510F410E000E0B8018B
:101E300090E080E0D3CE2F923F924F925F926F92CC
:101E40007F928F929F92AF92BF92CF92DF92EF924A
:101E5000FF920F931F93CF93DF931F92CDB7DEB7FF
:101E60000E9408F6B82E882309F431C10F9417098F
:101E70006B017C0120911A0F30911B0FA8EEB3E08B
:101E80000F945F6B0091240F1091250F2091260F66
:101E90003091270F36014701601A710A820A930AAE
:101EA000940183016017710782079307B0F00091D6
:101EB000200F1091210F2091220F3091230F360116
:101EC0004701601A710A820A930A9401830160171C
:101ED00071078207930708F046C08091280F882376
:101EE00099F08CEF9FEF9093380F8093370F80918C
:101EF000140F9091150FDC01ED91FC910488F58988
:101F0000E02D1995B12CE3C0E091160FF091170F59
:101F100080EC8083E091160FF091170F1182809171
:101F2000140F9091150F6091160F7091170FDC012F
:101F3000ED91FC910280F381E02D42E050E0199593
:101F4000C092200FD092210FE092220FF092230F27
:101F5000C092240FD092250FE092260FF092270F07
:101F600081E08093280F8091140F9091150FDC0170
:101F7000ED91FC910084F185E02D1995892B09F4F0
:101F8000A6C0CE0101960F94CA0D2B01672B09F450
:101F9000E6C0C092240FD092250FE092260FF09257
:101FA000270FE091160FF091170F8081807F80330B
:101FB00009F0B4C08091290F90912A0F892B09F460
:101FC00086C0498150E0CA0102968E0F9F1FDF0133
:101FD000A40FB51F11960C9110E0102F0027DC0103
:101FE0006C91060F111D4D5F5F4FBF01640F751F90
:101FF000A8010F94BC6FE9818091160F9091170F83
:10200000800F911FE80FF92FF11D1282E091160F3A
:10201000F091170F298130E0C90102968E0F9F1FA2
:1020200040814670A42E8090290F90902A0FB2E034
:102030004B1362C0B801620F731FDF01A60FB71FF9
:1020400013964C91139750E0542F442714962C90DC
:10205000240E352E311C4BEF5FEF421B530B401B00
:10206000510B440D551D6B5F7F4F6E0F7F1FF401A9
:102070001995E091160FF091170F80E48083E0919D
:10208000160FF091170FA182E091160FF091170F24
:102090003282E091160FF091170F23828091140F76
:1020A0009091150F6091160F7091170FDC01ED9153
:1020B000FC910280F381E02D44E050E01995C0923C
:1020C000200FD092210FE092220FF092230F8B2D40
:1020D0000F90DF91CF911F910F91FF90EF90DF90C4
:1020E000CF90BF90AF909F908F907F906F905F90B8
:1020F0004F903F902F9008954DEF5FEF421B530B91
:10210000401B510B440D551D2D5F3F4F020F131FF8
:10211000BF01600F711FF4011995D9CF803CC9F43C
:1021200080ED8083E091160FF091170F118280915E
:10213000140F9091150F6091160F7091170FDC011D
:10214000ED91FC910280F381E02D42E050E0199581
:10215000BECF803D09F0BBCF1092280FB8CF0E94B0
:1021600008F68111B4CFCECECF93DF93C0E1DFE08C
:10217000EE81FF8180EE8083EE81FF8111828C8170
:102180009D816E817F81DC01ED91FC910280F38164
:10219000E02D42E050E019958FEF9FEF98A78FA3B5
:1021A0008C819D81DC01ED91FC910680F781E02D11
:1021B00019958C819D81DC01ED91FC910488F58954
:1021C000E02D19950F941709688B798B8A8B9B8B5F
:1021D0006C8B7D8B8E8B9F8BDF91CF9108954F926F
:1021E0005F926F927F928F929F92AF92BF92CF92A7
:1021F000DF92EF92FF920F931F93CF93DF93CDB7B0
:10220000DEB763970FB6F894DEBF0FBECDBF7C017B
:102210006B013A01FB0120E090E080E06AE031913F
:10222000332309F461C040ED430F4A3008F04DC03C
:10223000689FA001699F500D1124CA01C097830FA8
:10224000911D37FD9A958F3F910549F340F3F701B2
:102250004281538164817581809157129091581207
:10226000A0915912B0915A12481759076A077B0773
:1022700009F412C28701085F1F4F0F9417096F708E
:1022800077277C5FC8010F941A4A813009F009C290
:1022900081E195E09A838983F70182819381A4810A
:1022A000B5818B839C83AD83BE8345E350E0BE0143
:1022B0006F5F7F4FC8010F94A34A892BA9F5D12CDA
:1022C000C12CC8010F94444717C03E3209F0BFCF5C
:1022D000233009F4BCCFD301A20FB11D12968C9309
:1022E0002F5F90E080E09BCF233009F0B0CFF30167
:1022F0008583CC24C394D12CC60163960FB6F89481
:10230000DEBF0FBECDBFDF91CF911F910F91FF9028
:10231000EF90DF90CF90BF90AF909F908F907F9085
:102320006F905F904F9008950F941709F70177838E
:10233000668342E050E0B7016A5F7F4FC8010F94A7
:10234000384A81E090E09A83898342E050E0BE0100
:102350006F5F7F4FC8010F94384A80E091E09A8305
:10236000898342E050E0BE016F5F7F4FC8010F9448
:10237000384A1A82198242E050E0BE016F5F7F4FF7
:10238000C8010F94384A42E050E0BE016F5F7F4FB2
:10239000C8010F94384A42E050E0BE016F5F7F4FA2
:1023A000C8010F94384A5601F6018081882301F153
:1023B0006501F60181912F01882311F08E32B1F46D
:1023C00046018A189B081814190474F48D8641E09C
:1023D00050E0BE01635F7F4FC8010F94384AA401EB
:1023E000B501C8010F94384A5201DECF6201E1CF36
:1023F0001D8641E050E0BE01635F7F4FC8010F942E
:10240000384AC12CDD24D394DA82C98242E050E0FC
:10241000BE016F5F7F4FC8010F94384ADA82C982CC
:1024200042E050E0BE016F5F7F4FC8010F94384A11
:10243000C8010F94724A892B09F441CFF3E0AF2E03
:10244000B12C230122E0420E511CDDC0F701428174
:10245000538164817581808D918DA28DB38D4817D4
:1024600059076A077B0709F00DC1848D958DC597C3
:1024700009F008C181A192A15DEFC52EDD24DA9497
:102480000C970CF4AEC04CE050E0BE016F5F7F4F84
:10249000C8010F9482448B819C81982789279827B3
:1024A0009A8B898BF7014681578129813A8142179E
:1024B000530709F0ECC097FFEAC08F7092703BEFB2
:1024C000C32EDD24DA94892B09F08BC06F807884C9
:1024D0007624672476242AEFC22EDD24DA94611450
:1024E000710409F47EC0D12CC12C8D819E81982766
:1024F00089279827C816D906F8F441E050E0BE01B4
:10250000635F7F4FC8010F9482444D85442331F0AF
:1025100050E070E060E0C8010F9482448D85811125
:10252000ECCF44E050E070E060E0C8010F948244DA
:10253000FFEFCF1ADF0AD9CF912C812C41E050E078
:10254000BE016D5E7F4FC8010F9482444B89842F7A
:10255000807C09F071C0442331F050E070E060E00D
:10256000C8010F9482448B898111E8CF42E050E08A
:10257000BE01615F7F4FC8010F94824442E050E08A
:10258000BE01635F7F4FC8010F94824444E050E076
:1025900070E060E0C8010F94824442E050E0BE0168
:1025A0006F5E7F4FC8010F9482448F859889498957
:1025B0005A898115914009F048C0CD84DE84DC241D
:1025C000CD24DC2481E0C816D10409F03EC04115B9
:1025D000544009F04EC044E050E0B201C8010F94ED
:1025E00082440E94662161E070E080E090E00F94F8
:1025F000E40821E0A21AB10809F463CEFFEFCF1678
:10260000DF0609F05ECE0F9417093B014C01C801AB
:102610000F94CB44181619060CF418CF0F94170911
:102620006619770988099909693873418105910507
:1026300028F50E946621EBCF41E050E070E060E0B9
:10264000C8010F9482441B8A8ECF542745275427F4
:1026500070E060E0C8010F948244FFEF8F1A9F0A78
:102660006814790409F06ACF96EFC92EDD24DA9454
:10267000B8CFE7EFCE2EDD24DA94B3CFCC24CA94C2
:10268000DC2CAFCF6EEFC62EDD24DA94AACF4CEF50
:10269000C42EDD24DA94A5CF8EEFC82EDD24DA9483
:1026A0002BCED12CC12C28CEEF92FF920F931F93EB
:1026B000CF93DF9300D000D0CDB7DEB77C01FC0113
:1026C00084819581892B09F455C00081118162E2D2
:1026D00070E0C8010F94EC6F009709F44BC09C01A7
:1026E000201B310B890162E2C7010F94D42F17FD23
:1026F00044C0181619060CF040C0A8014F5F5F4F88
:102700009C01B701CE0101960F942932BE016F5F83
:102710007F4F8BEE90E10F947730CE0101960F94AE
:10272000D93169E473E38EEB91E10F9477356BEE69
:1027300070E1CE0101960F940F32BE016F5F7F4FA3
:102740008EEB91E10F9469358EEB91E10F94783423
:10275000CE0101960F94D93181E026960FB6F894F8
:10276000DEBF0FBECDBFDF91CF911F910F91FF90C4
:10277000EF9008950FEF1FEFB6CFB7018BEE90E10A
:102780000F94C231CECF0F931F93CF93DF9300D01E
:1027900000D0CDB7DEB78091E9109091EA10892B77
:1027A00011F480E05CC00E94A3F78823D1F38091EC
:1027B000EF109091F0108097A0F782E70E948EF7BB
:1027C0008091E9109091EA10DC01ED91FC91008874
:1027D000F189E02D60E670E019956BEE70E1809173
:1027E000E9109091EA100F9469358091E910909169
:1027F000EA10DC01ED91FC910190F081E02D60E0A8
:1028000019958C018091E9109091EA10DC01ED910D
:10281000FC910488F589E02D199501151105D9F071
:102820006DE373E38EEB91E10F9477356BEE70E11E
:10283000CE0101960F940F32BE016F5F7F4F8EEB7A
:1028400091E10F9469358EEB91E10F947834CE01CC
:1028500001960F94D93181E0012B09F4A2CF26967D
:102860000FB6F894DEBF0FBECDBFDF91CF911F91A1
:102870000F9108954F925F926F927F92AF92BF92A5
:10288000CF92DF92EF92FF920F931F93CF93DF933C
:10289000CDB7DEB764970FB6F894DEBF0FBECDBFDD
:1028A0008A0179011C8A1B8AFE0133962AE0DF0126
:1028B0001D922A95E9F77627672776277A83698319
:1028C0004230510509F457C06CF44130510509F408
:1028D0005BC080E091E098878F838B818068846003
:1028E0008B8308C0CA010497029798F780E091E0B3
:1028F0009E838D83C0905B10D0905C10D601ED91CB
:10290000FC91A488B58863E072E0CE010D960F9427
:10291000B73549EE54E1BE01635F7F4FC601F50153
:10292000199580915B1090915C10DC01ED91FC9108
:102930000280F381E02D4CE050E0BE016F5F7F4FDD
:1029400019958B899C890C969C8B8B8B0330110578
:1029500009F4D1C13CF50130110509F4FAC1023086
:10296000110509F46CC0BE016F5F7F4FCE01439625
:102970000E94CDF0CCC180E094E098878F8380E006
:1029800091E09C878B87A9CF80E091E09E838D8327
:102990009C878B878C81807F83608C838B81846014
:1029A00080689ECF06301105F4F6809185109091D5
:1029B00086100530110521F08091831090918410CC
:1029C00021E030E0AE014F5F5F4FBE016D5E7F4F93
:1029D0000E9430F01B82198281E00530110509F454
:1029E0008CE08A8381E08C8380915B1090915C10F5
:1029F000DC01ED91FC910280F381E02D4CE050E090
:102A0000BE016F5F7F4F19958B899C890C969C8BBB
:102A10008B8B0F94170921E030E00530110511F080
:102A200030E020E0F9013B96EE0FFF1FEE0FFF1F95
:102A3000E55AFF4E608371838283938368C130E0DF
:102A400020E0AE014F5F5F4FBE016D5E7F4FC7015B
:102A50000E9448F1198281E28A8300E80B8311E029
:102A60001C83412C512C612C48E7742E4D825E82D0
:102A70006F827886E0916D10F0916E10DF010D90FD
:102A80000020E9F7CD018E1B9F0B07969827892719
:102A900098279A87898780915B1090915C10DC0160
:102AA000ED91FC910280F381E02D4AE050E0BE01FF
:102AB0006F5F7F4F19958B899C890A969C8B8B8BB6
:102AC0001C821B821A8219826701BAE0CB0ED11CCC
:102AD000C601880F991FFC01E55AFF4E5F01019066
:102AE000F081E02D808191819827892798279E8306
:102AF0008D8380915B1090915C10DC01ED91FC91D5
:102B00000280F381E02D46E050E0BE016F5F7F4F11
:102B100019958B899C8906969C8B8B8B21E030E0E4
:102B2000AE014F5F5F4FBE016D5E7F4F80916D10B4
:102B300090916E100E9430F030E020E0AE014F5FC7
:102B40005F4FBE016D5E7F4FC7010E9448F1198241
:102B500080E18A830B831C834D825E826F8278863C
:102B600080915B1090915C10DC01ED91FC910280F2
:102B7000F381E02D48E050E0BE016F5F7F4F199573
:102B80008B899C8908969C8B8B8BD501ED91FC9150
:102B90000084F185E02D80915B1090915C1030975E
:102BA00009F074C019821A831B82DC01ED91FC913B
:102BB0000280F381E02D43E050E0BE016F5F7F4F64
:102BC00019958B899C8903969C8B8B8B21E030E037
:102BD000AE014F5F5F4FBE016D5E7F4F83ED9BE0A7
:102BE0000E9430F019828CE08A831B8281E08C8302
:102BF00080E090E0A0E0B8E78D839E83AF83B88744
:102C0000F601EE0FFF1FE55AFF4E0190F081E02D17
:102C10000680F781E02DDF010D900020E9F7CD015E
:102C20008E1B9F0B01969827892798279A8789875B
:102C300080915B1090915C10DC01ED91FC91028021
:102C4000F381E02D4AE050E0BE016F5F7F4F1995A0
:102C50008B899C890A969C8B8B8B21E030E0AE019E
:102C60004F5F5F4FBE016D5E7F4FC7010E9448F10D
:102C700008E710E020E030E0AE014F5F5F4FBE019B
:102C80006D5E7F4FC7010E9464F26DCEDF010D9033
:102C90000020E9F711978D010E1B1F0B302F212FFC
:102CA0003A832983DC01ED91FC910280F381E02DD0
:102CB00042E050E0BE016F5F7F4F19958B899C8980
:102CC00002969C8B8B8B80915B1090915C10D50150
:102CD000ED91FC9160857185DC01ED91FC910280A4
:102CE000F381E02DA80119958B899C89080F191F84
:102CF0001C8B0B8B6BCF00E010E09801AE014F5F97
:102D00005F4FBE016D5E7F4FC7010E9464F28091EC
:102D10005B1090915C10DC01ED91FC91008CF18DC9
:102D2000E02D199581E090E064960FB6F894DEBF2F
:102D30000FBECDBFDF91CF911F910F91FF90EF900C
:102D4000DF90CF90BF90AF907F906F905F904F904B
:102D5000089521E030E0AE014F5F5F4FBE016D5E30
:102D60007F4F80916D1090916E100E9430F01B8209
:102D700019828CE18A8381E08C8380915B10909131
:102D80005C10DC01ED91FC910280F381E02D44E0C8
:102D900050E0BE016F5F7F4F19958B899C89049627
:102DA0009C8B8B8BE0CDEF92FF920F931F93CF9371
:102DB000DF9300D000D0CDB7DEB78C0180919910A1
:102DC00090919A10892B09F10115110569F0F8010C
:102DD00001900020E9F731970E171F0720F4319773
:102DE00081818E32C9F71182E0909910F0909A108B
:102DF0006115710509F1CE0101960F94B735BE0139
:102E00006F5F7F4FC801F7011995809183109091F2
:102E100084100F942F6210928410109283102696C3
:102E20000FB6F894DEBF0FBECDBFDF91CF911F91DB
:102E30000F91FF90EF90089581E195E09A83898347
:102E40008091331290913412A0913512B0913612C4
:102E50008B839C83AD83BE83D2CF2F923F924F92C0
:102E60005F926F927F928F929F92AF92BF92CF921A
:102E7000DF92EF92FF920F931F93CF93DF93CDB723
:102E8000DEB7C35DD1090FB6F894DEBF0FBECDBF6C
:102E90000F941709C154DF4F688379838A839B831A
:102EA000CF5BD040FE01E558FF4F8AE0DF011D9265
:102EB0008A95E9F7C755DF4F19821882C95AD04061
:102EC00080915B1090915C10DC01ED91FC91028C83
:102ED000F38DE02D19958C01009789F00F94936183
:102EE0003C0180915B1090915C10DC01ED91FC91B4
:102EF0006114710491F40680F781E02D1995C55590
:102F0000DF4F1882CB5AD040C754DF4F1882198246
:102F10001A821B82C95BD04052C0048CF58DE02D13
:102F2000A801B30119951E01BFE62B0E311C8CE0E0
:102F3000F301D10101900D928A95E1F7F1018081B1
:102F400091819827892798279C0150E040E0C75439
:102F5000DF4F288339834A835B83C95BD0408481F8
:102F60009581B82EA92ECD53DF4FB982A882C35CBC
:102F7000D040A680B780E084F184028513858281E9
:102F8000887F79F480915B1090915C10DC01ED9169
:102F9000FC9102A0F3A1E02D1995893E944109F41A
:102FA00045C0F1018281887F803809F4D9C1C555B7
:102FB000DF4F1882CB5AD040C3010F942F624E01CD
:102FC0002BE7820E911C3BE5A32E30E1B32E750159
:102FD000D12CC12C840177247394D4018D914D019F
:102FE000882311F40D946720C114D10411F00D94BD
:102FF000592060915B1070915C10DB01ED91FC91A8
:1030000000A0F1A1E02DCE010196199530E020E05D
:1030100050E040E0C754DF4F688179818A819B810D
:10302000C95BD0400F943A140D9467200CE010E077
:10303000C555DF4F1882CB5AD040C355DF4F198298
:103040001882CD5AD040C355DF4FA880B980CD5AE1
:10305000D040CD53DF4F28813981C35CD040A216C8
:10306000B30609F4A9CFA0916D10B0916E10B8A36A
:10307000AF8F1FAEFD0101900020E9F73197EA1BE9
:10308000FB0BFA83E98381E08BAB43ED5BE05AA352
:1030900049A321961FAE21972CE130E03C832B837E
:1030A0008CABAFE6EA2EA0E1FA2E2E015FE1450ED1
:1030B000511CDE01DF96CE01C3969E012F5F3F4F6C
:1030C000A201DD24D394F701619171917F01611513
:1030D000710509F4AFC0FB01668177816115710547
:1030E00009F4A8C0FA0175836483FB0101900020F4
:1030F000E9F731975F01A61AB70AF901B582A482F0
:10310000FC01D28212961C9212974E5F5F4F2E5F87
:103110003F4F01961196FFE7EF16F0E1FF0699F693
:10312000F301E00FF11FA080C155DF4FA882CF5AF5
:10313000D040D101AC92C8010196CA2CD12CB1E883
:10314000CB16D1040CF47FC0860D971DFC012081A5
:10315000D1012C930E5F1F4FFE01FF9690E080E09F
:103160003191332349F0231739F0A3E3B0E0AC0FDA
:10317000BD1FA80FB91F1C9201968A30910581F7D7
:10318000C155DF4F2881CF5AD0402150330B203812
:10319000310530F2F301E00FF11F84E0D10101901D
:1031A0000D928A95E1F70C5F1F4FD1014C91139658
:1031B0005C91139712963C9112973F7711962C9140
:1031C000FE01E558FF4F90E080E0FF24F394619109
:1031D0006111A7C0D2016D917C91672B09F4A1C048
:1031E000A3E3B0E0AC0FBD1FA80FB91F6C9166231D
:1031F00009F497C0DC01AA0FBB1FAA24A394B12C29
:10320000AC0EBD1EAA0DBB1D6D917C91672B09F004
:1032100088C0411186C0513009F083C0311181C08E
:10322000009709F075C0213009F091C0DF011197B6
:10323000FC9277C0FA0115821482F901158214827A
:10324000FC0112825FCF8C01C114D10409F498CF24
:103250005601BDE0CB16D1041CF0FCE0AF2EB12C22
:10326000B301600F711FA501C1010F94B36F0A0D67
:103270001B1DCA18DB08FE01E558FF4FCD54DF4F78
:10328000F983E883C35BD0409E012D5C3F4F7901F9
:10329000912C812CCD54DF4FA881B981C35BD040E4
:1032A0008D91CD54DF4FB983A883C35BD04081118A
:1032B00020C0F701F081CF54DF4FF883C15BD040CD
:1032C000FF23B9F0C401880F991F61E070E06C0F13
:1032D0007D1F680F791F9501A101840D951D0E9426
:1032E000A9F1CF54DF4F2881C15BD0408223D701A1
:1032F0008C93BFEF8B1A9B0AEFEFEE1AFE0AFAE0EF
:103300008F16910439F61C141D040CF4A1CF38CF8C
:103310002C3009F48BCF203109F488CF213209F405
:1033200085CF019672E0470E511C8A30910509F055
:103330004ECFC355DF4F88819981CD5AD040019639
:10334000C355DF4F99838883CD5AD0407CCE2C3132
:1033500041F761E0C555DF4F6883CB5AD040E1CFDC
:1033600080915B1090915C10DC01ED91FC9102A0CA
:10337000F3A1E02D1995893E944109F018CE809172
:10338000831090918410892B39F48091851090914D
:103390008610892B09F40BCE8EE1FE013196DF01F8
:1033A0001D928A95E9F7FE968CE0DF01282F1D9289
:1033B0002A95E9F7B496DF011D928A95E9F7C85579
:1033C000DF4F1882C85AD040C955DF4F1882C75AFC
:1033D000D040BA24AB24BA24CD53DF4FE881F98121
:1033E000C35CD040EA0DFB1DCB53DF4FF983E8836C
:1033F000C55CD040FE24EF24FE24EE0DFF1DC75314
:10340000DF4FF983E883C95CD040102701271027DC
:10341000E00FF11FC353DF4FF983E883CD5CD04049
:10342000C354DF4F1882CD5BD0408CE090E0F12C8C
:10343000E12C27E930E02C0F3D1F2E5F3F4FC0539A
:10344000DF4F39832883C05DD0404BE950E04C0FFB
:103450005D1F4E5F5F4FCE52DF4F59834883C25D81
:10346000D040C353DF4FA880B980CD5CD040EA1470
:10347000FB0408F075C5A0918310B09184101097DB
:1034800009F030C2C556DF4F19821882CB59D0409F
:10349000CB55DF4F1882C55AD040C956DF4F19822D
:1034A0001882C759D040A0918510B091861010970E
:1034B00009F432C2C356DF4FB983A883CD59D04037
:1034C000FD0101900020E9F73197EA1BFB0BC7567D
:1034D000DF4FF983E883C959D04021E0CA55DF4F57
:1034E0002883C65AD0409E012D593F4FC555DF4F06
:1034F00039832883CB5AD040AE01415E5F4FC3551C
:10350000DF4F59834883CD5AD0401E015BE8250E1A
:10351000311C59016CE0A60EB11CA101C355DF4F4F
:1035200068817981CD5AD0408E010D5C1F4FDD241A
:10353000D394F901A191B1919F01109779F0F8010D
:10354000B183A083FD0101900020E9F73197EA1BC8
:10355000FB0BDB01ED93FC93FA01D0820E5F1F4F52
:103560006E5F7F4F4F5F5F4F2A153B0511F7FE01DE
:10357000ED55FF4F11821082CE55DF4F1882C25A8F
:10358000D040CF55DF4F1882C15AD040C056DF4FD0
:103590001882C05AD040C156DF4F1882CF59D04050
:1035A00010E050E040E0F301E80FF91FA080CB5499
:1035B000DF4FA882C55BD040E096AFAEE0976C01CC
:1035C0002FEFC21AD20A8A2C912CBA016F5F7F4F5B
:1035D000C155DF4F79836883CF5AD04071E8871691
:1035E00091040CF4C4C1F301EC0DFD1D2081E096A3
:1035F0002FAFE0970296C955DF4F3881C75AD040A8
:103600003111A3C131E0C156DF4F3883CF59D040CB
:1036100031E0CF55DF4F3883C15AD040C855DF4F16
:103620003881C85AD040311199C131E0C056DF4FBE
:103630003883C05AD04031E0CE55DF4F3883C25A6C
:10364000D040DA011296C155DF4FB983A883CF5A13
:10365000D040112309F4CCC2CB54DF4F4881C55B65
:10366000D0404150550B4038510508F467C1CD5347
:10367000DF4FA880B980C35CD0406C0124E0C20E4B
:10368000D11CEA14FB0408F458C3CB53DF4FA880C5
:10369000B980C55CD040EA14FB0440F0C354DF4F4E
:1036A000B880CD5BD040BB2009F45AC42E012FE670
:1036B000420E511C24E0F301E80FF91FD2010190E2
:1036C0000D922A95E1F76C0134E0C30ED11CCB5367
:1036D000DF4FA880B980C55CD040EA14FB0408F035
:1036E000A4C29E0129553F4FC954DF4F3983288317
:1036F000C75BD040AE0145565F4FC553DF4F59837E
:103700004883CB5CD040BE0161567F4FC355DF4F2D
:1037100079836883CD5AD040CE0187559F4FCD54D1
:10372000DF4F99838883C35BD040DE01AF55BF4F25
:10373000CB54DF4FB983A883C55BD040FE01E95667
:10374000FF4FCF54DF4FF983E883C15BD04021E0C6
:1037500030E0C953DF4F39832883C75CD040312C18
:10376000212C20E08CEFC155DF4F3881CF5AD0405B
:10377000831BC153DF4F8883CF5CD040C954DF4FD8
:10378000A881B981C75BD0408D91C954DF4FB983FF
:10379000A883C75BD040811109C0FD013197C15397
:1037A000DF4F8881CF5CD0408C0D8083C553DF4FC5
:1037B000E881F981CB5CD04081919191C553DF4F75
:1037C000F983E883CB5CD040892B09F47FC0E5EA1C
:1037D000F0E0EC0FFD1FE20DF31D8081882351F016
:1037E000CF54DF4FA881B981C15BD0404D915C912E
:1037F000452BF9F0E3EAF0E0EC0FFD1FE20DF31DBD
:103800009081992349F0CB54DF4FE881F981C55B62
:10381000D040908191110DC0C355DF4FA881B9816F
:10382000CD5AD0409C91992309F450C0882309F4C3
:103830004DC0F2018081811149C0818190E0211445
:10384000310409F4DAC50C9709F040C0D201129690
:103850008C9112978F77D1F513968C9113978130B5
:10386000A9F5CD54DF4FE881F981C35BD040808357
:10387000F301EC0DFD1D86E001900D928A95E1F7B4
:10388000D2011496AD90BC90BA24AB24BA24860120
:103890000A5F1F4F2114310409F0ACC1B4E0AB162C
:1038A000B10481F484E0F301E00FF11FD201019033
:1038B0000D928A95E1F7B201809183109091841066
:1038C0000F94D3166501C00ED11E21E0C953DF4FFE
:1038D000E881F981C75CD040329709F091C5211188
:1038E0002CC251C2C556DF4FB983A883CB59D040F3
:1038F000FD0101900020E9F73197EA1BFB0BC95647
:10390000DF4FF983E883C759D04021E0CB55DF4F23
:103910002883C55AD040C7CDC356DF4F19821882BD
:10392000CD59D040CA55DF4F1882C65AD040C7562D
:10393000DF4F19821882C959D040D5CDC155DF4F0C
:1039400048815981CF5AD0402ECE231709F45ACE40
:10395000CB55DF4F1882C55AD0405ACE231709F4F1
:1039600064CECA55DF4F1882C65AD04064CE811447
:10397000910409F43BC1CD53DF4FA880B980C35CEB
:10398000D040C601880D991DEA14FB0408F464CEEA
:10399000111102C01FEF1C0D240152012DE042162F
:1039A00051041CF0ACE0AA2EB12CB3016C0D7D1DAE
:1039B000A501CE0181599F4F0F94B36FCA0CDB1C38
:1039C0004A185B08C755DF4F8881C95AD04081111A
:1039D00021C0CB55DF4F0881C55AD0400023D1F01C
:1039E000C556DF4F88819981CB59D040892B91F002
:1039F0009501AE0141595F4FBE0169567F4FCE011F
:103A000085569F4F0E94A9F18023CB55DF4F8883B5
:103A1000C55AD040CD55DF4F8881C35AD04081115F
:103A20000AC0CB55DF4F8881C55AD040CD55DF4FF6
:103A30008883C35AD040CF55DF4F1882C15AD04037
:103A4000C655DF4F8881CA5AD040811127C0CA5558
:103A5000DF4F0881C65AD040002301F1C356DF4F23
:103A600088819981CD59D040892BC1F09501AE0153
:103A700041595F4FC053DF4F68817981C05DD040AD
:103A8000CE52DF4F88819981C25DD0400E94A9F15A
:103A90008023CA55DF4F8883C65AD040CC55DF4FAC
:103AA0008881C45AD04081110AC0CA55DF4F88812D
:103AB000C65AD040CC55DF4F8883C45AD040CE552B
:103AC000DF4F1882C25AD040CD54DF4F398228824E
:103AD000C35BD040C555DF4F48815981CB5AD04098
:103AE000C954DF4F59834883C75BD040CF54DF4F61
:103AF00019821882C15BD040C954DF4FA881B981B7
:103B0000C75BD0408D919D91C954DF4FB983A88385
:103B1000C75BD040892BC1F1CD54DF4FE881F981DB
:103B2000C35BD0400081002379F1CF54DF4F8881FF
:103B30009981C15BD040880F991FEFE1F0E0EC0F55
:103B4000FD1FE80FF91F208131812A153B05E4F0A4
:103B5000C355DF4F68817981CD5AD040680F791FF6
:103B60009501AE0141595F4FA3E3B0E0AC0FBD1F1B
:103B70008A0F9B1F0E94A9F18023CD54DF4FE8815B
:103B8000F981C35BD0408083CF54DF4F28813981D6
:103B9000C15BD0402F5F3F4FCF54DF4F3983288325
:103BA000C15BD040CD54DF4F48815981C35BD040C9
:103BB0004F5F5F4FCD54DF4F59834883C35BD04085
:103BC0002630310509F098CF141415040CF4E5CE15
:103BD000C155DF4FA880B980CF5AD040A80CB91C7E
:103BE000C155DF4FB982A882CF5AD040C60134CD2B
:103BF000122F32CDC555DF4FE881F981CB5AD04025
:103C0000D12CC12C81919191892B09F495C32FEF6F
:103C1000C21AD20A36E0C316D104A1F753CEF4017A
:103C2000EA0DFB1D33971082BEC3C753DF4FA88038
:103C3000B980C95CD040EA14FB0408F4A4C0D201E6
:103C400011962C91213209F0B2C0FE01E95AFF4FC2
:103C500030E020E0412F50E0C555DF4FA881B98109
:103C6000CB5AD0406D917D91C555DF4FB983A88364
:103C7000CB5AD040672B09F46EC0112329F0608124
:103C800071814617570781F0C355DF4FA881B9816D
:103C9000CD5AD0406D917C91672B09F05CC0D10169
:103CA0006C91662309F457C0F301EC0DFD1D46E04D
:103CB000DE01A159BF4F01900D924A95E1F78C01A9
:103CC000065F1F4FE596CEACDFACE597DC24CD2434
:103CD000DC24B8E0CB16D10470F188E0F301E00FEA
:103CE000F11FDE01A159BF4F01900D928A95E1F7B6
:103CF000F901EE0FFF1F7BE4A72EB12CAC0EBD1E09
:103D0000EA0DFB1DE5968EAD9FADE59798278927B7
:103D1000982791838083E6968FADE697813890F05F
:103D200041E950E04C0F5D1F240F351FE7968FAD22
:103D3000E797D9018C93C00ED11E2FEFE21AF20A39
:103D4000C6018FCBE1E9F0E0EC0FFD1F2E0F3F1F06
:103D500086E0800FEECF2F5F3F4FC355DF4F688166
:103D60007981CD5AD0406E5F7F4FC355DF4F798345
:103D70006883CD5AD0407FEF271A370A3296263013
:103D8000310509F069CFF4E0CF0ED11CF301EC0D41
:103D9000FD1D20813181E1963FAF2EAFE1973227A3
:103DA000232732272E5F3F4FC20ED31EC6CF2031AE
:103DB00009F089C0FE01E95AFF4F912C812C212F77
:103DC00030E0C555DF4FA881B981CB5AD0404D9125
:103DD0005D91C555DF4FB983A883CB5AD040452BA1
:103DE00009F456C0112329F0408151812417350769
:103DF00081F0C355DF4FA881B981CD5AD0404D9194
:103E00005C91452B09F044C0D1014C91442309F445
:103E10003FC0F301EC0DFD1D26E0DE01A159BF4FAF
:103E200001900D922A95E1F7E596CEACDFACE597CF
:103E3000DC24CD24DC248C01065F1F4FB2E0CB16BE
:103E4000D10408F478CF880C991CE1E0F0E0EC0F85
:103E5000FD1F8E0E9F1ED401DE968D919C91892BA5
:103E600009F069CFC60101960F9493615C01F401DA
:103E700097AF86AF009709F45ECFA601B301600F3C
:103E8000711F0F94B36FF501EC0DFD1D108253CF20
:103E90004FEF841A940AC355DF4F68817981CD5A58
:103EA000D0406E5F7F4FC355DF4F79836883CD5A13
:103EB000D0407FEF271A370A3296A6E08A1691047F
:103EC00009F07FCF60CF213009F05DCFFE01319640
:103ED00050E040E0208121113BC0111101C01FEFD3
:103EE00065E0649F9001659F300D1124E1E0F0E0F2
:103EF000EC0FFD1FE20FF31F1083F301EC0DFD1D0E
:103F000046E0DE01A159BF4F01900D924A95E1F7BD
:103F1000E596CEACDFACE597DC24CD24DC248C0127
:103F2000065F1F4FB4E0CB16D10409F004CFD901CE
:103F30001196E1E0F0E0EC0FFD1FAE0FBF1F84E033
:103F4000F301E00FF11F01900D928A95E1F7F3CE96
:103F50004F5F5F4F35964630510509F0BBCF13CF09
:103F600080908510909086108114910409F46DC0A2
:103F7000F4012F018191882311F08E32D1F7D20103
:103F80001C925E01B3E6AB0EB11CD12CC12CF50125
:103F9000819191915F01892B09F44CC0E1E9F0E036
:103FA000EC0FFD1FEC0DFD1D3081FE01319670E020
:103FB00060E090E080E0AF012081231719F02F3FEF
:103FC00009F065C0F5E0F89FB001F99F700D11246C
:103FD0006F5F7F4F640F751F20909B1030909C1077
:103FE0002114310439F1C601880F991FEFE3F0E085
:103FF000EC0FFD1FE80FF91FE080F1802BE430E0AB
:104000002C0F3D1F820F931FDC010D911C91CE01DF
:104010008B579F4F0F94B735F501329740815181EF
:1040200060919710709198109E012B573F4FC401DB
:10403000F1011995FFEFCF1ADF0A26E0C216D1046D
:1040400009F0A5CF8EE2D2018C938E010D591F4F3E
:104050007E01BFE3EB0EF11C6801ECE0CE0ED11C3B
:10406000D8018D919D918D01009749F00F942F6299
:10407000F70180819181009711F00F942F62F2E097
:10408000EF0EF11CC016D10659F70D94D717611524
:10409000710529F4222319F0BF016F5F7F4F01964C
:1040A00035968630910509F087CF6115710511F2BB
:1040B00093CFB1E0CB16D10409F0F4C0F8017282BD
:1040C0007382748275827682778270867186BFEF82
:1040D000CB1ADB0AE2E0EE0EF11CFAE0CF16D104B7
:1040E00011F00D94ED17C555DF4F2881CB5AD04004
:1040F0002223D9F060915B1070915C10DB01ED918F
:10410000FC9100A0F1A1E02DCE010196199530E0BF
:1041100020E041E050E0C754DF4F688179818A8117
:104120009B81C95BD0400F943A1493E8C92E90E16B
:10413000D92E712C21E1822E25E0922EF60181915B
:1041400091916F01892B09F449C0F50184A595A5CA
:10415000A6A5B7A5C154DF4F288139814A815B816B
:10416000CF5BD040281B390B4A0B5B0BDA01C9012E
:10417000772009F432C145E050E081319742A10532
:10418000B10508F032C1F50184A995A9A6A9B7A97E
:104190000097A105B10511F1C154DF4F2881398184
:1041A0004A815B81CF5BD04082179307A407B50794
:1041B000A8F4711095C070E060E080918310909138
:1041C00084100F94D316D6019E918E918D01009785
:1041D00029F00F942F62F80111821082F4E0AF0EE3
:1041E000B11C21E0721279C080917F1090918010F3
:1041F000A0918110B0918210C154DF4F4881598144
:104200006A817B81CF5BD040481B590B6A0B7B0BCB
:10421000DB01CA0181399F45A140B10548F18FE614
:10422000E82E80E1F82E10E000E0D7018D919D91FD
:104230007D01892B41F0980142E050E060E070E0A0
:10424000CB010F943A140F5F1F4F0830110569F727
:10425000C154DF4F288139814A815B81CF5BD040D7
:1042600020937F10309380104093811050938210E0
:10427000CD52DF4F0FB6F894DEBF0FBECDBFDF913A
:10428000CF911F910F91FF90EF90DF90CF90BF9053
:10429000AF909F908F907F906F905F904F903F90E6
:1042A0002F900895D70150968D919C91892B09F4F8
:1042B0000ECF60915B1070915C10DB01ED91FC9171
:1042C00000A0F1A1E02DCE01019619959601225092
:1042D000310942E050E00D940A18772473942ECFF0
:1042E00080919B1090919C10892B09F46CCF809148
:1042F000851090918610FC01DF012191222311F09D
:104300002E32D1F71C92E0919B10F0919C109A8272
:1043100089821B821C821D821E826091971070917F
:104320009810F12CE12C10E000E09E012F5F3F4F30
:1043300050E040E0199547CFC50102970F94936173
:104340004C01892B09F4BECAB301600F711FDB0158
:10435000ED91BD01C155DF4FE883CF5AD040D20166
:10436000EC93950123503109C354DF4F39832883DF
:10437000CD5BD040A901C4010F94B36FC155DF4F8D
:104380003881CF5AD040832F90E0C354DF4F48810B
:104390005981CD5BD040841795070CF040CC880D37
:1043A000991DDC011C92CC0CDD1CE3E6F0E0EC0F67
:1043B000FD1FEC0DFD1D91828082E7E5F0E0EC0F22
:1043C000FD1FCE0EDF1ED6010D931C93B1E0C3542A
:1043D000DF4FB883CD5BD04075CA44E050E0893EE2
:1043E0009340A105B10508F4CECE30E020E060E0B6
:1043F00070E0CB010F943A14C6CE019709F426CA97
:104400004FEF241A340AC953DF4F68817981C75CA2
:10441000D0406F5F7F4FC953DF4F79836883C75C9C
:10442000D040C355DF4F88819981CD5AD040019645
:10443000C355DF4F99838883CD5AD040CD54DF4F89
:10444000A881B981C35BD0401196CD54DF4FB983A9
:10445000A883C35BD040CB54DF4FE881F981C55BB3
:10446000D0403196CB54DF4FF983E883C55BD04011
:10447000CF54DF4F48815981C15BD0404E5F5F4FC1
:10448000CF54DF4F59834883C15BD04077C98F92A7
:104490009F92BF92CF92DF92EF92FF920F931F9362
:1044A000CF93DF93CDB7DEB7A3970FB6F894DEBFF7
:1044B0000FBECDBF8C016B01B42E4901D801ED9127
:1044C000FC910084F185E02DC8011995892B49F0F4
:1044D000D801ED91FC910284F385E02DC801199576
:1044E000EDCF7601BFE0FB22CC2480EFD82260EE36
:1044F00072E3CE0142960F94E131198E188E1B8E15
:104500001A8E1D8E1C8E4AE0BE016F5F7F4FC70161
:104510000F949264BE016F5F7F4FCE0148960F9457
:10452000A93166ED72E3CE014E960F94E131BE01E2
:10453000625E7F4FCE0101960F940F32BE01685E1E
:104540007F4FCE0101960F947531BE016E5E7F4F95
:104550000F947531BC01C8010F946935CE010196E5
:104560000F94D931CE014E960F94D931CE01489691
:104570000F94D931CE0142960F94D931A1E9EA16B0
:10458000A1E0FA0609F46FC008F04CC064E372E3DE
:104590008DE2E81681E0F806C1F048F461E372E3C9
:1045A000B8ECEB16F10489F06CE172E30EC064E242
:1045B00072E380E3E81681E0F80639F06AEC72E312
:1045C000A0E9EA16A1E0FA0679F7C8010F949B3535
:1045D0006DEF71E3C8010F949B35C114D10409F448
:1045E00059C06BEE71E3C8010F949B356CED71E31C
:1045F000C8010F94773566EB71E3C114A0E4DA06C5
:1046000009F445C0C0F561ED71E3C11480E1D8063D
:10461000F1F160EC71E3C114A0E2DA06C1F164E9E2
:1046200071E335C06CE572E3BDE9EB16B1E0FB0662
:1046300061F240F46EE672E3A4E9EA16A1E0FA063C
:1046400021F2B2CF67EB72E3BEE9EB16B1E0FB06F5
:1046500009F4BBCF66E472E384EFE81681E0F80664
:1046600009F4B3CFA1CF6AEA72E3C8010F949B3576
:1046700068E772E3AACF6CEA71E3C114B0E5DB0628
:1046800031F061EA71E3C11480E6D80641F6C80151
:104690000F949B3562EF7BE0C4010F94323081119F
:1046A00035C061EF7BE0CE0101960F941832B40162
:1046B000CE0101960F947531BC01C8010F94693584
:1046C000CE0101960F94D931BB2071F064E670E001
:1046D00080E090E00F94E408D801ED91FC9104880B
:1046E000F589E02DC8011995A3960FB6F894DEBFA1
:1046F0000FBECDBFDF91CF911F910F91FF90EF9033
:10470000DF90CF90BF909F908F900895BB2061F372
:10471000C8010F947834DACF2F923F924F925F9274
:104720006F927F928F929F92AF92BF92CF92DF92C1
:10473000EF92FF920F931F93CF93DF93CDB7DEB726
:10474000CF56D1090FB6F894DEBF0FBECDBF64EDD2
:1047500070E1CE018F5B9F4F0F9487472E968FADF0
:104760002E97883008F01DC44AE0BE016F5B7F4F72
:10477000CE0188599F4F0F94F533CE0188599F4F32
:104780000F94462F62EF7BE0CE018E599F4F0F941E
:10479000183262EF7BE0CE01845A9F4F0F9418329B
:1047A00062EF7BE0CE018A5A9F4F0F941832882423
:1047B0008A94982C54014AE0BE016F5B7F4FCE0172
:1047C00001960F94F533BE016F5F7F4FCE018E5976
:1047D0009F4F0F947730CE0101960F94D931CE01BF
:1047E0008E599F4F0F94462F63E871E3CE010196D7
:1047F0000F94E131BE016F5F7F4FCE018E599F4F05
:104800000F941730182FCE0101960F94D931112330
:1048100009F494C040E150E070E060E0CE018E59B0
:104820009F4F0F94A32FA4968EAD9FADA497812C7C
:10483000912C5401009721F00F947E634B015C0191
:1048400062EF7BE0CE018E599F4F0F943230882368
:1048500009F4B1CFBE01645A7F4F8EEB90E10F9403
:104860004730382E44244394811101C0412C60E22A
:10487000CE0188599F4F0F94D42F009761F0AE96C8
:104880004EAD5FADAE97481B590BBC01CE018859A8
:104890009F4F0F94A32F6EE571E3CE0101960F9405
:1048A000E131BE016F5F7F4FCE0188599F4F0F945A
:1048B0001730182FCE0101960F94D931112309F426
:1048C0007FC045E050E070E060E0CE0188599F4F26
:1048D0000F94A32F17E7512EFF24F3946090D2106A
:1048E0007090D3106114710409F41CC1BE016859A1
:1048F0007F4FCE0101960F940F32CE018A5A9F4FFF
:104900006C01E42C950184014F2DBE016F5F7F4F38
:104910004597F30119958C01CE0101960F94D93179
:104920000115110509F4FEC00130110509F0DDC0C3
:10493000CE018F5B9F4F0F948748E1C063E771E31F
:10494000CE01805B9F4F0F94E131BE01605B7F4FD2
:10495000CE018E599F4F0F94173011E0811116C070
:1049600063E671E3CE0101960F94E131BE016F5F02
:104970007F4FCE018E599F4F0F94173011E0811158
:1049800001C010E0CE0101960F94D931CE01805BB9
:104990009F4F0F94D931112309F452CF4FE050E0CB
:1049A00070E060E0CE018E599F4F0F94A32FBE019F
:1049B0006E597F4FCE01845A9F4F0F94C23140CF22
:1049C0006AE571E3CE0101960F94E131BE016F5F9C
:1049D0007F4FCE0188599F4F0F941730182FCE016B
:1049E00001960F94D931112371F044E050E070E04A
:1049F00060E0CE0188599F4F0F94A32FA2E75A2E53
:104A0000B2E0FB2E6BCF66E571E3CE0101960F9409
:104A1000E131BE016F5F7F4FCE0188599F4F0F94E8
:104A20001730182FCE0101960F94D931112371F050
:104A300044E050E070E060E0CE0188599F4F0F9451
:104A4000A32FE7E75E2EF4E0FF2E48CF6FE471E37B
:104A5000CE0101960F94E131BE016F5F7F4FCE0111
:104A600088599F4F0F941730182FCE0101960F943D
:104A7000D931112369F047E050E070E060E0CE01E9
:104A800088599F4F0F94A32F512C73E0F72E26CFF8
:104A900067E471E3CE0101960F94E131BE016F5FCF
:104AA0007F4FCE0188599F4F0F941730182FCE019A
:104AB00001960F94D931112369F048E050E070E07D
:104AC00060E0CE0188599F4F0F94A32F512C65E0D1
:104AD000F62E04CFB501A401CE018F5B9F4F0E943B
:104AE00031F221E040E951E078C09E012A5A3F4F5F
:104AF00041E0B801CE018F5B9F4F0F944722CE015A
:104B00008A5A9F4F0F94D931CE01845A9F4F0F94E8
:104B1000D931CE018E599F4F0F94D931CE0188598A
:104B20009F4F3DC2F5E0FF122DC020E048EC50E061
:104B3000BE016F5B7F4F88EB90E10F94BF3960E25D
:104B400071E3CE018F5B9F4F0F949B3561EF70E354
:104B5000CE018F5B9F4F0F949B3561ED70E3CE01CB
:104B60008F5B9F4F0F949B3564EA70E3CE018F5BA0
:104B70009F4F0F949B3564E670E080E090E00F94C7
:104B8000E408D6CEBE0168597F4FCE01805B9F4FAF
:104B90000F940F32311029C087E7581226C04FE01A
:104BA000C42ED12C5EEF452E55245A94652C752CBD
:104BB000CE01805B9F4F0F94D931411451046104A1
:104BC000710409F0F6C0B501A401CE018F5B9F4FBF
:104BD0000E9431F221E044EF51E0BE016F5B7F4F54
:104BE00088EB90E10F94BF398ACF6CE970E3CE0176
:104BF00001960F94E131BE016F5F7F4FCE01805B64
:104C00009F4F0F944730882319F011E097E759120E
:104C100010E0CE0101960F94D931112339F1809122
:104C2000C4109091C510009731F4D12CC12C412CA7
:104C3000512C3201BDCFDC01ED91FC910280F3815A
:104C4000E02D40E0B4011995892B79F38091C410CF
:104C50009091C510DC01ED91FC910684F785E02D63
:104C600019952B013C01D12CC12CA2CF66E970E330
:104C7000CE0101960F94E131BE016F5F7F4FCE01EF
:104C8000805B9F4F0F944730882321F011E0B7E7F6
:104C90005B1210E0CE0101960F94D931112331F14E
:104CA0008091C4109091C510009721F4CC24C39436
:104CB000D12CBDCFDC01ED91FC910280F381E02D80
:104CC00041E0B4011995892B89F38091C41090912A
:104CD000C510DC01ED91FC910684F785E02D199556
:104CE0002B013C01CC24C394D12C62CF0091C6107F
:104CF0001091C71001151105E1F0D801ED91FC915B
:104D0000C684D784BE01605B7F4FCE0101960F94AD
:104D10000F32242D452DBE016F5F7F4FC801F60174
:104D20001995182FCE0101960F94D931112309F44A
:104D300036CFC090C610D090C710C114D104D1F0A6
:104D4000D601ED91FC9102891389BE01605B7F4F12
:104D5000CE0101960F940F32452DBE016F5F7F4F3C
:104D6000C601F80119958C01CE0101960F94D93135
:104D7000012B41F48FE0C82ED12C44244A94542CAA
:104D8000320116CF8091C6109091C710DC01ED91D1
:104D9000FC910688F789E02D19956C016894C1F89B
:104DA000E091C610F091C71044845584712C612C99
:104DB000FFCEBFEF4B165B066B067B0659F4B501C1
:104DC000A401CE018F5B9F4F0E9431F221E044E9A4
:104DD00051E003CFEEEF4E16EFEF5E066E067E0655
:104DE00059F4B501A401CE018F5B9F4F0E9431F2AF
:104DF00021E041E951E0F1CEF1E0FF1261C1181468
:104E000019041A041B040CF06CCE481459046A04EB
:104E10007B040CF45BC1412C512C32018E010F5FDD
:104E20001F4FC6018F709927E0969FAF8EAFE09716
:104E3000CE018F5B9F4F0F946548882329F048145B
:104E400059046A047B0494F1C6010E9405F24814D7
:104E500059046A047B0409F06DC021E048EC50E07D
:104E6000BE016F5B7F4F88EB90E10F94BF3964EF19
:104E700071E080E090E00F94E408C6018F709927FC
:104E8000029708F077C0E091D010F091D1103097E0
:104E900009F019958091C4109091C510DC01ED9135
:104EA000FC910284F385E02D1995FFCFCE018F5B35
:104EB0009F4F0F94AA43892B09F4BACF40E450E0E6
:104EC000B801CE018F5B9F4F0F94E2467C01E096C4
:104ED0008EAD9FADE09782309105B0F0029731F72B
:104EE0008091C6109091C710009749F0DC01ED91B8
:104EF000FC910280F381E02DA701B80119954E0CB9
:104F00005F1C611C711CD2CF1801C101801B910B69
:104F10008E159F05A0F78091C4109091C510D10106
:104F20006D911D01DC01ED91FC910480F581E02D76
:104F30001995EBCF21E04EE951E0BE016F5B7F4F49
:104F400088EB90E10F94BF398091C4109091C51007
:104F5000DC01ED91FC910084F185E02D199564E66A
:104F600070E080E090E00F94E408CE018F5B9F4FEB
:104F70000F948748C6010E9405F2CE018A5A9F4FBE
:104F80000F94D931CE01845A9F4F0F94D931CE015D
:104F90008E599F4F0F94D931CE0188599F4F0F944E
:104FA000D931C159DF4F0FB6F894DEBF0FBECDBF68
:104FB000DF91CF911F910F91FF90EF90DF90CF90F5
:104FC000BF90AF909F908F907F906F905F904F9029
:104FD0003F902F900895B2E0FB1267C0C6018F701A
:104FE00099278230910508F47CCD029709F0BDCF56
:104FF000A6014427507F486C20E0BE016F5B7F4FC5
:1050000088EB90E10F94BF39CE018F5B9F4F0F94D7
:105010007834FE0131967F0110E000E05F01CE019F
:105020008F5B9F4F0F946548811114C0CE018F5B39
:105030009F4F0F946548882309F497CF01151105F8
:1050400009F493CFA801B501CE018F5B9F4F0F9458
:1050500022438BCF8091C6109091C710009731F3F7
:10506000DC01ED91FC910084F185E02D1995892BEF
:10507000E9F28091C6109091C710DC01ED91FC918E
:105080000284F385E02D19950F5F1F4FF70181937F
:105090007F010034110519F640E450E0B501CE015E
:1050A0008F5B9F4F0F942243B4CF21E040E951E042
:1050B000BE016F5B7F4F88EB90E10F94BF395ACFF1
:1050C000481459046A047B040CF085CFC6010E9481
:1050D00005F2B501A401CE018F5B9F4F0E9431F212
:1050E00021E04DE951E079CD089508950895AF92FA
:1050F000BF92CF92DF92EF92FF920F931F93CF93C5
:10510000DF936C017B018B01040F151FEB015E0126
:10511000AE18BF08C017D10759F06991D601ED91BB
:10512000FC910190F081E02DC6011995892B79F74A
:10513000C501DF91CF911F910F91FF90EF90DF900C
:10514000CF90BF90AF900895FC01538D448D252FD3
:1051500030E0842F90E0821B930B541710F0CF9611
:10516000089501970895FC01918D828D981761F043
:10517000A28DAE0FBF2FB11D5D968C91928D9F5F5A
:105180009F73928F90E008958FEF9FEF0895FC0139
:10519000918D828D981731F0828DE80FF11D858DEC
:1051A00090E008958FEF9FEF0895FC01918D228D7F
:1051B000892F90E0805C9F4F821B91098F73992704
:1051C00008958CE39EE00F94D52821E0892B09F403
:1051D00020E0822F089581E291E10F94D52821E00B
:1051E000892B09F420E0822F0895FC01A48DA80FDB
:1051F000B92FB11DA35ABF4F2C91848D90E0019619
:105200008F739927848FA689B7892C93A089B18938
:105210008C91837080648C93938D848D981306C0D9
:105220000288F389E02D80818F7D80830895EF923D
:10523000FF920F931F93CF93DF93EC0181E0888F50
:105240009B8D8C8D98131AC0E889F989808185FF20
:1052500015C09FB7F894EE89FF896083E889F989C2
:1052600080818370806480839FBF81E090E0DF91C4
:10527000CF911F910F91FF90EF900895F62E0B8D17
:1052800010E00F5F1F4F0F731127E02E8C8D8E11D2
:105290000CC00FB607FCFACFE889F989808185FF39
:1052A000F5CFCE010F94F528F1CFEB8DEC0FFD2F4C
:1052B000F11DE35AFF4FF0829FB7F8940B8FEA89F4
:1052C000FB8980818062CFCFCF93DF93EC01888D03
:1052D0008823B9F0AA89BB89E889F9898C9185FD71
:1052E00003C0808186FD0DC00FB607FCF7CF8C91FF
:1052F00085FFF2CF808185FFEDCFCE010F94F52899
:10530000E9CFDF91CF91089580E090E0892B29F0DB
:105310000F94EB2881110E94000080E090E0892B1F
:1053200049F080E090E0892B29F00E940000811173
:105330000E94000080E090E0892B29F00F94E12882
:1053400081110E94000080E090E0892B49F080E00C
:1053500090E0892B29F00E94000081110C9400003C
:105360000895DC01ED91FC910190F081E02D1994FC
:105370008FEF9FEF0895FC01628973898489958975
:105380000895EF920F931F93CF93DF93FC01248D29
:10539000222341F0213051F1DF91CF911F910F91E4
:1053A000EF900895228933894489558986899789A0
:1053B000A08DB18D821B930BA40BB50B892F9A2F57
:1053C000AB2FBB278C010F5F1F4F628173818481DC
:1053D0009581CFB7F894DCB7E1E0ECBFEE24E3941D
:1053E000E2E0FEEF1995DCBFCFBFD6CFF0E0E0E002
:1053F000DF91CF911F910F91EF901994FC01138EC3
:10540000128E41110CC082899389A489B589868B3B
:10541000978BA08FB18F148E81E090E0089590E07B
:1054200080E00895CF92DF92EF92FF92CF93DF93C7
:10543000DC01CB01642FCFB7F8946D01EE24FF247B
:10544000CBBEDCB741E04CBFA901E1E0FEEF19950E
:10545000DCBFCFBFDF91CF91FF90EF90DF90CF9077
:105460000895CF93DF93FC01248D211110C0EC012E
:10547000828D938D892B49F066897789808D918DF6
:1054800030E020E045E00F94122A1B8E1A8EDF9147
:10549000CF9108951F93CF93DF93FC01248D2111A9
:1054A00045C0162FEC01828D938D892B49F46689B6
:1054B0007789808D918D30E020E043E00F94122AAF
:1054C0004A8D5B8DCA0181709927FE01E80FF91F93
:1054D000158F892B69F02D8D3E8D6E897F89888D82
:1054E000998D640F751F811D911D41E00F94122A43
:1054F0008A8D9B8D01969B8F8A8F81159140B1F487
:105500006E897F89888D998D30E020E045E00F9489
:10551000122A1B8E1A8E8E899F89A88DB98D9F5F46
:10552000AF4FBF4F8E8B9F8BA88FB98F81E090E0DC
:10553000DF91CF911F910895DC01ED91FC910280E4
:10554000F381E02D40E01994FB01448155812281D3
:105550003381215031094217530750F4A081B181A2
:10556000A40FB51F8C9384819581019695838483C4
:1055700080E00895CF93DF93EC01E881F981028404
:10558000F385E02DCE0119950196B9F7DF91CF9102
:105590000895FC01A285B3851097A9F086859785AB
:1055A000029788F0CD010196938782876C93868558
:1055B00097850197978786870284F385E02D10826F
:1055C00081E090E0089590E080E00895FC018681FC
:1055D00097818F3F980729F02FEF3FEF378326837E
:1055E0000895A085B185109789F02485358521150A
:1055F000310561F0CD010196918780878C91215012
:10560000310935872487082E000C990B0895FC0179
:1056100086819781019639F481E024853585232B95
:1056200019F480E0089581E00895CF92DF92EF921F
:10563000FF920F931F93CF93DF937C016A018B013D
:10564000D0E0C0E0CC15DD0581F0D701ED91FC91F3
:105650000284F385E02DC70119958F3F980729F043
:10566000F80181938F012196EDCFCE01DF91CF918B
:105670001F910F91FF90EF90DF90CF900895CF93FF
:10568000C62FDC01ED91FC910088F189E02D199580
:10569000DC01ED91FC910190F081E02D6C2FCF9118
:1056A0001994062E000C770BFC017783668308950E
:1056B000CF93DF93EC018E819F81019611F5E881F4
:1056C000F9810088F189E02DCE011995DC01ED9179
:1056D000FC910084F185E02D1995892BB1F0E881CA
:1056E000F9810284F385E02DCE011995813291056F
:1056F00034F3E881F9810684F785E02D682FCE0127
:10570000199581E0DF91CF91089580E0FBCFFC01F6
:10571000818D928D0895FC0120812EBD9B01215029
:10572000310941F051810DB407FEFDCF4EB55EBD8C
:105730004193F5CF61507109860F971F0DB407FE95
:10574000FDCF2EB5FC0120830895E091B313F091B5
:10575000B41380819091B213892B80830895E091D6
:10576000B313F091B41390818091B2138095892383
:10577000808308958EBD00000DB407FEFDCF8EB569
:10578000089590E02091D30D233339F40C96982F8F
:10579000990F990F990F80E008954896F8CFCF930D
:1057A000DF931F92CDB7DEB76983DC01ED91FC91E9
:1057B0000280F381E02D41E050E0BE016F5F7F4F3A
:1057C00019950F90DF91CF910895CF93DF931F929A
:1057D000CDB7DEB76983DC01ED91FC910280F381E6
:1057E000E02D41E050E0BE016F5F7F4F19950F90B3
:1057F000DF91CF910895FC019485FB018485981376
:1058000003C081E0983008F080E00895CF93DF93E3
:105810001F92CDB7DEB76983DC01ED91FC91028068
:10582000F381E02D41E050E0BE016F5F7F4F19959D
:105830000F90DF91CF910895CF93DF931F92CDB753
:10584000DEB789832091AB133981E091AC13F091DD
:10585000AD13822F90E080959095F89400800822F7
:1058600000824BE000C05DE000005A95E9F700803F
:1058700008220894379508F4022A00824A9599F77D
:1058800078940F90DF91CF91089520916813260F9F
:105890003327331F21323105ECF42091FA0DFC013E
:1058A00090E080E0243069F082E00895A0916813D0
:1058B0002191AC01485B5C4EA40FB52FB11D2C9318
:1058C0000196861798F380916813680F60936813A8
:1058D00080E0089581E0089508950895E091290EEB
:1058E0008091280EE81730F4F0E0E557FC4E8081F7
:1058F00090E008958FEF9FEF08959091290E809189
:10590000280E2FEF3FEF981748F4E92FF0E0E55706
:10591000FC4E208130E09F5F9093290EC9010895CD
:105920008091280E9091290E891B990B0895CF9292
:10593000DF92EF92FF920F931F93CF93DF937C013F
:10594000CB018A012091000E222389F0EB016B012B
:10595000C40ED51ECC15DD0569F06991D701ED9116
:10596000FC910190F081E02DC7011995F3CF642FD0
:105970000F94452CC801DF91CF911F910F91FF909B
:10598000EF90DF90CF900895CF93DF931F92CDB724
:10599000DEB769832091000E2223F9F02091260EB4
:1059A000203258F021E030E0FC013383228390E084
:1059B00080E00F90DF91CF9108958091270EE82F1E
:1059C000F0E0EF5FF14F998190838F5F8093270E16
:1059D0008093260E81E090E0ECCF61E0CE0101964D
:1059E0000F94452CF7CFEF92FF920F931F93CF9315
:1059F000DF93EC018B017A010F941709688B798B87
:105A00008A8B9B8B8C819D81DC01ED91FC910280C6
:105A1000F381E02DA701B801DF91CF911F910F9184
:105A2000FF90EF9019941F93CF93DF93EC01162F03
:105A30000F941709688B798B8A8B9B8B8C819D8146
:105A4000DC01ED91FC910190F081E02D612FDF915F
:105A5000CF911F911994CF92DF92EF92FF92CF9343
:105A6000DF93EC018E819F818F3F980759F02FEFD4
:105A70003FEF3F832E83DF91CF91FF90EF90DF9038
:105A8000CF9008950F9417096B017C01A4EFCA0E03
:105A9000A1E0DA1EE11CF11CE881F9810088F1899E
:105AA000E02DCE011995DC01ED91FC910084F1858A
:105AB000E02D1995892B39F40F9417096C157D0584
:105AC0008E059F0548F3E881F9810088F189E02D72
:105AD000CE011995DC01ED91FC910284F385E02D56
:105AE000DF91CF91FF90EF90DF90CF9019940F94BA
:105AF000776F0F931F93CF93DF93D0E0C0E00097B1
:105B000091F08C01C8EFD3E168817981611571054D
:105B100029F0C8010F94F76F892B29F00B80DC81E5
:105B2000C02D209789F7CE01DF91CF911F910F9162
:105B300008950D942F62EF92FF920F931F93CF93CE
:105B4000DF93009751F4CFEFDFEFCE01DF91CF91DC
:105B50001F910F91FF90EF900895DC011C96ED903E
:105B6000FC90F70100811181D801ED91FC9106882C
:105B7000F789E02DC8011995882329F3D801ED9103
:105B8000FC910084F185E02DC8011995D801ED91B3
:105B9000FC91892B61F30284F385E02DC8011995EE
:105BA000EC01019681F2F801818D882329F06C2F98
:105BB00081E291E10E9474F6D70112968C918823BC
:105BC00021F2C532D10509F6D801ED91FC9100848E
:105BD000F185E02DC801199502975CF0D801ED918F
:105BE000FC910688F789E02DC80119958111ECCF49
:105BF000AACFD1E0C0E0D801ED91FC910284F385F9
:105C0000E02DC80119958F3F980709F49CCF9C019E
:105C1000215431092A31310570F48D2F8295807F0E
:105C2000829FC00D1124D11104C00C2E000CDD0B7D
:105C30008CCFD0E0E0CF9C01215631092A313105CB
:105C400060F3C0978A30910570F79D2F9295907FF1
:105C5000989FC00D1124E7CFCF92DF92EF92FF9271
:105C60000F931F93CF93DF936C018B0186E090E03D
:105C70000F949361EC0190933A1480933914F601D8
:105C800001900020E9F7CF018C199D090F949361D1
:105C90007C01B6010F940070F60101900020E9F735
:105CA0003197EC19FD09EE0DFF1D1082F982E88293
:105CB0001B830A8380913B1490913C149D838C83B9
:105CC000D0933C14C0933B14DF91CF911F910F915F
:105CD000FF90EF90DF90CF900895FC01868197812F
:105CE0008F3F980729F02FEF3FEF378326830895E2
:105CF000808591850D942165ECEBF0E080818A7BB5
:105D0000808360E084E10F946E0660E085E10D948D
:105D10006E06CF92DF92EF92FF920F931F93CF9375
:105D2000DF93CDB7DEB7AF970FB6F894DEBF0FBEE7
:105D3000CDBF7C016A0101E115E01A8309831C864D
:105D40001B8688EE93E0A0E0B0E08D879E87AF874A
:105D5000B88B87EE94E09A878987188F0F8B198EFE
:105D60001A8E1B8E1C8E88E089A31BA70AA71CA66F
:105D70001DA61EA61FA68091000F9091010FA09155
:105D8000020FB091030F8EA39FA3A8A7B9A78B837F
:105D90009C83AD83BE8318861F82AE01465D5F4F34
:105DA000CE0101960F94EF1081309105B1F4D70127
:105DB000ED91FC910488F589E02D1DA30CA38CA521
:105DC0009DA5AEA5BFA58EA39FA3A8A7B9A7A60111
:105DD000BE016C5D7F4FC7011995AF960FB6F89461
:105DE000DEBF0FBECDBFDF91CF911F910F91FF900E
:105DF000EF90DF90CF9008951F920F920FB60F9201
:105E000011242F933F938F939F93AF93BF938091D0
:105E1000830D9091840DA091850DB091860D3091E8
:105E2000541423E0230F2D3758F50196A11DB11D01
:105E3000209354148093830D9093840DA093850D2B
:105E4000B093860D8091870D9091880DA091890D5A
:105E5000B0918A0D0196A11DB11D8093870D90937D
:105E6000880DA093890DB0938A0DBF91AF919F913A
:105E70008F913F912F910F900FBE0F901F9018950B
:105E800026E8230F0296A11DB11DD2CFAF92BF927B
:105E9000CF92DF92EF92FF920F931F93CF93DF93F6
:105EA000DC01CD90DC901197C114D10439F0149627
:105EB000CD91DC918C017601209761F4DF91CF9137
:105EC0001F910F91FF90EF90DF90CF90BF90AF9018
:105ED000089575015701BFEFAB1ABB0AF701808126
:105EE000082E000C990B0F94A563892B91F721972D
:105EF000CC0DDD1D8881082E000C990B0F94A56335
:105F0000892B29F0CE15DF0510F02197F3CFAE01D4
:105F10004F5F5F4F4E195F09D80115965C934E9302
:105F20001497CE14DF0420F4B701C6010F94B36FA9
:105F3000D801ED91FC91119714968D919C91E80FE9
:105F4000F91F1082BBCFCF93DF93DC011496ED9144
:105F5000FC916E177F0728F54115510511F19F013E
:105F6000261B370B4217530708F49A01DB01EC019B
:105F700088819981E21BF30BFD83EC83AF01461B03
:105F8000570B260F371FBC01620F731F8A0F9B1F11
:105F90000F942570E881F9818C819D81E80FF91FAC
:105FA0001082DF91CF910895DF92EF92FF920F93CD
:105FB0001F93CF93DF93FC01E480F580E114F1049B
:105FC00051F48FEF9FEFDF91CF911F910F91FF90D1
:105FD000EF90DF900895EC010190F081E02DEE0D3F
:105FE000FF1DD080108208811981062E000C770BCE
:105FF000C8010F9434700E0D1F1DF801D082009758
:1060000001F328813981821B930BDDCFFC012481B0
:1060100035816217730748F480819181009729F0D8
:10602000860F971FFC018081089580E00895FB0191
:1060300044815581FC01248135812417350778F08E
:1060400080819181009759F0FB0160817181611518
:10605000710529F00F94177021E0892B09F020E0D9
:10606000822F0895FC0124813581232B39F421E00E
:10607000FB018081882349F020E007C08081918165
:106080000F94F76F21E0892BB9F7822F0895FC0157
:1060900024813581FB014481558124173507E1F4C2
:1060A000FC0180819181FB01608171810097D1F0B9
:1060B00061157105A1F4232BC1F0FC01808190E0F2
:1060C00008C0232B91F0FB01808190E09195819590
:1060D000910921E0892B09F020E0822F08950F9487
:1060E000F76FF7CF6115710561F721E0F6CF0F93D8
:1060F0001F93CF93DF938C01EB01FC018081918191
:106100000097E1F06881798161157105A9F04281FC
:1061100053812C813D814217530770F00F9400701A
:106120008C819D81F801958384831D821C82DF917F
:10613000CF911F910F9108950F942F6288819981BB
:10614000F801918380838A819B81938382838C81F0
:106150009D8195838483198218821B821A82E5CFE0
:106160000F931F93CF93DF93EC0188819981009760
:1061700059F02A813B812617370730F081E0DF9103
:10618000CF911F910F9108958B016F5F7F4F0F94F7
:10619000966E009759F0998388831B830A832C811C
:1061A0003D81232B59F7FC011082E8CF80E0E7CF37
:1061B000EF92FF920F931F93CF93DF9361157105B9
:1061C00041F480E0DF91CF911F910F91FF90EF900C
:1061D000089541155105B1F07B01EC010C811D8141
:1061E000040F151FB8010F94B030882351F3288194
:1061F00039818C819D81B701820F931F0F940070AC
:106200001D830C8381E0DECFCF93DF931F921F921B
:10621000CDB7DEB769831A8241E050E0BE016F5FFF
:106220007F4F0F94D8300F900F90DF91CF9108954A
:10623000CF93DF93EC0188819981009711F00F943F
:106240002F62198218821D821C821B821A82DF91A2
:10625000CF910895EF92FF920F931F93CF93DF9307
:1062600000D01F92CDB7DEB77C01862F4AE08E01A9
:106270000F5F1F4FB80190E00F944864F801019040
:106280000020E9F73197AF01401B510BB801C7015E
:106290000F94D830811103C0C7010F941831C70182
:1062A0000F900F900F900F90DF91CF911F910F9152
:1062B000FF90EF900895CF93DF93EC016115710586
:1062C00039F4CE010F941831CE01DF91CF910895AA
:1062D000FB0101900020E9F73197AF01461B570BF6
:1062E0000F94D830882369F3EFCFCF93DF93EC017D
:1062F000FB0144815581608171810F94D8308111F7
:1063000003C0CE010F941831CE01DF91CF910895D3
:10631000EF92FF920F931F93CF93DF93EC017B01DA
:106320008A01BA010F94B03081110BC0CE010F94D5
:106330001831CE01DF91CF911F910F91FF90EF9017
:1063400008951D830C83B701888199810F94007093
:10635000F0CFFB0101900020E9F73197AF01461B18
:10636000570B0D948831CF93DF93EC0161157105C4
:1063700031F00F94A931CE01DF91CF9108950F94A0
:106380001831F9CFCF93DF93EC01FB018617970704
:1063900049F0608171816115710541F04481558139
:1063A0000F948831CE01DF91CF9108950F94183169
:1063B000F9CFFC0180819181009711F00D942F623B
:1063C0000895EF92FF920F931F93CF93DF93EC0109
:1063D0008B01198218821B821A821D821C82CB01BA
:1063E0000F94DC637C01BC01CE010F94B0308111AD
:1063F00009C0CE01DF91CF911F910F91FF90EF90D7
:106400000D941831FD82EC82B80188819981DF9169
:10641000CF911F910F91FF90EF900D94D563FC01E8
:106420001182108213821282158214820D94C2315D
:10643000FC01118210821382128215821482FB01E8
:1064400001900020E9F73197AF01461B570B0D94DF
:106450008831AF92BF92CF92DF92EF92FF920F936B
:106460001F93CF93DF935C016B017A01890124179D
:10647000350720F48F2D7901042F182F62EF7BE070
:10648000C5010F941832D6011496CD91DC91EC160B
:10649000FD06C8F40C171D0708F4E801D601ED91BC
:1064A000FC911197EC0FFD1F108110826D917C9172
:1064B0006E0D7F1DC5010F94B331F601808191816E
:1064C000C80FD91F1883C501DF91CF911F910F917C
:1064D000FF90EF90DF90CF90BF90AF9008951F9204
:1064E0000F920FB60F9211240BB60F922F933F937A
:1064F0004F935F936F937F938F939F93AF93BF93CC
:10650000EF93FF93E0911502F09116021995FF9118
:10651000EF91BF91AF919F918F917F916F915F911B
:106520004F913F912F910F900BBE0F900FBE0F9088
:106530001F9018951F920F920FB60F9211240BB651
:106540000F922F933F934F935F936F937F938F930C
:106550009F93AF93BF93EF93FF93E0911302F0915A
:1065600014021995FF91EF91BF91AF919F918F9177
:106570007F916F915F914F913F912F910F900BBE43
:106580000F900FBE0F901F9018951F920F920FB68D
:106590000F9211240BB60F922F933F934F935F935B
:1065A0006F937F938F939F93AF93BF93EF93FF93DB
:1065B000E0910902F0910A021995FF91EF91BF91C4
:1065C000AF919F918F917F916F915F914F913F918B
:1065D0002F910F900BBE0F900FBE0F901F9018952C
:1065E0001F920F920FB60F9211240BB60F922F939A
:1065F0003F934F935F936F937F938F939F93AF934B
:10660000BF93EF93FF93E0910702F0910802199571
:10661000FF91EF91BF91AF919F918F917F916F917A
:106620005F914F913F912F910F900BBE0F900FBE36
:106630000F901F9018951F920F920FB60F92112472
:106640000BB60F922F933F934F935F936F937F936C
:106650008F939F93AF93BF93EF93FF93E0911102BA
:10666000F09112021995FF91EF91BF91AF919F9117
:106670008F917F916F915F914F913F912F910F90EB
:106680000BBE0F900FBE0F901F9018951F920F9288
:106690000FB60F9211240BB60F922F933F934F9387
:1066A0005F936F937F938F939F93AF93BF93EF937A
:1066B000FF93E0910F02F09110021995FF91EF9175
:1066C000BF91AF919F918F917F916F915F914F910A
:1066D0003F912F910F900BBE0F900FBE0F901F9008
:1066E00018951F920F920FB60F9211240BB60F92AE
:1066F0002F933F934F935F936F937F938F939F93CA
:10670000AF93BF93EF93FF93E0910D02F0910E02D0
:106710001995FF91EF91BF91AF919F918F917F91CB
:106720006F915F914F913F912F910F900BBE0F9002
:106730000FBE0F901F9018951F920F920FB60F92D9
:1067400011240BB60F922F933F934F935F936F9348
:106750007F938F939F93AF93BF93EF93FF93E091BA
:106760000B02F0910C021995FF91EF91BF91AF913F
:106770009F918F917F916F915F914F913F912F9159
:106780000F900BBE0F900FBE0F901F9018950F9398
:106790001F93CF93DF93EC010F94170968877987D4
:1067A0008A879B87E881F9810284F385E02DCE01F9
:1067B000199597FF15C00F941709088519852A8523
:1067C0003B85601B710B820B930B0C811D812E810D
:1067D0003F81601771078207930720F38FEF9FEFC8
:1067E000DF91CF911F910F910895EF92FF920F9338
:1067F0001F93CF93DF93EC017B01042F62EF7BE0CB
:106800000F941832C7010F94C733002E000C110BE0
:1068100097FD0BC00817190741F0682FCE010F94A0
:106820000431C7010F94C733F3CFCE01DF91CF916D
:106830001F910F91FF90EF900895FB0101900020B0
:10684000E9F73197AF01461B570BDC01ED91FC9145
:106850000280F381E02D19948F929F92AF92BF92A4
:10686000EF92FF920F931F93CF93DF93CDB7DEB7D5
:10687000A1970FB6F894DEBF0FBECDBF7C01FA0121
:10688000CB0119A2223008F42AE08E010F5D1F4FC0
:10689000822E912CB12CA12CBF01A50194010F9443
:1068A0000B6BF901CA016A300CF5605DD8016E937B
:1068B0008D01232B242B252B79F790E080E0109776
:1068C00021F0BD01C7010F941D34A1960FB6F894B5
:1068D000DEBF0FBECDBFDF91CF911F910F91FF9013
:1068E000EF90BF90AF909F908F900895695CDECF3E
:1068F00060EF7BE00D941D340F931F93CF93DF93D4
:106900008C01D0E0C0E06115710519F00F941D34C1
:10691000EC01C8010F9478348C0F9D1FDF91CF914B
:106920001F910F910895DC01ED91FC910190F08190
:10693000E02D1994CF92DF92EF92FF920F931F9365
:10694000CF93DF932115310581F4DC01ED91FC91AA
:106950000190F081E02D642FDF91CF911F910F9175
:10696000FF90EF90DF90CF9019942A30310501F518
:106970002AE077FF1DC06A017B01EC016DE20F94F4
:1069800093348C0144275527BA014C195D096E09CF
:106990007F092AE0CE010F942C34800F911FDF91E4
:1069A000CF911F910F91FF90EF90DF90CF900895BE
:1069B000DF91CF911F910F91FF90EF90DF90CF90DB
:1069C0000D942C348F929F92AF92BF92CF92DF9210
:1069D000EF92FF920F931F93CF93DF937C018B0174
:1069E0004C0182E0880E911C5701E5E0AE0EB11C0F
:1069F000D0E0C0E0F40161914F01C8010E9474F63B
:106A00006C016EE2C8010F9493348C0D9D1DC80F6C
:106A1000D91F8A149B0471F7F7016581C8010E9490
:106A200074F68C0F9D1FDF91CF911F910F91FF90F6
:106A3000EF90DF90CF90BF90AF909F908F90089590
:106A40006115710511F00D941D3490E080E00895FA
:106A50000F931F93CF93DF93EC0163EF7BE081E211
:106A600091E10F9420354A855B856C857D858A810F
:106A70009B81AC81BD81481B590B6A0B7B0B8E85BA
:106A80009F85A889B989481B590B6A0B7B0B2AE0A3
:106A900081E291E10F942C3481E291E10F947834FA
:106AA0006A857B858C859D850A811B812C813D8132
:106AB000601B710B820B930B0E851F85288939890A
:106AC000601B710B820B930BDF91CF911F910F9184
:106AD0000895DB0114964D915C9115976D917C9111
:106AE000DC01ED91FC910280F381E02D1994EF928D
:106AF000FF920F931F93CF93DF938C017B01D0E024
:106B0000C0E0F701EC0FFD1F6491662361F0D8012E
:106B1000ED91FC910190F081E02DC8011995892B30
:106B200011F02196EECFCE01DF91CF911F910F9101
:106B3000FF90EF9008950F931F93CF93DF93EC0195
:106B40000F9477358C01CE010F947834800F911F0C
:106B5000DF91CF911F910F91089581E291E10F9400
:106B6000783462EA74E381E291E10D947735DC01D7
:106B700081E195E08D939D9384E0FB0101900D925E
:106B80008A95E1F708951F920F920FB60F92112484
:106B90000BB60F922F933F934F935F936F937F9317
:106BA0008F939F93AF93BF93EF93FF938CE39EE0FC
:106BB0000F94F528FF91EF91BF91AF919F918F9125
:106BC0007F916F915F914F913F912F910F900BBEED
:106BD0000F900FBE0F901F9018951F920F920FB637
:106BE0000F9211240BB60F922F938F939F93EF93D5
:106BF000FF93E0914C0EF0914D0E8081E091520E8A
:106C0000F091530E82FD1DC090818091550E8F5FD3
:106C10008F732091560E821741F0E091550EF0E0EF
:106C2000E45CF14F958F8093550EFF91EF919F910A
:106C30008F912F910F900BBE0F900FBE0F901F9052
:106C400018958081F2CF1F920F920FB60F921124E8
:106C50000BB60F922F933F934F935F936F937F9356
:106C60008F939F93AF93BF93EF93FF9381E291E153
:106C70000F94F528FF91EF91BF91AF919F918F9164
:106C80007F916F915F914F913F912F910F900BBE2C
:106C90000F900FBE0F901F9018951F920F920FB676
:106CA0000F9211240BB60F922F938F939F93EF9314
:106CB000FF93E0913111F09132118081E091371111
:106CC000F091381182FD1DC0908180913A118F5F43
:106CD0008F7320913B11821741F0E0913A11F0E05F
:106CE000EF5DFE4E958F80933A11FF91EF919F914A
:106CF0008F912F910F900BBE0F900FBE0F901F9092
:106D000018958081F2CFCF92DF92EF92FF921F937E
:106D1000CF93DF93EC016A017B01122FE889F98997
:106D200082E08083C11481EED806E104F104A1F071
:106D300060E079E08DE390E0A70196010F940B6B82
:106D400021503109410951095695479537952795A5
:106D5000211580E1380798F0E889F989108260E808
:106D600074E88EE190E0A70196010F940B6B21501F
:106D70003109410951095695479537952795EC8575
:106D8000FD853083EE85FF852083188EEC89FD8993
:106D90001083EA89FB89808180618083EA89FB898D
:106DA000808188608083EA89FB8980818068808314
:106DB000EA89FB8980818F7D8083DF91CF911F914C
:106DC000FF90EF90DF90CF9008950F931F93CF9394
:106DD000DF93EC018B01FC01EA5BFF4F808188238C
:106DE00061F1888D998D8617970739F12C853D853E
:106DF0004E855F8560E070E0CB010F94B46B6C87CB
:106E00007D878E879F87288939894A895B8960E0D9
:106E100070E0CB010F94B46B688B798B8A8B9B8B62
:106E20002C893D894E895F8960E070E0CB010F9429
:106E3000B46B6C8B7D8B8E8B9F8B198F088FDF9142
:106E4000CF911F910F9108958F929F92AF92BF9211
:106E5000CF92DF92EF92FF92CF93DF93EC01EE8D12
:106E6000FF8D60817181828193816AAB7BAB8CAB3A
:106E70009DAB9B01AC010F94296D882321F01AAAC8
:106E80001BAA1CAA1DAAEC8DFD8D80819181A28177
:106E9000B3818EAB9FABA8AFB9AF8AA89BA8ACA8B3
:106EA000BDA8FE01EE5BFF4FC080D180E280F38081
:106EB000A7019601C501B4010F94C96C18162CF4F2
:106EC000CAAADBAAECAAFDAA0EC0FE01FE96C080EB
:106ED000D180E280F380A7019601C501B4010F942F
:106EE000C16987FDEDCFDF91CF91FF90EF90DF90EB
:106EF000CF90BF90AF909F908F9008952F923F9228
:106F00004F925F926F927F928F929F92AF92BF92B9
:106F1000CF92DF92EF92FF920F931F93CF93DF9365
:106F2000CDB7DEB72F970FB6F894DEBF0FBECDBF3B
:106F30009F878E870F94170969837A838B839C833D
:106F4000AE85BF859E96CD90DD90ED90FC90D1975B
:106F5000C114D104E104F10409F461C05C960D91FF
:106F60001C91F80160817181828193819B01AC0148
:106F70000F94296D811153C0EE85FF8582A593A5DD
:106F8000A4A5B5A529813A814B815C81281B390BC9
:106F90004A0B5B0BDA01C9018C159D05AE05BF05D7
:106FA000F0F180E090E0A0ECBFE7F80180839183EE
:106FB000A283B383AE85BF859296CD90DD90ED9090
:106FC000FC909597A7019601C701B6010F94296D12
:106FD0008823D1F080E02F960FB6F894DEBF0FBE65
:106FE000CDBFDF91CF911F910F91FF90EF90DF9078
:106FF000CF90BF90AF909F908F907F906F905F9059
:107000004F903F902F900895AE85BF855E96ED918D
:10701000FC91C082D182E282F38281E0DCCFEE85F6
:10702000FF8586A197A1A0A5B1A549815A816B8151
:107030007C81481B590B6A0B7B0B82AD93ADA4ADD1
:10704000B5AD481759076A077B0720F2048CF58D08
:10705000E02D60817181828193819B01AC010F944D
:10706000296D8111B7CFAE85BF859096ED91FC91CA
:1070700060817181828193819B01AC010F94296DA4
:107080008111A8CFEE85FF8566A977A980AD91AD66
:107090009B01AC010F94296D81110EC0AE85BF8597
:1070A000D2966D917D918D919C91D5979B01AC016C
:1070B0000F94296D882321F08E859F850F942437A6
:1070C000AE85BF855C96ED91FC915D972081318105
:1070D000428153812D833E834F8358879096ED9153
:1070E000FC9160817181828193810F94B46B4B011B
:1070F0005C01AE85BF85D6962D913D914D915C91F9
:10710000D9976D817E818F8198850F94B46B6B01C7
:107110007C01EE85FF852089318942895389C5012B
:10712000B4010F94276AAE85BF85D2962D913D910B
:107130004D915C91D5970F94B56B2B013C01EE8579
:10714000FF8542AA53AA64AA75AAE95BFF4F208172
:107150002987211118C0AE85BF851C962D913D91C0
:107160004D915C911F97C701B6010F94276A9B014F
:10717000AC01C301B2010F94B46BEE85FF8562AB25
:1071800073AB84AB95ABAE85BF85D2964D905D90C9
:107190006D907C90D597FD01EE5BFF4F10810181D2
:1071A00032802380212F302F432D522DC301B20175
:1071B0000F94C96C18160CF07BC0812F902FA32D53
:1071C000B22DEE85FF8582AB93ABA4ABB5ABF98551
:1071D000FF2309F483C0AE85BF851C962D913D9198
:1071E0004D915C911F97C501B4010F94276A4B0123
:1071F0005C01EE85FF852489358946895789C70159
:10720000B6010F94276A9B01AC01AE85BF85D2966B
:107210006D917D918D919C91D5970F94B46BA50143
:1072200094010F94B56B6B017C019B01AC01612F44
:10723000702F832D922D0F94C16987FD15C0EE85A7
:10724000FF85FE961081018132802380212F302F0F
:10725000432D522DB601C7010F94C16987FD04C0AB
:107260001C2D0D2D3E2C2F2CAE85BF855E96ED91ED
:10727000FC91812F902FA32DB22D80839183A28327
:10728000B3832D813E814F815885AE85BF85D696CB
:107290002D933D934D935C93D99729813A814B81EE
:1072A0005C8196962D933D934D935C939997B5CEC3
:1072B000EE85FF85FE9620813181428153812A87A8
:1072C0003B874C875D87C301B2010F94C16987FF7B
:1072D0007ECF8A859B85AC85BD8573CF812C912C13
:1072E000540187CF8F929F92AF92BF92CF92DF923D
:1072F000EF92FF92CF93DF9316161706ACF5EC01D1
:107300006B01770FEE08FF08C701B6010F94C8693B
:107310004B015C016AAD7BAD8CAD9DAD0F94C66930
:107320009B01AC01C501B4010F94216C4B015C01C0
:10733000AC019B01688979898A899B890F94276AA6
:10734000688B798B8A8B9B8BA50194016C897D89D5
:107350008E899F890F94216C6C8B7D8B8E8B9F8B7C
:10736000CAAEDBAEECAEFDAEDF91CF91FF90EF90F9
:10737000DF90CF90BF90AF909F908F900895DF9255
:10738000EF92FF920F931F93CF93DF9300D000D023
:10739000CDB7DEB78B017A01D22E62EF7BE0CE0152
:1073A00001960F9418329E012F5F3F4F4D2DB7016C
:1073B000C8010F944722CE0101960F94D931269629
:1073C0000FB6F894DEBF0FBECDBFDF91CF911F91F6
:1073D0000F91FF90EF90DF900895CF92DF92EF92A0
:1073E000FF92CF93DF93DC011796CC911797D0E0F3
:1073F0006111DC2F18962C91189730E0220F331F63
:107400002A543B4C50E040E0F90185919491FC01F5
:10741000F080BA0190E080E0EF2DEC23ED1310C076
:107420004F5F5F4F1D96CD90DD90ED90FC90509793
:107430006C157D058E059F0538F36FEF7FEFCB014F
:10744000DF91CF91FF90EF90DF90CF9008951F9242
:107450000F920FB60F9211240BB60F922F933F93FA
:107460008F939F93EF93FF93E0913213F091331337
:1074700080913013909131139C012F5F3F4F3093D7
:10748000311320933013E80FF91F80818093CE00D1
:1074900080911B0290911C02209130133091311386
:1074A0008217930748F48FEF9FEF909331138093E7
:1074B000301388E48093C900FF91EF919F918F91E1
:1074C0003F912F910F900BBE0F900FBE0F901F900A
:1074D00018951F920F920FB60F9211242F933F937E
:1074E0008F939F93809130139091311320912E139D
:1074F00030912F1321303105E1F48F3F9807C9F403
:107500001092C8001092CD0089E08093CC0086E2F2
:107510008093CA001092CE00109231131092301353
:107520009F918F913F912F910F900FBE0F901F90C1
:107530001895892BA9F71092C8001092CD0083E00E
:107540008093CC008EE08093CA0088E28093C900CB
:107550001092CE0081E090E090933113809330132D
:10756000DFCF1F920F920FB60F9211240BB60F921E
:107570002F933F934F935F936F937F938F939F933B
:10758000AF93BF93EF93FF939091C8008091CE008B
:1075900094FF0CC081E080932D1380913213909161
:1075A000331390932C1380932B131BC090912D13A6
:1075B000913051F5811113C082E080932D130F9407
:1075C00017096093271370932813809329139093BE
:1075D0002A1380912B1390912C130196E2CF1092D5
:1075E0002D13FF91EF91BF91AF919F918F917F915B
:1075F0006F915F914F913F912F910F900BBE0F9024
:107600000FBE0F901F901895923059F7E0912B13F1
:10761000F0912C139081981721F091E090931A0229
:10762000808320912B1330912C13809125139091FE
:1076300026132817390769F610922D1380911A0224
:107640008823D1F08091231390912413892BA1F0EA
:107650001092C900E0912313F0912413199580E949
:107660008093C9001092C8001092CD0083E08093EF
:10767000CC008EE08093CA0010921A02AACFCF925B
:10768000DF92EF92FF920F931F93CF93DF93CDB7CB
:10769000DEB7EC970FB6F894DEBF0FBECDBFDC01AE
:1076A0002C91222309F459C060EA75E00F9412640A
:1076B0009A8389837E01B3E0EB0EF11C01E010E0B8
:1076C000D02EC12E60EA75E090E080E00F94126445
:1076D000F701819391937F010E31110521F00F5F26
:1076E0001F4F892B69F70091391410913A14E980E2
:1076F000FA800115110549F1D8016D917C91C701FE
:107700000F94F76F892BE9F4D8011296ED91FC9153
:10771000BE016F5F7F4F8D2D9C2D19958C010F94AD
:10772000AD35C801EC960FB6F894DEBF0FBECDBFE5
:10773000DF91CF911F910F91FF90EF90DF90CF904D
:107740000895F80104811581D4CF66EA74E381E2DB
:1077500091E10F949B350F94AD3510E000E0E1CF3F
:10776000CF9381E291E10F94D528892BE9F181E251
:1077700091E10F94B328C82F8A3089F08D3079F0C9
:10778000883001F568E081E291E10F9493348091B3
:107790003D14882331F3815080933D14E2CFE09172
:1077A0003D14F0E0E350FC4E108260EF7BE081E29C
:1077B00091E10F9420358DEF93E10F943F3B1092B0
:1077C0003D14CFCF682F81E291E10F949334E09183
:1077D0003D14EB3330F681E08E0F80933D14F0E0E2
:1077E000E350FC4EC083BDCFCF910895CF93DF937C
:1077F0000F94792DEC01892B99F08A8181508A832D
:1078000081110EC0888199810F942F62198218828C
:10781000E091FB13F091FC13C8EFD3E1309719F41A
:10782000DF91CF9108959381848120813181232B31
:1078300041F49B838C83CF010F942F629B818C81B9
:10784000FE01EF01E92FF82FE9CFEF92FF920F939E
:107850001F93CF93DF937C010F94792DFC01892B2B
:1078600061F082818F5F828380819181DF91CF91EE
:107870001F910F91FF90EF900895C8EFD3E1888199
:107880009981892B51F4C7010F948C6F9983888358
:1078900021E02A83EBCFEC01F2CF8B819C81009712
:1078A000D1F785E090E00F9493618C0190E080E047
:1078B00001151105D9F21C830B83C7010F948C6F3E
:1078C000F8019183808321E0228314821382CECF3A
:1078D0000F931F93CF93DF93EC01E881F98102842A
:1078E000F385E02D199500E011E08F3F9807D1F066
:1078F00081329105E4F401501109E881F9810F3FCB
:10790000100731F00284F385E02DCE011995EDCFFB
:10791000E881F9810684F785E02D682FCE0119955D
:1079200090E080E0DF91CF911F910F910895012B9E
:1079300079F78FEF9FEFF6CF0F931F93CF93DF93DE
:10794000EC018B0162E576E00F94203501151105FD
:10795000C1F1F80161918F01662399F1603240F025
:10796000623231F06C3521F0CE010F949334F1CFB7
:107970006CE5CE010F949334F801319780818C30FF
:10798000D1F044F48930D9F08A30B9F0883009F761
:1079900062E6EACF823259F024F462E78D3021F3B7
:1079A000D8CF8F3231F06CE58C35F1F2D2CF62E274
:1079B000DBCF6FE2D9CF66E6D7CF6EE6D5CF64E7EF
:1079C000D3CF62E2CE010F94933490E080E0DF9158
:1079D000CF911F910F910895CF92DF92EF92FF9276
:1079E0000F931F93CF93DF937C016B01DC01ED912B
:1079F000FC910284F385E02D1995829761F0CFEF19
:107A0000DFEFCE01DF91CF911F910F91FF90EF90AB
:107A1000DF90CF90089584E0F601808786E090E0C3
:107A20000F9493618C01009751F3E8EBF3E1DC01D3
:107A3000ED93FC9380E4DF011D928A95E9F780E4E1
:107A400090E0F8019383828315821482D701ED912F
:107A5000FC910284F385E02DC7011995EC01019694
:107A6000C9F0C232D10509F44DC0C032D1050CF4C1
:107A700049C0B8018C2FCC35D10549F5D701ED911E
:107A8000FC910284F385E02DC7011995EC018F3F2D
:107A9000980721F4C8010F942F62B3CF8236910565
:107AA00041F15CF48F32910509F18C359105D9F0E3
:107AB000829761F6B80182E20AC08E369105E1F044
:107AC0004CF4B8018CE0C636D10509F0BFCF0F9455
:107AD000A42ABCCF8237910591F0B80189E0C43760
:107AE000D105A9F3B3CFB8018CE5F1CFB8018FE28E
:107AF000EECFB80188E0EBCFB8018AE0E8CFB8015B
:107B00008DE0E5CFF80184819581009749F00190DF
:107B1000F081E02DE80FF91F31978081882321F053
:107B2000B80180E00F94A42A88EB93E10F94253CE0
:107B3000EC01892B19F0C8010F942F62D6011A9617
:107B4000DC93CE931997D0E0C0E05BCF8DE090E05E
:107B50000F949361009729F02DE0FC0111922A9572
:107B6000E9F7089508950F931F93CF93DF9300973C
:107B7000E1F0EC010C851D850115110579F0D801A6
:107B80008D919C91009739F0DC01ED91FC91048876
:107B9000F589E02D1995C8010F942F62CE01DF9170
:107BA000CF911F910F910D94AC64DF91CF911F91F4
:107BB0000F910895AF92BF92CF92DF92EF92FF9212
:107BC0000F931F93CF93DF9300D01F92CDB7DEB7F3
:107BD00061157105B1F06B01182FDB011C96AD909A
:107BE000BC90F501E080F180D701ED91FC91068811
:107BF000F789E02DC7011995811106C0C6010F94C0
:107C0000B33D8FEF9FEF13C0F5019281911124C016
:107C1000D701ED91FC910190F081E02D612FC7011A
:107C20001995F701818D811111C090E080E00F90CE
:107C30000F900F900F90DF91CF911F910F91FF90B8
:107C4000EF90DF90CF90BF90AF900895612F81E2C9
:107C500091E10F949334E9CF812F8F7D81548A3144
:107C6000B8F280ED810F8A3098F283ED810F823077
:107C700078F21F3569F21E3759F21132B1F086ECF5
:107C8000810F823090F08AED810F873070F01D33C4
:107C900061F0812F8F7E8F3241F08DED810F823028
:107CA00020F01B3511F01D3511F491FFB1CF198271
:107CB0001A821B821C82812F012E000C990B9F932C
:107CC0001F938CEF9BE09F938F938E010F5F1F4F4D
:107CD0001F930F930F947C706E01F4E0CF0ED11CB4
:107CE0000F900F900F900F900F900F90D8016D9103
:107CF0008D01D701ED91FC910190F081E02DC7013C
:107D00001995F701818D882339F0F8013197608149
:107D100081E291E10F9493340C151D0539F785CF5D
:107D2000AF92BF92CF92DF92EF92FF920F931F9389
:107D3000CF93DF9300D01F92CDB7DEB78C016B01DC
:107D40007A018091D30D8333E9F45B016801C40E9D
:107D5000D51EC016D106A9F10F94AF2B8FE00F945A
:107D6000BA2B812F0F94BA2B802F0F94BA2B0F5F51
:107D70001F4F80E00F94BA2BF50181935F010F94A0
:107D8000A52BE7CF843369F50F94AF2B19830A83B2
:107D90008F2D8F778B83EC8264E070E0CE010196AB
:107DA0000F948B2BA70170E060E0C6010F941C6953
:107DB000E114F10421F0B701C6010F948B2B0F944D
:107DC000A52BC7010F900F900F900F90DF91CF91CF
:107DD0001F910F91FF90EF90DF90CF90BF90AF90E9
:107DE00008950F94AF2B0F3F110509F030F419825D
:107DF0000A831B8263E070E0D1CF17FD0BC01982AC
:107E00000A8333E0169507953A95E1F7007E0860FE
:107E10000B83F0CFC80126E0969587952A95E1F768
:107E2000807E19830A830115104C18F480618B83BE
:107E3000E1CF8861FCCFCF93DF931F92CDB7DEB740
:107E400041E050E0BE016F5F7F4F0F94903E89810B
:107E50000F90DF91CF91089590E080E00D941B3F4B
:107E6000CF93DF93C4E1D0E00F942C3F882361F0DF
:107E700061E070E080E090E00F94E4082197A1F7C2
:107E800080E0DF91CF91089581E0FBCF2091B61380
:107E900030E0322F2227620F731F90E0982F88273F
:107EA000860F971F0D941B3FAF92BF92CF92DF9228
:107EB000EF92FF920F931F93CF93DF9300D000D0E8
:107EC0001F921F92CDB7DEB78C017B016A018091B2
:107ED000D30D8333E1F45801A40EB51EA016B106EC
:107EE00009F46FC00F94AF2B80EF0F94BA2B812F42
:107EF0000F94BA2B802F0F94BA2B0F5F1F4FF701EF
:107F000081917F010F94BA2B0F94A52BE7CF5B01D2
:107F1000A40EB51E8433C1F40F94AF2B19830A83CA
:107F20008D2D80688B83CC8264E070E0CE01019659
:107F30000F948B2BAE14BF0409F441C0F70181915B
:107F40007F010F94BA2BF6CF0F94AF2B0F3F110583
:107F500009F028F419820A8384E08B830CC017FD92
:107F600017C019820A8333E0169507953A95E1F711
:107F7000007E0C600B8386E0C816D104A0F5F701E3
:107F8000DE011496EA15FB0599F081918D93FACFE5
:107F9000C80126E0969587952A95E1F7807E19839A
:107FA0000A830115104C10F48461D7CF8C61D5CFB2
:107FB000B6016D5F7F4FCE0101960F948B2B0F940E
:107FC000A52BC60128960FB6F894DEBF0FBECDBF15
:107FD000DF91CF911F910F91FF90EF90DF90CF90A5
:107FE000BF90AF90089563E070E0CE0101960F94CA
:107FF0008B2BF70181917F010F94BA2BAE14BF0434
:10800000C1F7DDCFCF93DF931F92CDB7DEB7898362
:1080100041E050E0BE016F5F7F4F90E080E00F9441
:10802000543F0F90DF91CF91089563E070E00D947D
:10803000463FDA01E091B613F0E0FE2FEE27E60F9F
:10804000F71F90E0982F8827A901BD018E0F9F1F71
:108050000D94543FCF93DF931F921F92CDB7DEB79D
:1080600079836A8322E030E0AE014F5F5F4F60E1C9
:1080700070E00F9419400F900F90DF91CF91089509
:10808000CF93DF931F921F92CDB7DEB779836A83B8
:1080900022E030E0AE014F5F5F4F64E070E00F948C
:1080A00019400F900F90DF91CF910895CF93DF93F8
:1080B0001F92CDB7DEB72091B61330E0322F2227C2
:1080C000260F371F90E0982F8827498341E050E022
:1080D000BE016F5F7F4F820F931F0F94543F0F902D
:1080E000DF91CF910895CF93C82F462F61E070E0C4
:1080F0000F94564061E070E08C2F0F94463F811141
:10810000F9CFCF910895DA01E091B613F0E0FE2F98
:10811000EE27E60FF71F90E0982F8827A901BD01F1
:108120008E0F9F1F0D94903E6F927F929F92AF9201
:10813000BF92CF92DF92EF92FF920F931F93CF9354
:10814000DF931F921F92CDB7DEB7982E8B013A01B5
:10815000690122E030E0AE014F5F5F4F64E270E002
:108160000F948340E980FA80FE24EF24FE24E00E81
:10817000F11E970137704091D30D092D10E0C80111
:10818000433309F04CC00896982F8827990F990F10
:10819000990F820F931F473309F446C0A9014C0D74
:1081A0005D1D4130584008F43FC060E078E05B015D
:1081B000A21AB30AA501B3010F94543FA6014A19AC
:1081C0005B09B3016A0D7B1D8091D30D833349F5A3
:1081D000085F1F4F000F000F000F80E0902F0F94DB
:1081E000543FEC0CFD1CF982EA8222E030E0AE0143
:1081F0004F5F5F4F64E270E0892D0F9419400F903C
:108200000F90DF91CF911F910F91FF90EF90DF9032
:10821000CF90BF90AF909F907F906F9008954096C1
:10822000B3CF005F1F4FD6CFA601B301D8CFEF92D7
:10823000FF921F93CF93DF931F921F92CDB7DEB7AC
:10824000182F22E030E0AE014F5F5F4F60E270E038
:108250000F948340E980FA80FE24EF24FE2422E07C
:1082600030E0AE014F5F5F4F60E270E0812F0F940E
:10827000834089819A81982789279827E816F906EB
:1082800089F487E0189FF0011124E557F24FF58239
:10829000E482C7010F900F90DF91CF911F91FF9063
:1082A000EF9008957C01DBCFFF920F931F93CF9344
:1082B000DF931F921F92CDB7DEB7F82E22E030E099
:1082C000AE014F5F5F4F66E270E00F94834009811B
:1082D0001A8110270127102722E030E0AE014F5FFE
:1082E0005F4F66E270E08F2D0F94834089819A8101
:1082F0009827892798270817190749F4C8010F906C
:108300000F90DF91CF911F910F91FF9008958C01F5
:10831000E3CF44E050E0BC018FE090E00D94543F87
:1083200044E050E0BC0185E090E00D94543F44E00F
:1083300050E0BC0181E090E00D94543F08951F93FC
:10834000CF93DF931F921F92CDB7DEB78091B71303
:108350008111FCC060E372E080E090E00F94E408DB
:108360001FB7F8948091B513811127C0EAEEFFE2A0
:108370008491E0E3F0E39491E82FF0E0EE0FFF1F2B
:10838000EF57F04DA591B491EC91E92321F461E010
:1083900085E30F946E0661E085E30F949C068CB52F
:1083A00080618CBD8CB580648CBD61E084E30F94EA
:1083B0009C0661E083E30F949C068091B5138F5F68
:1083C0008093B5131FBFEFEBFFE2E491F0E0EE0FF7
:1083D000FF1FE556F04D859194919093B4138093CF
:1083E000B313E5E0F0E3E491E093B21361E08AE0D7
:1083F0000F949C060F94A52B80E591E00F946B02DF
:1084000084E38093D30D80E80F9402400F94303FB3
:10841000882391F188E00F9402400F942C3F88301C
:1084200059F580E10F9402400F942C3F803121F5E3
:1084300080E00F9402400F942C3F182F81111CC034
:108440008FE190E00F941B3F8330B1F480E4809380
:10845000B61342E06EE170E0812F0F94564042E087
:108460006FE170E0812F0F9456401F5F183089F73D
:1084700081E08093B71364C087E38093D30D80E8D5
:108480000F9402400F94303F8823F9F088E00F9456
:1084900002400F942C3F8830C1F480E10F940240D9
:1084A0000F942C3F182F803181F480E00F9402400C
:1084B0000F942C3F811109C089E390E00F941B3F7A
:1084C000843019F41093B613D3CF83E38093D30D84
:1084D00080E80F9402400F94303F882371F180E1CF
:1084E0000F9402400F942C3F803139F582E10F94B4
:1084F00002400F942C3F823101F580E00F9402403E
:108500000F942C3F811119C084E08093B61315E5B8
:108510001A8341E050E0BE016E5F7F4F8BE190E037
:108520000F94543F198341E050E0BE016F5F7F4FCD
:108530008AE190E00F94543F9BCF1092D30D80E0DE
:108540000F900F90DF91CF911F91089581E0F8CFA8
:108550001F93CF93DF93182F80E591E00F946B0268
:10856000812F0F941741EC01812F0F941540873113
:1085700021F08C3111F0D0E0C0E0CE01DF91CF913D
:108580001F910895FC018485883010F40D94A84251
:1085900090E080E00895CF92DF92EF92FF921F93D8
:1085A000CF93DF93182F7B01EA014130584010F040
:1085B000C0E0D8E080E591E00F946B02812F0F942A
:1085C00017416C01812F0F941540873111F08C31C8
:1085D00021F5CC16DD0670F380E591E00F946B0277
:1085E0009E01A70170E060E0812F0F94944060E24B
:1085F00070E0812F0F94734062E070E0812F0F9440
:10860000463F84FD0DC0812F0F9415408823B9F09B
:1086100080E591E00F946B02EFCFD0E0C0E0DCCFBB
:1086200040E162E070E0812F0F945640CE01DF916F
:10863000CF911F91FF90EF90DF90CF900895D0E001
:10864000C0E0F4CF0F931F93CF93DF938C01EA0127
:10865000FC018485883048F40F94CB42892B39F48F
:1086600081E090E0F80193838283D0E0C0E0CE0106
:10867000DF91CF911F910F9108951F93CF93DF93B7
:108680001F92CDB7DEB7182F80E591E00F946B02F3
:10869000812F0F94C12B27E0129FF0011124E55781
:1086A000F24F22813381377041E050E0BE016F5FAD
:1086B0007F4F820F931F0F94903E89810F90DF911F
:1086C000CF911F910895FC01808D883040F4218D59
:1086D000328D232B21F00F943D4390E008958FEFCE
:1086E0009FEF0895CF93DF93FC012485283028F075
:1086F0008FEF9FEFDF91CF910895EC010190F08112
:10870000E02D0084F185E02D1995892B89F38C8566
:108710000F943D4390E0EECF1F93CF93DF93182F3C
:1087200087E0189FE0011124C557D24F88819981B5
:10873000009761F480E591E00F946B02812F0F9414
:1087400054412E81821B910999838883DF91CF91B7
:108750001F910895FC018485883010F40D948C439A
:1087600090E080E008954F925F927F928F929F9267
:10877000AF92BF92CF92DF92EF92FF920F931F932F
:10878000CF93DF931F921F92CDB7DEB7782E6B0188
:108790004A01A82EB12C27E0829FC0011124FC01C0
:1087A000E557F24F7F010081118180E591E00F9440
:1087B0006B020815190554F4872D0F945441F701E5
:1087C00026818C01021B11091183008301151105FB
:1087D00019F5872D0F941540843159F0882349F0FD
:1087E00001E010E08C3111F410E000E011950195EA
:1087F0001109C8010F900F90DF91CF911F910F9138
:10880000FF90EF90DF90CF90BF90AF909F908F90B0
:108810007F905F904F900895801691060CF484012C
:1088200087E08A9DF0018B9DF00D1124E557F24FF2
:10883000E280F380C114D10451F12701F7E05F22F7
:10884000872D0F94C12B840D951D2091D30D2733B7
:1088500009F453C09801240D351D2130384008F427
:108860004CC020E038E0490184189508A401B60105
:108870000F94903E2601480C591C6801C818D9086D
:10888000872D0F94C12BA601B2010F94903EE00EEC
:10889000F11E87E08A9DF0018B9DF00D1124E557B4
:1088A000F24FF382E28220813181201B310B318330
:1088B00020838681800F912F911D8A3F910510F4AE
:1088C000232BF1F487E08A9DF0018B9DF00D11249C
:1088D000E557F24F1682F982EA8222E030E0AE01DB
:1088E0004F5F5F4F68E270E0872D0F94194060E49E
:1088F00070E0872D0F9473407CCFA801B601C5CFDF
:10890000868377CFCF93DF93FC01218D328D2115A4
:10891000310529F48FEF9FEFDF91CF910895EC019E
:10892000808D4217530708F0A9010F94B34318161E
:10893000190684F7298D3A8D281B390B3A8F298F18
:10894000EBCF0F931F93CF93DF931F92CDB7DEB77B
:10895000FC01218D328D232B41F48FEF9FEF0F907F
:10896000DF91CF911F910F9108958C0141E050E06C
:10897000BE016F5F7F4FFC01808D0F94B3431816CB
:1089800019065CF7F801818D928D0197928F818F86
:10899000898190E0E4CF0F931F93CF93DF9300D0B2
:1089A00000D01F921F92CDB7DEB78C01D801599627
:1089B0004D915C915A974115510551F0ED91FC9103
:1089C000048CF58DE02D70E060E0C8011995EECFC4
:1089D000F801808D0F948C43892BB1F148E050E071
:1089E000BE016F5F7F4FD80158968C910F94B343AF
:1089F00018161906F4F4D801509684E0FE01319659
:108A000001900D928A95E1F78D8190E0982F88274B
:108A10002E81820F911DF801958B848B8F81282FD9
:108A200030E0322F22278885820F932F911D928F5D
:108A3000818F28960FB6F894DEBF0FBECDBFDF91B1
:108A4000CF911F910F91089590E080E0F2CF3F9277
:108A50004F925F926F927F928F929F92AF92BF924E
:108A6000CF92DF92EF92FF920F931F93CF93DF93FA
:108A7000CDB7DEB7EA970FB6F894DEBF0FBECDBF15
:108A80007C012A013B0169010F9417094B015C012C
:108A900087010D5B1F4FC8010F94CB4418161906B0
:108AA000ACF00F941709681979098A099B094616D1
:108AB00057066806790608F468C10E94662161E0DD
:108AC00070E080E090E00F94E408E5CF42E250E0EF
:108AD000BE016F5F7F4FC8010F948244898182304D
:108AE000D1F0312C832DEA960FB6F894DEBF0FBE7D
:108AF000CDBFDF91CF911F910F91FF90EF90DF904D
:108B0000CF90BF90AF909F908F907F906F905F902D
:108B10004F903F900895F801848995898334910599
:108B200001F76D817E818F8198850F949E6B4B013B
:108B30005C01F60180829182A282B38246E050E01D
:108B4000B701685F7F4FCE014D960F94A66F892BBA
:108B500041F6F70180819181A281B381881699063F
:108B6000AA06BB0608F4BDCF84819581A681B78192
:108B700088159905AA05BB0508F4B3CF89899A8998
:108B8000AB89BC8986879787A08BB18B4EEC50E070
:108B900070E060E0C8010F948244312CC7018296D6
:108BA00098AB8FA7F701B696FAABE9AB08969CABEA
:108BB0008BAB67019AE1C90ED11CBD96FEABEDAB44
:108BC000C701429698AF8FABFD97FAAFE9AF470167
:108BD000FEE18F0E911CF801818D928D18161906F9
:108BE0000CF080CFC8010F94A1448333910509F4A0
:108BF000B2C014F58130910509F464C044F4892BA6
:108C000051F3C8010F94A144AC01552775C08330BE
:108C1000910509F462C00697A1F7C8010F94A14419
:108C2000B82E44E050E0B401C8010F948244EB2D0B
:108C3000E450FF0BAF0160C08A33910509F45FC0B7
:108C400084F585339105B1F1C697D9F6C8010F9423
:108C5000A1445C01B601CE0189960F94B7358BA56E
:108C60009CA5ADA5BEA5892B8A2B8B2BB1F0EDA9B8
:108C7000FEA94080518062807380B601CE01839648
:108C80000F94B7358DA19EA1AFA1B8A5A501481637
:108C900059066A067B0609F0B8CF44E050E0B601F9
:108CA00018C08B33910509F440C08F3F910509F43A
:108CB00092CFA7CFC8010F94A144C8010F94A1443B
:108CC000382E89CFC8010F94A14444E050E06FA929
:108CD00078ADC8010F9482447ECFC8010F94A1449F
:108CE000B82E44E050E069AD7AADC8010F948244DB
:108CF0008B2D8450990BAC0170E060E0EACFC80185
:108D00000F94A14444E050E069A97AA9C8010F94E6
:108D10008244F70166A177A180A591A50F949E6B6F
:108D200066A377A380A791A756CFC8010F94A1444B
:108D300044E050E06BA97CA9C8010F948244F7017C
:108D400062A573A584A595A50F949E6B62A773A7D2
:108D500084A795A740CFC8010F94A14444E050E0F8
:108D60006FA578A9C8010F948244F70162A173A18D
:108D700084A195A10F949E6B62A373A384A395A372
:108D800066A777A780AB91AB26CF33243A94AACEBF
:108D9000CF93DF931F92CDB7DEB741E050E0BE0125
:108DA0006F5F7F4FFC0184850F94B343181619063B
:108DB00034F4898190E00F90DF91CF9108958FEF87
:108DC0009FEFF9CFFC018485883010F40D94B343F4
:108DD00090E080E00895CF93C82F80E591E00F9454
:108DE0006B0268E070E08C2FCF910D947340CF93AD
:108DF000C82F80E591E00F946B0260E170E08C2F4A
:108E0000CF910D947340CF92DF92EF92FF920F9328
:108E10001F93CF93DF9300D000D0CDB7DEB78C0186
:108E20006B017A01FC01808D883010F40F94F746B5
:108E300081E195E09A838983F60182819381A481FF
:108E4000B5818B839C83AD83BE83B701CE01019630
:108E50000F942105F801808F8830A0F4F586E48610
:108E6000128E118E81E026960FB6F894DEBF0FBEEB
:108E7000CDBFDF91CF911F910F91FF90EF90DF90C9
:108E8000CF90089580E0EFCFCF93DF93EC01888DF2
:108E9000883020F40F94F74688E0888FDF91CF91D7
:108EA0000895CF93C82F80E591E00F946B028C2F2B
:108EB000CF910D941540EF92FF920F931F93CF9394
:108EC000DF937C018091D30DD4E0833309F0D8E0A7
:108ED00003EC1DE0C0E0F801219131918F01F70111
:108EE000848195812817390729F0CF5FDC13F3CFF0
:108EF00080E006C08C2F0F9451478431B1F781E098
:108F0000DF91CF911F910F91FF90EF9008959F9265
:108F1000AF92BF92CF92DF92EF92FF920F931F9387
:108F2000CF93DF93EC017B018091D30D811121C0A0
:108F30001B821A8288EE93E0A0E0B0E08C839D83D0
:108F4000AE83BF838BE894E09983888388E08C8725
:108F500088EE93E09E878D87CE01DF91CF911F91A0
:108F60000F91FF90EF90DF90CF90BF90AF909F90C8
:108F7000089534E0932E833311F028E0922E83EC91
:108F8000C82E8DE0D82E10E098E0B92EA12CD60185
:108F90002D913D916D01F701848195812817390745
:108FA00091F4812F0F945147082F873111F08C31A4
:108FB00039F5812F0F948C43892B59F50C3119F415
:108FC000812F0F94EB461F5F9112E1CFA11008C0D3
:108FD000D701ED91FC910084F185E02DC701199531
:108FE0001B821A8288EE93E0A0E0B0E08C839D8320
:108FF000AE83BF838BE894E099838883BC86A8CF37
:10900000843149F08111DFCFF6013297118210824D
:10901000DACFB12ED8CFAA24A394D5CF8F929F9226
:10902000AF92BF92CF92DF92EF92FF920F931F9376
:10903000CF93DF93CDB7DEB72F970FB6F894DEBF8F
:109040000FBECDBF5C014B017A018091D30D882307
:10905000C9F104E0833309F008E0B501CE010196BF
:109060000F94874783ECC82E8DE0D82E10E0F601D0
:10907000219131916F01F50184819581281739077C
:1090800051F4812F0F945147873129F4A701B4017E
:10909000812F0F94CB421F5F0113E9CFC7012F9699
:1090A0000FB6F894DEBF0FBECDBFDF91CF911F91F9
:1090B0000F91FF90EF90DF90CF90BF90AF909F9077
:1090C0008F900895F12CE12CE9CFCF93DF93EC0141
:1090D0008C858830D0F40F945147843189F08823EF
:1090E00079F0883169F021E08C3159F4E881F98117
:1090F0000084F185E02DCE01199521E0892B09F43A
:1091000020E0822FDF91CF91089580E0FBCFCF92B6
:10911000DF92EF92FF92CF93DF93EC018C85883042
:1091200068F40F94EB460F9417096B017C018C8552
:109130000F945147811109C088E08C87DF91CF914E
:10914000FF90EF90DF90CF9008950E94662161E03C
:1091500070E080E090E00F94E4080F941709AB01F1
:10916000BC014C195D096E097F098D859E85B0E0B3
:10917000A0E0481759076A077B07C8F28C850F944F
:10918000F746DACFCF93DF93EC018C85883060F41B
:109190000F945147873111F08C3131F48C850F9445
:1091A000A8428115984088F3DF91CF910895CF921E
:1091B000DF92EF92FF920F931F93CF93DF93CDB780
:1091C000DEB7AF970FB6F894DEBF0FBECDBF8C01F0
:1091D0006B017A0181E195E09A8389831B821C826D
:1091E0001D821E821C861B8648EE53E060E070E004
:1091F0004D875E876F87788B27EE34E03A87298723
:10920000988F8F8B198E1A8E1B8E1C8E28E029A3A7
:109210009BA78AA71CA61DA61EA61FA6D8011C9642
:109220008C91883060F40F945147882321F0F80125
:1092300084850F94EB4688E0D8011C968C9380912E
:10924000000F9091010FA091020FB091030F8EA318
:109250009FA3A8A7B9A78B839C83AD83BE831886E1
:109260001F82AE01465D5F4FB601CE0101960F949D
:10927000EF100097C1F0D801ED91FC910684F785BD
:10928000E02D81E195E09DA38CA38CA59DA5AEA5C5
:10929000BFA58EA39FA3A8A7B9A7A701BE016C5D18
:1092A0007F4FC8011995AF960FB6F894DEBF0FBE79
:1092B000CDBFDF91CF911F910F91FF90EF90DF9085
:1092C000CF9008958F929F92AF92BF92CF92DF92EC
:1092D000EF92FF920F931F93CF93DF9300D000D0B4
:1092E00000D01F92CDB7DEB79091D30D911115C06C
:1092F00018E0812F2A960FB6F894DEBF0FBECDBFBF
:10930000DF91CF911F910F91FF90EF90DF90CF9061
:10931000BF90AF909F908F90089528E0F22E9333E6
:1093200011F494E0F92E6B01082F80E591E00F9481
:109330006B029E012F5F3F4F5901490110E0812FC1
:109340000F941540F40181934F018823C1F01F5FF2
:10935000F112F5CFF12CF50191915F019D3149F0AA
:10936000983139F09A51923020F0F3941F11F3CFD5
:10937000BFCF60E170E08F2D0F9473401F2DE12E61
:10938000F12CF701EE0FFF1FED53F24F1182108207
:1093900083EE93E00197F1F7402F70E060E0812FBA
:1093A0000F9456404FEF62E070E0812F0F945640CB
:1093B000B601CD2889F480910102909102020196B4
:1093C0008115F0EC9F0798F19093020280930102BF
:1093D0006091010270910202812F0F94404061E080
:1093E00070E0812F0F94734027E02E9DC0012F9DC8
:1093F000900D11249C012557324F7901F9011182FA
:10940000108222E030E0AE01475F5F4F68E270E01B
:10941000812F0F94834089859A85982789279827DB
:10942000F7019383828316821582148262CF80E0D3
:1094300090ECCACF0F931F93CF93DF93EC018B0176
:10944000888D883010F40F94F746B80182E00F94AD
:109450006249888F883050F41D870C871A8E198EC8
:1094600081E0DF91CF911F910F91089580E0F9CFB6
:109470009F92AF92BF92CF92DF92EF92FF920F93A3
:109480001F93CF93DF938C015B01942EE52EFC019B
:10949000C688D788F08C80E591E00F946B028F2D01
:1094A0000F941741C92DDE2D8C179D0708F4EC0190
:1094B0009E01A501B6018F2D0F949440F801868975
:1094C00097898C0F9D1F978B868BCE01DF91CF9153
:1094D0001F910F91FF90EF90DF90CF90BF90AF90D2
:1094E0009F900895CF93FC01C08D80E591E00F948B
:1094F0006B0260E270E08C2F0F94734062E070E0CA
:109500008C2F0F94463F84FD16C062E070E08C2FD4
:109510000F94463F83FF0AC048E162E070E08C2F61
:109520000F94564080E090E0CF91089580E591E05F
:109530000F946B02E3CF40E162E070E08C2F0F9458
:10954000564081E0F0CFFF920F931F93CF93DF93AC
:10955000EB01FC01178A168A2A81211109C02B818F
:10956000211106C02C81211103C02D81222301F17C
:1095700041155105E9F08A01FC01F08C80E591E08C
:109580000F946B02AE014E5F5F4F24E030E06CE061
:1095900070E08F2D0F941940B8018F2D0F942A4041
:1095A00081E090E0DF91CF911F910F91FF9008959E
:1095B00080E0F7CF7F928F929F92AF92BF92CF922F
:1095C000DF92EF92FF920F931F93CF93DF93CDB76C
:1095D000DEB7A6970FB6F894DEBF0FBECDBF8C01E5
:1095E000762E942E852E20E2A22ECE0101967C01AD
:1095F000DC01EA2D1D92EA95E9F76801F3E4CF0E4C
:10960000D11C81E195E09AA389A38FEF8BA38CA352
:109610008DA38EA343E450E0BE016F5D7F4FC60172
:109620000F94A34A019609F4BFC081E089838A831D
:1096300086E0B82EBB821C82D80114966D917D9174
:109640008D919C9117970F949E6B6D837E838F8372
:10965000988789869A8680E890E09C878B874CE182
:1096600050E0B701C6010F94384AFE0137968AE1EF
:10967000DF011D928A95E9F74801B8E08B0E911C35
:10968000F401D70101900D92BA94E1F740E150E066
:10969000B701C6010F94384AF7011192AA94E9F76D
:1096A00096E0A92EB12C40E250E0B701C6010F941C
:1096B000384AF1E0AF1AB108B1F783E6898392E83E
:1096C0009A8393E59B838C8385E38D8381E08E83EE
:1096D0007F829DE3988797E099878A8786E0F401E7
:1096E000DE011B9601900D928A95E1F78CE0898B43
:1096F0008A8B62E07CE0CE0143960F940070D80123
:109700001B966C91CE0149960F94E102F801648595
:10971000CE014B960F94E102D8011D966C91CE01BB
:109720004D960F94E1024EE150E0B701C6010F944F
:10973000384AB3E07B121EC082E3898384E08A83C7
:10974000F80196859B8397859C8390899D83918959
:109750009E8396E39F838887828D8987838D8A87FE
:10976000848D8B87858D8C874CE050E0B701C601D6
:109770000F94384A87E3898386E08A8391E09B834C
:1097800093E09C838D838FE08E838AE38F838BE3CA
:1097900088878FEF898749E050E0B701C6010F94B1
:1097A000384AC6010F94724AA6960FB6F894DEBFE7
:1097B0000FBECDBFDF91CF911F910F91FF90EF9022
:1097C000DF90CF90BF90AF909F908F907F90089543
:1097D0002F923F924F925F926F927F928F929F92C1
:1097E000AF92BF92CF92DF92EF92FF920F931F93AF
:1097F000CF93DF9300D000D0CDB7DEB78C010F94AC
:1098000004632FEC37E040E050E00F942D6BDC0157
:10981000CB010196A11DB11DF80184839583A68318
:10982000B78380839183A283B3835801F3E4AF0E9F
:10983000B11CC5010F94444764E470E0C5010F9466
:109840001A4A882309F445C10F9417092B013C01DA
:10985000480182E4880E911C48EEC42E43E0D42EC9
:10986000E12CF12C52E0252E1E821D82D4018C9118
:109870008330B1F1811166C0F80184819581A681A0
:10988000B7810196A11DB11D84839583A683B783FB
:109890000F9417096419750986099709A70196019C
:1098A0000F940B6BA90161E0C8010F94DA4A81E0C3
:1098B000D4018C938D819E810197C1F20F94170979
:1098C0006419750986099709D801D6962D913D919D
:1098D0004D915C91D997261737074807590720F60D
:1098E000C5010F944447F80184819581A681B78111
:1098F0000196A11DB11D84839583A683B7830F9420
:109900001709F801FE9660837183828393838D81AA
:109910009E8126960FB6F894DEBF0FBECDBFDF91B5
:10992000CF911F910F91FF90EF90DF90CF90BF905C
:10993000AF909F908F907F906F905F904F903F90EF
:109940002F9008958430F1F4F80184819581A681E7
:10995000B7810196A11DB11D84839583A683B7832A
:109960000F9417096419750986099709A7019601CB
:109970000F940B6BA90163E0C8010F94DA4AD4017C
:109980002C9298CF813051F5F80142AD53AD64ADC2
:1099900075AD9E012F5F3F4FC8010F942745382EAC
:1099A000F2E08F1390C089819A81AB81BC81F8016C
:1099B00084839583A683B7830F9417096419750967
:1099C00086099709A70196010F940B6BA90163E023
:1099D000C8010F94DA4AD4013C926CCF823009F06E
:1099E00069CFF80142AD53AD64AD75AD9E012F5FF7
:1099F0003F4FC8010F942745382EF5E08F135DC007
:109A0000E3E0D401EC93F80182A193A1A4A1B5A154
:109A1000892B8A2B8B2B41F484E893E0A0E0B0E003
:109A200082A393A3A4A3B5A3F80186A197A1A0A59F
:109A3000B1A5892B8A2B8B2B61F482A193A1A4A1C0
:109A4000B5A1B695A7959795879586A397A3A0A747
:109A5000B1A7F80182A593A5A4A5B5A5892B8A2B4A
:109A60008B2BA9F482A193A1A4A1B5A1AC01BD0146
:109A700023E076956795579547952A95D1F7841BEE
:109A8000950BA60BB70B82A793A7A4A7B5A7F801C0
:109A900086A197A1A0A5B1A586A797A7A0ABB1ABBA
:109AA00082A593A5A4A5B5A582AB93ABA4ABB5AB9A
:109AB00081E090E09E838D83FDCE96E0891303C004
:109AC000D4011C92F7CEBFEF3B12F4CEF40110820A
:109AD000F1CE1E821D821BCF0F931F93CF938C015B
:109AE000FC016481758181E20F946249C82F88303E
:109AF000F8F480E591E00F946B028C2F0F941540E1
:109B0000833131F08C2FCF911F910F910D94EB4643
:109B100062E070E08C2F0F947340F801848195818E
:109B2000EC2FF0E0EE0FFF1FED53F24F9183808397
:109B3000CF911F910F9108950F931F93CF93DF93B0
:109B40001F921F92CDB7DEB7FC0124852830E0F4C8
:109B50008C0180E591E00F946B0222E030E0AE01D1
:109B60004F5F5F4F60E170E0F80184850F948340A0
:109B700089819A819827892798270F900F90DF91E4
:109B8000CF911F910F91089590E080E0F6CFEF9272
:109B9000FF920F931F93CF93DF9300D01F92CDB707
:109BA000DEB78C017B01FB0184858830A8F081E160
:109BB00095E0F801918380831282138214821582CA
:109BC000C8010F900F900F900F90DF91CF911F91D0
:109BD0000F91FF90EF90089580E591E00F946B0254
:109BE00024E030E0AE014F5F5F4F6CE070E0F701C2
:109BF00084850F948340BE016F5F7F4FC8010F942F
:109C0000B735DECF0F931F93CF93DF931F921F9231
:109C1000CDB7DEB7FC0124852830E0F48C0180E567
:109C200091E00F946B0222E030E0AE014F5F5F4F96
:109C300064E070E0F80184850F94834089819A8103
:109C40009827892798270F900F90DF91CF911F9128
:109C50000F91089590E080E0F6CFCF92DF92EF92DF
:109C6000FF921F93CF93DF93EC017B016A018C85F8
:109C7000883048F40F945147882319F08C850F944D
:109C8000EB4688E08C87F70182819381A481B581BE
:109C90000097A105B10551F490E080E0DF91CF91EC
:109CA0001F91FF90EF90DF90CF9008958F3F9F4FCF
:109CB000AF4FBF4F89F370E060E081E20F946249DB
:109CC000182F8C87883040F780E591E00F946B0265
:109CD000A7014E5F5F4F24E030E06CE070E0812F21
:109CE0000F941940B601812F0F942A4064E070E070
:109CF000812F0F9473400F9417096B017C018C85A1
:109D00000F945147873121F18C3111F1882321F2D1
:109D10000F941709AB01BC014C195D096E097F094D
:109D20008D859E85B0E0A0E084179507A607B7074C
:109D300048F00E94662161E070E080E090E00F94BE
:109D4000E408DDCF8C850F94F74688E08C87A4CF9C
:109D500081E090E0A3CFCF93DF93EC0181E195E028
:109D6000998388831A821B821C821D8280E591E080
:109D70000F946B02BE016E5F7F4F44E050E08FE0B6
:109D800090E00F94903ECE01DF91CF9108950F9413
:109D90009F41882331F08091D30D843329F087339C
:109DA00081F090E080E0089580E591E00F946B02EF
:109DB00085E390E00F941B3F85FD0DC082E090E0AD
:109DC000089580E591E00F946B028EE290E00F948D
:109DD0001B3F80FFF3CF81E090E0089578941F92BD
:109DE0000F920FB60F9211240BB60F92CF92DF9203
:109DF000EF92FF920F931F932F933F934F935F9395
:109E00006F937F938F939F93AF93BF93CF93DF9382
:109E1000EF93FF93809170008E7F809370000FE32B
:109E200010E08BE1E82EF12C9BE2C92ED12CC091E1
:109E3000AE13D091AF13209709F04FC00332110534
:109E400060F103521109E091AC13F091AD13208140
:109E50008091AB13982F9095922390839BE0D7012C
:109E60001197F1F79150D9F79081892B8083C60122
:109E70000197F1F780E00F941C2C2196D093AF133B
:109E8000C093AE1380911802909119028C179D0710
:109E900070F61092AF131092AE1380917000816033
:109EA00080937000FF91EF91DF91CF91BF91AF91BF
:109EB0009F918F917F916F915F914F913F912F91E2
:109EC0001F910F91FF90EF90DF90CF900F900BBEFE
:109ED0000F900FBE0F901F9018950B301105E8F2F0
:109EE0000B501109E091B013F091B113EC0FFD1F6D
:109EF00031978081C0CF81E0809322138091170237
:109F0000282F30E0F901EB54F04DE491F0E0EE0F32
:109F1000FF1FE556F04D459154915093AD1340937A
:109F2000AC13F901E550F04DE491E093AB1361E01F
:109F30000F949C0683E08093B100E0E7F0E080811D
:109F4000816080830895CF93DF931816190674F00B
:109F5000809170008E7F8093700010922213109277
:109F6000190210921802DF91CF910895EC018091AF
:109F7000B0139091B1130F942F62CE01C130D24033
:109F800014F080E092E090931902809318020F94ED
:109F900093619093B1138093B013892B01F3809157
:109FA00022138111E0CFDF91CF910D947B4FFF926F
:109FB0000F931F93CF93DF93EC01F62E8091221322
:109FC000811102C00F947B4F8E01015011090115C0
:109FD00082E01807A0F480911802909119028C1762
:109FE0009D0718F4CE010F94A34F8091B013909168
:109FF000B113009721F0800F911FFC01F082DF91D7
:10A00000CF911F910F91FF900895FC01818191E004
:10A010009093000E8093210E1092270E1092260E20
:10A020000895CF93C62F0F94055061EE84E09FE012
:10A030000F94C42C6C2F84E09FE00F94C42CCF911C
:10A040000D94E1080F94055081E00F94F10791E021
:10A05000811190E0892F08951092FA0D81E080938C
:10A06000F90D1092D40D61E084E10F946E0661E069
:10A0700085E10F946E06E9EBF0E080818E7F8083AE
:10A0800080818D7F808388E48093B80085E480930D
:10A09000BC000895CF93DF9391E0909347138823FA
:10A0A00061F0C091B800D091BA000F947C2E0F944B
:10A0B0002C50D093BA00C093B800DF91CF9108958F
:10A0C000CF92DF92EF92FF920F931F93CF93FC01F9
:10A0D000C1810F94CC076B017C018091FA0D811135
:10A0E00064C081E08093FA0D8093F90D9FEF909307
:10A0F000F80D1092F70D1092F60D8093D50D80910A
:10A10000D50DCC0FC82BC093D50D8091D40D8130C7
:10A1100009F081C01092D40D0F94CC076B017C0123
:10A120008091D50D8093BB008091FC0D9091FD0D29
:10A13000A091FE0DB091FF0D892B8A2B8B2BA1F0E6
:10A140000F94CC070091FC0D1091FD0D2091FE0D98
:10A150003091FF0D6C197D098E099F0906171707AD
:10A160002807390708F442C08091BC0083FDD8CF8E
:10A1700085EC8093BC000F94CC076B017C0180912F
:10A18000FA0D813009F449C08091F70D811167C043
:10A190008091F70DE6EDFDE0ABE8B3E190E09817B4
:10A1A00051F121912D939F5FFACF8091FC0D9091F9
:10A1B000FD0DA091FE0DB091FF0D892B8A2B8B2BED
:10A1C00009F48BCF0F94CC070091FC0D1091FD0D7D
:10A1D0002091FE0D3091FF0D6C197D098E099F09AC
:10A1E000061717072807390708F077CF8091FB0D6E
:10A1F0000F944A5080E01092290E8093280E84E03C
:10A200009FE00F947D2CCF911F910F91FF90EF90C5
:10A21000DF90CF90089585EEACCF8091FC0D9091AA
:10A22000FD0DA091FE0DB091FF0D892B8A2B8B2B7C
:10A2300009F4A5CF0F94CC070091FC0D1091FD0DF2
:10A240002091FE0D3091FF0D6C197D098E099F093B
:10A25000061717072807390708F091CFC7CF81E005
:10A2600099CF8F929F92AF92BF92EF92FF921F93DE
:10A27000CF93DF93EC010F9417094B015C0110E0C1
:10A280008BE4E82EF12C0F941709681979098A09D3
:10A290009B09683E73408105910510F5ED85FE85AB
:10A2A000309709F0199560EFCE010F941150CE014F
:10A2B0000F946050182F80FD0FC08A81813009F4FF
:10A2C0001A82812FDF91CF911F91FF90EF90BF9065
:10A2D000AF909F908F900895C7010197F1F7D3CF6A
:10A2E00081E08A83EECF1F93CF93DF93EC01162F8B
:10A2F0000F943151CE010F94055062ED84E09FE040
:10A300000F94C42C612F70E06095709584E0660F07
:10A31000771F8A95E1F7612B84E09FE00F94C42CAE
:10A320000F94E108CE010F946050811731F084E062
:10A330008A83DF91CF911F9108958A818430C9F774
:10A340001A82F7CFCF93DF93EC0163EC0F94115097
:10A35000CE01DF91CF910D9460500F931F93CF9357
:10A36000DF93EC01162F042F0F943151002341F09D
:10A37000CE010F94A251682F6460CE010F947351E7
:10A38000CE010F94055065EA84E09FE00F94C42C41
:10A39000612F84E09FE00F94C42CDF91CF911F9137
:10A3A0000F910D94E108EF92FF920F931F93CF93BB
:10A3B000DF938C017B0140E065E50F94AD51E7012F
:10A3C00088E0E80EF11C699140E0C8010F94AD519E
:10A3D000CE15DF05C1F7DF91CF911F910F91FF904F
:10A3E000EF900895CF93DF93EC010F94055040E078
:10A3F00060EFCE010F94AD51DF91CF910D94E10844
:10A400000F931F93CF93DF93EC010F94315180FD95
:10A4100036C0CE010F94A25160E0CE010F9473516B
:10A42000CE010F943151CE010F94055064EB84E0BE
:10A430009FE00F94C42C0F94E108CE010F9431518A
:10A44000082F10E082FF16C082E08A83888188236B
:10A4500041F0CE010F94A251682F6160CE010F949C
:10A46000735115950795802F8170DF91CF911F91C2
:10A470000F9108958A81823049F71A82E7CF80E0F0
:10A48000F4CFCF92DF92EF92FF920F931F93CF936F
:10A49000DF938C01EB017A01FC01858196810F9499
:10A4A00000528823C1F1BE01F801858196810F9485
:10A4B000D35140E06EEBF801858196810F94AD5148
:10A4C000E7016701F9E0CF0ED11CF801E580F680C5
:10A4D000C7010F943151C7010F94055066E984E01C
:10A4E0009FE00F94C42C0F94E108C7010F943151E1
:10A4F00061EEC7010F941150C7010F94605089930A
:10A50000CC16DD0611F7F801858196810F94005273
:10A5100091E0813009F090E0892FDF91CF911F9178
:10A520000F91FF90EF90DF90CF900895CF93DF933E
:10A53000EA010F944152882381F0DE0189E090E026
:10A54000815039F0ED91E927F0E0EE55FC4C949103
:10A55000F7CF81E02885291380E0DF91CF9108951E
:10A56000CF93DF9300D000D000D0CDB7DEB7AE01DF
:10A570004F5F5F4F0F949652882331F08D818F3358
:10A58000A9F020F48F31A1F080E007C08F3521F0D1
:10A590008F37D1F78CE001C08BE029960FB6F89485
:10A5A000DEBF0FBECDBFDF91CF9108958AE0F5CF1A
:10A5B00089E0F3CF6F927F928F929F92AF92BF927A
:10A5C000CF92DF92EF92FF920F931F93CF93DF937F
:10A5D000FC01248521118CC0872E762EEC010F946E
:10A5E0000052882309F486C0CE010F94315140E017
:10A5F00060EFCE010F94AD5110E000E066246A9444
:10A60000AA24A394B12CE02EE694E694E694F12CCF
:10A61000802F8770650101C0CC0C8A95EAF78B8585
:10A62000082E000C990B0817190734F5FE01EE0DE2
:10A63000FF1D93809C20CE010F943151CE010F94C9
:10A64000055068E784E09FE00F94C42C992011F036
:10A6500080E8982E692D84E09FE00F94C42C0F941D
:10A66000E108CE010F943151982F907485FF0BC0F3
:10A67000992369F08EEF2AC099249394081719073B
:10A68000D1F2912CD8CF911102C087FF602EFE012C
:10A69000EE0DFF1D938187FF28C0C92AC3820F5F7B
:10A6A0001F4F0034110509F0AECF6B86FFEF6F121C
:10A6B00002C081E08C872396E72DF82DCF01089604
:10A6C00029912193E817F907D9F781E0DF91CF911C
:10A6D0001F910F91FF90EF90DF90CF90BF90AF90C0
:10A6E0009F908F907F906F900895C094C922D6CF8D
:10A6F00080E0ECCF8FEFEACF85ED8093BC008091B6
:10A70000FC0D9091FD0DA091FE0DB091FF0D0796EF
:10A71000A11DB11D23E0B695A795979587952A951C
:10A72000D1F72091BC0024FD03C01092FA0D0895CA
:10A730004091FC0D5091FD0D6091FE0D7091FF0D4B
:10A74000452B462B472B69F30097A105B10541F036
:10A750002AE22A95F1F700C00197A109B109E1CFDA
:10A760008091FB0D0D944A501F920F920FB60F92DD
:10A7700011240BB60F922F933F934F935F936F93D8
:10A780007F938F939F93AF93BF93EF93FF938091AA
:10A79000B900887F803609F44DC008F040C0883287
:10A7A00009F4A9C028F5803109F49DC0C8F48823B4
:10A7B00009F4FBC0883009F496C0FF91EF91BF9176
:10A7C000AF919F918F917F916F915F914F913F9149
:10A7D0002F910F900BBE0F900FBE0F901F901895EA
:10A7E000883109F488C0803241F78093F80D14C095
:10A7F000803409F49DC040F48033B9F38833E9F61E
:10A800008093F80D85ECB0C0803509F485C088359B
:10A8100009F496C0883489F60F947C53CECF8839DA
:10A8200009F48CC038F5883729F050F4883611F0D7
:10A83000803719F683E08093FA0D10928A1357C07F
:10A84000883809F47BC0803919F0803809F0B5CF19
:10A8500080918A13803208F071C0E0918A1381E000
:10A860008E0F80938A138091BB00F0E0E659FC4E76
:10A8700080833DC0803B39F0E0F4803A09F479C030
:10A88000883A09F09ACF84E08093FA0D1092691308
:10A8900010926813E091240EF091250E1995809185
:10A8A000681381110FC081E08093681310924813E0
:10A8B00009C0803C09F4A6CF883C09F4A3CF883BAB
:10A8C00009F07BCFE091691381E08E0F80936913CB
:10A8D000F0E0E85BFC4E80818093BB0090916913AF
:10A8E0008091681329C08091D50D8093BB0085ECC1
:10A8F0008093BC0062CF9091F70D8091F60D981770
:10A9000058F5E091F70D81E08E0F8093F70DF0E0A0
:10A91000EA52F24F8081E9CFE091F70D81E08E0F8E
:10A920008093F70D8091BB00F0E0EA52F24F8083F4
:10A930009091F70D8091F60D9817C8F285E8D8CF61
:10A94000E091F70D81E08E0F8093F70D8091BB00B1
:10A95000F0E0EA52F24F80838091F90D81115CCFD3
:10A9600081E08093D40D84EA8093BC001092FA0DAC
:10A9700024CF85EC8093BC001092FA0D80918A134D
:10A98000803230F4E0918A13F0E0E659FC4E1082F8
:10A9900060918A1370E0E091220EF091230E8AE616
:10A9A00093E1199510928A1308CF1092F80D34CFC5
:10A9B000CF93DF93EA01282FDC01ED91F0E094E0E2
:10A9C000F595E7959A95E1F7E75EFA4F80818883E0
:10A9D000FD013197E081EF70F0E0E75EFA4F808192
:10A9E000898322968A2F821B861738F3615070E084
:10A9F000660F771F460F571FFA011282DF91CF9122
:10AA000008950F931F93CF93DF930097D1F0FC012C
:10AA100020852F702630A9F48B01EC010E94EAF505
:10AA2000009789F40E94BEFBAC01B801CE010F94DF
:10AA3000FB01B801CE01DF91CF911F910F910C94D2
:10AA4000EAF590E080E0DF91CF911F910F9108959A
:10AA5000CF92DF92EF92FF9269017A01009791F015
:10AA6000FC0120852F70263069F40E94EAF5FC0174
:10AA7000892B41F090859F70933059F4C184D28422
:10AA8000E384F484C701B601FF90EF90DF90CF908C
:10AA900008959230B9F761857285838594850F9406
:10AAA000C8696B017C01EECFCF92DF92EF92FF92EB
:10AAB0000F931F93680179010097F9F0FC0120853D
:10AAC0002F70263051F4A70198011F910F91FF902C
:10AAD000EF90DF90CF900D942855253071F4642FBE
:10AAE0000E9462F6FC01892B41F090859F709330A3
:10AAF00069F4C184D284E384F484C701B6011F9150
:10AB00000F91FF90EF90DF90CF9008959230A9F7CA
:10AB100061857285838594850F94C8696B017C017A
:10AB2000ECCFCF92DF92EF92FF9269017A0100970A
:10AB300091F0FC0120852F70263069F40E94EAF51F
:10AB4000FC01892B41F090859F709230A1F4C18463
:10AB5000D284E384F484C701B601FF90EF90DF90C4
:10AB6000CF90089561857285838594850F94936C49
:10AB70006B017C01F0CF9330A9F3913061F7C18470
:10AB80000C2C000CDD08EE08FF08E5CF009789F0DB
:10AB9000FC0120852F70253061F40E9462F6009739
:10ABA00041F0FC0120852F70243019F481859285B5
:10ABB000089590E080E008950F931F93CF93DF9363
:10ABC00068E973E38EEB91E10F949B3581E00F947C
:10ABD000F1070F947C2E61E085E10F949C0660E004
:10ABE00084E10F949C06C4E1D0E010E001E0612F05
:10ABF00085E10F946E0610276AE070E080E090E037
:10AC00000F94E408219799F764E170E080E090E008
:10AC10000F94E4080F94AC02C0913613D09137130F
:10AC2000209719F1CE010F9422508823F1F0CE0124
:10AC30000F94F2516DE773E38EEB91E10F949B3526
:10AC4000E0913613F0913713008380913613909181
:10AC500037130F94005269E673E3811102C064E573
:10AC600073E38EEB91E10F949B3581E0DF91CF91FF
:10AC70001F910F91089590E0FC01EB54F04DE49189
:10AC8000F0E0EE0FFF1FE556F04DA591B4912C9129
:10AC90008550904DFC018491822391E009F490E06D
:10ACA000892F0895CF92DF92EF92FF920F931F9317
:10ACB000182F6A017B010F94170904C09695879598
:10ACC000779567951A95D2F76C217D218E219F216A
:10ACD0008B019C0101501109210931090E3F1F4FC1
:10ACE0002F4F3F4F20F061E070E080E090E01F9137
:10ACF0000F91FF90EF90DF90CF9008958091160F05
:10AD00009091170F0F942F6280915B1090915C10BF
:10AD1000DC01ED91FC910288F389E02D19958EEB11
:10AD200090E10F94D93188EB90E10F94D9318BEEFB
:10AD300090E10D94D931CF92DF92EF92FF920F9371
:10AD40001F93CF93DF93EC016A017B01CB01BA0122
:10AD50000F94936C8B011F936F9381E795E09F9302
:10AD60008F93DF93CF930F947C700F900F900F9081
:10AD70000F900F900F9020E030E0A901C701B601BD
:10AD80000F94C96C181624F0F7FAF094F7F8F094C1
:10AD900009900020E9F721978EE28883B80117FF18
:10ADA00003C0719561957109072E000C880B990BF2
:10ADB0000F94C8699B01AC01C701B6010F94B46B35
:10ADC00020E030E040E251E40F94276A0F94936C46
:10ADD000605D69831A82DF91CF911F910F91FF907F
:10ADE000EF90DF90CF9008958F929F92AF92BF9295
:10ADF000CF92DF92EF92FF920F931F93CF93DF9347
:10AE0000ECE3FEE01382128288EEC82E83E0D82E97
:10AE1000E12CF12CC482D582E682F78283E294E0B1
:10AE20009183808325ED30E03587248724ED30E061
:10AE30003787268720ED30E0318B208B21ED30E005
:10AE4000338B228B22ED30E0358B248B26ED30E0E6
:10AE5000378B268B118E128E138E148EA1E2B1E1E8
:10AE600013961C921E9212971496CD92DD92ED923B
:10AE7000FC92179711969C938E9385EC90E01D960B
:10AE80009C938E931C9784EC90E01F969C938E93DA
:10AE90001E9780EC90E051969C938E93509781EC96
:10AEA00090E053969C938E93529782EC90E0559647
:10AEB0009C938E93549786EC90E057969C938E9338
:10AEC000569759961C9259975A961C925A975B9688
:10AED0001C925B975C961C925C97E1E3F2E1C1E106
:10AEE000D5E0D183C0831282138214821582E7E3F6
:10AEF000F2E1D183C0831282138214821582EDE3C2
:10AF0000F2E1D183C083128213821482158289ED0B
:10AF10009EE025E334E0FC0131832083128213821A
:10AF20001482158240E051E060E070E04683578370
:10AF30006087718740E050E064E070E042875387AB
:10AF40006487758716861786108A118AF89429E017
:10AF5000E3E0F0E020935700E4917894E670F0E0AD
:10AF6000F595E79523E0E22700E014E002C0000F2A
:10AF7000111FEA95E2F7012E000C220B330BFC01A6
:10AF800006871787208B318B49E454E05183408337
:10AF90004285538564857585401B510B620B730B8D
:10AFA00076956795579547954427428B538B648BCD
:10AFB000758B468B578B608F718F138E128E9924F1
:10AFC0009A94948EE8EFFEE0D183C08312821382BC
:10AFD00014821582E3E4F2E1D183C08312821382EA
:10AFE00014821582E9E4F2E1D183C08312821382D4
:10AFF00014821582EFE4F2E1D183C08312821382BE
:10B0000014821582E5E5F2E1D183C08312821382B6
:10B0100014821582EBE5F2E1D183C08312821382A0
:10B0200014821582E1E6F2E1D183C0831282138299
:10B0300014821582E7E6F2E1D183C0831282138283
:10B0400014821582EDE6F2E1D183C083128213826D
:10B0500014821582E3E7F2E1D183C0831282138266
:10B0600014821582E9E7F2E1D183C0831282138250
:10B0700014821582EFE7F2E1D183C083128213823A
:10B0800014821582EEEFFEE0D183C0831282138218
:10B0900014821582E4E0FFE013821282C482D5821A
:10B0A000E682F7828DE594E091838083E5E8F2E122
:10B0B000D183C0831282138214821582EBE8F2E1FD
:10B0C000D183C0831282138214821582E1E9F2E1F6
:10B0D000D183C0831282138214821582E7E9F2E1E0
:10B0E000D183C0831282138214821582EDE9F2E1CA
:10B0F000D183C0831282138214821582E3EAF2E1C3
:10B10000D183C0831282138214821582E9EAF2E1AC
:10B11000D183C0831282138214821582EFEAF2E196
:10B12000D183C0831282138214821582E5EBF2E18F
:10B13000D183C0831282138214821582EBEBF2E179
:10B14000D183C0831282138214821582E1ECF2E172
:10B15000D183C0831282138214821582E7ECF2E15C
:10B16000D183C0831282138214821582EDECF2E146
:10B17000D183C0831282138214821582E7EFF1E13A
:10B18000D183C08312821382148215828CED91E1E7
:10B19000FC0113821282C482D582E682F78207EE16
:10B1A00014E011830083D787C687108A118A128A18
:10B1B000138A48E0842E808E68EC71E1FB01D48311
:10B1C000C3831582168217821086938A91838083A7
:10B1D00041E04283128611861486138680E395E04F
:10B1E00096878587908B8787128A118A8EEB91E1EB
:10B1F000FC01138212822BED34E031832083B6836D
:10B20000A58357E0548371876087178287E191E1B6
:10B21000FC011382128231832083B683A58353E01D
:10B2200054837187608747838DE091E1FC0113822D
:10B23000128231832083B683A58326E0248371871D
:10B240006087178257EFA52E50E1B52ED5011396D2
:10B250001C921E921297F501C482D582E682F78273
:10B2600080E090E1958784871686108A17868DEB9B
:10B2700094E091838083128A118A148A138A158A32
:10B2800062EF7BE08BEE90E10F941832B092EA10FF
:10B29000A092E9106AEDA62E60E1B62ED5011396B4
:10B2A0001C921E921297F501C482D582E682F78223
:10B2B0008BE894E091838083848688EE93E0968780
:10B2C000858762EF7BE088EB90E10F94183262EFA4
:10B2D0007BE08EEB90E10F941832E8EBF0E11586FD
:10B2E0001486108A118A128A138A148A158A168A79
:10B2F000178A118E108E138E128E178E168E8BE774
:10B3000094E0958F848F80E590E091A380A34DE930
:10B3100050E1DA0113961C921E921297FA01C48230
:10B32000D582E682F78211830083D787C68750963D
:10B330001D921D921D921C92539758968C92EBE58C
:10B34000F0E1D383C283148215821682178283E6CA
:10B3500090E1DC011D928A94E9F78FE690E120E10B
:10B36000DC011D922A95E9F751834083118A108AE6
:10B37000138A128A11A610A613A612A614A215A249
:10B3800016A217A210925110109250101092531042
:10B3900010925210109255101092541080E4809325
:10B3A0003C0F81E49FE09093C20F8093C10F00E1B6
:10B3B0001FE0F801138212828FE694E0918380836C
:10B3C000D48FC38F158E168E178E10A28FEF9FEF1E
:10B3D00090A787A3B582A48216A215A280E091E06F
:10B3E0000F949361F8019783868380E091E09187C1
:10B3F00080878FE090E09387828795878487E3ED4D
:10B40000F2E1D183C0831282138214821582E9EDA6
:10B41000F2E1D183C0831282138214821582EFED90
:10B42000F2E1D183C0831282138214821582EDEF80
:10B43000F1E180E3DF011D928A95E9F7E5EEF2E1A3
:10B44000D183C0831282138214821582EDE2F2E16D
:10B450001082118213821282EBEEF2E1D183C0835B
:10B460001282138214821582E1EFF2E1D183C0834C
:10B470001282138214821582E7EFF2E1D183C08336
:10B480001282138214821582EDEFF2E1D183C08320
:10B490001282138214821582E3E0F3E1D183C08328
:10B4A0001282138214821582E9E0F3E1D183C08312
:10B4B0001282138214821582EFE0F3E1D183C083FC
:10B4C0001282138214821582E5E1F3E190821282E6
:10B4D0001182148613868FEF9FEFDC01878390879C
:10B4E000A187B287DF91CF911F910F91FF90EF90CD
:10B4F000DF90CF90BF90AF909F908F900895CF93A3
:10B50000DF93CDB7DEB7CD55D1090FB6F894DEBFC6
:10B510000FBECDBF789484B5826084BD84B5816050
:10B5200084BD85B5826085BD85B5816085BD80910E
:10B530006E00816080936E00109281008091810086
:10B54000826080938100809181008160809381007E
:10B55000809180008160809380008091B100846040
:10B560008093B1008091B00081608093B0008091A1
:10B57000910082608093910080919100816080931E
:10B580009100809190008160809390008091A10053
:10B5900082608093A1008091A10081608093A100CE
:10B5A0008091A00081608093A00080912101826041
:10B5B00080932101809121018160809321018091FC
:10B5C000200181608093200180917A0084608093C3
:10B5D0007A0080917A00826080937A0080917A006C
:10B5E000816080937A0080917A00806880937A00ED
:10B5F0001092C10026E040E052EC61E070E081E290
:10B6000091E10F9483360E94A3F7811108C16FE086
:10B6100075E381E291E10F949B3570E060E090E08A
:10B6200080E00E94A7390E9402FA6F7060931E02A8
:10B630000E9402FA62956F7060931D0210923D1491
:10B6400010923C1410923B1460ED74E38EEB91E188
:10B650000F9477356EE572E289E09CE00F942C2E12
:10B660006EE37EE18EE09CE00F942C2E6DE67BE194
:10B6700083E19CE00F942C2E69EA7CE184EF96E054
:10B680000F942C2E62E373E288E19CE00F942C2E41
:10B6900061E67DE18CE19CE00F942C2E6EE47DE16F
:10B6A0008FE19CE00F942C2E62E87CE186E29CE026
:10B6B0000F942C2E66E97CE182E29CE00F942C2E04
:10B6C00067EA79E38BE29CE00F942C2E6EEB7BE132
:10B6D00081E39CE00F942C2E6AEF7DE185E395E0F9
:10B6E0000F942C2E6BE77EE188E39CE00F942C2EC8
:10B6F0000E9478218091E9109091EA10892B09F03D
:10B7000099C064ED74E38DE091E10F94773586E0A4
:10B71000E3E1F5E0DE01119601900D928A95E1F7E3
:10B7200086E0FE013196A1EFB0E101900D928A957D
:10B73000E1F70E94CF2261E08DE00F949C0626E0A5
:10B7400040E855E260E070E08CE39EE00F948336C1
:10B750008CEA9CE590935110809350108EE79CE109
:10B7600090935310809352108AE79CE19093551068
:10B770008093541064E170E080E090E00F94E4085E
:10B780008AEB94E490932A0F8093290F64EF71E081
:10B7900080E090E00F94E4080E94824BA8950F94FB
:10B7A000B03B0E94B44C03974CF00F941B0F809158
:10B7B000461381110F948C230F942D1780914513FC
:10B7C000882309F491C08091431390914413892BED
:10B7D00009F48AC00F941709009140141091411484
:10B7E0002091421430914314601B710B820B930B18
:10B7F000683873418105910508F476C0E0913613ED
:10B80000F09137138281823009F454C0843009F4F6
:10B81000E4C0813009F0EDC06EE475E3E0C06BEF89
:10B8200074E38EEB91E10F9477358EEB91E10F94F9
:10B830007834F9CE0E94A3F7E82E882309F461CF6B
:10B8400082E70E948EF78091E9109091EA10DC0166
:10B85000ED91FC910088F189E02D64E070E019958C
:10B8600001EF10E1B7EFCB2EB0E1DB2EF12C809190
:10B87000E9109091EA10DC01ED91FC910284F385CE
:10B88000E02D1995F80181938F0181508E3F08F4C6
:10B89000FE2CC016D10659F78091E9109091EA105C
:10B8A000DC01ED91FC910488F589E02D1995F110EA
:10B8B00040CF27CF69E775E387E191E10F947735B2
:10B8C00087E191E10F94783480913613909137138A
:10B8D0000F9400520F941709609340147093411411
:10B8E00080934214909343140E94FBED8091411386
:10B8F00090914213892B09F492C280913F13909149
:10B900004013059709F48BC20F9417090091441452
:10B910001091451420914614309147144B015C015D
:10B92000801A910AA20AB30AB8EE8B16B3E09B06FE
:10B93000A104B10450F00F9417096093441470935C
:10B940004514809346149093471480913B138F5F66
:10B9500080933B13E0914113F091421306811781CC
:10B9600094E0E92EF12CE8EE8E16E3E09E06A104A9
:10B97000B10418F482E0E82EF12CC0904113D0906D
:10B980004213C114D10409F4F9C10115110509F4D8
:10B99000F5C1D80118968C918F70853091F7C80148
:10B9A0000E9434F7823068F3A601B801CE010196F7
:10B9B0000E9497BECE0101960E9469B3882329F0A8
:10B9C000B701CE0101960E94CFD9F80102811381FF
:10B9D000CE0101960E9464BED0CF60E675E387E198
:10B9E00091E10F94773587E191E10F9478340F94CA
:10B9F000DC558091341390913513892B31F0E0910F
:10BA00004313F0914413309759F460E475E387E1F0
:10BA100091E10F94773587E191E10F9478345ACF13
:10BA200080913E1490913F14892B61F480858F7032
:10BA3000863041F486819781009721F090933F14DE
:10BA400080933E14E0913613F0913713309721F034
:10BA500041E651E256874587E0913E14F0913F144C
:10BA6000309709F462C1BE016F5B7F4F8081918185
:10BA70000E94C96F882309F458C122968FAD22977E
:10BA8000883209F052C1AE014F5F5F4FBE016F5B5C
:10BA90007F4F80913413909135130F9496528111FA
:10BAA00007C0C12CD12C5EEFE52E52ECF52E3FC025
:10BAB0006A8170E0762F6627770F770F770F2981DD
:10BAC00058E0259F90011124262B372B22968FAD0D
:10BAD00022978031D1F4688570E08F81DB01A81B4B
:10BAE000B109CD019695982F8827979587950F9442
:10BAF000826BCB014097B901F3E0660F771FFA958F
:10BB0000E1F760789C01260F371F2138B4EE3B0720
:10BB100044F2B901330F880B990B0F94C86920E0E8
:10BB200030E040E05CE30F94276A6B017C01609099
:10BB30003E1470903F146114710409F48DC080911B
:10BB4000431390914413892B09F486C0C3010E94CA
:10BB500003708C016BE375E38EEB91E10F94773505
:10BB6000B701A6018EEB91E10E94F5FA68E375E357
:10BB70008EEB91E10F947735F301608171818EEB4B
:10BB800091E10F94203565E375E38EEB91E10F941D
:10BB9000773520E030E04EEF52ECC701B6010F944C
:10BBA000C169882309F4CCC020E030E04AEA52E4BD
:10BBB000C701B6010F94C169882309F4C1C020E010
:10BBC00030E0A901C701B6010F94C169882309F4C7
:10BBD000B7C00115110529F0B8018EEB91E10F9462
:10BBE00020358EEB91E10F94783419821A821B82F2
:10BBF0001C828A81807F87608A83CD82DE82EF8289
:10BC0000F88663E0CE0101960E94E42662962FAF8B
:10BC1000629763963FAF639764964FAF649765965C
:10BC20005FAF659766966FAF669767967FAF6797CA
:10BC300068968FAF689769969FAF6997912C812C12
:10BC4000B12CA12CD12CC12C79018A019B01AC0112
:10BC50006FEFC3010E946B74009134131091351380
:10BC600022968FAD2297803109F47EC0BE016F5BB2
:10BC70007F4FC8010F94B052F82E882309F455C0A5
:10BC8000D80115968D919C910F940052882309F448
:10BC90004CC0BE016F5B7F4FF801858196810F9488
:10BCA000D351D8014C9164E415968D919C910F94D9
:10BCB000AD51F80182818823C1F1E7EFEF0D2EEE3F
:10BCC000C22E22E0D22EE33038F4F0E0EE0FFF1F58
:10BCD000E65DFA4FC080D180D80113968C911397FE
:10BCE000882309F444C08C91811141C00F94170935
:10BCF0004B015C010D2C000CEE08FF08AE014F5FFC
:10BD00005F4FBE016F5B7F4FC8010F944152898125
:10BD100081110BC00F9417096C197D098E099F09B9
:10BD2000681579058A059B0548F3E0913E14F0916A
:10BD30003F148281938190933F1480933E14CACD27
:10BD40000115110509F488CF64E275E38EEB91E1EA
:10BD50000F947735B8018EEB91E10F9420358EEB7F
:10BD600091E10F94783478CF4CE0F42E89CFB6016E
:10BD7000DD0C880B990B0F94E408D7CF80913B130F
:10BD8000815080933B1380913F139091401305970E
:10BD900009F445C0F8EE8F16F3E09F06A104B10444
:10BDA000F0F110E06091381370913913611571054D
:10BDB000B1F1111134C0DB0118968C918F70853070
:10BDC000B1F44091411350914213CE0101960E946B
:10BDD00097BE61E070E0CE0101960E94CFD911E0DC
:10BDE000892B09F410E0CE0101960E9464BEE09117
:10BDF0003813F0913913309791F0828193819093A9
:10BE0000391380933813892B69F6E0914113F0912F
:10BE100042138681978190933913809338130F943E
:10BE2000170900914C1410914D1420914E1430912B
:10BE30004F14601B710B820B930B603375478105A8
:10BE4000910508F412C20F94170960934C14709373
:10BE50004D1480934E1490934F140E94346E4B01F6
:10BE60005C010F9417096B017C010E9408F688237E
:10BE700009F48CC080913A13811188C030E020E031
:10BE800041E050E060E4CE0101960E94916A4FE3E8
:10BE900050E06AEA75E3CE0101960F94E5636CE524
:10BEA00077E0CE0101960F94E16F4FE350E061EA35
:10BEB00075E3CE0101960F94E5632AE0AE014F5B76
:10BEC0005F4FC501B4010F94706441E0BE016F5B28
:10BED0007F4FCE0101960F94E50930E020E041E06C
:10BEE00050E060E4CE0101960E94916A4FE350E079
:10BEF0006AEA75E3CE0101960F94E5636CE577E09D
:10BF0000CE0101960F94E16F4FE350E06AE975E3CB
:10BF1000CE0101960F94E563C701B60128EE33E028
:10BF200040E050E00F940B6BCA01B9012AE0AE016A
:10BF30004F5B5F4F0F94706441E0BE016F5B7F4FBA
:10BF4000CE0101960F94E50930E020E041E050E099
:10BF500060E4CE0101960E94916A4FE350E063E9EC
:10BF600075E3CE0101960F94E5634FE050E06DE874
:10BF700075E3CE018F5B9F4F0F94036441E0BE01D8
:10BF80006F5B7F4FCE0101960F94E5096CEF75E36F
:10BF90008EEB91E10F9477350E94346EAB01BC01BA
:10BFA0008EEB91E10E9471F664EF75E38EEB91E107
:10BFB0000F94773560913B13062E000C770B8EEBB8
:10BFC00091E10E947BF66CEE75E38EEB91E10F94AC
:10BFD0007735409148145091491460914A147091FA
:10BFE0004B148EEB91E10E9471F68EEB91E10F9470
:10BFF0007834E0914113F0914213309709F435C140
:10C0000080913B138F5F80933B13268037802114F0
:10C01000310409F425C1F10180858F70853001F567
:10C0200060E0C1010E9462F6FC0181859285A385D2
:10C03000B4850597A105B10599F44091411350913C
:10C040004213B101CE0101960E9497BECE01019626
:10C050000E9469B3811109C0CE0101960E9464BE9D
:10C06000D10112962D903C90D2CF25961CAE1DAEDC
:10C070001EAE1FAE259729961CAE1DAE1EAE1FAE7E
:10C08000299740E050E2BE016F5F7F4FCE018F5B8A
:10C090009F4F0E945127CE0101960E94D0B46B01A0
:10C0A0007C016D966FAF6D976E96DFAE6E9770E008
:10C0B00060E0CE0101960E945CB58C01CE018F5BE1
:10C0C0009F4F0E9475292B013C01CE0101960E94D1
:10C0D0009BBC6A968FAF6A97B601DD0C880B990BF3
:10C0E0000F94C86920E030E048EC52E40F94216CD2
:10C0F0004B015C01CE0101960E94D7D66C969FAF92
:10C100008EAF6C9766EE75E38EEB91E10F94773509
:10C11000B301A2018EEB91E10E94F5FA60EE75E3A6
:10C120008EEB91E10F947735B501A4018EEB91E18F
:10C130000E94F5FA6AED75E38EEB91E10F94773585
:10C140006A96FFAD6A976F2F70E08EEB91E10E94C7
:10C150007BF6E114F10409F47CC04FEF5FEF60E07F
:10C1600070E088E00F945256DC01CB01AA27BB2770
:10C170008E199F09A109B109AA27BB2787329940C7
:10C18000A105B10538F1D1016D917C9187E191E173
:10C190000F9420356AEC75E387E191E10F947735D0
:10C1A000F101608171818FE39CE00F94030A90E0BC
:10C1B00080E0BC016D964FAD6D976E965FAD6E974A
:10C1C000CE0101960E948FB462E070E0C8010E9427
:10C1D000542042CF20E030E048E152E4C501B401F0
:10C1E0000F94C96C18163CF4D1016D917C918AE2D0
:10C1F0009BE00F94030A6C96EEADFFAD6C97EF2BAE
:10C2000019F461E070E0E2CF20E030E040E85FE365
:10C21000C301B2010F94B46B9B01AC01C501B40121
:10C220000F94C16970E060E087FDD0CFA501940153
:10C23000C301B2010F94C16918161CF76BEB75E3CB
:10C240008EEB91E10F9477358EEB91E10F9478347A
:10C2500003CF61EB75E38EEB91E10F947735FCCE64
:10C2600080913B13815080933B1382E090E00E94C9
:10C27000932080913D1390913E13892B09F450C077
:10C2800080913C1381114CC00F94170900915014F8
:10C29000109151142091521430915314601B710B62
:10C2A000820B930B6838734181059105C8F1809129
:10C2B0003B138F5F80933B13E0913D13F0913E134E
:10C2C0000681178101151105E1F0F80180858F7055
:10C2D000863071F41A83098370E060E0CE01019624
:10C2E0000E94A7E061E070E0CE0101960E94D8E3D1
:10C2F00082E090E00E949320D80112960D911C914B
:10C30000E1CF0F94170960935014709351148093E8
:10C3100052149093531480913B13815080933B139C
:10C320000F9484293BCA0F931F93CF93DF938230DE
:10C33000910510F482E090E0E0915914F0915A14C4
:10C3400030E020E0B0E0A0E0309799F4211531050D
:10C3500009F44AC0281B390B24303105D8F58A81ED
:10C360009B816115710589F1FB0193838283FE0135
:10C3700011C0408151810281138148175907E0F0B3
:10C380004817590799F4109761F012960C93129779
:10C3900013961C933296CF01DF91CF911F910F918D
:10C3A00008950093591410935A14F4CF21153105B0
:10C3B00051F04217530738F0A901DB019A01BD0182
:10C3C000DF01F801C1CFEF01F9CF90935A148093A8
:10C3D0005914CDCFFE01E20FF31F819391932250A8
:10C3E000310939832883D7CF2091571430915814BD
:10C3F000232B41F4209121023091220230935814D2
:10C400002093571420911F023091200221153105ED
:10C4100041F42DB73EB74091230250912402241BD2
:10C42000350BE0915714F0915814E217F307A0F47C
:10C430002E1B3F0B2817390778F0AC014E5F5F4F7A
:10C440002417350748F04E0F5F1F50935814409340
:10C450005714819391939FCFF0E0E0E09CCFCF936E
:10C46000DF930097E9F0FC01329713821282A091CA
:10C470005914B0915A14ED0130E020E01097A1F466
:10C4800020813181820F931F2091571430915814CD
:10C490002817390709F061C0F0935814E093571436
:10C4A000DF91CF910895EA01CE17DF07E8F54A81C1
:10C4B0005B819E0141155105B1F7E901FB83EA83D8
:10C4C00049915991C40FD51FEC17FD0761F4808184
:10C4D00091810296840F951FE90199838883828157
:10C4E00093819B838A83F0E0E0E012968D919C918A
:10C4F00013970097B9F52D913C911197CD010296B4
:10C50000820F931F20915714309158142817390720
:10C5100039F6309751F510925A1410925914B0937D
:10C520005814A0935714BCCFD383C2834081518148
:10C53000840F951FC817D90761F44E5F5F4F88813C
:10C540009981480F591F518340838A819B8193832E
:10C5500082832115310509F0B0CFF0935A14E0938E
:10C5600059149ECFFD01DC01C0CF13821282D7CFB8
:10C570008F929F92AF92BF92CF92DF92EF92FF92F3
:10C58000CF93DF93EC01688179818A819B8161156A
:10C5900071058105910521F464E279ED8BE597E061
:10C5A0002DE133EF41E050E00F942D6B49015A012A
:10C5B0009B01AC01A7EAB1E40F944C6B6B017C01C9
:10C5C000ACEEB4EFA50194010F945A6BC60ED71EC2
:10C5D000E81EF91EF7FE06C081E0C81AD108E1087E
:10C5E00080E8F80AC882D982EA82FB82C701B601D4
:10C5F0009F77DF91CF91FF90EF90DF90CF90BF902A
:10C60000AF909F908F9008958F929F92AF92BF921C
:10C61000CF92DF92EF92FF926091250270912602F5
:10C62000809127029091280261157105810591057D
:10C6300021F464E279ED8BE597E02DE133EF41E001
:10C6400050E00F942D6B49015A019B01AC01A7EA00
:10C65000B1E40F944C6B6B017C01ACEEB4EFA5011F
:10C6600094010F945A6BC60ED71EE81EF91EF7FEF2
:10C6700006C081E0C81AD108E10880E8F80AC09233
:10C680002502D0922602E0922702F0922802C701EA
:10C69000B6019F77FF90EF90DF90CF90BF90AF9063
:10C6A0009F908F9008956093250270932602809347
:10C6B0002702909328020895662777270D9498679C
:10C6C000FC0188279927E89421912032E9F3293049
:10C6D00010F02E30C8F32B3241F02D3239F468942B
:10C6E00004C00F946864820F911D219120532A3059
:10C6F000C0F31EF4909581959F4F08951F93FC0100
:10C7000099278827BC01E89411911032E9F3193078
:10C7100010F01E30C8F31B3251F01D3249F46894FA
:10C7200006C00F945364610F711D811D911D1191FD
:10C7300010531A30B0F33EF4909580957095619542
:10C740007F4F8F4F9F4F1F91089591110D94F66861
:10C75000803219F089508550C8F70895FB01DC013B
:10C760008D9181341CF08B350CF4805E65916134C1
:10C770001CF06B350CF4605E861B611189F3990B1C
:10C780000895FB01DC010D900020E9F71197059059
:10C790000D920020E1F70895FB01DC018D910590D9
:10C7A00080190110D9F3990B0895FB01DC01059064
:10C7B0000D920020E1F70895FC0105900020E9F7B3
:10C7C000809590958E0F9F1F0895FB01DC010D90C1
:10C7D0000020E9F711974150504028F005900020C3
:10C7E0000D92C9F708951C920895FB01DC01415098
:10C7F000504030F08D910590801919F40020B9F760
:10C80000881B990B0895FB01DC014150504048F012
:10C8100005900D920020C9F701C01D924150504073
:10C82000E0F7089545E554E10D942164FC01615061
:10C83000704001900110D8F7809590958E0F9F1F42
:10C840000895FA01A191B081009719F41097E1F0D1
:10C85000CD01DC01CD010D90002011F4C00113C009
:10C86000FB012191222319F02015D9F7F3CFFB0109
:10C870002191201519F41E92119606C02223C1F7AA
:10C880000D900020A1F7D001FA01A193B083089583
:10C89000BB274A3031F4992322F4BDE2909581956B
:10C8A0009F4F0D949364592F482F372F262F660FD3
:10C8B000771F881F991F660F771F881F991F620FA8
:10C8C000731F841F951F660F771F881F991F089578
:10C8D0007AE0979F902D879F802D910D11240895C8
:10C8E000BB27FA01A62F6217710581059105330B4D
:10C8F00030FB66F0AA27660F771F881F991FAA1FB3
:10C90000A21710F0A21B63953850A9F7A05DAA33B7
:10C9100008F0A95DA19336F7B111B1931082CA0155
:10C920000D942369BB27FB015527AA27880F991F60
:10C93000AA1FA41710F0A41B83955051B9F7A05D4E
:10C94000AA3308F0A95DA193009779F7B111B193CB
:10C950001192CB010D942369FC01238127FF23C091
:10C9600020915B1430915C148217930721F410928C
:10C970005C1410925B1420915D1430915E14821748
:10C98000930721F410925E1410925D1420915F14AD
:10C99000309160142817390721F410926014109216
:10C9A0005F140F942F6290E080E008950F931F931F
:10C9B000CF93DF93009759F46115710541F4F0E0CE
:10C9C000E0E0CF01DF91CF911F910F9108958B018E
:10C9D000EC016EE070E081E090E00F947C67FC0178
:10C9E000892B69F380E883830115110571F01387A2
:10C9F000028781E8838380915B1490915C14892B7A
:10CA000021F4F0935C14E0935B142097D1F2D1876A
:10CA1000C08783818260838380915D1490915E14CE
:10CA2000892B79F6F0935E14E0935D1480915F1486
:10CA300090916014892B29F6F0936014E0935F14B1
:10CA4000C0CFCF93DF93EC012B8120FF1AC026FFCC
:10CA50000CC02F7B2B838E819F8101969F838E83B9
:10CA60008A8190E0DF91CF91089522FF18C0E8817C
:10CA7000F9818081082E000C990B009729F420621F
:10CA80002B838FEF9FEFEECF3196F983E8832E81D2
:10CA90003F812F5F3F4F3F832E839927E3CFEA8566
:10CAA000FB85199597FFF3CF2B81019621F080E24A
:10CAB000822B8B83E6CF80E1FBCF0F931F93CF9325
:10CAC000DF93CDB7DEB708851985F80183818860CB
:10CAD0008383AE01445F5F4F6A857B85C8010F94F5
:10CAE0007A65F8012381277F2383DF91CF911F91FE
:10CAF0000F9108952F923F924F925F926F927F9283
:10CB00008F929F92AF92BF92CF92DF92EF92FF925D
:10CB10000F931F93CF93DF9300D000D000D01F92CC
:10CB20001F92CDB7DEB77C013B018A01FC01178261
:10CB30001682838181FFDDC1CE0101965C01F70180
:10CB40009381F30193FD859193FF81913F018823A8
:10CB500009F453C1853239F493FD859193FF819196
:10CB60003F01853229F4B70190E00F943369E7CF94
:10CB7000912C212C312CFFE1F31538F08B3211F17F
:10CB800090F4803209F1833229F137FC3CC020ED6A
:10CB9000280F2A3050F536FE20C08AE0989E200DDE
:10CBA0001124922E06C08D3291F0803371F7689473
:10CBB00030F8F30193FD859193FF81913F0181113D
:10CBC000DACF21C0689431F8689432F8F2CF6894D3
:10CBD00033F8EFCF689434F8ECCFEAE02E9E200DC6
:10CBE0001124222E689435F8E4CF8E3229F436FCD5
:10CBF00004C1689436F8DDCF8C3619F4689437F8A0
:10CC0000D8CF8836B1F2982F9F7D95549330E0F0BD
:10CC10008336A1F18337C1F1833509F063C0280160
:10CC2000F2E04F0E511CF801C080D180692D70E0F8
:10CC300036FC02C06FEF7FEFC6010F9411694C0103
:10CC4000689437F882010AC00C5F1F4FFFE3F98335
:10CC500088248394912C6501E89437F833FE2DC025
:10CC6000522C8114910471F5552009F468CFB70155
:10CC700080E290E00F9433695A94F6CFF8018081F6
:10CC800089830E5F1F4FE4CF2801F2E04F0E511C45
:10CC9000F801C080D180692D70E036FC02C06FEFD2
:10CCA0007FEFC6010F9416644C018201D5CFB70106
:10CCB00080E290E00F9433692A942814190409F053
:10CCC000B0F7CECFF60137FC859137FE81916F0129
:10CCD000B70190E00F94336951105A94F1E08F1A24
:10CCE0009108BFCF843619F0893609F077C0F80172
:10CCF00037FE6BC060817181828193810C5F1F4F11
:10CD0000F32DFF763F2E97FF09C090958095709583
:10CD100061957F4F8F4F9F4F689437F82AE030E03E
:10CD2000A5010F946369C82ECA188C2C432C36FEBB
:10CD30000CC0E89440F8C91440F434FE05C032FC3D
:10CD400003C0F32DFE7E4F2E892C44FEAAC0FE01A7
:10CD5000EC0DF11D8081803309F09CC0242D297ECB
:10CD6000422E842D8870582E43FCAAC040FEA4C0D9
:10CD70009C2C821418F42C0C922C981844FEA6C0FB
:10CD8000B70180E390E00F94336942FE09C088E761
:10CD900090E041FE02C088E590E0B7010F9433694E
:10CDA000C91408F49FC0CA94D12C9FEFC91AD90A9C
:10CDB000CA0CDB1CF60182916F01B70190E00F9461
:10CDC0003369AC14BD04B1F74FCF60817181072E78
:10CDD000000C880B990B0E5F1F4F92CFD32CE89459
:10CDE000D4F82AE030E08537E1F1232D297FD22ED7
:10CDF0008F36A9F1F0F4883551F1F70186819781DA
:10CE00002B960FB6F894DEBF0FBECDBFDF91CF914A
:10CE10001F910F91FF90EF90DF90CF90BF90AF9058
:10CE20009F908F907F906F905F904F903F902F904A
:10CE30000895803749F0883701F7D4FE02C068941E
:10CE4000D2F820E130E00DC06894D4F8F6CF34FE7B
:10CE500003C0822F8660D82E20E132E002C028E095
:10CE600030E0F801D7FE0FC060817181828193812B
:10CE70000C5F1F4FA5010F946369C82ECA183D2C83
:10CE8000E89437F852CF6081718190E080E00E5FC6
:10CE90001F4FF0CF42FC02C0839463CF83948394EE
:10CEA00060CF842D867809F45CCFF6CFB70180E29D
:10CEB00090E00F94336983948214C0F3512C5ECFB9
:10CEC000522C5818821408F459CFF8CF842D867844
:10CED00009F466CF8BE241FE80E247FC8DE2B701A8
:10CEE00090E05CCFB70180E390E00F9433699A94AF
:10CEF00057CF8FEF9FEF84CF0F931F93CF93DF9385
:10CF0000869F8001879F100D969F100D1124C801E8
:10CF10000F949361EC01009729F0A80170E060E0A4
:10CF20000F941C69CE01DF91CF911F910F9108954D
:10CF30008F929F92AF92BF92CF92DF92EF92FF9229
:10CF40000F931F93CF93DF935C017B0161157105F4
:10CF500019F0DB018D939C9385010F5F1F4FF50145
:10CF6000D0818D2F90E00F94A5636C01892BB9F5CA
:10CF7000DD32B9F50F5F1F4FD5011196DC91C1E08D
:10CF80005801F1E0AF1AB10843E050E066EA78E0FA
:10CF9000C5010F94F968892B69F5680182E0C80E14
:10CFA000D11C45E050E061EA78E0C6010F94F968D1
:10CFB000892B21F4680197E0C90ED11CE114F1041A
:10CFC00019F0D701CD92DC9260E070E080E89FEF2D
:10CFD000C111FFC060E070E080E89FE7FAC058012F
:10CFE000BBCFDB3229F485010E5F1F4FF501D181E4
:10CFF000C0E0C6CF43E050E06EE978E0C5010F9491
:10D00000F968892BE9F0F80110E000E020E030E059
:10D01000A9015F01B0ED8B2E8D0E89E08815C8F156
:10D020009C2E689491F88C2F8870C2FF16C08111D5
:10D0300002C00F5F1F4F3196D501DC91C92DE9CF9A
:10D04000E114F10429F00E5F1F4FF70111830083F3
:10D0500060E070E080EC9FE7BCC0882311F00150D5
:10D060001109A5E0B0E00F944C6B9B01AC01220FBD
:10D07000331F441F551F280D311D411D511D2839D7
:10D0800099E93907490799E15907A8F2C6609C2E2A
:10D09000D2CFAEEF8A1206C0C3FD3CC09C2E68946E
:10D0A00093F8C9CFDF7DD534A9F580818D3239F46D
:10D0B000C061DF011296818162E070E006C0DF018D
:10D0C0008B32C1F3119661E070E080535D01A61AC6
:10D0D000B70A8A30F8F4E0E8CE16ECE0DE065CF43D
:10D0E000B601660F771F660F771FC60ED71ECC0CD2
:10D0F000DD1CC80ED11C5D01FFEFAF1ABF0A8C9179
:10D1000080538A30A8F1C4FF03C0D194C194D108E0
:10D110000C0D1D1DC1FF09C0E114F10431F081E0C7
:10D12000A81AB108D701AD92BC92CA01B9010F94F7
:10D13000C669C370C33009F490584B015C0120E00C
:10D1400030E0A9010F94C169882309F440C0C5EDFE
:10D15000D8E017FF05C0119501951109CDEBD8E076
:10D160006E01B8E1CB1AD10880E2E82EF12C0FC095
:10D17000D501B1CFFE0125913591459154910E19FC
:10D180001F09C501B4010F94276A4B015C01D50149
:10D19000C4010E151F0574F72497F594E794CC1677
:10D1A000DD06A9F78A2F880F8B2F881F8F3F49F044
:10D1B00020E030E0A901C501B4010F94C1698111DB
:10D1C00006C082E290E09093621480936114C501DE
:10D1D000B401DF91CF911F910F91FF90EF90DF90FD
:10D1E000CF90BF90AF909F908F90089599278827F8
:10D1F0000895FB01DC014150504088F08D9181344D
:10D200001CF08B350CF4805E659161341CF06B353D
:10D210000CF4605E861B611171F3990B0895881BF5
:10D22000FCCFFC010590615070400110D8F780954B
:10D2300090958E0F9F1F0895DC0101C06D934150A2
:10D240005040E0F70895DC01FC01672F71917723CE
:10D25000E1F7329704C07C916D9370836291AE17B1
:10D26000BF07C8F308950F931F93CF93DF93182F31
:10D27000092FEB018B8181FD09C01FEF0FEF812F7B
:10D28000902FDF91CF911F910F91089582FF14C0CD
:10D290002E813F818C819D81281739073CF4E881DC
:10D2A000F981CF0101969983888310838E819F81B4
:10D2B00001969F838E83E3CFE885F985812F1995A9
:10D2C000892BA1F3DACFFA01AA27283051F12031B6
:10D2D00081F1E8946F936E7F6E5F7F4F8F4F9F4F0A
:10D2E000AF4FB1E03ED0B4E03CD0670F781F891F4C
:10D2F0009A1FA11D680F791F8A1F911DA11D6A0F1A
:10D30000711D811D911DA11D20D009F468943F91CC
:10D310002AE0269F11243019305D3193DEF6CF01CB
:10D320000895462F4770405D4193B3E00FD0C9F791
:10D33000F6CF462F4F70405D4A3318F0495D31FDFE
:10D340004052419302D0A9F7EACFB4E0A695979551
:10D35000879577956795BA95C9F700976105710527
:10D3600008959B01AC010A2E069457954795379571
:10D370002795BA95C9F7620F731F841F951FA01DCB
:10D3800008950F94036A08F481E00895E89409C0B1
:10D3900097FB3EF490958095709561957F4F8F4FE8
:10D3A0009F4F9923A9F0F92F96E9BB279395F695FE
:10D3B000879577956795B795F111F8CFFAF4BB0F7C
:10D3C00011F460FF1BC06F5F7F4F8F4F9F4F16C0E0
:10D3D000882311F096E911C0772321F09EE8872F6A
:10D3E000762F05C0662371F096E8862F70E060E026
:10D3F0002AF09A95660F771F881FDAF7880F96959F
:10D40000879597F90895990F0008550FAA0BE0E842
:10D41000FEEF16161706E807F907C0F012161306F6
:10D42000E407F50798F0621B730B840B950B39F436
:10D430000A2661F0232B242B252B21F408950A269C
:10D4400009F4A140A6958FEF811D811D08950F94C9
:10D450003A6A0D94AB6A0F949D6A38F00F94A46AEF
:10D4600020F0952311F00D94946A0D949A6A11247A
:10D470000D94DF6A0F94BC6A70F3959FC1F3950F0A
:10D4800050E0551F629FF001729FBB27F00DB11D48
:10D49000639FAA27F00DB11DAA1F649F6627B00DD8
:10D4A000A11D661F829F2227B00DA11D621F739FC1
:10D4B000B00DA11D621F839FA00D611D221F749FCF
:10D4C0003327A00D611D231F849F600D211D822F16
:10D4D000762F6A2F11249F5750409AF0F1F088233D
:10D4E0004AF0EE0FFF1FBB1F661F771F881F91506A
:10D4F0005040A9F79E3F510580F00D94946A0D9419
:10D50000DF6A5F3FE4F3983ED4F38695779567959D
:10D51000B795F795E7959F5FC1F7FE2B880F911D93
:10D520009695879597F9089597F99F6780E870E039
:10D5300060E008959FEF80EC089500240A94161689
:10D54000170618060906089500240A9412161306F1
:10D55000140605060895092E0394000C11F488237F
:10D5600052F0BB0F40F4BF2B11F460FF04C06F5F9B
:10D570007F4F8F4F9F4F089557FD9058440F551F71
:10D5800059F05F3F71F04795880F97FB991F61F045
:10D590009F3F79F087950895121613061406551FBC
:10D5A000F2CF4695F1DF08C0161617061806991F28
:10D5B000F1CF86957105610508940895E894BB271D
:10D5C00066277727CB0197F90895F999FECF92BD89
:10D5D00081BDF89A992780B50895262FF999FECF35
:10D5E0001FBA92BD81BD20BD0FB6F894FA9AF99A80
:10D5F0000FBE01960895DB018F939F930F944C6BA0
:10D60000BF91AF91A29F800D911DA39F900DB29FDE
:10D61000900D11240895A1E21A2EAA1BBB1BFD0137
:10D620000DC0AA1FBB1FEE1FFF1FA217B307E40701
:10D63000F50720F0A21BB30BE40BF50B661F771F59
:10D64000881F991F1A9469F7609570958095909539
:10D650009B01AC01BD01CF010895052E97FB1EF47F
:10D6600000940F94446B57FD07D00F940B6B07FC8D
:10D6700003D04EF40D94446B509540953095219510
:10D680003F4F4F4F5F4F08959095809570956195EE
:10D690007F4F8F4F9F4F08950F945F6BA59F900D05
:10D6A000B49F900DA49F800D911D11240895B7FF84
:10D6B0000D944C6B0F944C6B821B930B0895A29F9F
:10D6C000B001B39FC001A39F700D811D1124911D56
:10D6D000B29F700D811D1124911D0895AA1BBB1BC3
:10D6E00051E107C0AA1FBB1FA617B70710F0A61B62
:10D6F000B70B881F991F5A95A9F780959095BC0183
:10D70000CD01089597FB072E16F4009407D077FDFE
:10D7100009D00F946E6B07FC05D03EF4909581956F
:10D720009F4F0895709561957F4F0895EE0FFF1FED
:10D73000881F8BBF0790F691E02D199469279627D3
:10D74000692778278727782708950F945F6B3323FD
:10D7500012F48A1B9B0B0D94AF6B0F945F6BB7FF9A
:10D760000895821B930B08955058BB27AA270F9446
:10D77000CC6B0D94AB6A0F949D6A38F00F94A46A39
:10D7800020F039F49F3F19F426F40D949A6A0EF4B0
:10D79000E095E7FB0D94946AE92F0F94BC6A58F367
:10D7A000BA17620773078407950720F079F4A6F586
:10D7B0000D94DE6A0EF4E0950B2EBA2FA02D0B010E
:10D7C000B90190010C01CA01A0011124FF27591BC6
:10D7D00099F0593F50F4503E68F11A16F040A22FCC
:10D7E000232F342F4427585FF3CF4695379527953D
:10D7F000A795F0405395C9F77EF41F16BA0B620B3C
:10D80000730B840BBAF09150A1F0FF0FBB1F661F82
:10D81000771F881FC2F70EC0BA0F621F731F841FC5
:10D8200048F4879577956795B795F7959E3F08F0EB
:10D83000B0CF9395880F08F09927EE0F97958795AD
:10D8400008950F94356C0D94AB6A0F94A46A58F048
:10D850000F949D6A40F029F45F3F29F00D94946A7B
:10D8600051110D94DF6A0D949A6A0F94BC6A68F3A3
:10D870009923B1F3552391F3951B550BBB27AA2789
:10D8800062177307840738F09F5F5F4F220F331FC3
:10D89000441FAA1FA9F335D00E2E3AF0E0E832D08B
:10D8A00091505040E695001CCAF72BD0FE2F29D08E
:10D8B000660F771F881FBB1F261737074807AB0760
:10D8C000B0E809F0BB0B802DBF01FF2793585F4FD5
:10D8D0003AF09E3F510578F00D94946A0D94DF6AFA
:10D8E0005F3FE4F3983ED4F3869577956795B795B7
:10D8F000F7959F5FC9F7880F911D9695879597F9C2
:10D900000895E1E0660F771F881FBB1F621773073A
:10D910008407BA0720F0621B730B840BBA0BEE1F4F
:10D9200088F7E09508950F949A6C6894B1110D945E
:10D93000DF6A08950F94C46A88F09F5798F0B92F52
:10D940009927B751B0F0E1F0660F771F881F991F34
:10D950001AF0BA95C9F714C0B13091F00F94DE6A8D
:10D96000B1E008950D94DE6A672F782F8827B85F9D
:10D9700039F0B93FCCF3869577956795B395D9F78C
:10D980003EF490958095709561957F4F8F4F9F4F96
:10D9900008950F94036A08F48FEF0895FA01EE0FCB
:10D9A000FF1F309621053105A1F16115710561F464
:10D9B0008038BFE39B0749F168949038810561F096
:10D9C0008038BFEF9B0741F099234AF5FF3FE105FF
:10D9D0003105210519F1E8940894E795D901AA23A6
:10D9E00029F4AB2FBE2FF85FD0F310C0FF5F70F4A7
:10D9F000A695E0F7F73950F019F0FF3A38F49F7721
:10DA00009F930DD00F9007FC9058089546F00D9409
:10DA10009A6A60E070E080E89FE308954FE79F779F
:10DA20005F934F933F932F930F941A6E2F913F91D3
:10DA30004F915F910F94276A0D94366D0F94B86DD6
:10DA400030F09F3710F40D94DF6A0D94686D0D94DB
:10DA5000836D0F94036A880B990B089529F416F0CF
:10DA60000D94946A0D94DE6A0D949A6A0F94C46AB8
:10DA7000A8F39638A0F707F80F92E8942BE33AEA58
:10DA800048EB5FE70F943D6A0F920F920F924DB7EC
:10DA90005EB70F920F94626EE4EEF0E00F94916D1A
:10DAA0004F915F91EF91FF91E595EE1FFF1F49F0B8
:10DAB000FE57E0684427EE0F441FFA95E1F74195C1
:10DAC000550B0F94DC6D0F9007FE0D94D06D0895EB
:10DAD000882371F4772321F09850872B762F07C085
:10DAE000662311F499270DC09051862B70E060E0F9
:10DAF0002AF09A95660F771F881FDAF7880F969598
:10DB0000879597F908959F3F31F0915020F48795BC
:10DB100077956795B795880F911D9695879597F995
:10DB20000895DF93CF931F930F93FF92EF92DF92AD
:10DB30007B018C01689406C0DA2EEF010F943A6ADB
:10DB4000FE01E894A5912591359145915591A6F353
:10DB5000EF010F94CC6BFE019701A801DA9469F7ED
:10DB6000DF90EF90FF900F911F91CF91DF9108957B
:10DB70000F94C46AA0F0BEE7B91788F4BB279F389A
:10DB800060F41616B11D672F782F8827985FF7CF9E
:10DB9000869577956795B11D93959639C8F3089545
:10DBA0009B01AC0160E070E080E89FE30D94216C84
:10DBB0000D94946A0D94836D0F94C46AD8F39923DD
:10DBC000C9F3940F511DA3F39150504094F059F0B4
:10DBD000882332F0660F771F881F91505040C1F79D
:10DBE0009E3F51052CF7880F911D9695879597F9C3
:10DBF00008955F3FACF0983E9CF0BB2786957795E3
:10DC00006795B79508F4B1609395C1F7BB0F58F7C6
:10DC100011F460FFE8CF6F5F7F4F8F4F9F4FE3CFCF
:10DC20000D94DF6A16F00D94836D0D949A6A6894D2
:10DC30000D94946A0F94C46AA8F39923C1F3AEF3C8
:10DC4000DF93CF931F930F93FF92C92FDD27882374
:10DC50002AF02197660F771F881FDAF720E030E05F
:10DC600040E85FEB9FE3883920F0803E38F0219652
:10DC70008F770F94B56BECE0F1E004C00F94B56BB7
:10DC8000E9E3F1E00F94916D8B01BE01EC01FB2EF5
:10DC90006F5771097595771F880B990B0F94C86999
:10DCA00028E132E741E35FE30F943A6AAF2D980130
:10DCB000AE01FF900F911F91CF91DF910F94CC6B2C
:10DCC0000D94AB6AFA01DC01AA0FBB1F9B01AC01EA
:10DCD000BF5728F4222733274427507820C0B75154
:10DCE00090F4AB2F0024469537952795011CA395FA
:10DCF000D2F3002071F0220F331F441FB395DAF3E3
:10DD00000ED00D94B46B61307105A0E88A07B94656
:10DD100030F49B01AC0166277727882790783096EE
:10DD200021F0208331834283538308954F925F9281
:10DD30006F927F928F929F92AF92BF92CF92DF921B
:10DD4000EF92FF920F931F93CF93DF938C01009775
:10DD500099F4CB01DF91CF911F910F91FF90EF903C
:10DD6000DF90CF90BF90AF909F908F907F906F90FB
:10DD70005F904F900D949361FC01E60FF71F9C019B
:10DD800022503109E217F30708F4AEC0D901CD9152
:10DD9000DC911197C617D70720F1C530D10578F06F
:10DDA000CE0104978617970750F0C61BD70B229712
:10DDB000C193D1936D937C93CF010F942F62C801CF
:10DDC000DF91CF911F910F91FF90EF90DF90CF9057
:10DDD000BF90AF909F908F907F906F905F904F908B
:10DDE00008955B01AC1ABD0A4C018C0E9D1EA091DA
:10DDF0005914B0915A14512C412CF12CE12C10974C
:10DE000031F580915714909158148815990509F0AF
:10DE10005CC04616570608F058C080911F029091CA
:10DE20002002009741F48DB79EB740912302509194
:10DE30002402841B950BE817F90708F055C0F093EE
:10DE40005814E0935714F90171836083B8CF8D9112
:10DE50009C91119712966C90129713967C90139741
:10DE6000A815B90559F56C0142E0C40ED11CCA14BD
:10DE7000DB0420F1AC014A195B09DA01129615970F
:10DE800080F06282738251834083D9016D937C93C9
:10DE9000E114F10471F0D7011396FC93EE931297FD
:10DEA0008ECF22968C0F9D1FF90191838083F30101
:10DEB000EFCFF0935A14E093591481CF48165906C6
:10DEC00008F42C017D01D3019ACFCB010F9493610B
:10DED0007C01009749F0AE01B8010F94B36FC801FF
:10DEE0000F942F6287016BCF10E000E068CF81E0D4
:10DEF00090E0F8940D94B4739111089581548A516F
:10DF000008F4805E855A08959111089581568A51CA
:10DF100008F48052855808950F931F93CF93DF9391
:10DF20008C01FC0101900020E9F7CF01801B910BCF
:10DF30000F949361EC01009719F0B8010F940070F1
:10DF4000CE01DF91CF911F910F910895FB01DC016C
:10DF500004C08D910190801921F441505040C8F7C0
:10DF6000881B990B0895FB01DC0102C001900D9202
:10DF700041505040D8F708956817790768F4FB01BD
:10DF8000DC01E40FF51FA40FB51F02C002900E9232
:10DF900041505040D8F708950D94B36FFB01DC0158
:10DFA0008D9181341CF08B350CF4805E619161346D
:10DFB0001CF06B350CF4605E861B611189F3990BC4
:10DFC0000895FB01DC010D900020E9F71197019005
:10DFD0000D920020E1F70895FC018191861721F050
:10DFE0008823D9F7992708953197CF010895FB0128
:10DFF000DC018D91019080190110D9F3990B0895DE
:10E00000FB01DC0101900D920020E1F70895FB0176
:10E01000DC010D900020E9F711974150504028F0A5
:10E02000019000200D92C9F708951C920895FB01FC
:10E03000DC014150504030F08D910190801919F46D
:10E040000020B9F7881B990B0895FB01DC014150B2
:10E05000504048F001900D920020C9F701C01D9278
:10E0600041505040E0F70895FC0181E090E00190BC
:10E07000061609F4CF010020D1F7019708950F93F8
:10E080001F93CF93DF93CDB7DEB72E970FB6F894DB
:10E09000DEBF0FBECDBF0E891F89888D998D26E00A
:10E0A0002C831A83098397FF02C080E090E80197D0
:10E0B0009E838D83AE01445E5F4F6A8D7B8DCE0162
:10E0C00001960F947A654D815E8157FD0AC02F81BC
:10E0D0003885421753070CF49A01020F131FF801F9
:10E0E00010822E960FB6F894DEBF0FBECDBFDF9123
:10E0F000CF911F910F9108950F931F93CF93DF93AB
:10E10000CDB7DEB72E970FB6F894DEBF0FBECDBFEA
:10E110000E891F8986E08C831A8309838FEF9FE71E
:10E120009E838D83AE01465E5F4F688D798DCE01F3
:10E1300001960F947A652F813885020F131FF8011D
:10E1400010822E960FB6F894DEBF0FBECDBFDF91C2
:10E15000CF911F910F910895CF93DF93CDB7DEB785
:10E160002E970FB6F894DEBF0FBECDBF85E08C832F
:10E170008C899D899A838983AE01485E5F4F6E8941
:10E180007F89CE0101960F9478722E960FB6F8947F
:10E19000DEBF0FBECDBFDF91CF91089520FD09C036
:10E1A000FC0123FD05C022FF02C0738362835183FB
:10E1B0004083089544FD17C046FD1DC0DB01FC01EE
:10E1C000AA0FBB1FEE1FFF1F1094D1F76A0F7B1F12
:10E1D0008E1F9F1F660F771F881F991F620F711D6B
:10E1E000811D911D089533E0660F771F881F991FC9
:10E1F0003150D1F7F3CF34E0F7CF0F931F93CF9384
:10E20000DF938C01C8010F942165EC0197FD08C0D4
:10E210000F94A563892BB1F7B801CE010F949C73BD
:10E22000CE01DF91CF911F910F9108958F929F9210
:10E23000AF92BF92EF92FF920F931F93CF93DF9312
:10E240008C01D62F7A01B22E0F9421659C013327C1
:10E250002B32310529F02D323105A9F46894B7F835
:10E26000D15061F480E0DF91CF911F910F91FF9029
:10E27000EF90BF90AF909F908F900895C8010F943A
:10E28000216597FDEFCFCB2DCD7F2B2D2073F9F49A
:10E290008033E9F4AA24AA94AD0E89F0C8010F9442
:10E2A000216597FD0CC0282F2F7D283561F4C264AD
:10E2B000D25029F0C8010F94216597FF08C0812C26
:10E2C000912C54011BC0B6FE2BC0C260DA2D812CEC
:10E2D000912C540120ED280F283028F1C4FD09C0ED
:10E2E0002A3008F1C6FF05C02F7D3FEE320F3630D1
:10E2F000C8F0B8010F949C73C1FFB4CFC7FF08C02A
:10E30000B094A09490948094811C911CA11CB11C89
:10E310002C2FB501A401C7010F94CE7081E0A3CFCB
:10E32000C261D4CF27504C2FC501B4010F94DA70CD
:10E330004B015C01C260D15009F3C8010F94216503
:10E3400097FFC8CFD9CF7F928F929F92AF92BF9203
:10E35000CF92DF92EF92FF920F931F93CF93DF93B1
:10E36000CDB7DEB7A0970FB6F894DEBF0FBECDBF16
:10E370005C01962E7A01CE0101966C0180E2F601D5
:10E3800011928A95E9F7F501B381890130E020E027
:10E39000712C812CA0E041E050E0F801B3FD8591A3
:10E3A000B3FF8191982F8F01811117C010E000E019
:10E3B000C801A0960FB6F894DEBF0FBECDBFDF91A7
:10E3C000CF911F910F91FF90EF90DF90CF90BF9072
:10E3D000AF909F908F907F9008958E3519F42115FE
:10E3E000310541F1A21713064CF48D3549F18D32F8
:10E3F00029F4811006C0882483941DC0882009F464
:10E4000064C0E92FE695E695E695EC0DFD2DF11D2E
:10E41000892F8770BA0101C0660F8A95EAF780815B
:10E42000682B6083791651F0971510F49F5FE9CF40
:10E430009150E7CFA1E02F5F3F4FAFCF812CFBCFB3
:10E44000882019F08E8180628E83AA2359F0F6010C
:10E450009E012F5D3F4F8081809580833196E2172A
:10E46000F307C9F788248394C5010F94216597FDAC
:10E4700016C0E82FE695E695E695EC0DFD2DF11D0D
:10E48000208130E0AC014770552702C035952795B3
:10E490004A95E2F720FD06C0B5010F949C738820D1
:10E4A00069F084CFE114F10429F0F7018083C701FA
:10E4B00001967C019A94812C9110D6CFE114F1043D
:10E4C00009F476CFF701108273CFE82FE695E69531
:10E4D000E695EC0DFD2DF11D982F9770BA0101C046
:10E4E000660F9A95EAF79081692B6083782EA3CF07
:10E4F0005F926F927F928F929F92AF92BF92CF92D4
:10E50000DF92EF92FF920F931F93CF93DF936C01F3
:10E51000EB015A01FC0117821682512CF601E380AF
:10E52000FE01E3FC8591E3FE8191182FEF01882322
:10E53000E9F090E00F94A563892B21F0C6010F94B8
:10E54000FD70ECCF153241F4FE01E3FC1591E3FEC2
:10E550001191EF01153269F4C6010F94216597FD01
:10E560008EC01817D9F2B6010F949C73852D90E0D8
:10E570008AC000E01A3231F4E3FC1591E3FE1191F8
:10E58000EF0101E0F12C20ED210F2A3048F101FFCD
:10E5900037C0FF2059F31836B1F11C3609F43DC0DD
:10E5A000112321F3612F70E089ED98E00F949173AE
:10E5B000892BE1F2912C812C00FD06C0F5018080B1
:10E5C0009180C50102965C011E3679F5F6014681FF
:10E5D000578170E060E0202FC4010F94CE709ECF71
:10E5E00002606F2D70E090E080E040E20F94DA70FE
:10E5F000F62EFE01E3FC1591E3FE1191EF01C3CF6E
:10E60000FF24FA94C8CFFE01E3FC1591E3FE1191BB
:10E61000EF01183609F0C4CF08600460FE01E3FC86
:10E620001591E3FE1191EF01BBCF1336C1F401FD4B
:10E6300002C0FF24F394C6010F94216597FD1FC00B
:10E640008114910429F0F4018083C40101964C01E6
:10E65000FA94F110F0CF00FD61CF53945FCF1B35DA
:10E6600011F59E01A4016F2DC6010F94A371EC0159
:10E67000892B89F7F6018381807309F477CF8FEFB7
:10E680009FEF511073CFDF91CF911F910F91FF90AA
:10E69000EF90DF90CF90BF90AF909F908F907F9042
:10E6A0006F905F900895C6010F94FD7097FDE7CFBE
:10E6B0001F36A9F130F4143641F0193639F00064F0
:10E6C00005C01337B9F01537D1F70062202FA40128
:10E6D0006F2DC6010F9416718111BDCFCBCF811460
:10E6E000910429F0F4016082C40101964C01FA946E
:10E6F000FF2071F0C6010F9421653C0197FD08C011
:10E700000F94A563892B59F3B601C3010F949C7331
:10E710008114910409F49FCFF40110829CCF006111
:10E72000D5CFFC010590061621F00020D9F7C001D5
:10E7300008953197CF010895FB01238120FF11C077
:10E7400026FD0FC08F3F980771F082832F7D2064D4
:10E7500023832681378121503109378326839927E6
:10E7600008958FEF9FEF08951BE1C2E0DBE100E029
:10E7700006C0802FFE010F94966B2196011DC330B9
:0CE78000D10780E00807A9F7F894FFCF4C
:10E78C000200C0E00000FBE301E301E301E301E36D
:10E79C0001E301E301E3010310000120000707007E
:10E7AC000063148000010000004C696768744875B0
:10E7BC0062000000000000000000000000000000EB
:10E7CC00000000000000000000106D61633D0000BF
:10E7DC00000000000000000000000000000000002D
:10E7EC0000000000000000000000044D51545404CF
:10E7FC006C6967687468756200000000006B027DCC
:10E80C0002C900E7001102C700D301D30359016B01
:10E81C0003A50249028D1B2B0265038A1B881BB5BD
:10E82C00037E1B1702E10135017A1B00000000B7C3
:10E83C0000C100F8ED650229024701450375027617
:10E84C001B00000000B700C100F8ED650229021F93
:10E85C000145037502761B00000000BF5CC100F887
:10E86C00ED3B04575DC95CC25C195E0200030015E8
:10E87C000014001300120001005E000000000000F4
:10E88C0000007501C100F8ED65028D0373034503AB
:10E89C007502761B01020201010800000801080242
:10E8AC00010000000002000000005320271C622F12
:10E8BC009C39621BC1AEAEAEEAAEE02881BDD4AECF
:10E8CC0012AF5F1B000000002570C15D399F66719F
:10E8DC00C35DC1AEAEAEF1AE6AA0A063D4AE12AF52
:10E8EC00985D000000002270BB5DC36C8F70BD6032
:10E8FC00C1AEAEAE87B5FB6B81BDD4AE12AF745D4D
:10E90C00000000002470BF5DE87FD07A2763C1AEA1
:10E91C00AEAE90AD2A78B060D4AE12AF985D000068
:10E92C0000002470175E86A779367963C1AEAEAE4F
:10E93C00B1AD336981BDD4AE12AFB85D000000003B
:10E94C002670155EF76425745463C1AEAEAEFFB08D
:10E95C001F6281BDD4AE12AF745D00000000237045
:10E96C00251CEEAE7739E51BC1AEAEAED4B563BA9D
:10E97C0081BDD4AE12AF775D5A3500000000237014
:10E98C00BD5DEEAEE370ED60C1AEAEAED4B563BAB4
:10E99C0081BDD4AE12AF775D4F614C48433300005C
:10E9AC000000008702C10017042702B3000D02A764
:10E9BC000300000000BD02F703BD02BD02BD02BD95
:10E9CC0002BD022F0400000000310445021902C5EB
:10E9DC0001E90111042F034F010000000083030F14
:10E9EC0003F8EDE90113038B014703000000000D50
:10E9FC0004C702F8ED3B0400000000AB026F01F805
:10EA0C00ED3B04F1032103000000006B027D02C901
:10EA1C0000E7001102C700D301D30359016B03A512
:10EA2C000249028D1BCE23291C8A1B881BB5037E31
:10EA3C001B1702E10135017A1B0000000007B1C170
:10EA4C0000F8EDE9016BAE59AE26B1ACAE8BAEBAA7
:10EA5C00EF40AFA8AE95AE000000005F5EC100F8BD
:10EA6C00ED665D00000000B7033504F8EDE9017BAD
:10EA7C00028F0107047301D103870333011103DFF4
:10EA8C000115020102AD1B9D1B991B951B0000007B
:10EA9C00005301DEADBEEFFEFF303132333435367C
:10EAAC00373839414243444546005E00BC0077018B
:10EABC002D007379736C6F670061637400300025EF
:10EACC00783A25783A25783A25783A25783A25788F
:10EADC00256300257500256C7500256C64002D25BB
:10EAEC006C642E253032640025642C25642C25643E
:10EAFC002C2564002D25642E253033640076616C42
:10EB0C00004172726179206D617070696E670043AB
:10EB1C0054523A207469636B2076616C3A00202B56
:10EB2C0020004354523A207469636B2073617665FC
:10EB3C00642076616C3A0073657269616C00626185
:10EB4C00756400706F6C6C0072656773006972732A
:10EB5C0000636F696C730064696E730064656C614B
:10EB6C007900706172007072656665746368006D1F
:10EB7C0061700064656600726567006974656D7329
:10EB8C0000746F70696373006D71747400646D78D8
:10EB9C00696E00646D78006D6F64627573006F77D9
:10EBAC00002E002F636E662F253032782D253032E3
:10EBBC00782D253032782D253032782D253032784D
:10EBCC002D253032782E636F6E6669672E6A736FEF
:10EBDC006E00220049662D4E6F6E652D4D6174637B
:10EBEC0068003E3E002E5F68747470002E5F746384
:10EBFC00702E6C6F63616C004572726F722073655E
:10EC0C007474696E672075702073657276696365BC
:10EC1C00207265636F7264210061726475696E6F36
:10EC2C00003D3D004572726F7220757064617469AD
:10EC3C006E67204D444E53206E616D6521002B2F65
:10EC4C002B2F230070696400736678004D6F746F0E
:10EC5C00723A2044652D496E6974004D4255533A01
:10EC6C002044652D496E697420004D6F746F723AA3
:10EC7C002054617267657400747970650073656EF9
:10EC8C00646368616E676573004056004D4255536E
:10EC9C003A2056616C75653273656E6420657175CA
:10ECAC00616C20726574726965766564004D4255BD
:10ECBC00533A2056616C75653273656E64206571CC
:10ECCC0075616C20707265762073656E7400726F5E
:10ECDC006F74006F75740062637374002F00706F33
:10ECEC00006B50006B49006B4400645400416C6134
:10ECFC00726D54696D6500416C61726D56616C7515
:10ED0C00650020493D0020443D004D6F746F723A00
:10ED1C0020496E697400457865633A006974656DC5
:10ED2C0000656D69740063616E0069636D640069F0
:10ED3C007265760065726576003E2000206F7574F2
:10ED4C003A007375707265737300406C6173744331
:10ED5C006D64006F76657272696465636D640056EC
:10ED6C00454E543A2073656E644143636D642E20A6
:10ED7C00636D643D00406C61737446616E00406C61
:10ED8C00617374536574006D6F64650056454E5421
:10ED9C003A2073656E644143636D642E2066616E28
:10EDAC003D0040707265436D640056454E543A20E8
:10EDBC0073656E644143636D642E207365743D000E
:10EDCC0056454E543A20626F6F7374206F6E00403C
:10EDDC007072657365740040706173760063617363
:10EDEC000056454E543A204354524C2000747572D0
:10EDFC006E627966616E0056454E543A204143204E
:10EE0C0046414E206368616E6765642C2064656CB6
:10EE1C00657465206C61737466616E0056454E5462
:10EE2C003A204143205345542072656365697665E9
:10EE3C006420696E697469616C6C79200056454E6A
:10EE4C00543A20414320534554206368616E6765F2
:10EE5C0064206D616E75616C6C792066726F6D20CB
:10EE6C000020746F20006F6E657874636D640056BB
:10EE7C00454E543A204143204D4F44452072656322
:10EE8C00656976656420696E697469616C6C79205A
:10EE9C000056454E543A204143204D4F4445206383
:10EEAC0068616E676564206D616E75616C6C79204C
:10EEBC0066726F6D200066616E5F696E0056454E1E
:10EECC00543A2065787465726E616C2066616E20B0
:10EEDC006C6576656C2073746F7265643A200056AD
:10EEEC00454E543A2067656E65726174696E672091
:10EEFC00636D642062792066616E3A200056454E3F
:10EF0C00543A205475726E696E67204F4646202025
:10EF1C0062792066616E0056454E543A20636D64EA
:10EF2C0020696E2046414E207375666669782C20E8
:10EF3C0070726F6365737320617320636F6D6D61A5
:10EF4C006E642E20636D643D0040707265636D6469
:10EF5C000056454E543A205475726E696E67204FB8
:10EF6C004E2E20636D643A0056454E543A2054752B
:10EF7C00726E696E67204F46462E20736176696EFD
:10EF8C006720636D643A0020526576200020446946
:10EF9C007220004100626F6F73740020503A0020A1
:10EFAC00493A0020443A0056454E543A20626F6F5D
:10EFBC007374206F6666004070726548616C746390
:10EFCC006D6400697200636F696C0064696E004D5A
:10EFDC00425553443A20726563757272656E7420A3
:10EFEC00636865636B207265733A200053524F3A25
:10EFFC00004D4255533A2053746F726564200020C3
:10F00C00746F204053206F6620004D4255533A20B8
:10F01C0053454E44200020747970653A0020726587
:10F02C00673A0020417474656D70743A20004D424B
:10F03C0055533A2073656E64206661696C65642073
:10F04C000053454E445354415455533A2000616289
:10F05C007374726163744F75743A61637469766525
:10F06C003A2000494E435245415345443A20002032
:10F07C004578743A002F616C61726D6F66662F7300
:10F08C006E73720073636D640072636D64004F4E37
:10F09C00004F4646005F737461740052504D00730C
:10F0AC007700666C7400707772002F616C61726D02
:10F0BC002F6F767268740064636C69636B007463A1
:10F0CC006C69636B0073636D64320073636D6433DE
:10F0DC00006C636D64007270636D64006C636D64CE
:10F0EC0032007270636D6432006C636D6433007255
:10F0FC0070636D6433006163746976617465004993
:10F10C004E3A2000206973200072657065617400AE
:10F11C0074656D700068756D003B002F636F6E66D3
:10F12C0069672E6A736F6E002F636F6E6669672E48
:10F13C0062696E006E756C6C0066616C7365007450
:10F14C00727565006E616E00696E66006F766600A2
:10F15C004053005F73657276696365732E5F646EEE
:10F16C00732D73642E5F7564702E6C6F63616C000D
:10F17C000D0A00616D7853697A653A0025252532B0
:10F18C00780057495A6E65740068656C700073613D
:10F19C007665006C6F6164006D6163006970006F6F
:10F1AC007461707764006B696C6C00636C65617280
:10F1BC00007265626F6F7400736561726368002F13
:0CF1CC00616C61726D2F736E7372000035
:00000001FF
