:100000000C94FA130C94048C0C94D98B0C94AE8B36
:100010000C94838B0C94588B0C942D8B0C94028B2A
:100020000C94D78A0C942B140C942B140C942B1432
:100030000C942B140C942B140C942B140C942B1444
:100040000C942B140C942B140C942B140C942B1434
:100050000C942B140C942B140C942B140C94C0B5EE
:100060000C942B140C9449920C941F920C942B1406
:100070000C942B140C942B140C942B140C942B1404
:100080000C942B140C942B140C942B140C942B14F4
:100090000C942B140C942B140C942B140C942F29CB
:1000A0000C942B140C942B140C942B140C942B14D4
:1000B0000C942B140C942B140C942B140C942B14C4
:1000C0000C942B140C942B140C942B140C942B14B4
:1000D0000C942B140C942B140C942B140C942B14A4
:1000E0000C942B1407634236B79BD8A71A3968566D
:1000F00018AEBAAB558C1D3CB7CC5763BD6DEDFD4A
:10010000753EF6177231BF000000803F0800000006
:10011000BE922449123EABAAAA2ABECDCCCC4C3EFC
:1001200000000080BEABAAAAAA3E00000000BF00EB
:100130000000803F0000000000084178D3BB4387E7
:10014000D1133D190E3CC3BD4282AD2B3E68EC82FB
:1001500076BED98FE1A93E4C80EFFFBE01C4FF7F80
:100160003F00000000000C94986A0C94AF530C946C
:100170005F8E0C9459A60C9444200C940C180C948B
:10018000303D0C9474220C946B190C9449380C94E7
:1001900071530C948D3B0C944B3A0C94FD840C944D
:1001A00082690C941F760C9469AC0C94AE830C9409
:1001B000AF3C0C9434160C94E5300C948C670C9482
:1001C00073AC0C9406320C9424A00C94D11E0C94A5
:1001D0007F160C9449580C94751C0C948F580C94F1
:1001E00046350C947EAC0C940DCB0C9443140C94BB
:1001F000AF170C9493160C94BE670C94FC370C94B8
:1002000099330C947F180C94CD820C9423CB0C94CE
:1002100019840C9496380C9476240C94AE580C9453
:10022000A8210C947BAC0C94A4CA0C9411A40C943B
:1002300020A60C948DC20C9484440C94D3220C946C
:10024000423A0C94903B0C9443830C94C11F0C9441
:1002500092AC0C94191E0C9447420C94FF370C94EA
:1002600009150C9470380C94DC180C94B2C30C94DF
:10027000B5160C9472CB0C94A3170C94EE1C0C9432
:100280005D140C94733B0C9485C50C9435790C94D7
:100290008D150C94A9670C9405380C9453210C947B
:1002A0006CA50C94EE590C94B4220C942B3D0C9438
:1002B000C33C0C94E9170C9496AC0C94A2760C9465
:1002C00088AC0C948F380C94A81C0C94A4AC0C949F
:1002D000BECA0C94394B0C94E6300C94AEAC0C9422
:1002E000FFCA0C94E16B0C94BC810C9418770C94AD
:1002F00097150C94CB810C942C3C0C94C7190C943E
:100300005D4A0C948F220C9403670C9434C60C94B1
:10031000C11A0C9406180C942C1E0C94A5380C943D
:1003200042160C94773C0C943EA00C943E3D0C94E9
:10033000DA700C94E79F0C9481670C94D3820C9430
:1003400051840C945F6A0C9462190C944A950C9435
:10035000653D0C9402380C9427840C94D7CA0C94F5
:10036000673D0C942C6A0C94F62A0C9492360C94EB
:1003700061850C947B180C94DA160C947DA50C9472
:100380009B670C94036C0C94AB170C9481850C94B4
:10039000AAAC0C9498360C945C160C949C380C9473
:1003A000EA490C948F670C947DC70C9469460C94B1
:1003B000E1460C94AB220C94703A0C94DE240C941D
:1003C000F0590C94A0AC0C943B1C0C9404370C9486
:1003D0009E670C9410830C94C3820C9477AC0C949D
:1003E000C03A0C94A21C0C9468140C94A41C0C9499
:1003F000D66A0C942D140C948E810C9486450C9422
:100400004C1B0C9464160C94096C0C94BF7D0C94DA
:10041000BE230C94873C0C94F0490C94C0160C94A9
:100420009F170C94F6180C9452380C9493580C9413
:100430006A840C947F6A0C94B2140C946FAC0C9484
:100440001FA40C9472820C9435340C94C2140C9436
:100450005E3A0C94553A0C94731A0C94CC520C944A
:10046000AC670C948EAC0C94D5140C9425220C948F
:10047000DD840C9410570C94B3140C9418A40C94B1
:10048000A61C0C94F66A0C941F3D0C94E41E0C946C
:10049000B4380C94EF660C94603F0C9401A00C945B
:1004A000BC3D0C94483C0C94E1160C9415220C9421
:1004B0008A660C9400530C94F8830C94DB830C94A0
:1004C0007B810C94AB3A0C9425820C94B3170C945A
:1004D00039250C940F6B0C94C0180C947D1F0C9450
:1004E0009D760C94C9170C9465180C9453160C94B3
:1004F000A7240C94B53A0C94C23A0C94B6690C94A7
:100500008B1C0C9403A40C949C3C0C94BE430C9444
:10051000EE9F0C94EEA30C94F5A30C94ED810C9437
:100520009CAC0C945C830C94163C0C940D380C948D
:10053000DE530C94EACA0C9470160C94DB6B0C948A
:100540003A1A0C94198E0C949C3D0C94E0690C940E
:1005500005210C9429210C948F810C949F1A0C94E2
:10056000E6BC0C94A9AC0C94CB160C9416670C94B6
:10057000E1490C94A53B0C9448160C945DCB0C946B
:10058000113D0C94973A0C9494570C9469380C9440
:10059000B1140C9415850C9459190C94CD180C9425
:1005A00090150C9425160C94581A0C94DC140C9489
:1005B000FCA30C9463840C94D56B0C940EA60C9441
:1005C00084AC0C94DF810C94611B0C9483160C9406
:1005D0007B160C9461380C946B580C9453770C94E4
:1005E000E1390C9405A00C943C240C949DA50C942A
:1005F00035180C947F850C9422180C943F190C9498
:100600008F360C9473160C94CC830C9445160C9472
:1006100047140C943A580C94E6BE0C948D810C94BB
:10062000833A0C94EA3C0C94ABCA0C94CA820C94A6
:10063000CA660C94F3170C94A2C90C944C570C94F2
:1006400022950C94DD570C9453860C94AF3B0C947C
:100650006E160C940B370C94553C0C9461D20C9490
:1006600008380C941A5A0C940A180C940F180C940D
:10067000A7170C9441210C9486A50C94583B0C941C
:10068000043D0C940E250C94573C0C94B7170C9415
:1006900015190C9460160C941B580C94E13C0C94A6
:1006A0003A304E414E494E495459494E46CDCCCC34
:1006B0003D0AD7233C17B7D13877CC2B329595E636
:1006C000241FB14F0A000020410000C84200401C16
:1006D0004620BCBE4CCA1B0E5AAEC59D74636469ED
:1006E0006E6F70737578585B00454F46003D00494A
:1006F0004E3A00000020002300260029002C002F85
:1007000000320000010000030106010901204E6FC4
:1007100020656D69742064617461210020436F75E8
:100720006E74657220747970652E2076616C3D0060
:10073000494E3A0020436F756E746572207479706B
:10074000652E20494E434F525245435420496E7402
:10075000657272757074206E756D626572212121EB
:10076000004952513A0041637469766174652069A9
:100770006E2000416374697661746520696E2000A3
:100780002D3E00200023002D3E00200050656E64A9
:1007900065643A2023002D3E00456D69743A002DB2
:1007A0003E00456D69743A002D3E00456D69743A0E
:1007B000002D3E00456D69743A003D004C454741AF
:1007C000435920494E3A0020666F7220286D7329E4
:1007D0003A004354524C3A205363686564756C6523
:1007E00020636D642000206D730020666F7220000E
:1007F0004354524C3A2041726D6564200020446994
:100800007361726D6564004354524C3A2000207449
:10081000696D653A004354524C3A205265733A0070
:100820004354524C3A206D6F6D656E74617279203D
:100830006576656E74002054533A0020543A005493
:100840004845524D3A00436C65616E696E672061A0
:100850006C61726D20003D0050696E3A0043545245
:100860004C3A20436F6D6D616E6420626C6F636BF8
:10087000656420627920647269766572004354521F
:100880004C3A204F4E3A416C726561647920416365
:10089000746976650A004354524C3A2048414C54DE
:1008A0003A416C726561647920496E61637469765E
:1008B000650A004354524C3A20584F4E3A2044693E
:1008C0007361626C65640A004354524C3A20584F7D
:1008D0004E3A416C72656164792041637469766552
:1008E0000A004354524C3A20584F464620736B69D5
:1008F000707065642E205072657620636D643A00D6
:100900004354524C3A205475726E6564206F66668B
:100910002066726F6D3A004354524C3A2052657310
:10092000746F7265642066726F6D3A004354524C66
:100930003A2049676E6F7265642C206368616E6E41
:10094000656C20636D643D0020457865633A004323
:1009500054524C3A204163746976653A00435452CC
:100960004C3A2048414C543A416C7265616479209C
:10097000496E6163746976650A004354524C3A20AB
:10098000584F4E3A2044697361626C65640A0043B3
:1009900054524C3A20584F4E3A416C72656164791A
:1009A000204163746976650A004354524C3A2058DA
:1009B0004F464620736B69707065642E20507265D7
:1009C0007620636D643A004354524C3A2054757259
:1009D0006E6564206F66662066726F6D3A004354E0
:1009E000524C3A20526573746F7265642066726F60
:1009F0006D3A0044697361726D696E67206E6F7441
:100A000020617574686F72697A6564004354524C52
:100A10003A20636F6D6D616E64206A757374206631
:100A20006F7220004354524C3A204E6F7420656E12
:100A30006F756768206D656D6F727920666F7220C3
:100A400067726F7570206F7065726174696F6E0088
:100A5000496E76616C69642061726700496E7661E7
:100A60006C69642061726700496E76616C6964200C
:100A7000617267004354524C3A20556E6B6E6F772B
:100A80006E2073756666697800536B697070696E65
:100A900067207363686564756C65642067726F7541
:100AA000702065786563004354524C3A2063686156
:100AB0006E6E656C2066726F7A656E004354524CA0
:100AC0003A206368616E6E656C2066726F7A656E3F
:100AD00000536B697070656420686F6D6965207381
:100AE00074756666002000205375623D00204974CD
:100AF000656D3D004354524C3A2052414D3D0043F8
:100B000054524C3A204F75744F664D656D6F727933
:100B10003A2000282D292000282B2920002076614A
:100B20006C7565206973200020756E6B6E6F776E33
:100B30000A005D3D005B0020696E76616C696400AF
:100B400020004143544956453A00206F6B003A005B
:100B5000206661696C6564003A0052657472796957
:100B60006E6720434D440A004354524C2F706F6C03
:100B70006C3A204F75744F664D656D6F72793A20EF
:100B800000207365632072656D61696E696E670030
:100B90005374617475732064656666657265640A72
:100BA000002D3E005075623A20002D3E00507562C7
:100BB0003A20002D3E005075623A200000000000EF
:100BC00000636D640000736574000076616C000062
:100BD00064656C00004853560000524742000066AE
:100BE000616E00006D6F6465006374726C006875FF
:100BF000650000736174000074656D700072617748
:100C000000002D3E005075623A20002D3E005075C8
:100C1000623A200053454E445354415455533A20B0
:100C2000556E6B6E6F776E20636D64200A00000056
:100C300000000000000000004F4E00000000000017
:100C400000004F464600000000000000524553548B
:100C5000000000000000544F47474C4500000000D2
:100C600048414C54000000000000584F4E00000066
:100C700000000000584F4646000000000000494EAA
:100C80004352454153450000444543524541534575
:100C90000000454E41424C4500000000444953418C
:100CA000424C45000000554E465245455A4500000D
:100CB000465245455A45000000004155544F00003A
:100CC0000000000046414E5F4F4E4C59000048491D
:100CD00047480000000000004D454449554D0000C4
:100CE00000004C4F570000000000000048454154F0
:100CF0005F434F4F4C004845415400000000000046
:100D0000434F4F4C000000000000445259000000C7
:100D1000000000005247420000000000000048535D
:100D200056000000000000005245534554000000EA
:100D30000000444D58000000000000444D58524748
:100D400042570000444D5852474200000050574D52
:100D50000000000000004D42555344494D0000542E
:100D60004845524D4F00000052454C41590000008B
:100D70000047524F555000000000564354454D5017
:100D80000000004D42555356430000004143484186
:100D900049455200005350494C45440000004D4F16
:100DA000544F520000000050494400000000000071
:100DB0004D425553000000000055415254425244E8
:100DC000470052454C415950574D00444D585247E9
:100DD0004257570056454E545300000000454C45BD
:100DE0005641544F5200434F554E5445520000480F
:100DF000554D0000000000004D455243555259002A
:100E000000535052494E4B4C520020002D3E00439F
:100E10006F6E76657274696E6720002D3E005772A2
:100E20006F6E672041737369676E6D656E74200025
:100E3000524742783A2000485356206469736162F1
:100E40006C65640020764C6576656C3A0020436FD3
:100E50006E76563A0020436F6E76533A0020486F04
:100E6000743A00436F6C643A0020436F6E7665728B
:100E700074656420563A00436F6E766572746564DB
:100E800020533A002D3E0057726F6E6720417373F6
:100E900069676E6D656E7420002D3E0057726F6E2F
:100EA000672041737369676E6D656E74200020530F
:100EB0007566663A002041543A0053746F70706949
:100EC0006E6720496E70757473002069732000444A
:100ED000656C6574696E6720636F6E662E20524183
:100EE0004D207761733A0053746F70706564006EC3
:100EF0006F7468696E6720746F2073746F7000532D
:100F0000746F7070696E67206368616E6E656C7374
:100F1000202E2E2E0043616E206E6F7420636C6550
:100F2000616E202D206C6F636B656400436F6E668D
:100F30006967206368616E676564206C6F63616CCC
:100F40006C792C20706F7274616C206469736162BB
:100F50006C6564002F636F6E6669672E6A736F6ECF
:100F6000007265626F6F742000436D643A20002F39
:100F7000636F6D6D616E642F002F72616D2F002F96
:100F80006974656D2F002F6974656D2F0022687478
:100F900074703A2F2F6C617A79686F6D652E727557
:100FA0002F70776122004C6F636174696F6E3A2015
:100FB000687474703A2F2F003F6D61633D0026699D
:100FC000703D0026706F72743D00266E616D653D48
:100FD000002F0020004D5154543A20436F6D706C27
:100FE0006574652E2052656D6F766520746F70692B
:100FF00063200024636F6D6D616E64004D51545425
:101000003A20436C65616E55702072657461696E3B
:10101000656420746F7069632000220022004F75A0
:10102000744F664D656D6F727921005D20003A5BEB
:10103000004D5154543A005D00456D7074793A206A
:101040005B000A003A004D41433A0055445020539A
:1010500079736C6F6720696E697469616C697A6510
:10106000642E0A005379736C6F6720706172616D32
:10107000733A004D5154543A207365742066697276
:1010800073742062726F6B65720043757272656E65
:1010900074204C414E20636F6E6669672869702C1E
:1010A000646E732C67772C7375626E6574293A00D1
:1010B0000A55736520746865736520636F6D6D6193
:1010C0006E64733A202768656C7027202D20746841
:1010D000697320746578740A276D61632064653ACA
:1010E00061643A62653A65663A66653A303027204F
:1010F00073657420616E642073746F7265204D4156
:10110000432D6164647265737320696E2045455098
:10111000524F4D0A276970205B69705B2C646E73B7
:101120005B2C67775B2C7375626E65745D5D5D5DCE
:1011300027202D20736574207374617469632049BE
:10114000500A277361766527202D2073617665200C
:1011500063757272656E7420636F6E66696720696D
:101160006E204E5652414D3B204F4E7C4F464620FE
:101170002D20656E61626C652F64697361626C65B8
:10118000206175746F736176650A2767657427201F
:101190005B636F6E66696720616464725D27202DF2
:1011A0002067657420636F6E6669672066726F6D75
:1011B000207072652D636F6E666967757265642055
:1011C00055524C20616E642073746F7265206164A7
:1011D00064722C204F4E7C4F4646202D20656E6158
:1011E000626C652F64697361626C6520646F776EF1
:1011F0006C6F6164206F6E20737461727475700A15
:10120000276C6F616427202D206C6F616420636FF1
:101210006E6669672066726F6D204E5652414D0AA8
:101220002770776427202D20646566696E652061CC
:101230006E642073746F7265204D51545420706138
:101240007373776F72640A276F74617077642720F5
:101250002D20646566696E6520616E642073746F0D
:101260007265204854545020415049207061737376
:10127000776F72640A276C6F67205B7365726961B0
:101280006C5F6C6F676C6576656C5D205B75647018
:101290005F6C6F676C6576656C5D27202D206465DB
:1012A00066696E65206C6F67206C6576656C2028BA
:1012B000302E2E37290A276B696C6C27202D20745D
:1012C000657374207761746368646F670A27636C61
:1012D00065617227202D20636C6561722045455041
:1012E000524F4D0A2773656172636827202D207362
:1012F000656172636820312D776972652064657657
:101300000A277265626F6F7427202D207265626FE5
:101310006F7420636F6E74726F6C6C657200536FC4
:101320006674207265626F6F74696E672E2E2E0070
:10133000206E65770020697320003157543A0031E0
:1013400057543A20536561726368696E672064651B
:10135000760052414D3D000A5379736C6F6720004F
:101360000A312D7769726520000A6D71747420004E
:101370000A696E7075747320000A6974656D732054
:10138000000A436F6E666967757265643A002F00E4
:10139000496E3A2000496E697469616C697A696EB8
:1013A0006720496E70757473003157543A20736525
:1013B000747570207265736F6C7574696F6E200040
:1013C0003157543A204453323438322D31303020A2
:1013D0006E6F742070726573656E74003157543A85
:1013E000204453323438322D3130302049324320BA
:1013F000726573746F726564003157543A20427598
:1014000073207265736574206572726F7200315754
:10141000543A2042757320526573657420646F6E70
:1014200065003157543A204453323438322D31302C
:10143000302070726573656E742C207265736574EC
:10144000004572726F7220312D7720696E697400C9
:101450003157543A204453323438325F3130305FA0
:101460004932435F544F5F31575F425249444745C9
:1014700020696E6974003B003D0050696E3A003B84
:10148000003D4C4F5700546865726D6F3A004F6EC7
:101490006520776972652052656164790A0042723D
:1014A0006F6B65727320636F6E66696775726564D2
:1014B0003A004170706C79696E6720636F6E66697F
:1014C00067004C6F6164656420455441473A004EA3
:1014D0006F2073746F72656420636F6E6669670056
:1014E0004C6F616465642066726F6D204545505293
:1014F0004F4D006C6F6164206661696C6564004AE1
:10150000534F4E206465746563746564004C6F616D
:1015100064696E6720436F6E6669672066726F6DDF
:1015200020454550524F4D00436F6E6669672061FC
:1015300075746F736176653A000A5379736C6F67DF
:10154000206465627567206C6576656C3A0053654A
:101550007269616C206465627567206C6576656C84
:101560003A0053617665640A005365742064796EAD
:10157000616D69632049500A004F544120506173E6
:1015800073776F726420757064617465640A004ECD
:101590006F20495020616472657373002053617637
:1015A0006564004C6F6164696E6720485454502034
:1015B000636F6E666967206F6E20737461727475F5
:1015C000703A00000000000000000000004F4E00D4
:1015D000000000000000004F464600000000000030
:1015E0000052455354000000000000544F47474C40
:1015F000450000000048414C540000000000005825
:101600004F4E00000000000000584F46460000000A
:10161000000000494E4352454153450000444543B4
:1016200052454153450000454E41424C45000000A3
:101630000044495341424C45000000554E46524536
:10164000455A450000465245455A450000000041B4
:1016500055544F00000000000046414E5F4F4E4C75
:10166000590000484947480000000000004D45442B
:1016700049554D000000004C4F570000000000008D
:1016800000484541545F434F4F4C0048454154008A
:101690000000000000434F4F4C00000000000044D9
:1016A00052590000000000000052474200000000B4
:1016B000000000485356000000000000005245534F
:1016C00045540000000000636F756C64206E6F74F9
:1016D0002070617273653A200055706461746564AE
:1016E0000A00454550524F4D20636C656172656438
:1016F0000A004D5154542050617373776F72642007
:10170000757064617465640A002B002D0045546196
:10171000673A200047657420455441473A20004805
:101720005454502F312E310025733A2025730D0A61
:101730000020485454502F312E310D0A486F7374D5
:101740003A2025730D0A4163636570743A202A2F8D
:101750002A0D0A436F6E6E656374696F6E3A20637B
:101760006C6F73650D0A0025730020000D0A004799
:101770004554006661696C656420746F20636F6E08
:101780006E6563740A004552524F523A2053657297
:101790007665722072657475726E65642000436FA1
:1017A0006E666967206E6F74206368616E6765643A
:1017B0000A00446F6E652E0A00436F6E66696720EB
:1017C00070617273696E67206661696C65640A0096
:1017D0004765742061626F7274656400676F74207E
:1017E000436F6E6669670A0068747470207265746E
:1017F000636F64652000667265652000436F6E66E6
:101800006967205552493A20687474703A2F2F0046
:101810002044656661756C7420636F6E666967202D
:1018200073657276657220757365643A20006C6129
:101830007A79686F6D652E7275000A282D294352DA
:10184000595054000A282D2950554C5345206F6E8D
:101850002050494E3132000A282D2943414E000ABA
:10186000282D29535052494E4B4C4552000A282DE1
:10187000294D455243555259000A282D294D554CA2
:10188000544956454E54000A282B2950574D5F5253
:10189000454C4159000A282D294D444E53000A2831
:1018A0002D2955415254425249444745000A282B9C
:1018B000295359534C4F47000A282D2950494400B9
:1018C0000A282D294D43503233303137000A282D54
:1018D000294152544E4554000A282B294F544100A7
:1018E0000A282D29535049204C4544000A282D2907
:1018F0004D4F544F5220435452000A282D29414342
:10190000204841494552000A282D29434353383184
:101910003120262048444331303830000A282B2912
:10192000524553544152545F4C414E5F4F4E5F4DB0
:101930005154545F4552524F5253000A282D2948A2
:1019400041524452455345542C207573696E6720AB
:10195000736F6674000A282B29434F554E54455225
:10196000000A282D29444854000A282B29445332C0
:101970003438322D313030000A282B294F57495244
:1019800045000A282D2949504D4F44425553000A1D
:10199000282D294D4F44425553000A282D29444DE6
:1019A00058000A282B2957697A6E657435783030CB
:1019B000000A282B294672656552616D2070726994
:1019C0006E74696E67000A282B29574154434844B6
:1019D0004F47006C617A79686F6D652E7275000AE9
:1019E000436F6E666967207365727665723A00327E
:1019F00030313130334C0020432B2B20766572730D
:101A0000696F6E3A00353635313935645F323032C0
:101A1000362D30352D3235000A4C617A79686F6D7C
:101A2000652E7275204C6967687448756220636F13
:101A30006E74726F6C6C65722000204F46460020F9
:101A40004F4E002042595041535300536176656414
:101A500020746F20454550524F4D00536176696E9A
:101A60006720636F6E66696720746F20454550522A
:101A70004F4D2E2E00556E6B6E6F776E2073756610
:101A80006669782000556E6B6E6F776E20636D64AB
:101A90002000436F756E7465723A200020696E698C
:101AA000740070696E230072656C61794374723AD8
:101AB00020002073746F700052656C61792D4F7532
:101AC0007420230072656C61794374723A20006956
:101AD000646C65006F66660068656174696E6700B6
:101AE00066616E00647279696E6700636F6F6C691E
:101AF0006E6700616374696F6E0020697320004F28
:101B00007574200072656C61794374723A200055D7
:101B10006E6B6E6F776E20737566666978200072E3
:101B2000656C61794374723A2000556E6B6E6F7705
:101B30006E20636D64200072656C61794374723A43
:101B40002000616374696F6E0072656C6179437423
:101B5000723A20005B305D3A2000202D202D202D90
:101B600020EFBBBF003E003E31202D20005B305DEA
:101B70003A2000202D202D202D20EFBBBF003E005D
:101B80003E31202D20005379736C6F67207265738E
:101B9000756D6564005379736C6F6720726573753A
:101BA0006D6564005379736C6F672073757370652E
:101BB0006E646564000000000000636D64000073E3
:101BC0006574000076616C000064656C0000485329
:101BD000560000524742000066616E00006D6F645F
:101BE00065006374726C0068756500007361740051
:101BF0000074656D7000726177000020002E00692E
:101C00006E00735F6F7574006D79686F6D6500436A
:101C100054524C2F657865633A204F75744F664D6A
:101C2000656D6F72793A2000202D3E20004D515491
:101C3000543A2000202D3E2000456D69743A203C26
:101C400000202D3E20004974656D436D643A2000EC
:101C5000202D3E20004974656D3A20003157543ADA
:101C600020427573207265736574206572726F729D
:101C7000003157543A2042757320526573657420C1
:101C8000646F6E65003157543A2044533234383211
:101C90002070726573656E742C20726573657400B4
:101CA00049324320526573657400005EBCE2613FB7
:101CB000DD83C29C7E20A3FD1F419DC3217FFCA22A
:101CC000401E5F01E3BD3E6082DC237D9FC1421C5C
:101CD000FEA0E1BF5D0380DE3C62BEE0025CDF810E
:101CE000633D7C22C09E1D43A1FF4618FAA42779BC
:101CF0009BC584DA3866E5BB5907DB856739BAE4EA
:101D000006581947A5FB7826C49A653BD987045A1B
:101D1000B8E6A7F91B45C6987A24F8A6441A99C7CD
:101D2000257B3A6486D85B05E7B98CD2306EEDB37B
:101D3000510F4E10F2AC2F7193CD114FADF3702EA9
:101D4000CC92D38D6F31B2EC0E50AFF1134DCE90DB
:101D5000722C6D33D18F0C52B0EE326C8ED0530D8D
:101D6000EFB1F0AE4C1291CF2D73CA947628ABF53B
:101D700017490856B4EA6937D58B5709EBB5366869
:101D80008AD495CB2977F4AA4816E9B7550B88D69B
:101D9000346A2B7597C94A14F6A8742AC896154B4D
:101DA000A9F7B6E80A54D7896B353E3E2000496E44
:101DB00076616C696420636F6D6D616E64003E3E98
:101DC0003E004E6F204D414320636F6E666967751C
:101DD0007265643A20736574206669726D7761720A
:101DE000652773204D41430A00454550524F4D2011
:101DF0007369676E6174757265206F6B00496E69F7
:101E00007469616C697A696E6720454550524F4D1F
:101E10002E00476F742049502061646472657373AB
:101E20003A00276970205B69705B2C646E735B2CD1
:101E300067775B2C7375626E65745D5D5D5D2720F1
:101E40002D20736574207374617469632049500A8E
:101E5000004661696C656420746F20636F6E66690B
:101E6000677572652045746865726E657420757358
:101E7000696E6720444843502E20596F7520636176
:101E80006E20736574206970206D616E75616C6C75
:101E9000792100204D41534B3A002047573A00200A
:101EA000444E533A004C6F616465642066726F6DF6
:101EB00020666C6173682049503A000A7573657337
:101EC00020444843500A005374617274696E67205D
:101ED0006C616E004142434445464748494A4B4C79
:101EE0004D4E4F505152535455565758595A61629E
:101EF000636465666768696A6B6C6D6E6F7071723A
:101F0000737475767778797A303132333435363781
:101F100038392B2F3D00426173696320003A004F2E
:101F2000544120696E697469616C697A65640A005C
:101F300044454641554C542070617373776F726409
:101F400020666F72204F5441204150492E20557316
:101F500065206F746170776420636F6D6D616E646E
:101F600020746F207365740070617373776F72648F
:101F7000004D5154543A2074727969796E67206E1D
:101F8000656E78742062726F6B6572004D515454A7
:101F90003A20546F6F206D616E7920636F6E6E65AD
:101FA0006374696F6E206572726F72732E20526552
:101FB0007374617274204C414E00207472792061F8
:101FC0006761696E20696E2035207365636F6E648A
:101FD00073004D5154543A206661696C65642C203D
:101FE00072633D004D5154543A20417761697469E0
:101FF0006E6720666F722072657461696E65642019
:10200000746F7069637300636F6E6E65637465648B
:102010002061732000202E2E2E0020757365723AE9
:10202000003A000A4D5154543A20417474656D7061
:1020300074696E6720636F6E6E656374696F6E207E
:10204000746F2000646973636F6E6E65637465649A
:10205000005573696E67204D51545420706173733D
:10206000776F72642066726F6D20636F6E6669674A
:1020700000446576696365204E616D653A004D5197
:1020800054543A204174206C656173742064657601
:10209000696365206E616D6520616E642062726F98
:1020A0006B6572204950206D7573742062652063E2
:1020B0006F6E6669677572656400757074696D65C9
:1020C0002C66726565686561700035363531393565
:1020D000645F323032362D30352D3235004C696731
:1020E00068744875622000246E616D6500526562F7
:1020F000696E6420737563636573732E2049502085
:10210000616464726573733A004572726F723A204B
:10211000726562696E64206661696C0052656E6505
:1021200077656420737563636573732E204950204F
:10213000616464726573733A004572726F723A201B
:1021400072656E65776564206661696C000A4E6F22
:10215000206C696E6B00436F6E74696E75652077D5
:102160006974682070726576696F75736C79206C1C
:102170006F6164656420636F6E66696700333073F6
:1021800020454550524F4D206973206E6F74207268
:10219000656C6F616465642E205265626F6F7400B8
:1021A0004D5154543A20416363657074696E6720E1
:1021B000636F6D6D616E64732E2E2E0A004E6F205C
:1021C0004D51545420636F6E666967757265640083
:1021D0004C6F6164696E6720636F6E666967206625
:1021E000726F6D20706F7274616C206469736162CC
:1021F0006C65642E2075736520676574204F4E20D2
:10220000746F20656E61626C6500436F6E6669670E
:102210002069732076616C696400436F6E74696E27
:10222000756520776974682070726576696F75735B
:102230006C79206C6F6164656420636F6E6669679A
:10224000005365747570204F5441002072656164BD
:10225000206572726F7220666F7220003E2000202F
:102260003C003157543A003157543A206E6F742075
:10227000696E6974003157543A204255535920749D
:10228000696D656F7574003157543A204453323488
:1022900038325F4552524F525F434F4E46494700D6
:1022A0003157543A20312D776972652073686F7207
:1022B0007465640072656164790024737461746587
:1022C00000757074696D650066726565686561703A
:1022D00000247374617473002045787069726564BA
:1022E0000A00202D746172676574207A6F6E652D07
:1022F0000020416C61726D20457870697265640AD6
:102300000020636D643A00204375723A00205365E3
:10231000743A002054696D65723A00204C6F636B0B
:10232000733A0052414D3D00000021002400270077
:102330002A002D00300033000101000004010701D4
:102340000A0100002200250028002B002E00310089
:10235000340002010000050108010B010505050517
:10236000070508080808020202020A0A080804040D
:10237000040401010101010101010303030303033B
:102380000303040707070C0C0C0C0C0C0C0C0202CA
:10239000020206060606060606060B0B0B0B0B0BC7
:1023A0000B0B010210202008081020401020408054
:1023B0000201020108040201010204081020408009
:1023C0008040201008040201800402018040201097
:1023D00008040201080402010102040810204080E0
:1023E000010204081020408000000A0B02090C0DB5
:1023F0000E080703040100000000000000000000B8
:1024000000000000000000000000000000000000CC
:102410000000000012111000000000000000000089
:1024200000000000000000000000000000002F6419
:10243000617461002F736B65746368004163636549
:1024400073732D436F6E74726F6C2D526571756569
:1024500073742D507269766174652D4E6574776F53
:10246000726B3A2074727565004163636573732DF6
:10247000436F6E74726F6C2D416C6C6F772D486575
:1024800061646572733A202A004163636573732D3A
:10249000436F6E74726F6C2D416C6C6F772D4D6550
:1024A00074686F64733A20504F53542C4745542C32
:1024B0004F5054494F4E53004163636573732D432E
:1024C0006F6E74726F6C2D416C6C6F772D437265FB
:1024D00064656E7469616C733A2074727565004F3F
:1024E0005054494F4E530044454C455445005055B7
:1024F000540047455400504F535400617574686F41
:1025000072697A6174696F6E3A2000417574686F00
:1025100072697A6174696F6E3A2000436F6E7465F8
:102520006E742D4C656E6774683A20006F63746535
:10253000742F73747265616D00696D6167652F6AD0
:1025400070656700696D6167652F6769660074650E
:1025500078742F68746D6C006170706C696361745D
:10256000696F6E2F6A736F6E00746578742F706C6C
:1025700061696E00436F6E74656E742D5479706579
:102580003A2000436F6E6E656374696F6E3A206324
:102590006C6F7365004163636573732D436F6E7475
:1025A000726F6C2D416C6C6F772D4F726967696E1D
:1025B0003A202A00556E6B6E6F776E004E6F742056
:1025C0004D6F646966696564004F4B004D6F7665B9
:1025D00064207065726D616E656E746C7900496E11
:1025E0007465726E616C20536572766572204572F7
:1025F000726F72005061796C6F616420546F6F204C
:102600004C61726765004E6F7420666F756E640072
:102610005757572D41757468656E746963617465A9
:102620003A204261736963207265616C6D3D22419D
:102630006363657373207265737472696374656430
:102640002200556E617574686F72697A6564005016
:1026500061796C6F61642073697A652077726F6E3F
:102660006700426164207265717565737400485437
:1026700054502F312E3120002000000000000000B7
:10268000000000004F4E00000000000000004F4618
:1026900046000000000000005245535400000000B6
:1026A0000000544F47474C450000000048414C543F
:1026B000000000000000584F4E0000000000000025
:1026C000584F4646000000000000494E4352454125
:1026D0005345000044454352454153450000454E93
:1026E00041424C450000000044495341424C4500E2
:1026F0000000554E465245455A4500004652454554
:102700005A45000000004155544F000000000000F1
:1027100046414E5F4F4E4C59000048494748000023
:10272000000000004D454449554D000000004C4F4D
:102730005700000000000000484541545F434F4FE0
:102740004C0048454154000000000000434F4F4CEE
:10275000000000000000445259000000000000008A
:10276000524742000000000000004853560000009D
:10277000000000005245534554000000000057720D
:102780006F6E67207061796C6164004D5154543AEA
:10279000204354524C2F7478743A204F75744F660E
:1027A0004D656D6F72793A2000202D3E2041543ADC
:1027B000004368616E20747970653A004E6F207333
:1027C000746F7265642076616C756573202D20646A
:1027D000656661756C743A200053617665642045C6
:1027E0005441473A0053657420455441473A20000C
:1027F00061D2E6BC11241FBECFEFD1E2DEBFCDBF58
:1028000000E00CBF16E0A0E0B2E0E8EDFEEC01E075
:102810000BBF02C007900D92AA3AB107D9F72CE07E
:10282000AAEAB6E001C01D92AF33B207E1F713E1A7
:10283000C9EFD3E100E006C021970109802FFE0116
:102840000E943CDFC83FD10780E00807A9F70E943B
:10285000F8BC0C945AE70C940000CF93DF931F92BE
:10286000CDB7DEB76983DC01ED91FC910280F38185
:10287000E02D41E050E0BE016F5F7F4F19950F9052
:10288000DF91CF910895FC01818D928D0895CF93B2
:10289000DF931F92CDB7DEB76983DC01ED91FC9128
:1028A0000280F381E02D41E050E0BE016F5F7F4F79
:1028B00019950F90DF91CF910895FC019485FB014C
:1028C0008485981303C081E0983008F080E0089573
:1028D000CF93DF931F92CDB7DEB76983DC01ED9113
:1028E000FC910280F381E02D41E050E0BE016F5F7A
:1028F0007F4F19950F90DF91CF910895FC01818151
:1029000091E0909354098093750910927B0910927D
:102910007A09089520917207260F3327331F213239
:102920003105ECF420914E09FC0190E080E0243068
:1029300069F082E00895A09172072191AC014E5A8E
:10294000584FA40FB52FB11D2C930196861798F3FD
:1029500080917207680F6093720780E0089581E0AC
:10296000089508950895E0917D0980917C09E81704
:1029700030F4F0E0EB56F84F808190E008958FEF4F
:102980009FEF089590917D0980917C092FEF3FEF93
:10299000981748F4E92FF0E0EB56F84F208130E02B
:1029A0009F5F90937D09C901089580917C09909162
:1029B0007D09891B990B0895CF92DF92EF92FF92C8
:1029C0000F931F93CF93DF937C01CB018A0120915A
:1029D0005409222389F0EB016B01C40ED51ECC15DE
:1029E000DD0569F06991D701ED91FC910190F081CD
:1029F000E02DC7011995F3CF642F0E948A14C801F6
:102A0000DF91CF911F910F91FF90EF90DF90CF90CA
:102A10000895CF93DF931F92CDB7DEB769832091DE
:102A200054092223F9F020917A09203258F021E04C
:102A300030E0FC013383228390E080E00F90DF914F
:102A4000CF91089580917B09E82FF0E0EB5AF64F83
:102A5000998190838F5F80937B0980937A0981E0CD
:102A600090E0ECCF61E0CE0101960E948A14F7CF8E
:102A700090E0FC01E45AFC4DE491F0E0EE0FFF1F02
:102A8000EE5BFC4DA591B4912C918E559C4DFC01B3
:102A90008491822391E009F490E0892F0895FC014C
:102AA000DC018D918111FDCF30E020E050E040E06D
:102AB0008AE09191992301F1443051055CF59E32F1
:102AC00071F42F3F310509F02CF5DB01A40FB51F80
:102AD00012962C934F5F5F4F30E020E0EACF829F49
:102AE000D001839FB00D1124292F990F330B205350
:102AF00031092A0F3B1FDDCF2F3F310509F054F478
:102B0000443051053CF4640F751FFB01228381E0C2
:102B100090E0089590E080E0089590E080E00895CE
:102B2000DC01ED91FC910284F385E02D1994DF9294
:102B3000EF92FF920F931F93CF93DF93EC010C89D9
:102B40001D890115110559F01D8A1C8AC801DF91E4
:102B5000CF911F910F91FF90EF90DF900895EC853A
:102B6000FD858E859F85DF01A80FB91F2C9124322A
:102B700009F055C011962C912B3709F050C00296E0
:102B8000E80FF91FF12CE12CDF01D190DD2009F4D1
:102B900046C08DE7D816E9F08FEFE81AF80AF4CFAF
:102BA000198A188A2C853D852115310579F08E8585
:102BB0009F85280F391FF9012081222321F00196DA
:102BC0009F878E873EC01D861C86C0CF0FEF1FEFEC
:102BD000BDCFE114F10419F11C928E859F850296F8
:102BE0006C857D85680F791FE881F9810684F785FA
:102BF000E02DCE011995998B888B1B8A1A8AEC855A
:102C0000FD858E859F85E80FF91FEE0DFF1DD28291
:102C10008E859F850396E80EF91EFF86EE8628892D
:102C200039892115310509F4BDCF8A899B89280F7F
:102C3000391FF9012081222309F4B2CF01969B8B21
:102C40008A8B022F220F110B81CFDC011C96ED9194
:102C5000FC911D971E968D919C91E80FF91F808124
:102C6000082E000C990B0895DC0115968D919C910E
:102C7000009739F0DC01ED91FC910680F781E02DA1
:102C80001994089583E090E0089584E190E0089518
:102C9000DC01ED91FC910484F585E02D60E019954F
:102CA00081E090E008958FE090E09093C9078093D1
:102CB000C80788EC90E00895FC018481958108950F
:102CC000FC01768765870895DC01ED91FC9102A0F7
:102CD000F3A1E02D199591E089270895862F089595
:102CE00081E08627089521E0FC018485883008F082
:102CF00020E0822F0895FC01848595850895FC01CC
:102D00008489958908952CE234E0FC013183208385
:102D1000FB014089518962897389FC014283538395
:102D2000648375830895DC01ED91FC91048CF58D2D
:102D3000E02D1994DC011196EC911197EF70E150A0
:102D4000EB3008F03EC0F0E08827E655F94E8F4F93
:102D50000C943CDFC016C016E116B516B516DA168F
:102D6000CB16CB16CB16B516B51614962D913D91F4
:102D70004D915C911797A4E6B0E00E94F2DE0895B1
:102D800014966C9184E6689FB0011124072E000C04
:102D9000880B990B089520E030E048EC52E414963B
:102DA0006D917D918D919C9117970E94CDDD0E9430
:102DB00039E0089514966D917D918D919C911797AE
:102DC000089560E070E0CB010895FC01A7812A2FEF
:102DD0002E7FC9F081818F7081508330A0F4A69539
:102DE000A150BB0B2BE531E00E9453DF24E630E01D
:102DF00040E050E00E94D3DEDA01C90187569F4FC0
:102E0000AF4FBF4F08958FEF9FEF0895FC01A6814C
:102E1000B781109721F118969C9118979F708EEFAB
:102E2000890F823010F091111AC019964D935D935D
:102E30006D937C931C97A681B78118969C911897E7
:102E4000907F926018969C930680F781E02D808594
:102E5000982F907F903619F48F70806A808708953C
:102E6000FC01238130E090E080E0FC01EE0FFF1FC9
:102E7000E452F94FA081B181A217B30761F4880F22
:102E8000991F880F991FFC01E853F94F4083518324
:102E9000628373830895A081B181AB2B19F42081E3
:102EA0003181EDCF019685309105F9F60895FC0149
:102EB000238130E090E080E0FC01EE0FFF1FE45240
:102EC000F94F408151814217530761F4880F991FD0
:102ED000880F991FFC01E853F94F6081718182814D
:102EE0009381089540815181452B89F4318320835A
:102EF000880F991F880F991FFC01E853F94F108222
:102F000011821282138260E070E0CB010895019675
:102F10008530910589F6F7CF880F991F880F991F83
:102F2000FC01E055F94F80819181A281B381019626
:102F3000A11DB11D80839183A283B383089585E091
:102F400090E00C948C1784E090E00C948C1783E054
:102F500090E00C948C1782E090E00C948C1781E048
:102F600090E00C948C1790E080E00C948C17CF9339
:102F7000DF93EC01E881F9810484F585E02D199552
:102F800029893A892F5F3F4F3A8B298BDF91CF9167
:102F90000895CF93DF93EC018E8581110DC081E000
:102FA00090E049895A892C853D854217530708F0DE
:102FB00080E0DF91CF910895E881F9810484F5855F
:102FC000E02DCE0119958F3F910549F780E090E003
:102FD000F0CFFC01848595856817790708F4CB014B
:102FE000928B818B0895CF93DF93FC01268522235A
:102FF00051F0EC010190F081E02D0190F081E02D85
:103000006FEF19951E86DF91CF910895FC0187859A
:103010009089089581E0089590E080E00895DC01B2
:103020001296ED91FC91309761F00280F381E02DD2
:10303000309739F0862F8295807F60856F70682B7E
:1030400060870895DC011296ED91FC91309751F064
:103050000280F381E02D309729F0808582958F7072
:1030600090E0089590E080E00895CF93DF93CDB78E
:10307000DEB760970FB6F894DEBF0FBECDBF1982E2
:103080001A821B821C821D821E821F8218868A81E0
:10309000807F81608A836FEF3E819F81888529814F
:1030A0007A815B814C814C873E87888B372F452FF7
:1030B0005C857E85892F988960960FB6F894DEBF6F
:1030C0000FBECDBFDF91CF9108950F931F93CF9384
:1030D000DF9300D000D01F921F92CDB7DEB781E002
:1030E00028960FB6F894DEBF0FBECDBFDF91CF910B
:1030F0001F910F910895FC01738362830895CF920D
:10310000DF92EF92FF920F931F93CF93DF9300D044
:1031100000D0CDB7DEB78C016B017A01FC01808D48
:10312000883010F40E94D69A8CE294E09A838983C6
:10313000F60182819381A481B5818B839C83AD83C9
:10314000BE83B701CE0101960E9465ABF801808F66
:103150008830A0F4F586E486128E118E81E02696E2
:103160000FB6F894DEBF0FBECDBFDF91CF911F9198
:103170000F91FF90EF90DF90CF90089580E0EFCF18
:10318000CF93DF93EC01888D883020F40E94D69A8B
:1031900088E0888FDF91CF910895FC01808D883081
:1031A00040F4218D328D232B21F00E94A89990E0CC
:1031B00008958FEF9FEF0895CF93DF93FC0124854F
:1031C000283028F08FEF9FEFDF91CF910895EC0129
:1031D0000190F081E02D0084F185E02D1995892B77
:1031E00089F38C850E94A89990E0EECFCF93DF936E
:1031F000FC01218D328D2115310529F48FEF9FEFD0
:10320000DF91CF910895EC01808D4217530708F0AC
:10321000A9010E94F7991816190684F7298D3A8D8D
:10322000281B390B3A8F298FEBCF0F931F93CF9326
:10323000DF931F92CDB7DEB7FC01218D328D232B9A
:1032400041F48FEF9FEF0F90DF91CF911F910F917E
:1032500008958C0141E050E0BE016F5F7F4FFC019B
:10326000808D0E94F799181619065CF7F801818D78
:10327000928D0197928F818F898190E0E4CFCF93D7
:10328000DF931F92CDB7DEB741E050E0BE016F5F24
:103290007F4FFC0184850E94F7991816190634F4B3
:1032A000898190E00F90DF91CF9108958FEF9FEF8C
:1032B000F9CFFC018485883010F40C94F79990E0E4
:1032C00080E00895FC018485883010F40C94D09936
:1032D00090E080E008950F931F93CF93DF9300D089
:1032E00000D01F921F92CDB7DEB78C01D80159963E
:1032F0004D915C915A974115510551F0ED91FC911A
:10330000048CF58DE02D70E060E0C8011995EECFDA
:10331000F801808D0E94D099892BB1F148E050E0EE
:10332000BE016F5F7F4FD80158968C910E94F7992C
:1033300018161906F4F4D801509684E0FE0131966F
:1033400001900D928A95E1F78D8190E0982F882762
:103350002E81820F911DF801958B848B8F81282FF0
:1033600030E0322F22278885820F932F911D928F74
:10337000818F28960FB6F894DEBF0FBECDBFDF91C8
:10338000CF911F910F91089590E080E0F2CFCF92FE
:10339000DF92EF92FF920F931F93CF93DF93CDB7FE
:1033A000DEB7AF970FB6F894DEBF0FBECDBF7C017E
:1033B0006A010CE214E01A8309831C861B8688EEDE
:1033C00093E0A0E0B0E08D879E87AF87B88B82E066
:1033D00094E09A878987188F0F8B198E1A8E1B8E0F
:1033E0001C8E88E089A31BA70AA71CA61DA61EA6E3
:1033F0001FA68091B7099091B809A091B909B09121
:10340000BA098EA39FA3A8A7B9A78B839C83AD837A
:10341000BE8318861F82AE01465D5F4FCE010196C6
:103420000E945BB381309105B1F4D701ED91FC911D
:103430000488F589E02D1DA30CA38CA59DA5AEA540
:10344000BFA58EA39FA3A8A7B9A7A601BE016C5DC7
:103450007F4FC7011995AF960FB6F894DEBF0FBE28
:10346000CDBFDF91CF911F910F91FF90EF90DF9033
:10347000CF9008950F931F93CF93DF93EC018B01AF
:10348000888D883010F40E94D69AB80182E00E949C
:103490001F9B888F883050F41D870C871A8E198ED9
:1034A00081E0DF91CF911F910F91089580E0F9CFD6
:1034B0000F931F93CF93DF938C01EA01FC01848566
:1034C000883048F40E944699892B39F481E090E0D5
:1034D000F80193838283D0E0C0E0CE01DF91CF91E9
:1034E0001F910F910895EF92FF920F931F93CF9327
:1034F000DF937C0180912709D4E0833309F0D8E081
:1035000007E119E0C0E0F801219131918F01F70145
:10351000848195812817390729F0CF5FDC13F3CF19
:1035200080E006C08C2F0E94E49A8431B1F781E0DC
:10353000DF91CF911F910F91FF90EF900895CF935E
:10354000DF93EC018C858830D0F40E94E49A8431BA
:1035500089F0882379F0883169F021E08C3159F4C1
:10356000E881F9810084F185E02DCE01199521E0F3
:10357000892B09F420E0822FDF91CF91089580E01C
:10358000FBCFCF92DF92EF92FF920F931F93CF93D7
:10359000DF93CDB7DEB7AF970FB6F894DEBF0FBE9F
:1035A000CDBF8C016B017A018CE294E09A83898310
:1035B0001B821C821D821E821C861B8648EE53E0E5
:1035C00060E070E04D875E876F87788B22E034E0A3
:1035D0003A872987988F8F8B198E1A8E1B8E1C8E97
:1035E00028E029A39BA78AA71CA61DA61EA61FA686
:1035F000D8011C968C91883060F40E94E49A88234C
:1036000021F0F80184850E94C89A88E0D8011C96B0
:103610008C938091B7099091B809A091B909B091A4
:10362000BA098EA39FA3A8A7B9A78B839C83AD8358
:10363000BE8318861F82AE01465D5F4FB601CE0184
:1036400001960E945BB30097C1F0D801ED91FC9107
:103650000684F785E02D8CE294E09DA38CA38CA5D5
:103660009DA5AEA5BFA58EA39FA3A8A7B9A7A70197
:10367000BE016C5D7F4FC8011995AF960FB6F894E7
:10368000DEBF0FBECDBFDF91CF911F910F91FF9095
:10369000EF90DF90CF900895CF93DF93EC018C856E
:1036A000883060F40E94E49A873111F08C3131F453
:1036B0008C850E9429998115984088F3DF91CF91DC
:1036C0000895FC018485883010F40C94299990E0C9
:1036D00080E00895CF93C62F0E947E1461EE8BEB9D
:1036E00099E00E9409156C2F8BEB99E00E94091557
:1036F000CF910C944EAE0E947E1481E00E945EAD8C
:1037000091E0811190E0892F0895ECEBF0E0808149
:103710008A7B808360E084E10E94B2AC60E085E156
:103720000C94B2AC65E0FC01828193810E94BA9F47
:10373000009749F0FC018085982F907F21F08295B9
:103740008F7090E0089590E080E00895CF92DF922E
:10375000EF92FF926A017B0163E0FC018281938119
:103760000E94BA9FFC01892BA9F080858D7091F48D
:10377000C094D094E094F094CC24CA94818592852E
:10378000A385B4858C219D21AE21BF21818792879D
:10379000A387B487FF90EF90DF90CF900895CF92EA
:1037A000DF92EF92FF926A017B0163E0FC0182816C
:1037B00093810E94BA9FFC01892BA9F09085892FE3
:1037C0008D7089F4907F92609087CC24FF2441858E
:1037D0005285638574854C295D296E297F2941872F
:1037E000528763877487FF90EF90DF90CF900895A2
:1037F000CF92DF92EF92FF926A017B0163E0FC01BE
:10380000828193810E94BA9F009791F0FC012085EC
:103810002F70223069F461857285838594856C21CF
:103820007D218E219F21FF90EF90DF90CF90089512
:1038300060E070E0CB01F7CFCF93C62F63E0FC01CF
:10384000828193810E94BA9FFC01892B91F090851F
:10385000892F8D7071F4907F926090878185928519
:10386000A385B4858827BB278C2B81879287A38764
:10387000B487CF910895CF93DF93EC0164EC7AE1A4
:103880008BEF9AE00E94AE8E68EB7AE18BEF9AE0C4
:103890000E94AE8E6C817D818BEF9AE00E94C9A35D
:1038A00062EB7AE18BEF9AE00E94AE8E8BEF9AE0AA
:1038B0000E94E08C60E08C810E94E0ACE881F9819C
:1038C0000484F585E02D60E0CE01199581E090E05B
:1038D000DF91CF91089569E077E1811102C06BE03B
:1038E00077E18AE49AE00C94AE8E6EE173E18AE4AB
:1038F0009AE00E94AE8EF0E0E0E0199584EF91E04E
:10390000089568E17BE0811102C063E17BE08BEF09
:103910009AE00C94AE8EDC0155962C915597273782
:1039200081F4ED91FC91008CF18DE02D199569EEFB
:1039300076E08BEF9AE00E94AE8E8BEF9AE00C94CB
:10394000E08C08950C94D5D50C94D5D50C94D5D590
:10395000EF92FF920F931F93CF93DF93EC018B01B4
:1039600080914F07909150070097A9F0FC012085A6
:103970002F70263081F40E94429FFC0190859F7039
:10398000943049F481859285DF91CF911F910F91F9
:10399000FF90EF900895EE88FF88C70101970D977B
:1039A000D0F46EE274E0C8010E949DE3892B99F483
:1039B0008FE2888F85E08E9DB0018F9D700D112460
:1039C0006B54744E46E050E0CE0149960E94A9D750
:1039D000CE014896D9CF90E080E0D6CFCF93C1E01A
:1039E00068EE73E080E090E00E9451AE6C2F8AE4B4
:1039F0009AE00E94C2A3CF5FC43191F784EF91E0B7
:103A0000CF910895EF92FF920F931F93CF93DF937F
:103A10006115710511F480E08CC0EB018C01888583
:103A20008F70823009F440C08430A9F763E777E0F3
:103A30008BEF9AE00E94AE8EF80163818BEF9AE0E3
:103A40000E94C2A362E374E08BEF9AE00E94578E5B
:103A500069857A858BEF9AE00E94578E8BEF9AE00A
:103A60000E94E08CF801E080F180E114F10499F209
:103A700067E374E0C7010E94429F8C01009759F2EE
:103A8000FC0180858F70863031F669857A856115F5
:103A9000710509F44AC0FB018081882309F445C0FF
:103AA000C8010E94429F40C066E677E08BEF9AE033
:103AB0000E94AE8EF80163818BEF9AE00E94C2A350
:103AC00062E374E08BEF9AE00E94578E49855A8535
:103AD0006B857C852AE030E08BEF9AE00E94D18DE7
:103AE0008BEF9AE00E94E08CF801E080F180E11415
:103AF000F10409F490CF67E374E0C7010E94429F8C
:103B00008C01009709F487CFFC0180858F70855068
:103B1000823008F080CF6985862F9A85892B29F01D
:103B20006150C8010E94BA9F7C01F801F286E186CB
:103B300081E0DF91CF911F910F91FF90EF90089559
:103B4000EF92FF920F931F93CF93DF930097C1F0F3
:103B5000FC0120812223A1F08C0181ECE82E8BE076
:103B6000F82EC1E0D0E0B701C8010E9472D7892BBE
:103B700049F02196F5E0EF0EF11CCE30D10599F712
:103B8000D0E0C0E0CE01DF91CF911F910F91FF9067
:103B9000EF900895CF93DF9300D000D01F921F9233
:103BA000CDB7DEB7E4E3FAE0128A118A80E090E153
:103BB0009587848784E890E0948B838B81E0868767
:103BC00080E090E2908B878787E7858B1C821B8241
:103BD00087E892E09A838983FE83ED838FEF9FEFDE
:103BE00098878F836BE57AE18AE49AE00E94AE8E33
:103BF0006091F1067091F206CE0101960E9443A5F4
:103C000084E39AE00E948B1C6BE47AE18AE49AE0F8
:103C10000E94AE8E8AE49AE00E94E08C0E9479B6FF
:103C200028960FB6F894DEBF0FBECDBFDF91CF91BF
:103C30000895892B71F0FB01828193810E9412A16A
:103C400062EF76E18AE49AE00E94AE8E88EC90E022
:103C5000089590E080E0F2CF0F931F93CF93DF930E
:103C6000EB0102970CF483C00A811B816DEC75E1B6
:103C7000C8010E9454D7892B51F481E00E94A0A36F
:103C800088EC90E0DF91CF911F910F91089567ED3F
:103C900075E1C8010E9454D7892B11F480E0EECF62
:103CA00063EA75E18AE49AE00E94AE8E0E9402A364
:103CB000672F6095617070E08AE49AE00E94C9A362
:103CC0008AE49AE00E94E08C8091260A9091270A6B
:103CD000892BE9F10A811B810E94A3A08823B9F1F5
:103CE000F80101900020E9F73197E01BF10BB09744
:103CF00070F582E70E948EA08091260A9091270A93
:103D0000DC01ED91FC910088F189E02D60E270E02A
:103D10001995B8018091260A9091270A0E94578E22
:103D20008091260A9091270ADC01ED91FC91019087
:103D3000F081E02D60E019958091260A9091270A84
:103D4000DC01ED91FC910488F589E02D19956A81DB
:103D50007B818AE49AE00E94578E6CE975E18AE4DF
:103D60009AE00E94AE8E8AE49AE00E94E08C8091F4
:103D7000C8079091C90702973CF080EF9FEF90939E
:103D8000C9078093C8077CCF6FE875E184E59AE0A6
:103D90000E94AE8E84E59AE00E94E08C84EF91E070
:103DA00071CF892B71F0FB01828193810E9460A108
:103DB00069E775E18AE49AE00E94AE8E88EC90E0B3
:103DC000089590E080E0F2CFEF92FF920F931F935F
:103DD000CF93DF93CDB7DEB72C970FB6F894DEBF45
:103DE0000FBECDBF8C017B018CE294E09A83898366
:103DF0001B821C821D821E8298878F8319861A86D9
:103E00001B861C8605301105ECF0BE01695F7F4FF3
:103E1000F701808591850E944F15892B99F0CE017D
:103E200007960E9403A2BE01695F7F4FF70186815A
:103E300097810E944F15892B61F0CE0107960E9451
:103E4000ADA20EC0CE0101960E9403A2043011055E
:103E500054F7CE0101960E94ADA203301105A4F1E2
:103E6000BE01695F7F4FF701848195810E944F15E4
:103E7000892B51F1CE0107960E9458A2BE01695FBD
:103E80007F4FF701828193810E944F15892B19F191
:103E9000CE0107960E94AEA162E675E18AE49AE03F
:103EA0000E94AE8E80E00E9497A388EC90E02C9652
:103EB0000FB6F894DEBF0FBECDBFDF91CF911F913B
:103EC0000F91FF90EF900895CE0101960E9458A2A5
:103ED000023011059CF6CE0101960E94AEA1013080
:103EE0001105D1F6CE0101960E94AEA169E675E1F9
:103EF0008AE49AE00E94AE8ECFCF0F931F93CF93A8
:103F0000DF938C01EB010297C4F08A819B810E94B0
:103F100006D78093010299270E94AAA302301105B7
:103F200049F08C819D810E9406D7809300029927D9
:103F30000E94B4A3C8ECD0E002C0C0E9D1E06EE4B6
:103F400075E18AE49AE00E94AE8E609101028AE4F3
:103F50009AE00E94C2A369E375E18AE49AE00E94B4
:103F6000AE8E609100028AE49AE00E94C2A38AE4C5
:103F70009AE00E94E08CCE01DF91CF911F910F91CA
:103F80000895CF93DF93EB010297ACF16DEC75E1EF
:103F90008A819B810E9454D7892B29F40E9402A315
:103FA0007D7F0E9447A367ED75E18A819B810E9416
:103FB00054D7892B29F40E9402A372600E9447A360
:103FC00068E275E18AE49AE00E94AE8E0E9402A344
:103FD00071FB662760F971E0672770E08AE49AE078
:103FE0000E94C9A38AE49AE00E94E08C88EC90E0E9
:103FF000DF91CF9108950E94CA1DF8CF0F931F93B0
:10400000CF93DF93FC01C481D5812097C9F18B0147
:1040100088858F70853021F5CE010E9462A48017BB
:10402000110671F16CF1602FCE010E94BA9FFC0164
:10403000892B31F180858F70823039F461857285EA
:10404000838594850E946EDD06C08330C9F4618546
:10405000728583859485DF91CF911F910F9108958B
:10406000672B71F4823029F469857A858B859C856C
:10407000E9CF833029F469857A858B859C85EBCFE0
:1040800060E070E0CB01E7CF0F931F93CF93DF93F6
:10409000FC01738362836115710559F18B01EC0199
:1040A0001682CB010E9472A497FD28C09D838C8349
:1040B0008C819D81009719F08634910524F080E26F
:1040C00090E09D838C8361E070E0C8010E94FE1F38
:1040D00020E030E04AE754E40E94CDDD0E9440E059
:1040E000611571058105910589F06F83788789874E
:1040F0009A87DF91CF911F910F91089591958195A6
:1041000091099D838C8381E08E83D2CF88E893E1EF
:10411000A0E0B0E08F839887A987BA87EACF2F9273
:104120003F924F925F926F927F928F929F92AF9247
:10413000BF92CF92DF92EF92FF920F93CF93DF93D4
:1041400000D01F92CDB7DEB77C017A8369835C8390
:104150004B836901DB011C92FC0160818FEF860FAC
:10416000893108F04FC034FF4DC0FAE06F9FB001B5
:1041700011246658794DCD010E94A9D7D701119617
:104180008C918F7051F0D5FE08C04B815C8167EB3C
:1041900074E089819A810E94ADE3E981FA810190FE
:1041A0000020E9F7319729813A81E21BF30B1901CD
:1041B0002E0E3F1E4B815C814E1B5F0B41505109FF
:1041C0005C834B83D7011196EC911197EF7009F442
:1041D000F7C0D5FEF5C0E150EC3008F0F1C0F0E0DA
:1041E0008827EA50FF4D8F4F0C943CDF0521A82112
:1041F000152274228F225321252225222522412196
:104200002921AB2229803A80DDCFF7018481282F34
:1042100030E050E040E0002359F030E0A4E6B0E0A8
:104220000E9405DF2FEF30E040E050E00E94D3DE37
:104230005F934F933F932F938BE394E09F938F93E0
:10424000FC81FF932B812F933F922F920E94E5E3F5
:10425000B2C017968C9117978F9316968C911697DC
:104260008F9315968C9115978F9314968C918F93AD
:104270008EE394E09F938F93BC81BF93EB81EF9388
:10428000E3CF17968C9117978F9316968C9116976C
:104290008F9315968C9115978F9314968C918F937D
:1042A00082E494E0E7CF1496CD90DD90ED90FC9001
:1042B0001797F7FE34C084E6882E912CA12CB12CE0
:1042C000C701B601A50194010E94D3DE9B01AC0198
:1042D00088279927DC01821B930BA40BB50BBF9396
:1042E000AF939F938F9366277727CB016C197D0936
:1042F0008E099F09A50194010E94D3DE5F934F931D
:104300003F932F9386E494E09F938F933C813F9358
:104310004B814F933F922F920E94E5E34CC0C7011F
:10432000B60124E630E040E050E00E94D3DE9F93E7
:104330008F937F936F935F934F933F932F9387E474
:1043400094E09F938F939C819F93AB81AF93E2CF37
:10435000C7010E94E516BC01D7011696CC901697AE
:104360001796DC901797D0FADD24D0F814969C911C
:1043700014971596FC90EB80BC80292F30E050E01C
:1043800040E077FD35C0011135C07F936F931F92D8
:104390001F921F929F931F92FF92DF92CF9280E510
:1043A00094E09F938F93FC81FF932B812F933F92F7
:1043B0002F920E94E5E30FB6F894DEBF0FBECDBF8B
:1043C00089819A810F900F900F900F90DF91CF917C
:1043D0000F91FF90EF90DF90CF90BF90AF909F90A4
:1043E0008F907F906F905F904F903F902F900895A7
:1043F000002361F0292F30E0A4E6B0E00E9405DF41
:104400002FEF30E040E050E00E94D3DE5F934F9307
:104410003F932F931F92FF92DF92CF9283E594E018
:104420009F938F93BF92EF9275CF15968C911597AE
:104430001F928F9316969C91169717968C91817068
:104440008F939F9386E594E015CF14968D909D9061
:10445000AD90BC90179720E030E0A901C501B401F0
:104460000E9467DD2401350187FF04C077FA70944C
:1044700077F87094C301B2010E9439E06B01072EF6
:10448000000C880B990B0E946EDD9B01AC01C301EF
:10449000B2010E945ADF20E030E04AE754E40E9473
:1044A000CDDD0E94C4E00E9439E0062F772E20E087
:1044B00030E0A901C501B4010E9467DD87FF07C094
:1044C0007F920F93DF92CF928CE594E0D3CE7F92D0
:1044D0000F93DF92CF928DE594E09F938F933C8171
:1044E0003F934B814F93B0CE14968C9114971F92AB
:1044F0008F9315968C9115971F928F9316968C918A
:104500001F928F9383E594E09F938F93BC81BF9319
:10451000EB81EF933F922F920E94E5E34CCF1796E9
:104520008C9117971F928F9314968C9114971F92CA
:104530008F9315968C9115971F928F9316968C9149
:104540001F928F9380E594E09F938F93BC81BF93DC
:10455000EB81EF93DFCE14966D917C914B815C8162
:10456000C1010E94CBE32CCF1F93CF93DF93FC01BB
:10457000162FC389D489818992899C012F5F3F4F6F
:10458000328B218BC80FD91FCE010E948BDE1817EA
:1045900021F0612FCE010E9493DE81E090E0DF9157
:1045A000CF911F910895FC018189928924853585D9
:1045B0008217930740F423893489820F931F0E9446
:1045C0008BDE90E008958FEF9FEF0895DA01E09180
:1045D000B507F0E0FE2FEE27E60FF71F90E0982FCB
:1045E0008827A901BD018E0F9F1F0C949B96CF9326
:1045F000DF931F92CDB7DEB72091B50730E0322FA1
:104600002227260F371F90E0982F8827498341E003
:1046100050E0BE016F5F7F4F820F931F0E949B96F9
:104620000F90DF91CF910895CF93DF931F92CDB775
:10463000DEB741E050E0BE016F5F7F4F0E941096F1
:1046400089810F90DF91CF9108952091B50730E0D7
:10465000322F2227620F731F90E0982F8827860F32
:10466000971F0C94142363E070E00C9425239F9211
:10467000AF92BF92CF92DF92EF92FF920F931F9370
:10468000CF93DF93EC017B0180912709811121C039
:104690001B821A8288EE93E0A0E0B0E08C839D83B9
:1046A000AE83BF8386EA93E09983888388E08C8712
:1046B00088EE93E09E878D87CE01DF91CF911F9189
:1046C0000F91FF90EF90DF90CF90BF90AF909F90B1
:1046D000089534E0932E833311F028E0922E87E181
:1046E000C82E89E0D82E10E098E0B92EA12CD60172
:1046F0002D913D916D01F70184819581281739072E
:1047000091F4812F0E94E49A082F873111F08C31A7
:1047100039F5812F0E94D099892B59F50C3119F464
:10472000812F0E94C89A1F5F9112E1CFA11008C08B
:10473000D701ED91FC910084F185E02DC701199519
:104740001B821A8288EE93E0A0E0B0E08C839D8308
:10475000AE83BF8386EA93E099838883BC86A8CF23
:10476000843149F08111DFCFF60132971182108236
:10477000DACFB12ED8CFAA24A394D5CF8F929F920F
:10478000AF92BF92CF92DF92EF92FF920F931F935F
:10479000CF93DF93CDB7DEB72F970FB6F894DEBF78
:1047A0000FBECDBF5C014B017A01809127098823A0
:1047B000C9F104E0833309F008E0B501CE010196A8
:1047C0000E94372387E1C82E89E0D82E10E0F60139
:1047D000219131916F01F501848195812817390765
:1047E00051F4812F0E94E49A873129F4A701B40182
:1047F000812F0E9446991F5F0113E9CFC7012F96B1
:104800000FB6F894DEBF0FBECDBFDF91CF911F91E1
:104810000F91FF90EF90DF90CF90BF90AF909F905F
:104820008F900895F12CE12CE9CFDA01E091B507E2
:10483000F0E0FE2FEE27E60FF71F90E0982F882775
:10484000A901BD018E0F9F1F0C94109644E050E00B
:10485000BC018FE090E00C949B9644E050E0BC01DA
:1048600085E090E00C949B9644E050E0BC0181E030
:1048700090E00C949B9608959F92AF92BF92CF9236
:10488000DF92EF92FF920F931F93CF93DF938C01F0
:104890005B01942EE52EFC01C688D788F08C80E55C
:1048A00091E00E9455A98F2D0E94EC98C92DDE2D14
:1048B0008C179D0708F4EC019E01A501B6018F2D10
:1048C0000E946998F801868997898C0F9D1F978BA4
:1048D000868BCE01DF91CF911F910F91FF90EF90CA
:1048E000DF90CF90BF90AF909F900895CF93FC0141
:1048F000C08D80E591E00E9455A960E270E08C2FA8
:104900000E94009662E070E08C2F0E94252384FDB7
:1049100016C062E070E08C2F0E94252383FF0AC03E
:1049200048E162E070E08C2F0E94F72280E090E086
:10493000CF91089580E591E00E9455A9E3CF40E131
:1049400062E070E08C2F0E94F72281E0F0CFFF92AE
:104950000F931F93CF93DF93EB01FC01178A168A05
:104960002A81211109C02B81211106C02C8121111E
:1049700003C02D81222301F141155105E9F08A017F
:10498000FC01F08C80E591E00E9455A9AE014E5FDC
:104990005F4F24E030E06CE070E08F2D0E94E62253
:1049A000B8018F2D0E94F39A81E090E0DF91CF91C2
:1049B0001F910F91FF90089580E0F7CF0F931F9301
:1049C000CF938C01FC016481758181E20E941F9B61
:1049D000C82F8830F8F480E591E00E9455A98C2F0B
:1049E0000E943323833131F08C2FCF911F910F918F
:1049F0000C94C89A62E070E08C2F0E940096F80137
:104A000084819581EC2FF0E0EE0FFF1FE95EF64FF9
:104A100091838083CF911F910F9108950F931F93DE
:104A2000CF93DF931F921F92CDB7DEB7FC01248591
:104A30002830E0F48C0180E591E00E9455A922E045
:104A400030E0AE014F5F5F4F60E170E0F8018485B8
:104A50000E94152489819A819827892798270F9089
:104A60000F90DF91CF911F910F91089590E080E01A
:104A7000F6CF0F931F93CF93DF931F921F92CDB763
:104A8000DEB7FC0124852830E0F48C0180E591E05C
:104A90000E9455A922E030E0AE014F5F5F4F64E015
:104AA00070E0F80184850E94152489819A819827F5
:104AB000892798270F900F90DF91CF911F910F9129
:104AC000089590E080E0F6CFCF93DF93EC018CE285
:104AD00094E0998388831A821B821C821D8280E560
:104AE00091E00E9455A9BE016E5F7F4F44E050E007
:104AF0008FE090E00E941096CE01DF91CF91089553
:104B00000E945C97882331F080912709843329F033
:104B1000873381F090E080E0089580E591E00E9485
:104B200055A985E390E00E94142385FD0DC082E025
:104B300090E0089580E591E00E9455A98EE290E012
:104B40000E94142380FFF3CF81E090E0089510923B
:104B50004E0981E080934D091092280961E084E1BB
:104B60000E94B2AC61E085E10E94B2ACE9EBF0E0FA
:104B700080818E7F808380818D7F808388E4809395
:104B8000B80085E48093BC000895CF93DF9391E053
:104B900090935107882361F0C091B800D091BA007A
:104BA0000E94851B0E94A725D093BA00C093B8002D
:104BB000DF91CF910895CF92DF92EF92FF920F9302
:104BC0001F93CF93FC01C1810E9439AD6B017C0121
:104BD00080914E09811164C081E080934E098093D9
:104BE0004D099FEF90934C0910924B0910924A097E
:104BF0008093290980912909CC0FC82BC0932909DA
:104C000080912809813009F081C0109228090E9402
:104C100039AD6B017C01809129098093BB008091A3
:104C2000500990915109A0915209B0915309892BD3
:104C30008A2B8B2BA1F00E9439AD00915009109165
:104C4000510920915209309153096C197D098E093F
:104C50009F09061717072807390708F442C08091F3
:104C6000BC0083FDD8CF85EC8093BC000E9439AD99
:104C70006B017C0180914E09813009F449C080911B
:104C80004B09811167C080914B09EAE2F9E0A5E97F
:104C9000B7E090E0981751F121912D939F5FFACFE3
:104CA0008091500990915109A0915209B0915309F6
:104CB000892B8A2B8B2B09F48BCF0E9439AD009165
:104CC00050091091510920915209309153096C19E2
:104CD0007D098E099F09061717072807390708F06D
:104CE00077CF80914F090E94C52580E010927D0901
:104CF00080937C098BEB99E00E94C214CF911F91A5
:104D00000F91FF90EF90DF90CF90089585EEACCF9C
:104D10008091500990915109A0915209B091530985
:104D2000892B8A2B8B2B09F4A5CF0E9439AD0091DA
:104D300050091091510920915209309153096C1971
:104D40007D098E099F09061717072807390708F0FC
:104D500091CFC7CF81E099CF8F929F92AF92BF92B0
:104D6000EF92FF921F93CF93DF93EC010E9484AEEA
:104D70004B015C0110E08BE4E82EF12C0E9484AE24
:104D8000681979098A099B09683E73408105910574
:104D900010F5ED85FE85309709F0199560EFCE018D
:104DA0000E946A1BCE010E94DB25182F80FD0FC0D8
:104DB0008A81813009F41A82812FDF91CF911F916E
:104DC000FF90EF90BF90AF909F908F900895C70194
:104DD0000197F1F7D3CF81E08A83EECF1F93CF9372
:104DE000DF93EC01162F0E94AC26CE010E947E14A8
:104DF00062ED8BEB99E00E940915612F70E06095E0
:104E0000709584E0660F771F8A95E1F7612B8BEB35
:104E100099E00E9409150E944EAECE010E94DB254A
:104E2000811731F084E08A83DF91CF911F9108953B
:104E30008A818430C9F71A82F7CFCF93DF93EC01D0
:104E400063EC0E946A1BCE01DF91CF910C94DB25AD
:104E50000F931F93CF93DF93EC01162F042F0E9423
:104E6000AC26002341F0CE010E941D27682F64600C
:104E7000CE010E94EE26CE010E947E1465EA8BEBE5
:104E800099E00E940915612F8BEB99E00E940915AA
:104E9000DF91CF911F910F910C944EAEEF92FF9244
:104EA0000F931F93CF93DF938C017B0140E065E567
:104EB0000E942827E70188E0E80EF11C699140E094
:104EC000C8010E942827CE15DF05C1F7DF91CF91D9
:104ED0001F910F91FF90EF900895CF93DF93EC0116
:104EE0000E947E1440E060EFCE010E942827DF91EF
:104EF000CF910C944EAE0F931F93CF93DF93EC01A1
:104F00000E94AC2680FD36C0CE010E941D2760E0C5
:104F1000CE010E94EE26CE010E94AC26CE010E9458
:104F20007E1464EB8BEB99E00E9409150E944EAE53
:104F3000CE010E94AC26082F10E082FF16C082E04E
:104F40008A838881882341F0CE010E941D27682F23
:104F50006160CE010E94EE2615950795802F817025
:104F6000DF91CF911F910F9108958A81823049F787
:104F70001A82E7CF80E0F4CFCF92DF92EF92FF92D8
:104F80000F931F93CF93DF938C01EB017A01FC0108
:104F9000858196810E947B278823C1F1BE01F8019B
:104FA000858196810E944E2740E06EEBF801858155
:104FB00096810E942827E7016701F9E0CF0ED11CF6
:104FC000F801E580F680C7010E94AC26C7010E9467
:104FD0007E1466E98BEB99E00E9409150E944EAEA3
:104FE000C7010E94AC2661EEC7010E946A1BC7017F
:104FF0000E94DB258993CC16DD0611F7F801858127
:1050000096810E947B2791E0813009F090E0892F02
:10501000DF91CF911F910F91FF90EF90DF90CF9094
:105020000895CF93DF93EA010E94BC27882381F083
:10503000DE0189E090E0815039F0ED91E927F0E060
:10504000E655F34E9491F7CF81E02885291380E04F
:10505000DF91CF910895CF93DF9300D000D000D09F
:10506000CDB7DEB7AE014F5F5F4F0E941128882396
:1050700031F08D818F33A9F020F48F31A1F080E0E1
:1050800007C08F3521F08F37D1F78CE001C08BE05E
:1050900029960FB6F894DEBF0FBECDBFDF91CF913A
:1050A00008958AE0F5CF89E0F3CF6F927F928F92D7
:1050B0009F92AF92BF92CF92DF92EF92FF920F93A7
:1050C0001F93CF93DF93FC01248521118CC0872E81
:1050D000762EEC010E947B27882309F486C0CE013E
:1050E0000E94AC2640E060EFCE010E94282710E02D
:1050F00000E066246A94AA24A394B12CE02EE694DE
:10510000E694E694F12C802F8770650101C0CC0CE9
:105110008A95EAF78B85082E000C990B081719075A
:1051200034F5FE01EE0DFF1D93809C20CE010E9400
:10513000AC26CE010E947E1468E78BEB99E00E94BA
:105140000915992011F080E8982E692D8BEB99E0D4
:105150000E9409150E944EAECE010E94AC26982FE7
:10516000907485FF0BC0992369F08EEF2AC09924B3
:10517000939408171907D1F2912CD8CF911102C03E
:1051800087FF602EFE01EE0DFF1D938187FF28C073
:10519000C92AC3820F5F1F4F0034110509F0AECF3B
:1051A0006B86FFEF6F1202C081E08C872396E72D9C
:1051B000F82DCF01089629912193E817F907D9F71F
:1051C00081E0DF91CF911F910F91FF90EF90DF90E1
:1051D000CF90BF90AF909F908F907F906F900895E9
:1051E000C094C922D6CF80E0ECCF8FEFEACF85ED17
:1051F0008093BC008091500990915109A09152096F
:10520000B09153090796A11DB11D23E0B695A7954E
:10521000979587952A95D1F72091BC0024FD03C06E
:1052200010924E0908954091500950915109609192
:10523000520970915309452B462B472B69F3009770
:10524000A105B10541F02AE22A95F1F700C00197C6
:10525000A109B109E1CF80914F090C94C5251F9296
:105260000F920FB60F9211240BB60F922F933F930C
:105270004F935F936F937F938F939F93AF93BF935E
:10528000EF93FF938091B900887F803609F44DC079
:1052900008F040C0883209F4A9C028F5803109F42B
:1052A0009DC0C8F4882309F4FBC0883009F496C077
:1052B000FF91EF91BF91AF919F918F917F916F91EE
:1052C0005F914F913F912F910F900BBE0F900FBEAA
:1052D0000F901F901895883109F488C0803241F7EB
:1052E00080934C0914C0803409F49DC040F480338D
:1052F000B9F38833E9F680934C0985ECB0C080356A
:1053000009F485C0883509F496C0883489F60E946E
:10531000F728CECF883909F48CC038F5883729F0C2
:1053200050F4883611F0803719F683E080934E09E7
:105330001092940757C0883809F47BC0803919F05F
:10534000803809F0B5CF80919407803208F071C0A1
:10535000E091940781E08E0F809394078091BB00C9
:10536000F0E0EC58F84F80833DC0803B39F0E0F42A
:10537000803A09F479C0883A09F09ACF84E08093A2
:105380004E091092730710927207E0917809F0911C
:10539000790919958091720781110FC081E080937E
:1053A00072071092520709C0803C09F4A6CF883CCE
:1053B00009F4A3CF883B09F07BCFE091730781E02C
:1053C0008E0F80937307F0E0EE5AF84F8081809340
:1053D000BB00909173078091720729C080912909C1
:1053E0008093BB0085EC8093BC0062CF90914B0909
:1053F00080914A09981758F5E0914B0981E08E0F8A
:1054000080934B09F0E0E65DF64F8081E9CFE091B3
:105410004B0981E08E0F80934B098091BB00F0E037
:10542000E65DF64F808390914B0980914A09981769
:10543000C8F285E8D8CFE0914B0981E08E0F8093C8
:105440004B098091BB00F0E0E65DF64F80838091D0
:105450004D0981115CCF81E08093280984EA809313
:10546000BC0010924E0924CF85EC8093BC001092B2
:105470004E0980919407803230F4E0919407F0E077
:10548000EC58F84F10826091940770E0E091760933
:10549000F091770984E797E019951092940708CF67
:1054A00010924C0934CF009789F0FC0120852F70B1
:1054B000253061F40E94BA9F009741F0FC012085DD
:1054C0002F70243019F481859285089590E080E052
:1054D00008950F931F93CF93DF9360EA7CE18BEFE6
:1054E0009AE00E94D28E81E00E945EAD0E94851BF0
:1054F00061E085E10E94E0AC60E084E10E94E0AC04
:10550000C4E1D0E010E001E0612F85E10E94B2AC7F
:1055100010276AE070E080E090E00E9451AE219791
:1055200099F764E170E080E090E00E9451AE0E9443
:1055300096A98091BF079091C007009729F10E941A
:105540007B1B882309F18091BF079091C0070E94BF
:105550006D2765E87CE18BEF9AE00E94D28EE091A6
:10556000BF07F091C00700838091BF079091C007EB
:105570000E947B2761E77CE1811102C06CE57CE140
:105580008BEF9AE00E94D28E81E0DF91CF911F9144
:105590000F910895CF92DF92EF92FF920F931F9396
:1055A000182F6A017B010E9484AE04C096958795EE
:1055B000779567951A95D2F76C217D218E219F21D1
:1055C0008B019C0101501109210931090E3F1F4F28
:1055D0002F4F3F4F20F061E070E080E090E01F919E
:1055E0000F91FF90EF90DF90CF9008953F924F92F0
:1055F0005F926F927F928F929F92AF92BF92CF9263
:10560000DF92EF92FF920F931F93CF93DF9300D01F
:1056100000D0CDB7DEB77C01362E80914E078823AF
:1056200009F40DC1D70114969C918091000289174D
:1056300008F405C180914C0790914D07BAE06B13B7
:1056400018C28950994FFC011082D70118968D918C
:105650009C91892B09F4EFC08091F3069091F40698
:10566000A091F506B091F606892B8A2B8B2B09F0B9
:10567000CEC00E9484AE2B013C01F701008511854C
:10568000D80119966D917C916115710599F4F80115
:1056900085809680A780B0848091B1099091B209ED
:1056A000A091B309B091B40988169906AA06BB0661
:1056B00009F487C0D8011B964D915C911C97411548
:1056C000510509F47EC0F701248153968C915397BC
:1056D00090E0322F377002C0959587953A95E2F7A2
:1056E00080FF6FC0C22ED12CC601887F9370892B9A
:1056F00039F451968D919C91887F9370C82AD92A4C
:10570000D8018D919C91DC01ED91FC9161157105A1
:1057100009F4C4C00688F789E02D1995019709F0AE
:1057200050C06CE3F801808191810E94E48CA60155
:1057300070E060E02AE0D8018D919C910E94948CE9
:10574000F80122818081918167E67BE1222311F0BB
:1057500065E67BE10E94AE8ED8011D966D917C912D
:105760001E978D919C910E94578E60E2F801808176
:1057700091810E94E48CD8011F966D917C91509785
:105780008D919C910E94578EF80122818081918198
:105790006AE57BE1222311F064E57BE10E94AE8E95
:1057A00067EF76E0D8018D919C910E94578EF801A9
:1057B00080819181DC01ED91FC91008CF18DE02DD7
:1057C00019950E9484AEAB01BC01441955096609C4
:1057D0007709F70185819681453651056105710587
:1057E00008F472C0009721F064EA7BE10E94D28E37
:1057F0004FEF5FEFBA0180E00E94CA2A6093F30680
:105800007093F4068093F5069093F60614C00E94F8
:1058100084AE0091F3061091F4062091F5063091C4
:10582000F606601B710B820B930B60337547810585
:10583000910508F01ECF10924D0710924C07D7012A
:1058400015968D919C911697009771F014963C9146
:1058500020910102231740F0DC01ED91FC910190B1
:10586000F081E02D632D199581E090E026960FB62A
:10587000F894DEBF0FBECDBFDF91CF911F910F9186
:10588000FF90EF90DF90CF90BF90AF909F908F9060
:105890007F906F905F904F903F9008950488F589B6
:1058A000E02D2CE234E03A832983D80115968D90BF
:1058B0009D90AD90BC9018978B829C82AD82BE82E9
:1058C000BE016F5F7F4F29CF4091F3065091F406E0
:1058D0006091F5067091F606452B462B472B09F48F
:1058E000AACF009721F065E97BE10E94D28E109249
:1058F000F3061092F4061092F5061092F606D70100
:1059000018960D911C91F8016185728561157105DC
:1059100091F445805680678070848091B1099091A0
:10592000B209A091B309B091B409481659066A06A4
:105930007B0609F480CFD8011B964D915C911C9792
:105940004115510509F477CFF701248153968C91C5
:10595000539790E0322F377002C0959587953A950E
:10596000E2F780FF68CFC22ED12CC601887F9370EA
:10597000892B39F451968D919C91887F9370C82A18
:10598000D92AD8018D919C91DC01ED91FC91611592
:10599000710509F458C00688F789E02D199501971B
:1059A00009F049CF6CE3F801808191810E94E48C79
:1059B000A60170E060E02AE0D8018D919C910E94E0
:1059C000948CF80122818081918160E87BE122231F
:1059D00011F06EE77BE10E94AE8ED8011D966D91AD
:1059E0007C911E978D919C910E94578E60E2F801E8
:1059F000808191810E94E48CD8011F966D917C91E9
:105A000050978D919C910E94578EF8012281808140
:105A1000918163E77BE1222311F06DE67BE10E9437
:105A2000AE8E66E87BE1D8018D919C910E94AE8E8E
:105A3000F80180819181DC01ED91FC91008CF18D68
:105A4000E02D1995F8CE0488F589E02D2CE234E09C
:105A50003A832983D80115964D905D906D907C9086
:105A600018974B825C826D827E82BE016F5F7F4F92
:105A700095CF843591050CF0E2CEBDE06B1709F4AB
:105A8000DECE9C012F5F3F4F30934D0720934C0794
:105A90008950994FFC016083D2CE8F929F92AF9232
:105AA000BF92CF92DF92EF92FF920F931F93CF930B
:105AB000DF937C014A015901C0914F07D0915007F3
:105AC000062F660F110B209709F45CC088858F7034
:105AD000863009F055C065E674E0CE010E94429F11
:105AE0006C0182E08816910449F06AE674E0E3E014
:105AF0008E16910429F0D0E0C0E006C06EE674E096
:105B0000CE010E94429FEC01C114D104D9F1F601EB
:105B100080858F708430B1F561857285A801C701D9
:105B20000E94CBE3A80163E774E0C7010E94ADE3E4
:105B3000209779F188858F70843059F569857A8549
:105B4000A801C7010E94ADE3A80163E774E0C701A3
:105B50000E94ADE3A114B10429F0A801B501C70169
:105B60000E94ADE3C701DF91CF911F910F91FF908C
:105B7000EF90DF90CF90BF90AF909F908F9008955F
:105B8000D0E0C0E0A80168E07CE1C7010E94A9D78D
:105B9000C9CFF2E08F16910481F083E0881691045A
:105BA00029F06091B7077091B807CACFA80162E0E9
:105BB0007CE1C7010E948BD7C7CFA8016FEF7BE1C3
:105BC000F8CFCF92DF92EF92FF920F931F93CF9374
:105BD000DF93CDB7DEB7C154D1090FB6F894DEBF5D
:105BE0000FBECDBF6C01AB0130E020E060E4CE0120
:105BF00001967C010E944D2DF70101900020E9F7EC
:105C000031978F010E191F09A801B701C6010E9423
:105C1000BDE3892B11F010E000E0C801CF5BDF4F3E
:105C20000FB6F894DEBF0FBECDBFDF91CF911F91AD
:105C30000F91FF90EF90DF90CF900895EF92FF9239
:105C40000F931F93CF937C018C01C0E0C330E1F030
:105C5000F801428150E070E060E02AE030E08AE440
:105C60009AE00E94D18D6DEF7BE18AE49AE00E9478
:105C7000AE8ECF5F0F5F1F4FC43041F7CF911F91A2
:105C80000F91FF90EF900895F701458150E070E08B
:105C900060E02AE030E08AE49AE00E94D18D6BEF68
:105CA0007BE1E3CFCF93DF931F921F92CDB7DEB797
:105CB0008091330C9091340C009711F48FE39CE0A9
:105CC000BE016F5F7F4F681B790B072E000C880B9E
:105CD000990B0F900F90DF91CF9108954F925F92A3
:105CE0006F927F928F929F92AF92BF92DF92EF92CC
:105CF000FF920F931F93CF93DF93CDB7DEB76097DB
:105D00000FB6F894DEBF0FBECDBFFC0119861A8610
:105D10001B861C868A85807F8A87A081B181109727
:105D200009F4ECC08C91882309F4E8C0008111814A
:105D3000D8019C91992309F443C09D3209F4E2C033
:105D400090539A3028F00F5F1F4F11830083EECFDE
:105D5000C801D12CDC017D01E81AF90A2D91022E2F
:105D6000000C330B205331092A303105A0F35F01B9
:105D70006EE270E0C8010E9492E3FC01009709F412
:105D800048C0DC014D018E1A9F0A11968C91119723
:105D9000082E000C990BC09711960A9798F38181F1
:105DA000282F082E000C330B205331092A303105DF
:105DB00018F480330CF05BC020E030E0A90108C08B
:105DC000D12CF12CE12CD3CF29E030E040E050E0A1
:105DD000AAE0B0E00E94F2DE2B013C012281822F7A
:105DE000022E000C990BC0978A30910570F4203375
:105DF0000CF445C02A330CF046C0092E000CAA0B47
:105E0000BB0B480E591E6A1E7B1E8114910409F0BB
:105E100088C0EF2809F07BC01D861E861F86188A61
:105E200088E0FE013996DE01119601900D928A9567
:105E3000E1F729813A814B815C816D817E818F817F
:105E4000988560960FB6F894DEBF0FBECDBFDF9188
:105E5000CF911F910F91FF90EF90DF90BF90AF9087
:105E60009F908F907F906F905F904F9008958A33AE
:105E70000CF0AACF032E000C440B550BA9CF80E0E9
:105E800090E0DC01BECF89E090E0A0E0B0E0B9CFC7
:105E9000B8E0EB16F1040CF049C0C8010E9424D709
:105EA0009B01AC01A4E6B0E00E94F2DEDD2041F0EF
:105EB0007094609450944094411C511C611C711C5E
:105EC0002A85207F26602A87460E571E681E791E67
:105ED0006CE270E0F501808191810E9492E300976D
:105EE00041F4D5011D921C924D865E866F86788A9C
:105EF00097CF0196F50191838083F6CF412C512CE9
:105F00003201F2CFC8010196DD24D39423CFC8011A
:105F10000E9424D72A85207F2A602A872B013C01F2
:105F2000D7CFF3E08F1691040CF4B2CFC8010E94D2
:105F300002D72B013C018A85807F87608A87C8CF82
:105F4000CF92DF92EF92FF920F931F93CF93DF9345
:105F5000EC01A881B981109781F18C91882369F1B6
:105F600008811981F8019081992351F09D3241F007
:105F700090539A3028F00F5F1F4F19830883F0CF9A
:105F8000C8010E9424D76B017C016CE270E0C8015B
:105F90000E9492E3009769F419821882C701B60142
:105FA000DF91CF911F910F91FF90EF90DF90CF90F5
:105FB0000895019699838883F1CFC12CD12C760165
:105FC000EDCF0097B1F1FC01DB01AC01405F5F4F09
:105FD00080E090812FE9290F263098F4975592950B
:105FE000907F9C9321813FE9320F3630B0F42755E2
:105FF000922B9D933296E417F50759F791E0892784
:1060000008952FEB290F263010F49753E8CF9053C3
:106010009A3028F381E090E0E2CF3FEB320F363048
:1060200010F42753E5CF20532A3010F381E020E00D
:10603000DFCF80E008950097D1F0DC011696ED9156
:10604000FC913097A1F080858F70843021F4818598
:106050009285009771F40680F781E02D309739F032
:1060600080858F70843019F481859285089590E041
:1060700080E00895CF92DF92EF92FF920F931F93EB
:10608000CF93DF93CDB7DEB769970FB6F894DEBF35
:106090000FBECDBFE091BF07F091C007309709F464
:1060A00083C08091CC079091CD07892B09F47CC0E7
:1060B0008FEF8387148613821482158216821782CB
:1060C0001086118612866FE373E18AE49AE00E94DB
:1060D000AE8E8AE49AE00E94E08C8E010F5E1F4F24
:1060E000BE016E5E7F4F8091BF079091C0070E94F6
:1060F000552818160CF058C0A895DE0111969E017F
:106100002E5E3F4F7D01F90141919F01842F90E068
:1061100054E0959587955A95E1F7865D9D4FFC0172
:1061200080818C93E42FEF70F0E0E65DFD4F80817D
:1061300011968C9311971296A017B10721F7198A1F
:10614000B7018091CC079091CD070E94429F6C01CE
:106150006AE373E18AE49AE00E94AE8EB7018AE4B2
:106160009AE00E94578EC114D104B9F0C6010E9472
:106170001B307C01892B09F4B3CF65E373E18AE41A
:106180009AE00E94AE8EB7018AE49AE00E94578E90
:106190008AE49AE00E94E08CA3CF60E373E18AE492
:1061A0009AE00E94AE8EF4CF88EC90E069960FB62C
:1061B000F894DEBF0FBECDBFDF91CF911F910F913D
:1061C000FF90EF90DF90CF90089508950895EF929B
:1061D000FF921F93CF93DF93192F7B01C82FD92FE5
:1061E000D7FF03C0D195C195D10961E08C2F0E94E2
:1061F000E0AC82E0E816F10499F460E08C2F0E9494
:10620000B2AC63E47AE18BEF9AE00E94AE8E8BEF42
:106210009AE0DF91CF911F91FF90EF900C94E08C6A
:10622000612FEF2851F46095661F6627661F8C2F3B
:106230000E94B2AC6FE37AE1E6CF661F6627661F65
:106240008C2F0E94B2AC6AE37AE1DDCF68E17AE19B
:106250008AE49AE00E94AE8E65E07AE18AE49AE0F0
:106260000E94AE8E67EF79E18AE49AE00E94AE8EDA
:106270006FEE79E18AE49AE00E94AE8E8AE49AE0B9
:106280000E94E08C6FED79E18AE49AE00E94AE8E84
:1062900063ED79E18AE49AE00E94AE8E66EC79E1E2
:1062A0008AE49AE00E94AE8E61EB79E18AE49AE09A
:1062B0000E94AE8E62EA79E18AE49AE00E94AE8E94
:1062C0006AE979E18AE49AE00E94AE8E6FE879E1AA
:1062D0008AE49AE00E94AE8E62E879E18AE49AE06C
:1062E0000E94AE8E68E779E18AE49AE00E94AE8E61
:1062F00069E679E18AE49AE00E94AE8E61E679E18E
:106300008AE49AE00E94AE8E65E579E18AE49AE03B
:106310000E94AE8E6BE379E18AE49AE00E94AE8E31
:106320006CE179E18AE49AE00E94AE8E67E079E15F
:106330008AE49AE00E94AE8E6AEF78E18AE49AE0FD
:106340000E94AE8E6CEE78E18AE49AE00E94AE8EF6
:1063500060EE78E18AE49AE00E94AE8E68ED78E122
:106360008AE49AE00E94AE8E6DEC78E18AE49AE0CD
:106370000E94AE8E60EC78E18AE49AE00E94AE8ED4
:1063800068EB78E18AE49AE00E94AE8E6DEA78E1EB
:106390008AE49AE00E94AE8E6EE978E18AE49AE09F
:1063A0000E94AE8E65E978E18AE49AE00E94AE8EA2
:1063B00067E878E18AE49AE00E94AE8E69E778E1C6
:1063C0008AE49AE00E94AE8E6DE678E18AE49AE073
:1063D0000E94AE8E6FE578E18AE49AE00E94AE8E6C
:1063E00067E578E18AE49AE00E94AE8E64E478E1A1
:1063F0008AE49AE00E94AE8E6AE378E18AE49AE049
:106400000E94AE8E8AE49AE00C94E08C0F931F9366
:10641000CF93DF9300D000D0CDB7DEB70E942631F6
:106420006AE870E18AE49AE00E94AE8ECE0101969D
:106430000E946425CE0101960E941E2E0CE214E0FB
:106440001A8309838091B7099091B809A091B9097D
:10645000B091BA098B839C83AD83BE83CE01019634
:106460000E941E2E1A8309831B821C821D821E829B
:1064700080E591E00E9455A944E050E0BE016D5FC7
:106480007F4F81E090E00E941096CE0101960E941D
:106490001E2E1A8309831B821C821D821E8280E5A8
:1064A00091E00E9455A944E050E0BE016D5F7F4F2E
:1064B00085E090E00E941096CE0101960E941E2E6B
:1064C00060EB70E18AE49AE00E94AE8E88EC90E086
:1064D00026960FB6F894DEBF0FBECDBFDF91CF91E9
:1064E0001F910F9108958091B6078823B1F0E09134
:1064F000E706F091E806309731F086819781909316
:10650000BA078093B90763E770E18AE49AE00E94D2
:10651000AE8E8AE49AE00C94E08C0895CF92DF92DC
:10652000EF92FF920F931F93CF93DF9300D000D091
:10653000CDB7DEB780914E0781119AC08091C80710
:106540009091C90702970CF493C08091F106909145
:10655000F206009709F48CC067E774E00E94429F3E
:106560008C01009709F484C00E9462A4E82EF12CEB
:10657000E114F10409F47CC070E060E0C8010E94FD
:10658000532A6C01EA94EF2809F481C061E0C80144
:106590000E94BA9FFC0101851285CE0101960E94DE
:1065A0006425CE0101960E9458A964E670E18AE450
:1065B0009AE00E94AE8EB6018AE49AE00E94578E5D
:1065C00068E075E08AE49AE00E94578EB8018AE498
:1065D0009AE00E94C9A368E075E08AE49AE00E940C
:1065E000578E6EE779E08AE49AE00E94578E8AE43B
:1065F0009AE00E94E08C62E072E089E19BE00E94F8
:106600003A1AD0920F0BC0920E0B1093110B0093FD
:10661000100B8EE799E0892BE9F585E794E09093DC
:10662000130B8093120B8091B9079091BA070097D2
:1066300041F070E060E00E94532A9093B807809385
:10664000B7078091B7079091B807009731F1909301
:10665000150B8093140B1092170B1092160B81E000
:1066600080934E076BE470E18AE49AE00E94AE8E5C
:1066700026960FB6F894DEBF0FBECDBFDF91CF9147
:106680001F910F91FF90EF90DF90CF90089502E05F
:1066900012E083CF8EE799E0C2CF8AEC92E0892B9B
:1066A00019F485E794E0D3CF8AEC92E0D0CF0F9332
:1066B0001F93CF9366E470E18AE49AE00E94AE8E65
:1066C0000EE21AE0C0E0F80181918F01803130F4D0
:1066D0006EE774E08AE49AE00E94578EC530C9F0F4
:1066E000F8013197408150E070E060E020E130E057
:1066F0008AE49AE00E94D18D64E470E18AE49AE031
:106700000E94AE8ECF5FC630F1F6CF911F910F91F0
:1067100008954091330A50E070E060E020E130E0FD
:106720008AE49AE00E94D18D8AE49AE00E94E08C8B
:10673000E9CFEF92FF920F931F93CF93DF9300D097
:1067400000D01F92CDB7DEB77B01CE0107969F9395
:106750008F9301979F938F9301979F938F930197A7
:106760009F938F9301979F938F9301979F938F93FD
:106770008E010F5F1F4F1F930F9380E894E09F934C
:106780008F93DB0113968C9113978F9312968C91B4
:106790008F930E9452E40FB6F894DEBF0FBECDBFB8
:1067A0000697ECF467EC76E184E59AE00E94AE8E01
:1067B000D70112966D917C9184E59AE00E94578EE4
:1067C00080E991E027960FB6F894DEBF0FBECDBFEB
:1067D000DF91CF911F910F91FF90EF9008958091DD
:1067E000260A9091270A892BA9F10E94A3A0882349
:1067F00089F182E70E948EA08091260A9091270A53
:10680000DC01ED91FC910088F189E02D64E070E0FD
:1068100019958091260A9091270ADC01ED91FC914F
:106820000280F381E02D46E050E0B801199586E042
:10683000F801AEE2BAE001900D928A95E1F78091FD
:10684000260A9091270ADC01ED91FC910488F589D4
:10685000E02D19950E94573369ED76E18AE49AE0BC
:106860000E94AE8E88EC90E0ADCF0895EF92FF923B
:106870000F93CF93DF93CDB7DEB7A0970FB6F89401
:10688000DEBF0FBECDBF7C0100E020E030E340E280
:1068900050E0BE016F5F7F4F0E948F20BE016F5F8F
:1068A0007F4F8BEF9AE00E94578E65EB7EE08BEF77
:1068B0009AE00E94AE8EF70161816F708BEF9AE0D3
:1068C0000E94C2A36EEA7EE08BEF9AE00E94AE8E39
:1068D000F70162818BEF9AE00E94C2A38BEF9AE0EE
:1068E0000E94E08CA0960FB6F894DEBF0FBECDBF1D
:1068F000DF91CF910F91FF90EF900895CF93DF93A9
:1069000000D000D01F921F92CDB7DEB7FC0162838A
:1069100098E0DE01119601900D929A95E1F7298198
:106920003A814B815C816D817E818F81988528962B
:106930000FB6F894DEBF0FBECDBFDF91CF910895A3
:10694000CF93DF9300D000D01F921F92CDB7DEB758
:10695000FC01608398E0DE01119601900D929A95FA
:10696000E1F729813A814B815C816D817E818F8144
:10697000988528960FB6F894DEBF0FBECDBFDF9185
:10698000CF9108952F923F924F925F926F927F9294
:106990008F92AF92BF92CF92DF92EF92FF920F93BE
:1069A0001F93CF93DF93CDB7DEB7C457D1090FB68E
:1069B000F894DEBF0FBECDBF3C01AE960FAFAE97D1
:1069C000AF961FAFAF97E0962FAFE097E1963FAF3E
:1069D000E197E2964FAFE297E3965FAFE397E496D5
:1069E0006FAFE497E5967FAFE59723961FAE1EAE97
:1069F0002397FE01ED5BFF4F82E1DF011D928A9537
:106A0000E9F77296119211928EE0DF011D928A953C
:106A1000E9F764E974E08BEF9AE00E94578EB501C4
:106A20008BEF9AE00E94578E67EB74E08BEF9AE051
:106A30000E94578ECE0183599F4F0E943634D4FE58
:106A40002CC0AE96EFADAE97E83108F06BC1F0E028
:106A50008827E25DFA4C8F4F0C943CDF9836463520
:106A60008F36923692368F36463592369236923639
:106A70009236923692369236463546359236923670
:106A800092364635463546354635983668E37CE0DD
:106A9000CE018B5A9F4F0E947BD70E94609F882314
:106AA00009F41DC18091C307811119C1A114B1045A
:106AB00009F05FC030E020E043E050E060E4CE0148
:106AC00001960E944D2DD3011296ED91FC916081AB
:106AD00071814FE350E0CE0101960E94ADE3D5FEF7
:106AE0002AC1AE968FADAE97823009F424C18530AD
:106AF00009F421C1AF968FADAF978F709FE0980FCB
:106B00009F70923018F0883009F015C101E020E044
:106B100030E244E150E0BE016F5B7F4FCE0183590C
:106B20009F4F0E948F20482DBE016F5B7F4FCE018B
:106B300001960E9452AF6EE07CE08BEF9AE00E94DB
:106B4000AE8EBE016F5F7F4F8BEF9AE00E94578E33
:106B50006BE07CE08BEF9AE00E94AE8EBE016F5B33
:106B60007F4F8BEF9AE00E94578E8BEF9AE00E9446
:106B7000E08CAF968FADAF978F701601270122245E
:106B80003324B0E14B225524882311F0D5FC06C0F4
:106B9000211431044104510409F40DC130E020E016
:106BA00043E050E060E4CE0101960E944D2DD301F8
:106BB0001296ED91FC91608171814FE350E0CE011E
:106BC00001960E94ADE3A114B10469F063E774E09B
:106BD000CE0101960E9487E34FE350E0B501CE015C
:106BE00001960E94ADE363E774E0CE0101960E9436
:106BF00087E34FE350E060ED7BE021143104410472
:106C0000510479F4E0968FADE0974FE350E06BECE0
:106C10007BE0833031F06FED7BE0873011F066EC84
:106C20007BE0CE0101960E948BD7AF968FADAF97D8
:106C30008F708450823008F0A5C067E1CE0183597F
:106C40009F4F0E94A034A6962FAFA697A7963FAF5E
:106C5000A797A8964FAFA897A9965FAFA997AA96AE
:106C60006FAFAA97AB967FAFAB97AC968FAFAC9751
:106C7000AD969FAFAD9700E020E030E344E150E0F7
:106C8000BE016F5B7F4FCE0183599F4F0E948F20C3
:106C900066EB7BE08BEF9AE00E94AE8EBE016F5FE9
:106CA0007F4F8BEF9AE00E94578E63EB7BE08BEF78
:106CB0009AE00E94AE8EBE016F5B7F4F8BEF9AE031
:106CC0000E94578E8BEF9AE00E94E08C0E94609F9A
:106CD000882329F08091C307882309F45DC0B70198
:106CE000A601C3010E94CF1B90E080E0CC58DF4F8B
:106CF0000FB6F894DEBF0FBECDBFDF91CF911F91CD
:106D00000F91FF90EF90DF90CF90BF90AF908F905A
:106D10007F906F905F904F903F902F90089562E426
:106D20007CE0B6CE64E17CE08BEF9AE00E94AE8E10
:106D3000E894D4F8B2CED4FE1CCF66968FAD669799
:106D4000882309F416CF482DBE016B5A7F4FCE0120
:106D500001960E9452AF65E07CE08BEF9AE00E94C2
:106D6000AE8EBE016F5F7F4F8BEF9AE00E94578E11
:106D700062E07CE08BEF9AE00E94AE8EBE016B5A1F
:106D80007F4FEFCE20E030E323282428252811F47C
:106D900020E030E200E072CF482DBE016F5B7F4FF4
:106DA000CE0101960E9452AF40E050E260E070E0F8
:106DB000C3010E94A61BD4FE9EC0A114B10409F019
:106DC0002FC1AE96EFADAE97E150E63120F5F0E081
:106DD0008827E251F94C8F4F0C943CDF08380B3771
:106DE0000B370B370B3708380B370B370B370B3795
:106DF0000B370B370B370D3805380B370B370B3785
:106E00000437FC37FF3702386CEE7CE0CE018B5A3A
:106E10009F4F0E947BD730E020E043E050E060E4E9
:106E2000CE0101960E944D2DD3011296ED91FC9159
:106E3000608171814FE350E0CE0101960E94ADE385
:106E4000A114B10469F063E774E0CE0101960E94D9
:106E500087E34FE350E0B501CE0101960E94ADE318
:106E600063E774E0CE0101960E9487E3E0968FAD60
:106E7000E0974FE350E06FED7BE0873011F061EC7D
:106E80007BE0CE0101960E948BD76DEA7BE08BEF11
:106E90009AE00E94AE8EBE016F5F7F4F8BEF9AE04B
:106EA0000E94578E6AEA7BE08BEF9AE00E94AE8EDA
:106EB000BE016B5A7F4F8BEF9AE00E94578E8BEF8B
:106EC0009AE00E94E08C0E94609F882309F407CF1B
:106ED0008091C307811103CF482DBE016B5A7F4FAC
:106EE000CE0101960E9452AF40E050E160E070E0B8
:106EF000C3010E94A61BD6FE7CC040E056E060E0C5
:106F000070E0C3010E94F81B672B682B692B09F402
:106F100094C060EB7CE0CE018B5A9F4F0E947BD7E0
:106F200030E020E043E050E060E4CE0101960E94B2
:106F30004D2DD3011296ED91FC91608171814FE34B
:106F400050E0CE0101960E94ADE3A114B10469F0B6
:106F500063E774E0CE0101960E9487E34FE350E0BF
:106F6000B501CE0101960E94ADE363E774E0CE0166
:106F700001960E9487E34FE350E069EE7BE0CE018B
:106F800001960E948BD764EA7BE08BEF9AE00E9427
:106F9000AE8EBE016F5F7F4F8BEF9AE00E94578EDF
:106FA00061EA7BE08BEF9AE00E94AE8EBE016B5AE5
:106FB0007F4F8BEF9AE00E94578E8BEF9AE00E94F2
:106FC000E08C0E94609F882309F489CE8091C307DA
:106FD000811185CE482DBE016B5A7F4FCE0101969F
:106FE0000E9452AF40E050E460E070E0C3010E94B4
:106FF000A61B81E090E07ACE66EF7CE007CF60E0F0
:107000007DE004CF6AE07DE001CF64EC7CE0FECE61
:10701000F3018285853009F0FECE6AEB7CE0F6CE86
:1070200000E0960140E150E0BE016B5A7F4FCE0177
:1070300083599F4F0E948F20EECE40E051E060E0E8
:1070400070E0C3010E94F81B672B682B692B19F0B5
:107050006CE97CE060CF62E97CE05DCFDC011196F9
:10706000EC911197EF70E150EB3008F039C0F0E08F
:107070008827E25CF74C8F4F0C943CDF6138613815
:107080007038493849385238693869386938493868
:10709000493814966D917D918D919C9117970E941E
:1070A0006EDD089514966D917D918D919C91179749
:1070B00024E630E040E050E00E94D3DECA01B9018E
:1070C000EECF14966C9170E090E080E00E946CDD51
:1070D000089514966D917D918D919C9117970895C7
:1070E00060E070E0CB010895DC011196EC911197FE
:1070F000EF70E150EB3008F037C0F0E08827EC5734
:10710000F74C8F4F0C943CDF96389638B4388F3854
:107110008F38A5389C389C389C388F388F38149617
:107120006D917D918D919C911797089514966C9116
:1071300070E090E080E0089514966D917D918D91BE
:107140009C9117970E9439E0089514966D917D9156
:107150008D919C91179724E630E040E050E00E942A
:10716000D3DECA01B901089560E070E0CB01089553
:107170008F929F92AF92BF92CF92DF92EF920F9336
:107180001F93CF93DF9300D000D01F921F92CDB7F3
:10719000DEB709831A832B833C834D835E836F8321
:1071A0007887DC0112962D913C9121153105A1F4CF
:1071B00090E080E028960FB6F894DEBF0FBECDBFFA
:1071C000DF91CF911F910F91EF90DF90CF90BF9003
:1071D000AF909F908F9008958C01C9010E9462A486
:1071E000C82ED12CB6E0CB16D104ACF40E94169573
:1071F000FC01892B19F08085807F808780858F70C6
:107200008087BF01F801828193810E9444A4FFEF2F
:10721000CF1ADF0AE7CF65E0D80112968D919C91D5
:107220000E94BA9F6C01892B19F28981803108F084
:10723000BFCFCE0101960E947438161617061806A5
:10724000190644F4F6018085982F9D7039F18F70EE
:10725000873021F1D60118968C9118978F70189667
:107260008C9367E078E08BEF9AE00E94AE8ED801B5
:107270001296ED91FC91608171818BEF9AE00E94F2
:10728000578E6DEF77E08BEF9AE00E94AE8E8BEF1A
:107290009AE00E94E08C81E090E08CCF0E9484AE66
:1072A0004B015C01CE0101960E947438860E971E38
:1072B000A81EB91EF60181869286A386B48682E056
:1072C000E11087E099819295907F892BD6011896DD
:1072D0008C9360EF77E08BEF9AE00E94AE8ED8013E
:1072E0001296ED91FC91608171818BEF9AE00E9482
:1072F000578E6AEE77E08BEF9AE00E94AE8ECE0159
:1073000001960E947438AB01BC012AE030E08BEF9B
:107310009AE00E94D18D66EE77E0B5CFAF92BF9232
:10732000CF92EF92FF920F931F93CF93DF93CDB73E
:10733000DEB7C856D1090FB6F894DEBF0FBECDBF79
:10734000A2960FAFA297A3961FAFA397A4962FAFB5
:10735000A497A5963FAFA597A6964FAFA697A796D9
:107360005FAFA797A8966FAFA897A9967FAFA99789
:10737000970148E0FE01EF59FF4FDE01A75ABF4FCA
:1073800001900D924A95E1F7A296EFADA297E150D8
:10739000ED3008F0F7C0EC2C5C01F0E08827EC52EF
:1073A000F64C8F4F0C943CDF4B3A553AB53AC03A05
:1073B000AB3AE139423AC23AC23A5E3A703A973A47
:1073C000833A2130310531F4C5010E94921B0097A8
:1073D00009F447C067E0CE01875A9F4F0E94A0344E
:1073E00062ED77E08BEF9AE00E94AE8E6A966FAD09
:1073F0006A978BEF9AE00E94C2A367EC77E08BEF6D
:107400009AE00E94AE8ECE01875A9F4F0E94743838
:10741000AB01BC012AE030E08BEF9AE00E94D18DF5
:107420008BEF9AE00E94E08C6A960FAD6A976B969C
:107430001FAD6B976C962FAD6C976D963FAD6D97AA
:107440006E964FAD6E976F965FAD6F97A0966FADCE
:10745000A097A1967FADA197C5010E94B83881E0A1
:1074600090E0C859DF4F0FB6F894DEBF0FBECDBF16
:10747000DF91CF911F910F91FF90EF90CF90BF9030
:10748000AF900895232B29F4C5010E94921B009709
:1074900041F366E0A0CF2130310529F4C5010E94F7
:1074A000921B0097F1F262E096CF232B29F4C501DD
:1074B0000E94921B0097A9F261E08DCF40E051E05D
:1074C00060E070E0C5010E94F81B672B682B692BF8
:1074D00029F4C5010E94921B009719F26BE07BCF43
:1074E00040E051E060E070E0C5010E94F81B672BAE
:1074F000682B692B31F0C5010E94921B009709F49B
:10750000B0CF6AE068CF40E056E060E070E0C501CF
:107510000E94F81B611576408105910531F4C50183
:107520000E94921B009709F49CCF6CE054CF40E07E
:1075300056E060E070E0C5010E94F81B61157640DE
:107540008105910531F0C5010E94921B009709F455
:1075500088CF6DE040CF232B31F4C5010E94921BF0
:10756000009709F47ECF63E036CF2130310531F446
:10757000C5010E94921B009709F473CF65E02BCFE1
:1075800064E029CF90E080E06CCFCF93DF93EC01F3
:107590006115710539F48F8181708F8381E0DF91EE
:1075A000CF9108958981982F9F7029F180E09430C0
:1075B000B0F79B01770F440B550B2959310941094D
:1075C0005109A4E6B0E00E94F2DE2BE531E040E094
:1075D00050E00E94D3DE37FF02C030E020E02536C5
:1075E000310514F024E630E02F5F220F8F81817087
:1075F000282B2F83D3CF807F82608983DACF2F928D
:107600003F924F925F926F927F928F929F92AF9232
:10761000BF92CF92DF92EF92FF920F931F93CF937F
:10762000DF93CDB7DEB766970FB6F894DEBF0FBE17
:10763000CDBF6C0109871A872B873C874D875E87F2
:107640006F87788B22E1E216F10480F5F701ED5D9A
:10765000FC4F8081898BCE0109960E94E51697FD2B
:1076600004C0BC01C6010E94C53A8B85D6011296A2
:107670008C93129789858C931196EC911197EF70EA
:10768000EC3008F06CC0F0E08827E65BF44C8F4FDC
:107690000C943CDF9C3C733B733BE13C583B653DA9
:1076A000AF3CEA3CEA3CEA3CAF3CAF3C198AD3CF62
:1076B00010E09A859F709D3008F002C4E92FF0E039
:1076C0008827EA59F44C8F4F0C943CDFAF3B9C3D2C
:1076D000BC3D9C3D673D673D9C3D9C3D603F603FA0
:1076E0009C3D9C3D773C9A859F709D3008F00FC172
:1076F000E92FF0E08827E058F44C8F4F0C943CDFE2
:10770000AF3B553C483CA53B903B8D3B2C3C573C0C
:10771000873C873C163C163C773C8889F60187837A
:107720008F85D60116968C9316978E8515968C9319
:1077300015978D8514968C93149711968C911197AB
:10774000807F892B11968C930AC08F859889F601CA
:107750008683878190FB80F987838E858583F9896D
:10776000FF2309F460C0D60111968C918F702F2FE2
:1077700030E08217130609F456C06FE07EE08BEF0D
:107780009AE00E94AE8EF60161816F708BEF9AE0F5
:107790000E94C2A36CE07EE08BEF9AE00E94AE8E66
:1077A00069898BEF9AE00E94C2A36AE07EE08BEFCA
:1077B0009AE00E94AE8ED6010C9119821A821B8229
:1077C0001C821D821E821F82188689898F709A8171
:1077D000907F892B8A830983EE24EA94FE2C1196EC
:1077E0001C91119712962C91129713963C91139716
:1077F00014964C91149715965C91159716966C916A
:10780000169717967C91CE0101960E94FF3AF601D9
:107810002083318342835383648375838683978374
:10782000C6010E94363488E0F6015FC18D859E85D1
:10783000AF85B889B7FD0EC08F3F9105A105B10591
:1078400029F024F08FEF90E0A0E0B0E0D60114968C
:107850008C9385CF80E0FACF6D857E858F85988962
:1078600020E06D39BFEF7B078B079B076CF02FEF94
:107870006115E4E67E078105910534F424E630E0E5
:1078800040E050E00E94D3DED60114962C9367CFDF
:107890008F859889F6018683878190FB80F987839D
:1078A0008E8585838D8584835ACF8D85CFCF8D84BA
:1078B0009E84AF84B88820E030E0A901C501B401FE
:1078C0000E9467DD60E087FD0FC020E030E04FE7F9
:1078D00053E4C501B4010E946FE06FEF181624F065
:1078E000C501B4010E9440E0F601648338CFD6019F
:1078F00011968C911197807F8C6011968C931197C3
:107900008D859E8515969C938E93149728CF6CE950
:107910007EE08BEF9AE00E94AE8E6A856F708BEFEF
:107920009AE00E94C2A369E97EE08BEF9AE00E9490
:10793000AE8EF6016181BFC09A859F7011968C91C1
:107940001197807F892B11968C938D859E85AF85AD
:10795000B889F60184839583A683B78300CF9A857F
:107960009F70933081F09C3011F24D855E856F855C
:107970007889F60144835583668377838181807F8C
:10798000892B8183ECCEC6010E94C99FD601149633
:107990008C9314978F85988916968C9316971796C3
:1079A0008C91179790FB80F917968C9317978E857B
:1079B00015968C93159711968C911197807F826004
:1079C000C1CECE0109960E94C99FD60114968C9310
:1079D0001497F1CF9A859F709D3008F057C0E92F1A
:1079E000F0E08827E950F34C8F4F0C943CDFAF3B1D
:1079F000113D3E3DC33C3E3D3E3D043D303D303DAE
:107A0000303D1F3D2B3D773C8D859E85AF85B889E8
:107A1000F60184839583A683B7838181807F866006
:107A2000B0CF6D8570E090E080E00E946CDDD60103
:107A300014966D937D938D939C93179790CE6D853F
:107A40007E858F8598890E946EDDF601648375833B
:107A50008683978384CE6D857E858F859889E5CFD3
:107A6000F6018181807F982B91838D859E85AF85DE
:107A7000B88984839583A683B78371CE11968C9140
:107A80001197807F982B11969C935FCF67E87EE0DB
:107A90008BEF9AE00E94AE8E6A856F708BEF9AE052
:107AA0000E94C2A364E87EE08BEF9AE00E94AE8E53
:107AB000D60111966C916F708BEF9AE00E94C2A371
:107AC0008BEF9AE00E94E08C4ACE11E0F2CD4D851A
:107AD0005E856F857889F601448355836683778355
:107AE0008181807F982B918388E0DE01119601903F
:107AF0000D928A95E1F729813A814B815C816D81F4
:107B00007E818F81988566960FB6F894DEBF0FBE92
:107B1000CDBFDF91CF911F910F91FF90EF90DF903C
:107B2000CF90BF90AF909F908F907F906F905F901D
:107B30004F903F902F900895963009F4BFC048F4BD
:107B40006D85913071F06FEF70E0933051F060E02F
:107B500008C0973009F4BEC09A506D857E8592307A
:107B6000B0F784E68F8788898E7F888B1E868A850A
:107B7000807F82608A876D872E8530E0AFEFB0E02E
:107B80000E9405DF812C912C54018A946115F4E642
:107B90007F078105910544F424E630E040E050E0A1
:107BA0000E94D3DE49015A01112309F473C02D85C7
:107BB0002A8B022F10E028882694822D8150990B61
:107BC0001C019FEF2916390609F0A4C0A0E88A1607
:107BD00091040CF086C08FE790E088199909809F86
:107BE000D001819FB00D909FB00D11242FEF30E098
:107BF0000E9453DF21E83EE740E050E00E94D3DEE0
:107C0000F6012783ABE9B0E0A50194010E94F2DE02
:107C10002FE7422E512C612C712CA30192010E945E
:107C2000D3DE2C593F4F4F4F5F4F7901AEEFB1E09C
:107C3000A50194010E94F2DEA30192010E94D3DE0D
:107C4000D8010E94F2DE2FEF30E040E050E00E94C9
:107C5000D3DE89012F3F310519F014F00FEF10E04A
:107C600067E77EE08BEF9AE00E94AE8EB7018BEF64
:107C70009AE00E94C9A369E67EE08BEF9AE00E9439
:107C8000AE8EB8018BEF9AE00E94C9A38BEF9AE009
:107C90000E94E08C67E37EE08BEF9AE00E94AE8E5C
:107CA0008BEF9AE00E94E08C60E37EE08BEF9AE03D
:107CB0000E94AE8EC6010E94363451CD6D857E8500
:107CC0008F85988924E630E040E050E00E94D3DEC2
:107CD000B90147CF6D857E858F8598890E9439E0EF
:107CE00040CFA50194012058310941095109ABE960
:107CF000B0E00E94F2DE2FE730E040E050E00E946A
:107D0000D3DE2C593F4F4F4F5F4F7901D601179665
:107D10001C92A6CF9101AAEBBFEF0E944BDF24E695
:107D200030E040E050E00E94D3DE29013A01B4E6A1
:107D30004B0E511C611C711C26E430E0D1010E94E5
:107D400053DF24E630E040E050E00E94D3DEDA0169
:107D5000C9014E96A11DB11D8B8B9C8BAD8BBE8B2B
:107D600090E8891691040CF090C08FE790E0881994
:107D70009909809FD001819FB00D909FB00D112473
:107D80002B893C894D895E890E94FDDE9B01AC01F7
:107D9000AFEFB0E00E94F2DE24E63AE640E050E0C9
:107DA0000E94D3DED60117962C93A5019401240DD1
:107DB000351D461D571DAEEFB1E00E94F2DE23EEE9
:107DC00030E040E050E00E94D3DE79018A011901E1
:107DD000AFEFB0E0A50194010E94F2DE2FE730E0A2
:107DE00040E050E00E94D3DE5901EA89AE2FB0E0B6
:107DF000A80197010E94F2DE2FEF30E040E050E052
:107E00000E94D3DE89012F3F310519F014F00FEFE6
:107E100010E063E67EE08BEF9AE00E94AE8E2AE0EF
:107E200030E0B301A2018BEF9AE00E94D18D6DE5A5
:107E30007EE08BEF9AE00E94AE8E2AE030E04B8924
:107E40005C896D897E898BEF9AE00E94D18D65E512
:107E50007EE08BEF9AE00E94AE8EB5018BEF9AE048
:107E60000E94C9A36DE47EE08BEF9AE00E94AE8E83
:107E7000B8018BEF9AE00E94C9A364E47EE08BEF27
:107E80009AE00E94AE8EB101FDCEA501940120586A
:107E9000310941095109ABE9B0E00E94F2DE2FE758
:107EA00030E040E050E00E94D3DE2C593F4F4F4F6E
:107EB0005F4F5901D60117961C92312C212CA9CF66
:107EC0006EE17EE08BEF9AE00E94AE8E6A856F7065
:107ED0008BEF9AE00E94C2A36BE17EE026CDFC010D
:107EE0009181892F8F7021F0823029F080E00895F0
:107EF000907F926091839B0177FF02C030E020E089
:107F00002E3681E0380714F02DE631E02683878194
:107F100030FB80F9878381E008950F931F93CF93FF
:107F2000DF93EC01088119816FE270E0C8010E94C3
:107F3000DAE3009749F0FC011192CF01DF91CF9174
:107F40001F910F910C94A01DC8010E94A01D0097C5
:107F500011F019821882DF91CF911F910F9108952E
:107F6000DC011296ED91FC91309729F090859F707D
:107F700081E0953009F080E00895CF92DF92FF9282
:107F80000F931F93CF93DF93F12C6115710509F4C3
:107F90008FC06A01EB018C01CB010E94B03FF82E2B
:107FA000882309F485C0D6FE0EC0D8018C918B3091
:107FB00009F452C008F043C040E051E060E070E0D6
:107FC0008A3009F452C0D4FE0BC0F80160816A30D7
:107FD00020F06E3028F0693119F0CE010E941C1C8F
:107FE000D5FE66C0D80114964D915D916D917C913E
:107FF000179711968C918F70873030F08930C8F1C7
:108000008A50823008F45DC0CE010E940617EE81CE
:10801000FF81309709F44CC080858F709EEF980FD8
:10802000923010F0811144C0D80111968C91982F94
:108030009295907F80858F70892B808739C08C3096
:1080400081F040E056E060E070E08D3009F0BBCF99
:10805000CE010E94CF1BB7CF40E051E060E070E05E
:10806000F7CF40E056E060E070E0CE010E94A61B32
:10807000AACFEE81FF813097D9F080858F709EEF77
:10808000980F923010F0811113C041875287638797
:108090007487EE81FF818085807F83608087EE8199
:1080A000FF818085982F907F8F708067903629F2AE
:1080B0008F2DDF91CF911F910F91FF90DF90CF9087
:1080C0000895CE010E940617F3CF8F929F92AF9230
:1080D000BF92CF92DF92FF920F931F93CF93DF93C4
:1080E000EC018A819B810E9462A4082F10E0043079
:1080F00011059CF40E941695FC01892B19F08085CE
:10810000807F808780858F708087BF018A819B8177
:108110000E9444A40F5F1F4FEACFEA81FB810681D2
:1081200017810115110531F0D80112968D919C919E
:108130009D838C83EC81FD81309721F08281938136
:108140009F838E83EE81FF81309749F00280F38117
:10815000E02D309721F082819381998788870115DE
:10816000110541F0F80180858F70843059F128F4B1
:10817000823071F0FF24FA940CC0853001F1863012
:10818000C9F761EA74E0C8010E94429F8C01E7CF01
:10819000F184FA86CE010E94B03F811138C010E010
:1081A00000E01C870B87DF91CF911F910F91FF900B
:1081B000DF90CF90BF90AF909F908F9008950681F1
:1081C0001781CDCFC184D284C114D10499F2F601B4
:1081D0008081882379F292E3892E9DE0992EB12C3B
:1081E000A12CFA2CC4010E9482D7AC01B401C601B3
:1081F0000E949BD7892BB9F1FFEFAF1ABF0A89E024
:10820000880E911CA8E1AA16B10459F7B3CFCE018C
:108210000E9426A48C010097B1F0FC018281938119
:10822000892B39F08F2D0E9426A58C01892B09F40A
:10823000B6CFD801ED91FC910684F785E02DBE0103
:10824000C8011995AECF8F2D0E9426A58C01892BD0
:1082500009F4A5CFEA85F0E0EE0FFF1FE65CF44FCE
:1082600011830083E6CFC6010E9464938A2D90E0BB
:10827000B0E0A0E0F80181879287A387B48780856A
:10828000807F8260808785CFAF92BF92CF92DF924E
:10829000EF92FF920F931F93CF93DF93CDB7DEB78B
:1082A00065970FB6F894DEBF0FBECDBF8C017B0182
:1082B0005A01FC0151834083148613861586168E5D
:1082C000158E672B09F479C0452B09F476C06FE24F
:1082D00070E0C7010E9492E36C01892B09F465C02C
:1082E000F701DE01119690E080E0BD01219122238B
:1082F00041F02F3231F08431910519F02D93019620
:10830000F5CF860F971FFC011082C5010E94429F86
:10831000F80193838283FFEFCF1ADF0AD601F801B9
:108320003D9630E020E0CF01BD014D91442349F05E
:108330004F3239F02F30310521F041932F5F3F4FFD
:10834000F3CFF801E20FF31F1586FB0140814F3296
:1083500019F52F5F3F4FC601820F931F0E94A01D8A
:10836000F801968F858FC8010E94B03F882319F0CD
:10837000C8010E94654065960FB6F894DEBF0FBE37
:10838000CDBFDF91CF911F910F91FF90EF90DF90C4
:10839000CF90BF90AF9008950E94A01DF801968FD6
:1083A000858F892B01F31586DECFB701C5010E94A9
:1083B000429FF80193838283D6CFF8011382128201
:1083C000D2CFCF92DF92EF92FF920F931F93CF9372
:1083D000DF93EC016A017B0188859985892BF1F493
:1083E0008A819B810E9462A4082F10E0053011054C
:1083F000ACF40E941695FC01892B19F08085807FD2
:10840000808780858F708087F987E887BF018A81A0
:108410009B810E9444A40F5F1F4FE8CFE885F98538
:10842000309781F08085982F9F7051F4807F826013
:108430008087E885F985C186D286E386F48602C006
:108440009230B9F3DF91CF911F910F91FF90EF9090
:10845000DF90CF900895FC0180859185009799F079
:10846000FC0120852F70223029F461857285838577
:1084700094850895253039F460E00E94BA9F0097F2
:1084800011F0FC01F2CF60E070E0CB010895CF92D3
:10849000EF92FF920F931F93CF93DF9300D000D002
:1084A0001F921F92CDB7DEB77C0109831A832B83FD
:1084B0003C834D835E836F83788762E97AE18BEF3B
:1084C0009AE00E94AE8ECE0101960E9436348981D8
:1084D00081112BC00B81013081F128F010E00230B6
:1084E000E9F5CC20F9F0CE0101960E94C99FF70171
:1084F00002811381892B81F0C8010E942B42672BD6
:10850000682B692B79F44FEF5FEFBA0180E00E948E
:10851000CA2AAB01BC0103C040E050E0BA01C80167
:108520000E94E14181E090E02AC08031B0F58E30B8
:10853000B8F58130A9F18230B9F165E87AE18BEFC5
:108540009AE00E94AE8E69818BEF9AE00E94C2A3EE
:108550008BEF9AE00E94E08C01E010E065E77AE1A1
:108560008BEF9AE00E94AE8EB8018BEF9AE00E94EA
:10857000C9A38BEF9AE00E94E08C90E080E02896FF
:108580000FB6F894DEBF0FBECDBFDF91CF911F9124
:108590000F91FF90EF90CF9008958351843068F64B
:1085A000F70102811381A8CF40E050E0BA01F70142
:1085B00082819381B5CF63E0FC01828193810E9427
:1085C000BA9F009719F0FC01818508958FEF0895F7
:1085D000FF920F931F93CF93DF93CDB7DEB7C455B0
:1085E000D1090FB6F894DEBF0FBECDBF8C01F62EB9
:1085F000DC0116966C91FF2011F081E06827F801EC
:1086000084810E94B2ACF80187819085A185B285F2
:10861000883E9340A105B10508F49BC064E07BE16E
:108620008BEF9AE00E94AE8E6FEF7AE18BEF9AE0CB
:108630000E94AE8ED80114966D917C918BEF9AE0DA
:108640000E94C9A36AEF7AE18BEF9AE00E94AE8E96
:108650006F2D70E08BEF9AE00E94C9A38BEF9AE038
:108660000E94E08CFE01E55BFF4F8FE290E081937A
:10867000919388E0DF011D928A95E9F763EF7AE133
:10868000CE01855B9F4F0E9467D7F801828193815D
:108690000E94DB42FF2009F469C06BEE7AE185316C
:1086A00051F064EE7AE1863131F068ED7AE18F3095
:1086B00011F460EE7AE1CE018F5B9F4F0E947BD771
:1086C0008091C8079091C907059709F442C0D80165
:1086D0001296ED91FC910280F381E02D00811181D1
:1086E00001151105B1F140E450E0B801CE01019649
:1086F0000E94CBE36FE270E0CE0101960E9492E30C
:10870000892B41F4980143E050E060E4CE010196EA
:108710000E944D2D4FE350E0BE01655B7F4FCE01BF
:1087200001960E94ADE30E94609F882391F08091A2
:10873000C8079091C907069761F48091C30781111A
:1087400008C041E0BE016F5B7F4FCE0101960E94E1
:1087500052AFCC5ADF4F0FB6F894DEBF0FBECDBF7D
:10876000DF91CF911F910F91FF90089564ED7AE111
:10877000823009F4A0CF6FEC7AE19DCFAF92BF9227
:10878000CF92EF92FF920F931F93CF93DF9300D07E
:1087900000D01F921F92CDB7DEB75C0109831A8308
:1087A0002B833C834D835E836F83788769E47BE111
:1087B0008BEF9AE00E94AE8ECE0101960E94363475
:1087C000E114F10439F062E47BE1C7010E9472D741
:1087D000009749F1F501028113810115110509F195
:1087E0008981811161C08B81813009F465C068F194
:1087F000823049F1082F10E06FE17BE18BEF9AE0C6
:108800000E94AE8E6FE07BE18BEF9AE00E94AE8E0D
:10881000B8018BEF9AE00E94C9A38BEF9AE00E9407
:10882000E08C90E080E028960FB6F894DEBF0FBE93
:10883000CDBFDF91CF911F910F91FF90EF90CF901F
:10884000BF90AF900895CC20D1F0CE0101960E9448
:10885000C99F892B09F44DC0C8010E942B42672B88
:10886000682B692BF1F44FEF5FEFBA0180E00E94B3
:10887000CA2AAB01BC01C8010E94E14112C0C80173
:108880000E94DB428E3019F048F4813051F4CE0161
:1088900001960E94C99F892B21F0DECF835184303D
:1088A000B0F381E090E0BFCF8031F0F48E30A0F6DD
:1088B000813091F28230E9F067E37BE18BEF9AE05F
:1088C0000E94AE8E6AE27BE18BEF9AE00E94AE8E50
:1088D00069818BEF9AE00E94C2A38BEF9AE00E941D
:1088E000E08C01E010E088CF8351843008F4B4CFED
:1088F000E3CF40E050E0BA01C8010E94E14160E0EE
:10890000C5010E94E842CDCFDC01ED91FC910484C9
:10891000F585E02D62E0199581E090E00895CF9211
:10892000DF92EF92FF920F931F93CF93DF93611526
:10893000710509F454C06A017B01EC01CB010E946E
:10894000B03F082F882351F1D70116968D919C9145
:108950000097C9F1FC011085212F2F703EEF320FD7
:10896000323010F0211124C012951F70D4FE04C0C3
:10897000C7010E94DB428883112339F18981807FFE
:10898000182B1983D7011696ED91FC91818592855C
:10899000A385B4858C839D83AE83BF83802FDF91B5
:1089A000CF911F910F91FF90EF90DF90CF9008959E
:1089B000253049F460E00E94BA9F009721F0DC0165
:1089C00018961C91D1CF10E0D1CFD7011696ED911A
:1089D000FC9180858F70823021F0833079F000E047
:1089E000DDCF41855285638574858981807F8A606A
:1089F00089834C835D836E837F83D0CF418552858D
:108A0000638574858981807F876089834C835D83DA
:108A10006E837F83C3CF6F927F928F92AF92BF920C
:108A2000CF92DF92EF92FF920F931F93CF93DF933A
:108A300000D000D01F921F92CDB7DEB73C016A0173
:108A40007B01590140FF03C0E894C0F8D3F8D3FC80
:108A50000DC00E94522E663971058105910530F0D6
:108A60008091C8079091C907059729F5B701A6011C
:108A70004427507766277727C3010E94CF1B60E900
:108A80007BE08BEF9AE00E94AE8E8FEF9FEF2896EF
:108A90000FB6F894DEBF0FBECDBFDF91CF911F910F
:108AA0000F91FF90EF90DF90CF90BF90AF908F909D
:108AB0007F906F90089519821A821B821C821D82FA
:108AC0001E821F8218868A81807F8A8340E050E35D
:108AD000B301CE0101960E948F4440E050E760E070
:108AE00070E0C3010E94F81BC62AD72AE82AF92A97
:108AF0008824839409811A812B813C814D815E8178
:108B00006F817885C3010E94C234C1CF8F929F923A
:108B1000AF92BF92CF92DF92EF92FF920F931F938B
:108B2000CF93DF9300D000D01F921F92CDB7DEB756
:108B30006D7F6130710509F4B7C0FC01E280F380FC
:108B4000E114F10409F4B0C08C01C7010E942B426A
:108B50004B015C0161E070E0C7010E94FE1F8114BF
:108B60009104A104B10409F49FC020E030E04AE779
:108B700054E40E94CDDD0E9440E06B017C01C114F1
:108B8000D104E104F10409F48FC00E9484AE681995
:108B900079098A099B096C157D058E059F0508F4E6
:108BA00083C0F801A280B38070E060E0C5010E943C
:108BB000FE1F20E030E048EC52E40E94CDDD0E9430
:108BC00040E06B017C014FEF5FEFBA0180E00E9453
:108BD000CA2AAB01BC01C5010E94E14119821A8277
:108BE0001B821C821D821E821F8218868A81807FC2
:108BF0008A83F8016281738140E050E3CE010196DF
:108C00000E948F44CE0101960E949A164B015C018E
:108C100066EA74E08BEF9AE00E94578EB501A401DA
:108C20008BEF9AE00E94BFA365EB74E08BEF9AE0B4
:108C30000E94578EB701A6018BEF9AE00E94BFA356
:108C40008BEF9AE00E94E08CC80CD91CEA1CFB1C3C
:108C50008A81807F86608A83CD82DE82EF82F88679
:108C6000F8016281738140E050E2CE0101960E94DA
:108C7000BD3F69EB74E08BEF9AE00E94578EB7011D
:108C8000A6018BEF9AE00E94BFA38BEF9AE00E94AF
:108C9000E08C30E020E040E050E260E070E0F8017D
:108CA000828193810E940B4590E080E028960FB668
:108CB000F894DEBF0FBECDBFDF91CF911F910F9112
:108CC000FF90EF90DF90CF90BF90AF909F908F90EC
:108CD00008950F931F93CF93DF9300D000D01F927E
:108CE0001F92CDB7DEB78C0119821A821B821C82BB
:108CF0001D821E821F8218868A81807F8A836EEC85
:108D000074E08BEF9AE00E94578EF8010281138184
:108D1000C8010E94DB42813041F020F0823011F026
:108D2000853081F490E080E002C081E090E02896F8
:108D30000FB6F894DEBF0FBECDBFDF91CF911F916C
:108D40000F91089540E050E2B801CE0101960E94D3
:108D50008F44CE0101960E94C99FE9CF0F931F93C4
:108D6000CF93DF93DC011B960D911C91011511052A
:108D700019F1EC010E9426A40097F1F0D801ED91C1
:108D8000FC91DC0112968D919C91C817D90759F47A
:108D90000684F785E02D70E060E0C801DF91CF9197
:108DA0001F910F9119940280F381E02DC801DF918A
:108DB000CF911F910F911994DF91CF911F910F9136
:108DC00008958F929F92AF92BF92CF92DF92EF92CF
:108DD000FF920F931F93CF93DF93CDB7DEB7CF559D
:108DE000D1090FB6F894DEBF0FBECDBF8C016B0169
:108DF0006115710519F04115510579F562E470E1CD
:108E00008BEF9AE00E94AE8E69E370E18BEF9AE0FF
:108E10000E94AE8EB8018BEF9AE00E94578E67E3F6
:108E200070E18BEF9AE00E94AE8E8BEF9AE00E9489
:108E3000E08CC15ADF4F0FB6F894DEBF0FBECDBF36
:108E4000DF91CF911F910F91FF90EF90DF90CF9026
:108E5000BF90AF909F908F900895460F571FDA01F3
:108E60001C920E94522E4B0161E370E18BEF9AE05D
:108E70000E94AE8EB4018BEF9AE00E94C9A36EE20D
:108E800070E18BEF9AE00E94AE8EB8018BEF9AE012
:108E90000E94578E6BE270E18BEF9AE00E94AE8EDB
:108EA000BAE38B16B1E09B064CF46EE170E184E509
:108EB0009AE00E94AE8E84E59AE0B9CF6CE170E151
:108EC0008BEF9AE00E94AE8EB6018BEF9AE00E9483
:108ED000578E6AE170E18BEF9AE00E94AE8E8BEFC5
:108EE0009AE00E94E08C1A821982FE0133968EE38A
:108EF000DF011D928A95E9F78091C8079091C90713
:108F0000059791F563E070E0C8010E94E12D7C01B6
:108F1000892BD1F5E091CD09F091CE09808180FFB8
:108F200088CF61E070E0C8010E94E12D892B09F42F
:108F300080CF64E270E0C8010E94DAE3892B09F077
:108F400078CF6CEF7FE08BEF9AE00E94AE8EB80195
:108F50008BEF9AE00E94578E8BEF9AE00E94E08C94
:108F6000C8010E941CAB65CF61E070E0C8010E949F
:108F7000E12D7C01892B09F465C04FE350E0B80175
:108F8000CE0101960E94CBE3A12CBB24B394E00E4A
:108F9000F11E63EF7FE0C7010E9472D7892B09F4AD
:108FA0005EC064E270E0C8010E94DAE3892B09F038
:108FB00040CFB11003C0AA2009F43BCF4091CA07AB
:108FC0005091CB07B701CE018F5B9F4F0E94444168
:108FD000CE018F5B9F4F0E94B03F182F882359F01E
:108FE000B601CE018F5B9F4F0E948CA611E0181630
:108FF00019060CF010E0CE018F5B9F4F0E94AE4629
:10900000112309F416CF8981882309F412CF8091A6
:10901000C8079091C907059709F40BCF65ED7FE06C
:109020008BEF9AE00E94AE8EBE016F5F7F4F8BEF99
:109030009AE00E94578E8BEF9AE00E94E08CCE015E
:1090400001968FCF62E070E0C8010E94E12D7C01A3
:10905000892B09F4EECEAA24A394B12C98CFF60163
:1090600001900020E9F73197EC19FD09329708F4D7
:1090700098CFC8010E941CABB11003C0AA2009F40C
:10908000D8CEC6010E94AD92D4CECF93DF93EC012F
:10909000598348837B836A831C861B861D861E8EAC
:1090A0001D8E0E94B03F882329F0CE01DF91CF9121
:1090B0000C946540DF91CF9108952F923F924F928B
:1090C0005F926F927F928F929F92AF92BF92CF9258
:1090D000DF92EF92FF920F931F93CF93DF93CDB761
:1090E000DEB7A4970FB6F894DEBF0FBECDBFFC016C
:1090F0006115710509F4D0C0DB0118969C919F7031
:10910000953009F0C9C0EBA20AA319013A01F9A3ED
:10911000E8A3FB01468057808091C4078F5F80934E
:10912000C407FE2DF160FCA34114510409F4AFC043
:10913000D20118968C918F70843049F018F08730E6
:1091400008F491C0D20112964D905C90EDCFF201DF
:1091500061857285A8A1B9A18D919C910E94429FC1
:109160004C01009779F3FC0180858F70853051F7B1
:109170004091CA075091CB07B401CE0101960E94DD
:1091800045486114710419F1CE0101960E94B03F67
:109190008823E9F0AAA0CCA07101D3010C9111960B
:1091A0001C91119712962C91129713963C9113973C
:1091B00014964C91149715965C91159716966C9190
:1091C000169717967C91CE0101960E948D4B8B8548
:1091D0008730A9F561E0C4010E94BA9FEBA00AA103
:1091E0009101A301BC0188A199A10E945D4861146D
:1091F0007104A1F5882391F18091C4078150809377
:10920000C407CE0101960E94AE4681E0A4960FB637
:10921000F894DEBF0FBECDBFDF91CF911F910F91AC
:10922000FF90EF90DF90CF90BF90AF909F908F9086
:109230007F906F905F904F903F902F9008956114B2
:10924000710461F4CE0101960E94B03F882331F091
:10925000CE0101960E944E49892B71F6CE010196EE
:109260000E94AE466FCF912C812CB12CA12CD12C19
:10927000C12CF301E080F1800281138124813581CA
:10928000468157816FEFC2010E94925D5BCF809152
:10929000C40781508093C40780E0B8CFCF92DF929B
:1092A000EF92FF920F931F93CF93DF9300D000D0E4
:1092B0001F921F92CDB7DEB76C0119821A821B82F2
:1092C0001C821D821E821F8218868A81807F8A836B
:1092D00062E47BE08BEF9AE00E94AE8ED60112969C
:1092E000ED91FC91608171818BEF9AE00E94578E25
:1092F00060E47BE08BEF9AE00E94AE8EC6010E9494
:10930000B03F81111CC067E37BE08BEF9AE00E94C5
:10931000AE8E8BEF9AE00E94E08C0FEF1FEFC8013A
:1093200028960FB6F894DEBF0FBECDBFDF91CF9168
:109330001F910F91FF90EF90DF90CF900895C6019D
:109340000E94DB42F82EF60183859485009791F008
:10935000DC01ED91FC910288F389E02D19958C01D7
:1093600097FD08C081E00115110509F480E00E9415
:10937000811CD5CFF6018285873009F431C0EFEF2B
:10938000EF0DE63108F02CC0F0E08827E553F64BEE
:109390008F4F0C943CDFE149EA49F049F049EA4932
:1093A000E149F049F049F049F049F049F049F04904
:1093B000E149F049F049F049F049E149E149E14921
:1093C000E14968E17BE08BEF9AE00E94AE8E01E01C
:1093D00010E0A5CF80E00E94811C10E000E09FCF4C
:1093E00040E050E2B601CE0101960E948F44D601C2
:1093F0001A968C911A97873071F160F4833009F4D2
:1094000056C0843061F068E27BE08BEF9AE00E9406
:10941000AE8EE3CF883009F44AC08930A1F7CE017F
:1094200001960E94C99F8C016DE17BE08BEF9AE071
:109430000E94AE8EB8018BEF9AE00E94C9A38BEF19
:109440009AE00E94E08C91E080E0012B09F490E02A
:10945000092F182F64CF1496ED91FC9180858F70A1
:1094600010E000E0853001F765E37BE08BEF9AE0E8
:109470000E94AE8EF60164817581E12C00E030E03F
:1094800020E050E040E0C6010E945D48F82E082F21
:1094900010E062E37BE08BEF9AE00E94AE8E8F2DAE
:1094A0000E94811C8BEF9AE00E94E08C38CFCE01A5
:1094B00001960E9474388B01B7CF4F925F926F92E2
:1094C0007F928F929F92AF92BF92CF92DF92FF9244
:1094D0000F931F93CF93DF9300D000D01F921F9262
:1094E000CDB7DEB76130710509F481C0FC0162813E
:1094F00073816115710509F47AC08C0119821A8291
:109500001B821C821D821E821F8218868A81807F98
:109510008A8340E050E2CE0101960E948F44CE0142
:1095200001960E94C99F6C01F801828193810E947B
:109530002B422B013C01F801278130854185528562
:10954000D6010E94FDDE2FEF30E040E050E00E94A7
:10955000B1DE49015A010E9484AEFF24F3948114C4
:109560009104A104B10461F0641975098609970991
:10957000FF24F394681579058A059B0508F4F12CFE
:10958000411451046104710491F1F80187809084C1
:10959000A184B2840E9484AEF80181149104A104D4
:1095A000B10451F0641975098609970968157905A0
:1095B0008A059B0508F449C0A280B3804FEF5FEF96
:1095C000BA0180E00E94CA2AAB01BC01C5010E9419
:1095D000E141CD2861F0F80184810E943815F8013D
:1095E0009681891304C061E0C8010E94E84290E0BE
:1095F00080E028960FB6F894DEBF0FBECDBFDF9196
:10960000CF911F910F91FF90DF90CF90BF90AF90BF
:109610009F908F907F906F905F904F900895FF2064
:10962000D9F060E0C8010E94E842F801828193818C
:109630000E944E49892BD9F640E050E0BA01F8016A
:10964000828193810E94E141D2CF84810E943815AA
:10965000F80196818913E3CFCD2849F2F80184817E
:109660000E943815F80196818913C1CFF110BFCF40
:10967000BACFCF93DF93EC0167EA7AE18BEF9AE000
:109680000E94AE8E62EA7AE18BEF9AE00E94AE8E83
:109690006C817D818BEF9AE00E94C9A36CE97AE12D
:1096A0008BEF9AE00E94AE8E8BEF9AE00E94E08CE6
:1096B00061E08C810E94E0AC6E818C810E94B2AC32
:1096C0008A819B81009729F040E050E0BA010E9416
:1096D000E141E881F9810484F585E02D62E0CE0165
:1096E00019958A819B81009799F00E944E4918161E
:1096F000190674F40A80DB81C02D4FEF5FEFBA01C9
:1097000080E00E94CA2AAB01BC01CE010E94E14167
:1097100081E090E0DF91CF9108952F923F924F9298
:109720005F926F927F928F929F92AF92BF92CF92F1
:10973000DF92EF92FF920F931F93CF93DF93CDB7FA
:10974000DEB7C95DD1090FB6F894DEBF0FBECDBF3D
:109750001C01C754DF4F0883C95BD040C654DF4F9C
:109760001883CA5BD040C554DF4F2883CB5BD04001
:10977000C454DF4F3883CC5BD040C354DF4F4883A1
:10978000CD5BD040C254DF4F5883CE5BD040C15434
:10979000DF4F6883CF5BD040C054DF4F7883C05C1D
:1097A000D040CF53DF4FF982E882C15CD040CD5228
:1097B000DF4FC882C35DD040C053DF4FA882C05D79
:1097C000D0400E94522E6B01CC52DF4F79836883C8
:1097D000C45DD040683C71059CF46FEF7AE084E58D
:1097E0009AE00E94AE8EB60184E59AE00E94C9A379
:1097F00084E59AE00E94E08C2FEF3FEF0C948E56A8
:109800000E9484AECA52DF4F688379838A839B8328
:10981000C65DD040C554DF4F8881CB5BD040A82FB8
:10982000B0E0C553DF4FB983A883CB5CD040E09153
:10983000C807F091C907CF52DF4FF983E883C15DB4
:10984000D040CF53DF4FE881F981C15CD0403097E1
:1098500021F0808181110C94325BD1011D968C9195
:10986000882341F0C1010D96CF53DF4F9983888340
:10987000C15CD040C553DF4FE881F981CB5CD0405B
:10988000EF2B11F00C948E5BCF53DF4FE881F98101
:10989000C15CD040309711F00C943B5BD1015D96D8
:1098A0000D90BC91A02DC553DF4FB983A883CB5C2D
:1098B000D040AB2B11F40C948E5BC554DF4F8881E4
:1098C000CB5BD04081110C948E5BC553DF4F688118
:1098D000CB5CD040CE0187549F4F0E947E34CF5541
:1098E000DF4F2883C15AD040CE55DF4F3883C25A4C
:1098F000D040CD55DF4F4883C35AD040CC55DF4FC1
:109900005883C45AD040CB55DF4F6883C55AD040E6
:10991000CA55DF4F7883C65AD040C955DF4F888378
:10992000C75AD040C855DF4F9883C85AD0400C94CE
:109930008E5BD10112968D919C91892B09F45CCF9D
:10994000C553DF4FE881F981CB5CD0403197A1F45A
:10995000C654DF4F8881CA5BD0408F70F1E0C1539D
:10996000DF4FF883CF5CD040811128C0C153DF4F57
:109970001882CF5CD04022C0C553DF4F08811981C7
:10998000CB5CD040012B09F044C0C754DF4F888125
:10999000C95BD040882309F44EC08850823008F457
:1099A0004AC0C153DF4F1882CF5CD04081E090E0C5
:1099B000C553DF4F99838883CB5CD040C754DF4FBA
:1099C0001881C95BD040112309F45DC040E052E02A
:1099D00060E070E0C1010E94F81B672B682B692BC7
:1099E00009F451C01C3009F44EC06CEB7AE084E5F8
:1099F0009AE00E94AE8E84E59AE00E94E08CAAEF85
:109A0000BFEFC953DF4FB983A883C75CD0400C9424
:109A1000E75BC553DF4F28813981CB5CD0402430D0
:109A2000310509F4A3CF2930310509F49FCF233044
:109A3000310509F469C0C654DF4F8881CA5BD04044
:109A40008F7009F461C040E054E060E070E0C10153
:109A50000E94F81B672B682B692B09F455C067EA35
:109A60007AE084E59AE00E94AE8E84E59AE00E9456
:109A7000E08CEAEFFFEFC953DF4FF983E883C75C5F
:109A8000D0400C94E75BC553DF4F08811981CB5C54
:109A9000D04004301105E9F5C053DF4FE880C05DC8
:109AA000D040C754DF4F0881C95BD040C654DF4F58
:109AB0001881CA5BD040C554DF4F2881CB5BD040B2
:109AC000C454DF4F3881CC5BD040C354DF4F488152
:109AD000CD5BD040C254DF4F5881CE5BD040C154E3
:109AE000DF4F6881CF5BD040C054DF4F7881C05CCE
:109AF000D040C1010E94B838C953DF4F9983888391
:109B0000C75CD0400C94E75BC153DF4F1882CF5C39
:109B1000D040CD52DF4F1881C35DD040133091F457
:109B2000D1011A968C91873069F469E87AE08BEF5D
:109B30009AE00E94AE8E8BEF9AE00E94E08CE9EFF3
:109B4000FFEF99CF88E0FE01E754FF4FDE01AF54ED
:109B5000BF4F01900D928A95E1F7E114F10409F4E9
:109B600051C068E37CE0C7010E9472D7892B09F4D9
:109B700050C062E47CE0C7010E9472D7892B09F4CF
:109B800051C060E67CE0C7010E9472D7892B09F4BE
:109B900052C06AE67CE0C7010E9472D7892B09F4A3
:109BA00053C066EF7CE0C7010E9472D7892B09F48D
:109BB00054C060E07DE0C7010E9472D7892B09F490
:109BC0006CC06AEB7CE0C7010E9472D7892B09F454
:109BD00067C064EC7CE0C7010E9472D7892B09F44E
:109BE00062C06AE07DE0C7010E9472D7892B09F448
:109BF0005DC06CEE7CE0C7010E9472D703E110E00B
:109C0000892B69F1C353DF4F19821882CD5CD04094
:109C10002CC021E030E0C353DF4F39832883CD5C73
:109C2000D04023C082E090E0C353DF4F9983888304
:109C3000CD5CD0401AC0A5E0B0E0C353DF4FB9837C
:109C4000A883CD5CD04011C0E6E0F0E0C353DF4F05
:109C5000F983E883CD5CD04008C004E110E0C35331
:109C6000DF4F19830883CD5CD040C754DF4F188184
:109C7000C95BD040143009F42BC3D8F4112309F484
:109C80007FC0412C512C32010FEF1FEFC953DF4F22
:109C900019830883C75CD040B5C325E130E0BBCF52
:109CA0008EE090E0C1CFAFE0B0E0C7CFE6E1F0E0FA
:109CB000CDCF88EF810F823020F788E0FE01E75496
:109CC000FF4FDE01119601900D928A95E1F7C6547F
:109CD000DF4F8881CA5BD0408F7009F4AAC3CE01E0
:109CE00087549F4F0E949A166B017C01C114D104C6
:109CF000E104F10409F49DC3193041F4F094E094B7
:109D0000D094C094C11CD11CE11CF11CB101CE0146
:109D100087549F4F0E9494A460E0CE0187549F4FC8
:109D20000E94A034A2962FAFA297A3963FAFA3970D
:109D3000A4964FAFA497A5965FAFA597A6966FAFD1
:109D4000A697A7967FAFA797A8968FAFA897A99633
:109D50009FAFA997C553DF4FA881B981CB5CD04095
:109D6000AA30B10509F442C50CF069C3109709F493
:109D700004C4129709F4C0C3412C512C320194C57C
:109D800019821A821B821C821D821E821F821886E3
:109D90008A81807F8A83C654DF4F8881CA5BD04026
:109DA0008F7009F489C2C553DF4F08811981CB5CDC
:109DB000D0400A30110509F432C25CF401151105D6
:109DC00079F10230110509F4C3C0412C512C320144
:109DD0001DC2C553DF4F28813981CB5CD0402B3069
:109DE000310509F4B5C12C30310579F7B101CE0147
:109DF00001960E9494A4CE0187549F4F0E94E516BD
:109E0000BC01CE0101960E94C53A88E0FE01319660
:109E1000DE01A754BF4F01900D928A95E1F7F1C181
:109E2000EF2859F064E77AE08BEF9AE00E94AE8E5B
:109E30008BEF9AE00E94E08CC8CFC1010E944E498E
:109E40001816190614F00C941C5BCE0187549F4F12
:109E50000E947438672B682B692B09F06FC162E090
:109E6000CE0187549F4F0E94A034C756DF4F2883EE
:109E7000C959D040C656DF4F3883CA59D040C5565D
:109E8000DF4F4883CB59D040C456DF4F5883CC595D
:109E9000D040C356DF4F6883CD59D040C256DF4F04
:109EA0007883CE59D040C156DF4F8883CF59D040F8
:109EB000C056DF4F9883C05AD0404424439430E1C9
:109EC000532E612C712C31E0CD53DF4F3883C35CAE
:109ED000D040AA24A39446C061E0CE0187549F4F8E
:109EE0000E94A034CF56DF4F2883C159D040CE56B0
:109EF000DF4F3883C259D040CD56DF4F4883C35916
:109F0000D040CC56DF4F5883C459D040CB56DF4F9A
:109F10006883C559D040CA56DF4F7883C659D040B0
:109F2000C956DF4F8883C759D040C856DF4F988342
:109F3000C859D0404424439420E1522E612C712C06
:109F400081E0CD53DF4F8883C35CD040A12C0AC091
:109F5000412C512C3201CD53DF4F1882C35CD040CD
:109F6000AA24AA94B101CE0101960E9494A48A81E8
:109F70009CE0980F9F70923058F4C654DF4F988140
:109F8000CA5BD0409F70923019F4807F82608A83D0
:109F9000D1011A969C91973069F4C654DF4F88819D
:109FA000CA5BD0408F708250843020F48A81807FD9
:109FB00082608A83F101A385B485892F90E0109790
:109FC00041F0ED91FC911197008CF18DE02DCD01C8
:109FD00019957C01C754DF4F0881C95BD040C65436
:109FE000DF4F1881CA5BD040C554DF4F2881CB5B5F
:109FF000D040C454DF4F3881CC5BD040C354DF4FD6
:10A000004881CD5BD040C254DF4F5881CE5BD040F9
:10A01000C154DF4F6881CF5BD040C054DF4F78819F
:10A02000C05CD040CE0101960E94FF3AC757DF4F77
:10A030002883C958D040C657DF4F3883CA58D0400C
:10A04000C557DF4F4883CB58D040C457DF4F5883A4
:10A05000CC58D040C357DF4F6883CD58D040C2574B
:10A06000DF4F7883CE58D040C157DF4F8883CF5819
:10A07000D040C057DF4F9883C059D040CE010196E1
:10A080000E943634CD53DF4FF881C35CD040FF23AC
:10A0900041F1C654DF4F8881CA5BD0408F709FE08A
:10A0A000980F9F70923020F08A5F8F708230C8F4D2
:10A0B0008A818F7081508230A0F42D8130E0AFEF23
:10A0C000B0E00E9405DF2FEF611504E670078105FF
:10A0D000910534F424E630E040E050E00E94D3DE05
:10A0E0002D8388E0FE013196DE01A754BF4F019019
:10A0F0000D928A95E1F718E2512AB12C2FEF3FEF2C
:10A10000C953DF4F39832883C75CD040D1011A96E9
:10A110008C911A97873009F0A0C5CC52DF4FE881A7
:10A12000F981C45DD040EE35F1400CF03DC464E2ED
:10A130007AE084E59AE00E94AE8E5ACB412C512CF5
:10A14000320191E0CD53DF4F9883C35CD040C1CE44
:10A15000B101CE0101960E9494A4C254DF4F9881B0
:10A16000CE5BD0408A81282F2F7041F0223049F0F9
:10A17000412C512C3201BB24B39449C0807F8260B2
:10A180008A83892F90E08536910514F084E690E06B
:10A190008E8388E0FE013196DE01A754BF4F019007
:10A1A0000D928A95E1F762E0CE0187549F4F0E949D
:10A1B0007E34CF57DF4F2883C158D040CE57DF4F72
:10A1C0003883C258D040CD57DF4F4883C358D04062
:10A1D000CC57DF4F5883C458D040CB57DF4F6883EC
:10A1E000C558D040CA57DF4F7883C658D040C957AA
:10A1F000DF4F8883C758D040C857DF4F9883C8586F
:10A20000D040412C98E2592E612C712CB12CCD53A9
:10A21000DF4F1882C35CD040AA24AA946FCFB1014B
:10A22000CE0101960E9494A4C154DF4F6881CF5B98
:10A23000D040C054DF4F7881C05CD0407170CE01F7
:10A2400001960E946F3FCD53DF4F8883C35CD0409F
:10A25000412C512C3201BB24B3948823E9F288E0CD
:10A26000FE013196DE01A754BF4F01900D928A95F1
:10A27000E1F762E0CE0187549F4F0E947E34EA9658
:10A280002FAFEA97EB963FAFEB97EC964FAFEC977B
:10A29000ED965FAFED97EE966FAFEE97EF967FAFCF
:10A2A000EF97C158DF4F8883CF57D040C058DF4F5A
:10A2B0009883C058D040A5CF412C512C32018FEF4C
:10A2C0009FEFC953DF4F99838883C75CD0409AC002
:10A2D000C553DF4FA881B981CB5CD040199709F4F1
:10A2E00071C0C1010E944E4918161906B4F562E00A
:10A2F000CE0187549F4F0E94A034E2962FAFE29781
:10A30000E3963FAFE397E4964FAFE497E5965FAFF0
:10A31000E597E6966FAFE697E7967FAFE797E89603
:10A320008FAFE897E9969FAFE9974424439480E183
:10A33000582E612C712CEFEFFFEFC953DF4FF983DB
:10A34000E883C75CD040B12CF1E0CD53DF4FF883F8
:10A35000C35CD040AA24A394D9CE61E0CE01875437
:10A360009F4F0E94A034AA962FAFAA97AB963FAFFB
:10A37000AB97AC964FAFAC97AD965FAFAD97AE963F
:10A380006FAFAE97AF967FAFAF97E0968FAFE09786
:10A39000E1969FAFE1974424439400E1502E612C55
:10A3A000712C0FEF1FEFC953DF4F19830883C75C70
:10A3B000D040B12C11E0CD53DF4F1883C35CD040A7
:10A3C000A12CA4CE40E051E060E070E0C1010E9409
:10A3D000F81B672B682B692BE1F040E051E060E04F
:10A3E00070E0C1010E94A61B4424439410E4512E46
:10A3F000612C712C21E030E0C953DF4F3983288371
:10A40000C75CD040B12CCD53DF4F1882C35CD04025
:10A41000EAC140E051E060E070E0C1010E94CF1B62
:10A4200044244394B0E45B2E612C712C81E090E0D5
:10A4300048CFA5E0CA2ED12CE12CF12C5DCCC55320
:10A44000DF4FE881F981CB5CD040EB30F10509F4B6
:10A450004CC23C9709F090CCC654DF4F8881CA5B50
:10A46000D0408F70823009F092C2C701B60124E655
:10A4700030E040E050E00E94D3DEC054DF4F8881DE
:10A48000C05CD040869590E0280F391F1216130645
:10A4900014F021E030E02536310514F024E630E0F8
:10A4A000220FC054DF4F8881C05CD0408170282BC0
:10A4B000C054DF4F2883C05CD04062E0CE01875497
:10A4C0009F4F0E947E342A962FAF2A972B963FAF3C
:10A4D0002B972C964FAF2C972D965FAF2D972E96DE
:10A4E0006FAF2E972F967FAF2F9760968FAF6097A5
:10A4F00061969FAF6197D3C1CD53DF4F1882C35C84
:10A50000D040D1011B968D919C911C97009709F02A
:10A510003BC01A968C9190E0E0E58E2E912CA12CF8
:10A52000B12C8530910549F0812C912C5401449730
:10A5300021F0812C912C54018A943E01B9EB6B0ED1
:10A54000711CD3011196EC911197EF70E150EB3033
:10A5500008F034C1F0E023018827EE54FD4A8F4F04
:10A560000C943CDFCC52CC52DE53DE53DE53AF535F
:10A5700071537153715300530053F1E0CD53DF4FCA
:10A58000F883C35CD040BDCFDC01ED91FC91008C21
:10A59000F18DE02D1995C0CFF3011481C701B601EB
:10A5A00024E630E040E050E00E94D3DEDA01C90149
:10A5B000810F911DA11DB11DB7FF03C080E090E088
:10A5C000DC018F3F9105A105B10529F024F08FEF43
:10A5D00090E0A0E0B0E0C354DF4F8883CD5BD04073
:10A5E00063EE74E08BEF9AE00E94578EC2010E94E6
:10A5F0003634412C78E2572E612C712CB12CEBC0F3
:10A6000014960D911D912D913C911797C953DF4FD1
:10A61000088319832A833B83C75CD040B4E6CB16FA
:10A62000D104E104F10484F5A4E6B0E0A9019801A5
:10A630000E94F2DEC60ED71EE81EF91E8114910498
:10A64000A104B104B9F0A50194010E94F2DE362FF5
:10A65000272FB701A60177FF03C040E050E0BA0101
:10A66000C32ED22E7C014C155D056E057F0514F4BA
:10A670006A017B01F301C482D582E682F78281817F
:10A68000807F86608183ACCFC701B60124E630E0CD
:10A6900040E050E00E94D3DEC953DF4F88819981AA
:10A6A000AA81BB81C75CD040280F391F4A1F5B1F9E
:10A6B00081149104A104B10461F057FF03C020E0AC
:10A6C00030E0A90182169306A406B50614F4A5018C
:10A6D0009401D20114962D933D934D935C9317975B
:10A6E0007FCFF30164817581868197810E9439E073
:10A6F000C953DF4F688379838A839B83C75CD040CB
:10A70000C701B60124E630E040E050E00E94D3DE0D
:10A71000C953DF4F688179818A819B81C75CD040B2
:10A72000620F731F841F951F81149104A104B1044B
:10A7300061F097FF03C060E070E0CB0186169706DA
:10A74000A806B90614F4C501B4010E946EDDD30158
:10A7500014966D937D938D939C93179741CFF3013E
:10A7600084819581A681B781C80ED91EEA1EFB1E81
:10A7700081149104A104B104C9F0A4E6B0E0A501DC
:10A7800094010E94F2DE362F272FB701A60177FF32
:10A7900003C040E050E0BA01C32ED22E7C014C151C
:10A7A0005D056E057F0514F46A017B01D3011496E3
:10A7B000CD92DD92ED92FC92179712CF88E0FE01C8
:10A7C0003196D30101900D928A95E1F7412C512CDD
:10A7D0003201BB24B394EFEFFFEFC953DF4FF9838E
:10A7E000E883C75CD040AA24AA9490CCC654DF4F1B
:10A7F0008881CA5BD0408F70823009F057C0C70192
:10A80000B60124E630E040E050E00E94D3DEC154BF
:10A81000DF4F8881CF5BD040C054DF4F6881C05C80
:10A82000D040962F9170280F391F2E36B1E03B078C
:10A830002CF437FF05C02DE631E002C030E020E007
:10A84000C154DF4F2883CF5BD040C054DF4F888195
:10A85000C05CD04030FB80F9C054DF4F8883C05CBF
:10A86000D04062E0CE0187549F4F0E947E346A96AA
:10A870002FAF6A976B963FAF6B976C964FAF6C9705
:10A880006D965FAF6D976E966FAF6E976F967FAF59
:10A890006F97A0968FAFA097A1969FAFA197412CDD
:10A8A00068E2562E612C712CB12C19C088E0FE0193
:10A8B0003196DE01A754BF4F01900D928A95E1F7C2
:10A8C00068E67AE084E59AE00E94AE8E84E59AE03C
:10A8D0000E94E08C412C512C3201BB24B394CD5307
:10A8E000DF4F1882C35CD04076CFC654DF4F8881DB
:10A8F000CA5BD0408F708230E9F5C701B60124E60B
:10A9000030E040E050E00E94D3DEC254DF4F888147
:10A91000CE5BD04090E0280F391F37FF02C030E0F7
:10A9200020E02536310514F024E630E0C254DF4F34
:10A930002883CE5BD04062E0CE0187549F4F0E94B7
:10A940007E3462962FAF629763963FAF63976496AB
:10A950004FAF649765965FAF659766966FAF6697E2
:10A9600067967FAF679768968FAF689769969FAF36
:10A97000699795CF88E0FE013196DE01A754BF4F5D
:10A9800001900D928A95E1F76CE57AE09BCF88E023
:10A99000FE013196DE01A754BF4F01900D928A95BA
:10A9A000E1F760E57AE08ECFCD52DF4F3881C35DAD
:10A9B000D04030FD77C01496ED91FC9180858F706A
:10A9C000853009F06FC0CF52DF4FE881F981C15D5A
:10A9D000D040359709F466C0C553DF4F088119810F
:10A9E000CB5CD0400130110509F0B6C7C754DF4F2A
:10A9F0008881C95BD0408A50823008F008C76CE07B
:10AA00007AE08BEF9AE00E94AE8ED1011296ED9122
:10AA1000FC91608171818BEF9AE00E94578E8BEFE1
:10AA20009AE00E94E08CC754DF4F8881C95BD04018
:10AA30008A3071F08B30C1F030E020E040E050E42B
:10AA400060E070E0C1010E940B4501E010E0B9C672
:10AA500040E051E060E070E0C1010E94A61B6AE0A6
:10AA6000C1010E941C1CE8CFC053DF4FB881C05DFC
:10AA7000D040B1110EC063EF79E084E59AE00E9406
:10AA8000AE8E84E59AE00E94E08CEBEFFFEF0C9431
:10AA90003B4D40E051E060E070E0C1010E94CF1BFF
:10AAA0006BE0DECF10E0C353DF4F28813981CD5CEE
:10AAB000D040232B09F441C7CF53DF4F19821882AE
:10AAC000C15CD0403AC7863009F454C7873009F0DA
:10AAD00041C7C1010E94DB42082F863009F062C0E5
:10AAE00067EC79E08BEF9AE00E94AE8E66E070E052
:10AAF0008BEF9AE00E94C9A38BEF9AE00E94E08C52
:10AB000062E0CE0187549F4F0E94A03429AF3AAF34
:10AB10004BAF5CAF6DAF7EAF8FAF21969FAF2197EC
:10AB20003DC0C1010E94DB42853021F083E090E00E
:10AB30000C947C4D6EED79E08BEF9AE00E94AE8E26
:10AB400065E070E08BEF9AE00E94C9A38BEF9AE07A
:10AB50000E94E08CB101CE0187549F4F0E9494A4C3
:10AB600061E0CE0187549F4F0E94A03422962FAF00
:10AB7000229723963FAF239724964FAF249725968D
:10AB80005FAF259726966FAF269727967FAF2797BB
:10AB900028968FAF289729969FAF2997689440F8F9
:10ABA00054F8D8C669EA79E08BEF9AE00E94AE8E3D
:10ABB000602F70E08BEF9AE00E94C9A38BEF9AE0C0
:10ABC0000E94E08CA3E0B0E00C94014DAA2009F4AF
:10ABD000E7C66FE879E08BEF9AE00E94AE8EE3E083
:10ABE000F0E00C943B4D6AE779E08BEF9AE00E942D
:10ABF000AE8E03E010E0E5C52FEFA2120DC0C1013B
:10AC00000E944E49181619064CF06DE579E08BEF5D
:10AC10009AE00E94AE8E8ACFAA20B9F362E0CE01FC
:10AC200087549F4F0E94A03429A73AA74BA75CA73F
:10AC30006DA77EA78FA798AB689440F854F835E0CD
:10AC4000932EC7C640E050E2B101CE0187549F4F1A
:10AC50000E948F448111DCC6DDC6BFEFAB1265C018
:10AC6000C1010E944E49AA24A394181619060CF497
:10AC70005FC0A12C6FE479E08BEF9AE00E94AE8E6A
:10AC8000EA2C0A2C000CFF08B7018BEF9AE00E9417
:10AC9000C9A368E479E08BEF9AE00E94AE8ECD53B1
:10ACA000DF4FF881C35CD0406F2F70E08BEF9AE0EC
:10ACB0000E94C9A38BEF9AE00E94E08CCF53DF4F34
:10ACC00088809980C15CD04081149104F1F1C10168
:10ACD0000E94DB42C82ED12CC114D10409F46701B3
:10ACE000C353DF4F08811981CD5CD0400115110598
:10ACF00009F453C0C016D10611F16CE279E08BEF74
:10AD00009AE00E94AE8EB6018BEF9AE00E94C9A332
:10AD10008BEF9AE00E94E08C2DEF3FEFC953DF4F9D
:10AD200039832883C75CD04052C5AA2009F4A2CF3A
:10AD3000E1E0CD53DF4FE883C35CD0409BCFCF53DE
:10AD4000DF4F19821882C15CD040C754DF4F988012
:10AD5000C95BD040B6E1B91508F4E5C1E92DF0E0D2
:10AD60008827EA54F94A8F4F0C943CDF1057495812
:10AD70003A584C5710571B58DD57945710571057D7
:10AD80008F588F58AE58AE586B586B58935893588D
:10AD900093586B586B586B586B58D1011B968D911B
:10ADA0009C91009709F4D1CFDC01ED91FC910088D2
:10ADB000F189E02DC053DF4FA880C05DD040CD5356
:10ADC000DF4FC880C35CD0407401C754DF4F088197
:10ADD000C95BD040C654DF4F1881CA5BD040C55410
:10ADE000DF4F2881CB5BD040C454DF4F3881CC5B30
:10ADF000D040C354DF4F4881CD5BD040C254DF4FB9
:10AE00005881CE5BD040C154DF4F6881CF5BD040CA
:10AE1000C054DF4F7881C05CD04019950C947C4DB4
:10AE2000912CC153DF4F2881CF5CD040222309F4FD
:10AE300004C6C053DF4FC880C05DD040CF54DF4F41
:10AE40000881C15BD040CE54DF4F1881C25BD04037
:10AE5000CD54DF4F2881C35BD040CC54DF4F3881C5
:10AE6000C45BD040CB54DF4F4881C55BD040CA544F
:10AE7000DF4F5881C65BD040C954DF4F6881C75B44
:10AE8000D040C854DF4F7881C85BD040C1010E94D8
:10AE90008E39E89455F8D1C5C1010E94DB42853056
:10AEA00009F044CE67E179E08BEF9AE00E94AE8E24
:10AEB00065E070E08BEF9AE00E94C9A38BEF9AE007
:10AEC0000E94E08CB101CE0187549F4F0E9494A450
:10AED000F10182858530C9F46EE0CE0187549F4F21
:10AEE0000E94A03429A33AA34BA35CA36DA37EA325
:10AEF0008FA398A7689440F854F8912CF1E0CD53B3
:10AF0000DF4FF883C35CD0408CCF61E0CE01875423
:10AF10009F4F0E94A034298F3A8F4B8F5C8F6D8F8B
:10AF20007E8F8F8F98A3E6CFC1010E94DB42182F3E
:10AF3000863081F560E079E08BEF9AE00E94AE8E7A
:10AF400066E070E08BEF9AE00E94C9A38BEF9AE075
:10AF50000E94E08C62E0CE0187549F4F0E94A03493
:10AF6000298B3A8B4B8B5C8B6D8B7E8B8F8B988F69
:10AF700040E050E068E070E0C1010E94A61B6894C8
:10AF800040F854F8912C01E0CD53DF4F0883C35CA7
:10AF9000D04047CF62EE78E08BEF9AE00E94AE8E11
:10AFA000612F70E08BEF9AE00E94C9A38BEF9AE0CB
:10AFB0000E94E08C23E030E0B1CE40E051E060E060
:10AFC00070E0C1010E94F81B672B682B692B61F5AB
:10AFD000A11027C0B101CE0187549F4F0E9494A4B5
:10AFE00061E0CE0187549F4F0E94A03429873A87A1
:10AFF0004B875C876D877E878F87988B40E050E01A
:10B0000068E070E0C1010E94CF1B689440F854F8DA
:10B0100026E0922E31E0CD53DF4F3883C35CD04021
:10B0200000CF68EC78E0F3CD63EB78E08BEF9AE04B
:10B030000E94AE8EC7CDAA20D1F062E0CE01875427
:10B040009F4F0E94A03429833A834B835C836D8396
:10B050007E838F839887689440F854F895E0992E02
:10B06000B1E0CD53DF4FB883C35CD040DACE66E9A0
:10B0700078E0B1CDC554DF4F8881CB5BD0408230C2
:10B0800008F073C0C1010E94DB42853009F032CF65
:10B090004DCDC554DF4F8881CB5BD040823008F066
:10B0A0002CCFAA20C1F06DE778E08BEF9AE00E94E8
:10B0B000AE8E61E0C1010E941C1CCF53DF4F28817E
:10B0C0003981C15CD04040E058E160E070E0C101EE
:10B0D0000E940B458ECDC554DF4F8881CB5BD0409D
:10B0E000823008F04FCF992009F447C0C654DF4F93
:10B0F0008881CA5BD0408F7031F4B101CE01875492
:10B100009F4F0E9494A4689440F810E3512A912C18
:10B1100021E0CD53DF4F2883C35CD04082CE6894BA
:10B1200056F8912C77CFC654DF4F8881CA5BD04048
:10B130008F7051F4689454F8912C81E0CD53DF4F17
:10B140008883C35CD0406DCE90E3592A912CA1E056
:10B15000CD53DF4FA883C35CD04063CE912C412CEC
:10B1600080E4582E612C712C7BCF912CE1E0CD53E3
:10B17000DF4FE883C35CD04054CE11E0CD53DF4FA6
:10B180001883C35CD0404DCEF10183859485892B13
:10B1900009F4CBC0411451046104710439F0A201D7
:10B1A000B101CE0187549F4F0E94BD3FD1011B9634
:10B1B0008D919C91CF53DF4FE880F980C15CD040E6
:10B1C000DC01ED91FC910088F189E02DC053DF4F47
:10B1D000A880C05DD040CD53DF4FC880C35CD04055
:10B1E000C754DF4F0881C95BD040C654DF4F188178
:10B1F000CA5BD040C554DF4F2881CB5BD040C454DC
:10B20000DF4F3881CC5BD040C354DF4F4881CD5BEA
:10B21000D040C254DF4F5881CE5BD040C154DF4F85
:10B220006881CF5BD040C054DF4F7881C05CD04094
:10B230001995C953DF4F99838883C75CD040F101CA
:10B2400083859485DC01ED91FC91008CF18DE02DDE
:10B250001995059711F4689440F856FCC5C19920DA
:10B2600021F0692DC1010E941C1CCF52DF4FA88123
:10B27000B981C15DD040159709F425C430E020E0C4
:10B28000B301A201C1010E940B45C153DF4FB88138
:10B29000CF5CD040BB2309F416C4CF53DF4F888165
:10B2A0009981C15CD040892B09F40DC460E278E03B
:10B2B0008BEF9AE00E94AE8E8BEF9AE00E94E08CBA
:10B2C000CF53DF4FA880B980C15CD040812C73017F
:10B2D0006201CF54DF4F0881C15BD040CE54DF4FB5
:10B2E0001881C25BD040CD54DF4F2881C35BD04072
:10B2F000CC54DF4F3881C45BD040CB54DF4F488102
:10B30000C55BD040CA54DF4F5881C65BD040C9549A
:10B31000DF4F6881C75BD040C854DF4F7881C85B7E
:10B32000D040C1010E94C234CEC38285853009F469
:10B3300084C0863009F093CFC754DF4FD880C95BF3
:10B34000D040DD2009F479C0C1010E9472A47C01C3
:10B35000411451046104710439F0A201B101CE011C
:10B3600087549F4F0E94BD3FE114F10409F477CF49
:10B3700010E000E0F7FE05C0F194E194F10801E06F
:10B3800010E0C70101978634910508F068CFCE2CF4
:10B3900061E08E2D0E94E0ACEFEFED0DE63108F09C
:10B3A00049C0F0E08827E852F64A8F4F0C943CDF02
:10B3B000EE59F0591A5A1A5AF059EE59F0591A5AC8
:10B3C0001A5A1A5A1A5A1A5A1A5AEE59EE591A5A37
:10B3D0001A5A1A5AEE591A5AEE59EE59F1E00F2735
:10B3E000602F8C2D0E94B2AC68E578E08BEF9AE07C
:10B3F0000E94AE8EB7018BEF9AE00E94C9A366E56A
:10B4000078E08BEF9AE00E94AE8EB8018BEF9AE065
:10B410000E94C9A38BEF9AE00E94E08C689440F8E8
:10B4200054F801E010E0C953DF4F19830883C75C6B
:10B43000D04015CF0FEF1FEFD7CF41145104610457
:10B44000710439F0A201B101CE0187549F4F0E94CF
:10B45000BD3FC553DF4F28813981CB5CD0402230BE
:10B46000310509F4BDC02330310581F021303105AB
:10B4700009F0F5CE689440F854F821E030E0C95363
:10B48000DF4F39832883C75CD040E9CEC1010E94D9
:10B490002B426B017C01892B61F566E478E08AE43C
:10B4A0009AE00E94AE8ED1011296ED91FC916081DE
:10B4B00071818AE49AE00E94578E6FEE74E08AE40C
:10B4C0009AE00E94578E2AE030E0B701A6018AE494
:10B4D0009AE00E94D18D8AE49AE00E94E08CD1012A
:10B4E0001296ED91FC916081718185EF94E00E944C
:10B4F00070AFCE0187549F4F0E942E3820E030E07D
:10B5000048EC52E40E94CDDD0E9439E0C953DF4F80
:10B51000688379838A839B83C75CD040C953DF4F9C
:10B52000C880D980C75CD0404FEF5FEF60E070E02B
:10B5300088E00E94CA2ACD53DF4F688379838A83CB
:10B540009B83C35CD040CD53DF4FE880F980C35C60
:10B55000D0406FE378E08BEF9AE00E94AE8ED1018D
:10B560001296ED91FC91608171818BEF9AE00E94BF
:10B57000578E6BE378E08BEF9AE00E94AE8EC95352
:10B58000DF4F68817981C75CD0408BEF9AE00E94E1
:10B59000C9A366E378E08BEF9AE00E94AE8ECD53AC
:10B5A000DF4F488159816A817B81C35CD040662727
:10B5B00077272AE08BEF9AE00E94948C8BEF9AE039
:10B5C0000E94E08CB701A601C1010E94E141E1E0C7
:10B5D000F0E0C953DF4FF983E883C75CD0403FCE2A
:10B5E000689440F855F81DCF81E090E0C953DF4FD3
:10B5F00099838883C75CD04032CECF52DF4FE88139
:10B60000F981C15DD040359709F45DC240E050E456
:10B61000B101CE0187549F4F0E94BD3F30E020E032
:10B6200040E050E460E070E0C1010E940B454BC275
:10B63000ACEFBFEF0C94014DCE0187549F4F0E9499
:10B6400074382B013C01411451046104710411F060
:10B650000C946C4FB1E0CD53DF4FB883C35CD04046
:10B660000C94A64FC553DF4F08811981CB5CD040A5
:10B67000012B09F053C08081882311F40C944E4CA7
:10B68000CE018F539F4F0E948D3FC553DF4F99834B
:10B690008883CB5CD040C554DF4F8881CB5BD040E2
:10B6A000811132C0C553DF4F6881CB5CD040CE01E1
:10B6B00087549F4F0E947E34C755DF4F2883C95A55
:10B6C000D040C655DF4F3883CA5AD040C555DF4FEA
:10B6D0004883CB5AD040C455DF4F5883CC5AD04012
:10B6E000C355DF4F6883CD5AD040C255DF4F7883B2
:10B6F000CE5AD040C155DF4F8883CF5AD040C05575
:10B70000DF4F9883C05BD040C553DF4FE881F9819C
:10B71000CB5CD040EF2B11F40C944E4C64EF7AE0EC
:10B720008BEF9AE00E94AE8EB6018BEF9AE00E94FA
:10B73000C9A36DEE7AE08BEF9AE00E94AE8ED10144
:10B740001296ED91FC91608171818BEF9AE00E94DD
:10B75000578E67EE7AE08BEF9AE00E94AE8ECF5361
:10B76000DF4F68817981C15CD0408BEF9AE00E9405
:10B77000578E65EE7AE08BEF9AE00E94AE8ECE0196
:10B7800087549F4F0E943634CF53DF4FE880F980B3
:10B79000C15CD040E114F10411F40C94994CF70110
:10B7A0008081843211F00C94994C61ED7AE08BEF3A
:10B7B0009AE00E94AE8E8BEF9AE00E94E08C0CEF34
:10B7C0001FEFC953DF4F19830883C75CD040C953AB
:10B7D000DF4F88819981C75CD040C752DF4F0FB6D9
:10B7E000F894DEBF0FBECDBFDF91CF911F910F91B7
:10B7F000FF90EF90DF90CF90BF90AF909F908F9091
:10B800007F906F905F904F903F902F9008951FEF23
:10B81000A11212C0C1010E944E49AA24A394181675
:10B8200019060CF0A12CC553DF4F28813981CB5C60
:10B83000D0402130310599F4C754DF4F8881C95B6E
:10B84000D040863061F440E051E060E070E0C1013A
:10B850000E94F81B672B682B692B09F081C0CF531E
:10B86000DF4F28813981C15CD040D10114966D91A0
:10B870007C91CD52DF4FE880C35DD040C053DF4F95
:10B880000881C05DD040AE0147545F4FC1010E94A6
:10B890005D48C153DF4FB881CF5CD04010E0BB237F
:10B8A000C1F1C053DF4FC880C05DD040EE24EA94A0
:10B8B000FE2CCF54DF4F0881C15BD040CE54DF4F08
:10B8C0001881C25BD040CD54DF4F2881C35BD0408C
:10B8D000CC54DF4F3881C45BD040CB54DF4F48811C
:10B8E000C55BD040CA54DF4F5881C65BD040C954B5
:10B8F000DF4F6881C75BD040C854DF4F7881C85B99
:10B90000D040C1010E948E39C153DF4F1881CF5CF6
:10B91000D040CF53DF4F88819981C15CD040892BC3
:10B9200009F4C1C8C353DF4FE881F981CD5CD04031
:10B93000EF2B09F0C1C8689440F8C754DF4F8881E5
:10B94000C95BD040853009F457C908F0BCC88330C2
:10B9500009F4E7C8912C3DC02FEFA21280CF5ACF37
:10B96000C353DF4F88819981CD5CD04010E0892B93
:10B9700009F0A2C840E051E060E070E0C1010E941F
:10B98000F81B672B682B692B09F02DC9BFEFAB1291
:10B990001DC9C1010E944E49181619060CF419C997
:10B9A000B101CE0187549F4F0E9494A461E0CE0163
:10B9B00087549F4F0E94A03429AB3AAB4BAB5CAB92
:10B9C0006DAB7EAB8FAB98AF689440F854F846E00F
:10B9D000942ED301C201689440F8C554DF4F2881EA
:10B9E000CB5BD040223060F4C754DF4F2881C95B65
:10B9F000D040222329F02C013D01689440F854F8EE
:10BA0000C654DF4F8881CA5BD0408F7009F41AC9D1
:10BA1000689455F8112311F0E89455F8A201B1018A
:10BA2000CE0187549F4F0E94BD3FA1E0B0E0C953B3
:10BA3000DF4FB983A883C75CD040B110F9CDD101E5
:10BA40001B968D919C91009709F49ECBDC01ED91A2
:10BA5000FC910488F589E02DC754DF4F0881C95B4C
:10BA6000D040C654DF4F1881CA5BD040C554DF4F69
:10BA70002881CB5BD040C454DF4F3881CC5BD040B1
:10BA8000C354DF4F4881CD5BD040C254DF4F588153
:10BA9000CE5BD040C154DF4F6881CF5BD040C054F3
:10BAA000DF4F7881C05CD040199581116DCB6DE579
:10BAB00078E084E59AE00E94AE8E84E59AE00E94E8
:10BAC000E08C56FC9ACD65E178E08BEF9AE00E941D
:10BAD000AE8EC953DF4F68817981C75CD0408BEF50
:10BAE0009AE00E94C9A36EE078E08BEF9AE00E9492
:10BAF000AE8E0E9484AEAB01BC01CA52DF4F0881FA
:10BB000019812A813B81C65DD040401B510B620BDD
:10BB1000730B8BEF9AE00E94BFA38BEF9AE00E9419
:10BB2000E08C55CE2F923F924F925F926F927F9210
:10BB30008F929F92AF92BF92CF92DF92EF92FF923D
:10BB40000F931F93CF93DF93CDB7DEB7CB57D109B8
:10BB50000FB6F894DEBF0FBECDBFE296EFAEE29710
:10BB6000E396FFAEE397E4960FAFE497E5961FAF39
:10BB7000E597E6962FAFE697E7963FAFE797E8960B
:10BB80004FAFE897E9965FAFE997009709F453C084
:10BB900024012B2CEC96AFAEEC97EB96DFAEEB9737
:10BBA000EA96CFAEEA97362E8C0180910102893059
:10BBB00020F4809100028930A0F180E091E00E94A1
:10BBC00039D57C01892B69F11C821B821E821D8262
:10BBD0008FEF9FEF98878F838DE992E09A83898317
:10BBE0001A861986FC86EB8680E091E0988B8F8719
:10BBF0001E861D86B801CE0101960E9443A564E011
:10BC000075E08BEF9AE00E94578EB7018BEF9AE0B8
:10BC10000E94578E8BEF9AE00E94E08CC7010E9431
:10BC2000D5D5F80180858F70843009F45FC128F480
:10BC3000882309F464C180E02FC0853009F446C030
:10BC40008630C9F767E374E0C8010E94429F3C0157
:10BC5000009709F476C0912C812CB12CA12CD12C09
:10BC6000C12CE296EFACE297E396FFACE397E49643
:10BC70000FADE497E5961FADE597E6962FADE697F5
:10BC8000E7963FADE797E8964FADE897E9965FAD49
:10BC9000E997632D0E94925DC558DF4F0FB6F89467
:10BCA000DEBF0FBECDBFDF91CF911F910F91FF90EF
:10BCB000EF90DF90CF90BF90AF909F908F907F904C
:10BCC0006F905F904F903F902F9008958091C407A0
:10BCD0008F5F8093C407668077806114710459F187
:10BCE0004201EC96AFACEC97B22CEA96CFACEA9757
:10BCF000EB96DFACEB97E296EFACE297E396FFAC06
:10BD0000E397E4960FADE497E5961FADE597E696C9
:10BD10002FADE697E7963FADE797E8964FADE897EA
:10BD2000E9965FADE997632DC3010E94925DF3012F
:10BD300062807380D2CF8091C40781508093C40702
:10BD40007ACF6AE075E0C8010E94429F2C016FE043
:10BD500075E0C8010E94429F7C0164E175E0C80162
:10BD60000E94429F332039F0F1E03F1609F49FC052
:10BD7000D12CC12C0CC068E175E0C8010E94429F23
:10BD80003C016DE175E0C8010E94429F6C016114A5
:10BD9000710409F43801C114D10409F46801411493
:10BDA000510431F4EA964FACEA97EB965FACEB970F
:10BDB000E114F10421F4EC96EFACEC97F22C611451
:10BDC000710409F4A5C0F30180858F70843009F0F7
:10BDD0009FC061847284C114D10409F49CC0F6012F
:10BDE00080858F70843009F096C0C184D28410E0C1
:10BDF00000E04114510409F4F3C06114710409F422
:10BE0000B1C065E57CE18BEF9AE00E94AE8EF20155
:10BE1000618572858BEF9AE00E94578E60E57CE128
:10BE20008BEF9AE00E94AE8EB3018BEF9AE00E94F6
:10BE3000578E8BEF9AE00E94E08CCE018F589F4F77
:10BE40000E943634E114F10409F0D3C0F201808578
:10BE50008F70843009F083C14091CA075091CB079D
:10BE600061857285CE0101960E944441CE01019602
:10BE70000E94B03F8823B1F00E94522E6B01683CB3
:10BE800071050CF083C06FE07CE184E59AE00E94CC
:10BE9000AE8EB60184E59AE00E94C9A384E59AE0DB
:10BEA0000E94E08CCE0101960E94AE4658C162E22B
:10BEB00075E0C8010E94429F3C0167E275E0C8013D
:10BEC0000E94429F6C016114710409F04AC168E14B
:10BED00075E0C8010E94429F3C01C114D10409F4DD
:10BEE00050CF892B09F05BCF380159CFD12CC12C11
:10BEF000712C612CF12CE12C512C412C48CFD12CF0
:10BF0000C12C712C612CF12CE12C512C412C47CFF0
:10BF1000712C612C60CF00E020E030E340E150E084
:10BF2000BE016F597F4FCE018F589F4F0E948F20C7
:10BF30006C01E4960FADE49710E00115110509F0CE
:10BF400058CFE2968FADE297811109C0E3968FAD8D
:10BF5000E3978F7009F44DCF02E010E04ACF01E083
:10BF600010E047CF66E47CE18BEF9AE00E94AE8E52
:10BF7000F201618572858BEF9AE00E94578E61E431
:10BF80007CE18BEF9AE00E94AE8E57CF6114710472
:10BF900031F0B301CE0101960E948CA683CFA12C73
:10BFA000C12CF12CE12CE2960FADE297E3961FAD88
:10BFB000E397E4962FADE497E5963FADE597E696D7
:10BFC0004FADE697E7965FADE797E8966FADE897D8
:10BFD000E9967FADE997CE0101960E948D4B62CF25
:10BFE000E114F10409F4BBC0C114D10409F4B7C0D1
:10BFF00004C0C114D10409F429CFF70180858F70E2
:10C00000843009F0A8C08185928525961FAE1EAEAA
:10C01000259748EE53E060E070E029964CAF5DAFA5
:10C020006EAF7FAF299723EB32E023963FAF2EAF61
:10C0300023972F969FAF8EAF2F9761961FAE1EAEA0
:10C04000619763961FAE1EAE639765961FAE1EAED8
:10C05000659767961FAE1EAE679769961FAF0EAFC6
:10C0600069976A961FAE6A9740E450E0BE016F5F21
:10C070007F4FCE018F5B9F4F0E94E8A021E030E010
:10C080002C0F3D1F820F931FFC01108269E37CE19E
:10C090008BEF9AE00E94AE8EF701618572858BEF7F
:10C0A0009AE00E94578E6CE275E08BEF9AE00E9456
:10C0B000578EBE016F5F7F4F8BEF9AE00E94578EC5
:10C0C00064E37CE18BEF9AE00E94AE8EB6018BEFC9
:10C0D0009AE00E94578E8BEF9AE00E94E08C0E94BB
:10C0E000609F8823C1F18091C307811134C06FE242
:10C0F00070E0CE0101960E9492E3892B51F4F70182
:10C100002185328543E050E060E4CE0101960E9433
:10C110004D2D6DE27CE18BEF9AE00E94AE8EBE0168
:10C120006F5F7F4F8BEF9AE00E94578E68E27CE151
:10C130008BEF9AE00E94AE8EB6018BEF9AE00E94E0
:10C14000578E8BEF9AE00E94E08C41E0B601CE0161
:10C1500001960E9452AF4114510409F077CE81E05C
:10C160009BCD892B09F01BCE0CCE2F923F924F9284
:10C170005F926F927F928F929F92AF92BF92CF9277
:10C18000DF92EF92FF920F931F93CF93DF93CDB780
:10C19000DEB767970FB6F894DEBF0FBECDBF1C01A8
:10C1A0007C8B6B8B40E050E860E070E00E94F81BF5
:10C1B000672B682B692B09F45DC019821A821B82D8
:10C1C0001C821D821E821F8218868A81807F8A833C
:10C1D00040E050E3B101CE0101960E948F44D101AD
:10C1E0001B968D919C91892B09F444C040E050E846
:10C1F00060E070E0C1010E94A61B6AE57BE08BEF66
:10C200009AE00E94AE8EF10183859485DC01ED9168
:10C21000FC910088F189E02DA12CCC24C394F12C51
:10C22000E12C09811A812B813C814D815E816F81D6
:10C23000788519958F3F9807E9F0D1011296ED9115
:10C24000FC9160817181892B09F0C5C08BEF9AE068
:10C250000E94578E68E57BE08BEF9AE00E94AE8EDD
:10C2600060E57BE08BEF9AE00E94AE8E8BEF9AE068
:10C270000E94E08C65E0F101828193810E94BA9F67
:10C280009A8B898B009709F4DAC0DC011896BC916F
:10C29000BD8B9B2E92943FE09322FC0141845284FB
:10C2A000638474840E9484AE992009F4C8C0461A3D
:10C2B000570A680A790A19861A861B861C86998687
:10C2C0001A85107F1A601A874D865E866F86788A77
:10C2D0008B899C89049769F588248394B12CA12CBF
:10C2E000C12CD12C20E1E22EF12C092D2B853C858F
:10C2F0004D855E856F857889C1010E94C234C30176
:10C30000B20128EE33E040E050E00E94D3DEBA01F3
:10C31000A9012AE030E08BEF9AE00E94D18D61E81C
:10C320007BE08BEF9AE00E94AE8E8BEF9AE00E944A
:10C33000E08C77FE84C092E049165104610490E8D5
:10C3400079060CF47CC00E94522E2B017F8B6E8BE1
:10C3500088248394B12CA12CC12CD12C90E1E92EFE
:10C36000F12C09851A852B853C854D855E856F8569
:10C370007889C1010E94C234AE89BF89A83CB10549
:10C38000BCF568E67BE084E59AE00E94AE8EB201DF
:10C3900084E59AE00E94C9A384E59AE00E94E08CBB
:10C3A0008FEF9FEF67960FB6F894DEBF0FBECDBF3D
:10C3B000DF91CF911F910F91FF90EF90DF90CF9081
:10C3C000BF90AF909F908F907F906F905F904F90B5
:10C3D0003F902F9008958BEF9AE00E94578E6EE465
:10C3E0007BE08BEF9AE00E94AE8E6AE47BE03ACF6E
:10C3F000E989FA8980858F70808719821A821B8269
:10C400001C821D821E821F8218868A81807F8A83F9
:10C4100099828D898F70AA24A394873009F0A12C6A
:10C4200082E0C82EF12CE12C09811A812B813C81FC
:10C430004D815E816F817885C1010E948D4B8B8912
:10C440009C89019701F540E050E360E070E0C10194
:10C450000E94F81BAB01BC01411551056105710536
:10C4600091F08091C8079091C907069761F430E078
:10C4700020E0C1010E940B4540E050E360E070E025
:10C48000C1010E94A61BD1011B968D919C91009722
:10C4900019F490E080E086CFDC01ED91FC910284FC
:10C4A000F385E02D1995892BA1F3F10183859485FE
:10C4B000DC01ED91FC910480F581E02D6B897C8994
:10C4C000199570CF6F927F928F929F92AF92BF9289
:10C4D000CF92DF92EF92FF920F931F93CF93DF9350
:10C4E000CDB7DEB7C854D1090FB6F894DEBF0FBE82
:10C4F000CDBF3C014B01FC01008111816AE075E078
:10C50000C8010E94429F5C016FE075E0C8010E9473
:10C51000429F6C0164E175E0C8010E94429FA11432
:10C52000B10431F4C114D10419F4892B09F4CEC03B
:10C530006FE275E0C8010E94429F7C0164E375E0F0
:10C54000C8010E94429F8C016CEB77E08BEF9AE070
:10C550000E94AE8EF30163818BEF9AE00E94C2A32A
:10C560006AEB77E08BEF9AE00E94AE8EB4018BEF1E
:10C570009AE00E94C9A38BEF9AE00E94E08CC1145C
:10C58000D10409F455C0F60180858F70843009F01C
:10C590004FC06185728540E450E0CE0101960E9453
:10C5A000CBE30E94609F882309F442C08091C307B7
:10C5B00081113EC06FE270E0CE0101960E9492E3CD
:10C5C000892B51F4F6012185328543E050E060E487
:10C5D000CE0101960E944D2D8114910409F4B5C03D
:10C5E000E114F10409F088C041E069E375E0CE018F
:10C5F00001960E9452AF64EB77E08BEF9AE00E94C5
:10C60000AE8EBE016F5F7F4F8BEF9AE00E94578E18
:10C6100061EB77E08BEF9AE00E94AE8E69E375E004
:10C620008BEF9AE00E94578E8BEF9AE00E94E08C8D
:10C63000A114B10409F44AC0F50180858F708430DB
:10C6400009F044C04091CA075091CB0761857285BB
:10C65000CE0101960E944441CE0101960E94B03F56
:10C66000882381F1892809F4B7C0F701EF2809F080
:10C67000CCC025961CAE1DAE1EAE1FAE25972996CA
:10C680001CAE1DAE1EAE1FAE299723961FAD23977D
:10C69000107FA12CC12CF12CE12C01E024962FADB0
:10C6A000249725963FAD259740E027965FAD2797C5
:10C6B00028966FAD289729967FAD2997CE010196D0
:10C6C0000E948D4BCE0101960E94AE46C85BDF4FA3
:10C6D0000FB6F894DEBF0FBECDBFDF91CF911F9193
:10C6E0000F91FF90EF90DF90CF90BF90AF909F9011
:10C6F0008F907F906F900895F70180858F708430C0
:10C7000009F096CF61857285FB018081882309F449
:10C710008FCF41E0CE0101960E9452AF6BEA77E0E5
:10C720008BEF9AE00E94AE8EBE016F5F7F4F8BEF62
:10C730009AE00E94578E68EA77E08BEF9AE00E94B9
:10C74000AE8EF701618572856BCF01151105E9F495
:10C7500041E06CE375E0CE0101960E9452AF62EABF
:10C7600077E08BEF9AE00E94AE8EBE016F5F7F4F45
:10C770008BEF9AE00E94578E6FE977E08BEF9AE09B
:10C780000E94AE8E6CE375E04BCFF80180858F7010
:10C79000843009F04DCF61857285FB01808188234B
:10C7A00009F446CF41E0CE0101960E9452AF69E9FB
:10C7B00077E08BEF9AE00E94AE8EBE016F5F7F4FF5
:10C7C0008BEF9AE00E94578E66E977E08BEF9AE054
:10C7D0000E94AE8EF801B6CFF801012BB1F4259678
:10C7E0001CAE1DAE1EAE1FAE259729961CAE1DAE0B
:10C7F0001EAE1FAE299723961FAD2397107FA12C45
:10C80000C12CF12CE12C02E049CF80858F7084305F
:10C8100009F058CF61857285FB018081882309F476
:10C8200051CFCE0101960E948CA64CCFEF92FF9281
:10C830000F931F93CF93DF93EC018B011E821D8218
:10C840001A821B821C82E880F980E114F10459F1FC
:10C850008091F1069091F206892B29F1672B09F45A
:10C860008701F80180858F708630E9F460E475E017
:10C87000C8010E94429F009719F0FC0181858A83BC
:10C880006FE776E0C8010E94429FFC01892B61F1AD
:10C8900080858F70823071F0853079F0F9E0EF0E8D
:10C8A000F11CFE82ED82DF91CF911F910F91FF90DD
:10C8B000EF90089581858B83F1CF0680F781E02D7D
:10C8C000309761F380858F70823041F781858B834B
:10C8D0000680F781E02D309709F380858F708230D4
:10C8E000E9F681858C83DACFF801808191810E94FD
:10C8F00006D7E1CF0F931F93CF93DF93CDB7DEB76A
:10C900006F970FB6F894DEBF0FBECDBF2091F10632
:10C910003091F206232B09F40BC12091C407022E9B
:10C92000000C330B82179307B4F465E17FE084E5D4
:10C930009AE00E94AE8E84E59AE00E94E08C80E04E
:10C940006F960FB6F894DEBF0FBECDBFDF91CF91CB
:10C950001F910F9108956FEF7EE08BEF9AE00E9498
:10C96000AE8E8BEF9AE00E94E08C8091E6068F5F9E
:10C970008093E6066AEB7EE08AE49AE00E94AE8E3F
:10C980008AE49AE00E94E08CE091C607F091C70724
:10C99000309709F18091C4078F5F8093C4070681A7
:10C9A00017810115110591F0D80118968C918F709F
:10C9B000863041F41A83098370E060E0CE0101966D
:10C9C0000E941664F80102811381EBCF8091C407A5
:10C9D00081508093C407E091CA07F091CB0730974C
:10C9E000A1F10681178101151105C9F1D801189629
:10C9F0008C918F70853029F5C8010E9462A488232C
:10CA000001F14091CA075091CB07F8016081718113
:10CA1000CE0101960E944441CE0101960E94B03F92
:10CA2000882359F08C859D85009739F0DC01ED91C4
:10CA3000FC910084F185E02D1995CE0101960E94AC
:10CA4000AE46F80102811381CECF6FEE7EE08BEF10
:10CA50009AE00E94AE8E8BEF9AE00E94E08C1092DA
:10CA6000C2071092C10767EE7EE08BEF9AE00E944A
:10CA7000AE8E8BEF9AE00E94E08C64E670E080E07E
:10CA800090E00E9451AE10924E071092BC076FECDE
:10CA90007EE08BEF9AE00E94AE8E0E94522EAB0198
:10CAA000BC018BEF9AE00E94BFA38091F1069091A8
:10CAB000F206009711F00E94ADA91092F2061092B2
:10CAC000F1061092C7071092C6071092CB0710927A
:10CAD000CA071092500710924F071092E806109262
:10CAE000E7061092BA071092B9071092B807109291
:10CAF000B7071092B6071092CD071092CC076AECD8
:10CB00007EE08BEF9AE00E94AE8E0E94522EAB0127
:10CB1000BC018BEF9AE00E94BFA38BEF9AE00E94CA
:10CB2000E08C1092BB078091E60681508093E60668
:10CB300081E006CF2F923F924F925F927F928F9229
:10CB40009F92AF92BF92CF92DF92EF92FF920F939C
:10CB50001F93CF93DF93CDB7DEB7A9970FB6F894A5
:10CB6000DEBF0FBECDBF6C01F62E1A014901DC01FC
:10CB70008D919C911197892B09F4C6C01596ED9162
:10CB8000FC91309709F4C0C080818071BFEF6B13B6
:10CB9000BDC0C9F481E0A9960FB6F894DEBF0FBE00
:10CBA000CDBFDF91CF911F910F91FF90EF90DF905C
:10CBB000CF90BF90AF909F908F907F905F904F905D
:10CBC0003F902F9008954330510521F3F180F29466
:10CBD0002FE0F2226CE877E08BEF9AE00E94AE8EB5
:10CBE000D60113966C918BEF9AE00E94C2A36AE87B
:10CBF00077E08BEF9AE00E94AE8ED6011596ED910C
:10CC0000FC9161816F708BEF9AE00E94C2A367E88C
:10CC100077E08BEF9AE00E94AE8E6F2D8BEF9AE05B
:10CC20000E94C2A38BEF9AE00E94E08CD601159679
:10CC3000ED91FC9181818F70F81609F462C000813A
:10CC400003FB002700F9198E1A8E1B8E1C8E1D8E79
:10CC50001E8E1F8E18A28A8D807F8A8FD601159610
:10CC6000ED91FC9181818F708F1579F1B3E02B16D6
:10CC7000310459F165E877E08BEF9AE00E94AE8EBF
:10CC8000F60163818BEF9AE00E94C2A363E877E02C
:10CC90008BEF9AE00E94AE8ED6011596ED91FC9135
:10CCA00061816F708BEF9AE00E94C2A360E877E029
:10CCB0008BEF9AE00E94AE8E6F2D8BEF9AE00E9470
:10CCC000C2A38BEF9AE00E94E08CBFE0BF1508F48E
:10CCD00055C1EF2DF0E08827EF58F9498F4F0C949C
:10CCE0003CDF8A66CA66166781678C671667EF66DF
:10CCF00016678F679B6703679E67A967BE67BE67F6
:10CD0000AC6780818F7E808380E045CF882309F4E3
:10CD10009ACFFACFF601A580B680D50111968C91F5
:10CD20008F70853009F42AC168F48230D9F064E349
:10CD300075E0C4010E94429F2C01712CEE2009F481
:10CD400091C0A7C08730D1F08A3089F769E475E0D7
:10CD5000C4010E94429F2C01F501708072FA772471
:10CD600070F8ECCF63E475E0C4010E94429F2C018F
:10CD7000F501708070FA772470F8E0CF62E475E016
:10CD8000C4010E94429F2C01D5017C9071FA772446
:10CD900070F8D4CF6FE275E0C4010E94429F2C016D
:10CDA000D6011596ED91FC91808180FB772470F877
:10CDB000982F9E7F80FF916090834114510409F069
:10CDC000BDCF61E0CE0149960E94A034298B3A8BF9
:10CDD0004B8B5C8B6D8B7E8B8F8B988FAFCF60E591
:10CDE00075E0C4010E94429F2C01D6011596ED9179
:10CDF000FC91808181FB772470F8982F9D7F81FFC3
:10CE0000926090839BCF66E575E0C4010E94429FCB
:10CE10002C01D6011596ED91FC91808182FB77243F
:10CE200070F8982F9B7F82FF9460EBCF64E375E0EE
:10CE3000C4010E94429F2C01892B69F462E0CE015B
:10CE400049960E94A03429873A874B875C876D8773
:10CE50007E878F87988BEE2009F48EC0BFE0712CFF
:10CE6000FB1217C0E3E02E16310409F48AC0602FCC
:10CE700070E0C6010E946262D6011596ED91FC91A8
:10CE800080818F7E8083BFE0FB1203C0EE2009F417
:10CE900081CE6AE075E0C4010E94429F8C016FE080
:10CEA00075E0C4010E94429F5C0164E175E0C40129
:10CEB0000E94429F99A788A7A114B10481F401158B
:10CEC000110569F460E0CE0149960E94A0342983DF
:10CED0003A834B835C836D837E838F839887D601EF
:10CEE0001596ED91FC914114510409F05BC0898DB8
:10CEF000811158C0BFE0FB126AC080818F7E8083A1
:10CF000049CE6CE575E0C4010E94429F2C01D60118
:10CF10001596ED91FC912DCF61E675E0F4CF67E6B3
:10CF200075E0C4010E94429F2C01D6011596ED9137
:10CF3000FC9170802BCF6DE675E0F3CF64E775E070
:10CF4000C4010E94429F2C01D6011596ED91FC91DF
:10CF500004CF6AE775E0F4CF712C512C412CEE2000
:10CF600009F480CF6FE275E0011102C064E375E05F
:10CF7000C4010E94429F2C01712C74CF512C412C72
:10CF80006ACFD6011596ED91FC918081806100FBFE
:10CF900083F9808381818F709F2D9295907F892B5B
:10CFA000818371CF83E028163104C9F481818F70A9
:10CFB0008F1509F4EFCD9FE0F91609F4EBCDF2944B
:10CFC00090EFF9228F2981838081806198CF9F2DF6
:10CFD0009F70F92E8181807FF82AF1828ECFAFE099
:10CFE000FA1639F0BF2DBF70FB2E8181807FF82AA1
:10CFF000F18280818F7E808361E875E0C2010E94AA
:10D00000429F4C01009709F452C0FC0180858F704B
:10D01000843029F0853031F0823009F048C0B40105
:10D02000C60143C070E060E0C4010E94532A6C0155
:10D030000097E9F1BC018091C6079091C7070E9453
:10D04000429F9AA389A370E060E0CE0181960E947E
:10D0500016646AE875E08BEF9AE00E94578EB6017D
:10D060008BEF9AE00E94578E6FE875E08BEF9AE0A5
:10D070000E94578E61E070E08EA19FA1892B11F470
:10D0800070E060E08BEF9AE00E94C9A38BEF9AE01A
:10D090000E94E08C8EA19FA1892B49F061E0C40120
:10D0A0000E94BA9FBC01CE0181960E94021D88A4F5
:10D0B00099A46801E98CFA8C0B8D1C8D2D8D3E8D09
:10D0C0004F8D58A1672DC2010E94925D63CD2F92B2
:10D0D0003F924F925F926F927F928F929F92AF9208
:10D0E000BF92CF92DF92EF92FF920F931F93CF9355
:10D0F000DF93CDB7DEB7CB56D1090FB6F894DEBFBC
:10D100000FBECDBFDC0115962D913C91232B09F468
:10D110002AC75B013C016130710509F4EEC50CF4CE
:10D1200082C0643071050CF07EC0DC0112968C91D7
:10D13000803409F476C308F06DC0843008F073C001
:10D14000873009F470C08091AF068F5F8093AF067F
:10D15000F301C080D180C114D10491F067E374E081
:10D16000C6010E94429FFC01892B51F090859F705F
:10D170009550923028F481859285009709F06C01D2
:10D18000E12C00E09601A5016FEFC3010E949A65B2
:10D19000D30112968C91129781FB002700F9139608
:10D1A0001C919AEC910F903118F0873009F04BC028
:10D1B00064E975E0F301808191810E94429F4C01F6
:10D1C000009709F440C0DC0118968C918F7085306F
:10D1D000D1F580916A0B181329C080916B0B8034B4
:10D1E00029F580916C0B90916D0B1C01990F4408EF
:10D1F000550860E0C4010E94BA9FFC0181859285B8
:10D20000A385B485281639064A065B060CF069C06A
:10D2100010E042C0823409F404C328F090E8980F6B
:10D22000943008F48DCF90E080E09FC610936A0B95
:10D2300080E480936B0B812F0E941CAD90936D0B4B
:10D2400080936C0BD2CF212F30E0F901E851FC4DD7
:10D250008491F901EE55FC4D1491F901E45AFC4D0D
:10D26000F490FF2009F43AC081110E944BACEF2DDD
:10D27000F0E0EE0FFF1FED50F94FA591B491EC9146
:10D280001E2331E020E009F430E0832F922F11E0DB
:10D290000817190609F0BCCFF3E0AF16B10409F482
:10D2A000A6C0D3011596ED91FC91E181EF70E1509C
:10D2B000EC3008F09CC0F0E08827EE59F6498F4F1B
:10D2C0000C943CDF82690F6BB669E0690F6B2C6AC6
:10D2D0000F6B5F6A7F6A986AD66AF66A90E080E0B0
:10D2E000D6CF61E0C4010E94BA9F11E0FC018185A4
:10D2F0009285A385B48582159305A405B5050CF028
:10D30000CBCF86CF0E9484AEDC01CB01AA27BB27FE
:10D31000F30125813681F90122813381821B930B30
:10D32000A109B109AA27BB27883E9340A105B105F1
:10D3300008F45DC06CE575E0D3018D919C910E946D
:10D34000429FEE24E394012F892B41F461E675E0BE
:10D35000C6010E94429F892B09F4ACC0960142E0AD
:10D3600050E063E0C3010E949A6541C00E9484AE10
:10D37000DC01CB01AA27BB27F30125813681F90106
:10D3800022813381821B930BA109B109AA27BB27F4
:10D390008C329140A105B10550F1EE24E394012FA8
:10D3A000960142E050E064E0C3010E949A650E9449
:10D3B00084AED3011596ED91FC917383628317C0FF
:10D3C0000E9484AEDC01CB01AA27BB27F301258193
:10D3D0003681F90122813381821B930BA109B109A6
:10D3E000AA27BB2786399105A105B105B0F6D3015F
:10D3F0001596ED91FC91808183FB882780F91817A1
:10D4000009F42DC1D3011596ED91FC918081982FDF
:10D41000907E09F06CC10E9484AEF301A581B681B3
:10D4200013967C936E9312971196EC911197EF706F
:10D43000112309F4A2C1E23009F46AC108F05DC108
:10D44000EE2309F494C1EC90E3FAEE24E0F801E055
:10D450009601A5016FE07DC10E9484AEDC01CB0185
:10D46000AA27BB27F30125813681F9012281338167
:10D47000821B930BA109B109AA27BB27883E9340C1
:10D48000A105B10508F4B3CF67E675E0C6010E94B7
:10D49000429FEE24E394012F892B39F46DE675E069
:10D4A000C6010E94429F892B29F0960142E050E07C
:10D4B00068E058CF960142E050E06DE053CF0E9403
:10D4C00084AEDC01CB01AA27BB27F301258136817D
:10D4D000F90122813381821B930BA109B109AA278B
:10D4E000BB278C329140A105B10508F480CFEE2412
:10D4F000E394012F960142E050E069E055CF0E948D
:10D5000084AEDC01CB01AA27BB27F301258136813C
:10D51000F90122813381821B930BA109B109AA274A
:10D52000BB2786399105A105B10508F460CFDFCF8F
:10D530000E9484AEDC01CB01AA27BB27F301258121
:10D540003681F90122813381821B930BA109B10934
:10D55000AA27BB27883E9340A105B10508F447CF11
:10D5600064E775E0C6010E94429F892B39F46AE79F
:10D5700075E0C6010E94429F892B41F0EE24E3949E
:10D58000012F960142E050E06BE0ECCE66E575E0DD
:10D59000C6010E94429FEE24E394012F960142E0CF
:10D5A00050E066E0892B09F088CFDCCE0E9484AE83
:10D5B000DC01CB01AA27BB27F30125813681F901C4
:10D5C00022813381821B930BA109B109AA27BB27B2
:10D5D0008C329140A105B10508F409CFEE24E39403
:10D5E000012F960142E050E06CE0DECE0E9484AE56
:10D5F000DC01CB01AA27BB27F30125813681F90184
:10D6000022813381821B930BA109B109AA27BB2771
:10D6100086399105A105B10508F4E9CEDFCF0E9456
:10D6200084AEDC01CB01AA27BB27F301258136811B
:10D63000F90122813381821B930BA109B109AA2729
:10D64000BB2788359240A105B10508F4D0CEEE2461
:10D65000E394012F960142E050E060E083CE0E9407
:10D6600084AEF30185809680DC01CB01AA27BB271D
:10D67000F40122813381821B930BA109B109AA27EE
:10D68000BB2780339547A105B105F8F0C114D1043B
:10D69000E1F0D60118968C918F708630B1F468E96C
:10D6A00075E0C6010E94429FFC01892B71F08085C4
:10D6B0008F70823009F073C461857285838594858B
:10D6C000672B682B692B09F09DCEF40180818F7147
:10D6D000806480838091AF0681508093AF06A3CD94
:10D6E00061857285838594850E9439E0E9CF982F02
:10D6F000907E90528F71892BECCFE53049F0E73066
:10D7000009F0A1CEE12C01E09601A5016AE021C05B
:10D7100060E575E0C6010E94429F892BA9F467E687
:10D7200075E0C6010E94429F892B71F46DE675E099
:10D73000C6010E94429F892B39F462E475E0C6015C
:10D740000E94429F892B99F0E12C01E09601A501EE
:10D7500066E0C3010E949A65882309F4BBCFD30118
:10D760001596ED91FC91808110FB83F9B2CFE12CED
:10D7700001E09601A50161E0ECCFE150ED3008F049
:10D7800048C0F0E08827E853F4498F4F0C943CDF01
:10D79000D56B096CDB6BDB6B096CE16B096C036CA3
:10D7A000036C036C036C036CDB6BE12C00E09601F3
:10D7B000A50162E0CECFE12C00E09601A50165E075
:10D7C000C8CF60E575E0C6010E94429F892BA9F48D
:10D7D00067E675E0C6010E94429F892B71F46DE6F1
:10D7E00075E0C6010E94429F892B39F462E475E01E
:10D7F000C6010E94429F892B31F0E12C00E0960186
:10D80000A50167E0A6CFE12C00E09601A50160E04C
:10D81000A0CFEC90E3FAEE24E0F881E0E82600E007
:10D8200017CEB3E0AB16B10409F4FDCC64E975E0A2
:10D83000F301808191810E94429F8C01D301139654
:10D840008C9190916A0B8913E0C090916B0B90348E
:10D8500009F0DBC080916C0B90916D0B2C010115D0
:10D86000110509F401C1F80120852F70253009F058
:10D87000FBC0C8010E9462A4A2968FAFA297843019
:10D8800008F4CFC063E0C8010E94BA9FDC0119967A
:10D890008D919C91BAE0EB2EE89E1001E99E300C30
:10D8A000112462E0C8010E94BA9FFC018185928523
:10D8B000E89E6001E99ED00C1124AC96DFAECEAE9E
:10D8C000AC974601DD0CAA08BB0861E0C8010E94C4
:10D8D000BA9F7C0160E0C8010E94BA9FDC011996E2
:10D8E0002D913D914D915C911C97A6962CAF3DAF2B
:10D8F0004EAF5FAFA6979201052C000C440B550B61
:10D90000A6966CAD7DAD8EAD9FADA697261B370B51
:10D91000480B590BB101032C000C880B990B6819AB
:10D9200079098A099B090E94A1DED70119962D91D8
:10D930003D914D915C911C97A696CCACDDACEEACC4
:10D94000FFACA6972C193D094E095F09A6962CAF8E
:10D950003DAF4EAF5FAFA6970E94D3DE820E931EFF
:10D96000A41EB51EA2962FADA297253009F46BC058
:10D97000EE24E394F12CC101032C000CAA0BBB0B89
:10D9800088159905AA05BB050CF466C0D501C4012C
:10D99000AC96CEACDFACAC979601DD0C440B550BCE
:10D9A00082179307A407B5070CF45BC09C01AD0177
:10D9B000A2966FADA297623009F06AC06201550C61
:10D9C000EE08FF0860E0C8010E94BA9FFC01818553
:10D9D0009285A385B485C816D906EA06FB060CF421
:10D9E000EBC261E0C8010E94BA9FFC01818592856B
:10D9F000A385B4858C159D05AE05BF050CF013CC31
:10DA0000C12CD12C7601C394DAC280936A0B90E4C6
:10DA100090936B0B0E941CAD90936D0B80936C0BDD
:10DA20001DCF8AE0849D4001859D900C1124092C16
:10DA3000000CAA08BB08AC961FAE1EAEAC97212CFA
:10DA4000A8E23A2E95CF64E0C8010E94BA9FDC019B
:10DA50001996ED90FC908FCF44244A94E3E05E2E1B
:10DA600097CF512C412CA4CF2AE0289F4001299F19
:10DA7000900C11249401990C440B550BAC961FAEDD
:10DA80001EAEAC97212C68E2362EEE24E394F12CE6
:10DA9000D3011596ED91FC9162817381C201861BC1
:10DAA000970B97FF03C0919581959109E816F906A8
:10DAB00074F08081982F929596959770963050F4D7
:10DAC0009F5F9295990F907E8F71892B02C0808104
:10DAD0008F7180838081803AB8F0AC96EEADFFAD57
:10DAE000AC976F01FF0FEE08FF08C216D306E406DD
:10DAF000F50651F0C101330CAA0BBB0B821793073B
:10DB0000A407B50709F08FCB4616570609F48BCB4F
:10DB10006D961CAE1DAE1EAE1FAE6D976B968FAD93
:10DB20006B97807F86606B968FAF6B976D968CAD91
:10DB30009DADAEADBFAD6D9765968CAF9DAFAEAFF1
:10DB4000BFAF6597AAE0B0E00E94F2DE69966CAFC5
:10DB50007DAF8EAF9FAF69976FEE76E08BEF9AE067
:10DB60000E94AE8ED30113966C918BEF9AE00E94C7
:10DB7000C2A36DEE76E08BEF9AE00E94AE8ECE01EE
:10DB80008F5A9F4F0E94363467E374E0F30180811F
:10DB900091810E94429F912C812CB12CA12CD12CDF
:10DBA000C12C6296EFAC62976396FFAC6397649664
:10DBB0000FAD649765961FAD659766962FAD669716
:10DBC00067963FAD679768964FAD689769965FAD6A
:10DBD00069976FEF0E94925DD3010D911C916AE0ED
:10DBE00075E0C8010E94429F7C016FE075E0C801AA
:10DBF0000E94429F8C010097E9F1FC0180858F70A3
:10DC00008430C1F56185728540E450E0CE01019613
:10DC10000E94CBE36FE270E0CE0101960E9492E396
:10DC2000892B59F4D80119962D913C9143E050E08D
:10DC300060E4CE0101960E944D2D00E020E030E22C
:10DC400040E150E0BE016F5B7F4FCE018F5A9F4F86
:10DC50000E948F200E94609F882361F08091C307FB
:10DC6000811108C041E0BE016F5B7F4FCE0101967C
:10DC70000E9452AFE114F104C9F1F70180858F7061
:10DC80008430A1F54091CA075091CB076185728518
:10DC9000CE0101960E944441CE0101960E94B03F00
:10DCA000882301F1A12CC12CF12CE12C62960FAD3F
:10DCB000629763961FAD639764962FAD64976596E0
:10DCC0003FAD659766964FAD669767965FAD679770
:10DCD00068966FAD689769967FAD6997CE0101969A
:10DCE0000E948D4BCE0101960E94AE46D30115963F
:10DCF000ED91FC915382428296CAFC018281883068
:10DD000009F440C0803109F08ECA0E9484AE6B01D4
:10DD10007C01C3010E945717C61AD70AE80AF90AFC
:10DD200030E3C31635E7D306E104F10408F47BCAF7
:10DD30006FE075E0D3018D919C910E94429F8C0110
:10DD4000009709F405C1FC0180858F70843009F0CB
:10DD5000FFC00E9484AE2AE0AE014F5F5F4F0E9479
:10DD600016D80E94609F882309F4F2C08091C307EF
:10DD70008111EEC0BE016F5F7F4FD80119968D9162
:10DD80009C91E4C00E9484AE6B017C01C3010E949F
:10DD90005717C61AD70AE80AF90AF8E9CF16FAE3BC
:10DDA000DF06E104F10408F43ECAD3011596ED91B3
:10DDB000FC911697818113961C91811155C01630E4
:10DDC00008F03FC08CE0EEE1F2E0DE011196019038
:10DDD0000D928A95E1F7E12FF0E0EE0FFF1FCC24C2
:10DDE000C394D12CCC0EDD1EEC0DFD1D60E08081B6
:10DDF0000E94E0AC67EA77E183E01330C9F070F489
:10DE00006FEA77E181E0113099F06BEA77E182E027
:10DE1000123071F063EB77E180E00AC063EA77E1EA
:10DE200084E0143029F06FE977E185E0153091F74F
:10DE30000E94D1A3D3011596ED91FC9181E08183DD
:10DE4000F2C961E677E08BEF9AE00E94AE8EF301B3
:10DE500063818BEF9AE00E94C2A364E377E08BEFCB
:10DE60009AE00E94AE8EDFC924E0129FF0011124D7
:10DE7000E055F94F80809180A280B38060E377E025
:10DE80008BEF9AE00E94AE8ED30113966C918BEFCC
:10DE90009AE00E94C2A36CE177E08BEF9AE00E94C7
:10DEA000AE8E2AE030E0B501A4018BEF9AE00E942B
:10DEB000D18D6FE075E0F301808191810E94429FD6
:10DEC0008C01009709F44CC0DC0118968C911897CE
:10DED0008F70843009F044C019966D917C9140E4B4
:10DEE00050E0CE0101960E94CBE36FE270E0CE01DC
:10DEF00001960E9492E3892B51F4F8012185328525
:10DF000043E050E060E4CE0101960E944D2DBF92A7
:10DF1000AF929F928F9282E494E09F938F938E01B1
:10DF20000F5B1F4F1F930F930E9422E40E94609F7C
:10DF30000FB6F894DEBF0FBECDBF882349F08091A5
:10DF4000C307811105C0B801CE0101960E9470AFD0
:10DF50000E9484AEAB01BC01C3010E94301763C9AB
:10DF60006DE077E07CCF8FEF9FEFC559DF4F0FB6A5
:10DF7000F894DEBF0FBECDBFDF91CF911F910F91FF
:10DF8000FF90EF90DF90CF90BF90AF909F908F90D9
:10DF90007F906F905F904F903F902F9008958330C7
:10DFA00009F49ECB813009F090CB6185062E000CE0
:10DFB000770B880B990B84CBC12CD12C7601D30124
:10DFC0001596ED91FC9182819381092E000CAA0B8C
:10DFD000BB0B8C159D05AE05BF0509F424C9B60120
:10DFE000C3010E946262D3011596ED91FC91D38228
:10DFF000C28219C9BF92CF92DF92EF92FF920F9324
:10E000001F93CF93DF93CDB7DEB72E970FB6F8945B
:10E01000DEBF0FBECDBF2091C6073091C707232BAF
:10E0200009F4A6C02091C5072111A2C07C018091EE
:10E03000C5078F5F8093C5078091C4078F5F80936A
:10E04000C4070E9484AE0091ED061091EE06209167
:10E05000EF063091F006601B710B820B930B6B3057
:10E0600071058105910508F479C083E0E816F10493
:10E07000A9F00E9484AE0091E9061091EA06209171
:10E08000EB063091EC06601B710B820B930BBB24EB
:10E09000B394643671058105910508F4B12CE091C3
:10E0A000C607F091C7070681178101151105C1F157
:10E0B000F80180858F70863079F51987088770E0C0
:10E0C00060E0CE0108960E941664B701CE01089662
:10E0D0000E94676867E374E0C8010E94429FFC01E8
:10E0E000892BD1F090859F7095509230A8F4C6800E
:10E0F000D780C114D10481F0DA82C982B801CE017F
:10E1000001960E941664B701CE0101960E946768CD
:10E11000F601C280D380EDCFF80102811381C5CF13
:10E12000F3E0EF16F10451F00E9484AE6093ED0627
:10E130007093EE068093EF069093F006BB2051F0AB
:10E140000E9484AE6093E9067093EA068093EB0622
:10E150009093EC0610926A0B10926B0B8091C4079F
:10E1600081508093C4078091C50781508093C50773
:10E170002E960FB6F894DEBF0FBECDBFDF91CF91C4
:10E180001F910F91FF90EF90DF90CF90BF90089577
:10E190008091C3078F5F8093C307A89583E090E0C9
:10E1A0000E94FA6F0E941E938091C3078150809352
:10E1B000C3070895CF92DF92EF92FF92CF93DF9340
:10E1C000EC018C85883068F40E94C89A0E9484AE65
:10E1D0006B017C018C850E94E49A811109C088E062
:10E1E0008C87DF91CF91FF90EF90DF90CF900895D3
:10E1F0000E94C87061E070E080E090E00E9451AE43
:10E200000E9484AEAB01BC014C195D096E097F0907
:10E210008D859E85B0E0A0E0481759076A077B0707
:10E22000C8F28C850E94D69ADACF8F929F92BF92C5
:10E23000CF92DF92EF92FF920F931F93CF93DF93D2
:10E24000CDB7DEB7AE970FB6F894DEBF0FBECDBF29
:10E250008091F1069091F206892B09F4E9C480912E
:10E26000C4078111E5C48091C4078F5F8093C40700
:10E2700062EB74E18AE49AE00E94AE8E8AE49AE04E
:10E280000E94E08C0091F1061091F2066FE975E0B2
:10E29000C8010E94429F9093CB078093CA0765EA0A
:10E2A00075E0C8010E94429F9093500780934F07EA
:10E2B0006AEC75E0C8010E94429F9093C707809363
:10E2C000C6076CEA75E0C8010E94429F9093E80679
:10E2D0008093E706009739F1DC011696ED91FC91E9
:10E2E000309709F120852F702530E9F46EE974E14B
:10E2F0008AE49AE00E94AE8E8091E7069091E8064B
:10E300000E9462A48093B607682F8AE49AE00E9474
:10E31000C2A38AE49AE00E94E08CE091E706F091C3
:10E32000E806868197819093BA078093B9070E9487
:10E330008E3261EB75E08091F1069091F2060E94B9
:10E34000429F9093CD078093CC07892B09F442C05C
:10E350008091CE0781113EC08091BF079091C00788
:10E36000892B09F0DDC160E574E18BEF9AE00E9432
:10E37000AE8E8BEF9AE00E94E08C8FE090E00E94DE
:10E3800039D58C0188E1F8018183128210821686CA
:10E3900015860E9496A91093C0070093BF07012B12
:10E3A00009F08CC061E474E184E59AE00E94AE8ECD
:10E3B00084E59AE00E94E08C80E081708093CE0733
:10E3C0008091CE07882331F06EE874E18AE49AE008
:10E3D0000E94AE8E1092C2071092C107E091CA0748
:10E3E000F091CB07309709F4C8C2E680F78000911E
:10E3F000CA071091CB070115110509F4B7C2E11442
:10E40000F10409F4B3C2F70180858F70853099F764
:10E41000C7010E9462A4823070F3A801B701CE0147
:10E4200001960E944548CE0101960E94B03F882384
:10E43000E1F18C859D85009709F411C2DC01ED9115
:10E44000FC910284F385E02D1995892B49F08C8588
:10E450009D85DC01ED91FC910084F185E02D1995FD
:10E460008C859D85DC01ED91FC910680F781E02D86
:10E470001995892BD1F0CE0101960E94DB428823A9
:10E4800041F040E050E160E070E0CE0101960E9472
:10E49000CF1B8F819885892B41F040E050E260E0EE
:10E4A00070E0CE0101960E94CF1BD7011296ED902D
:10E4B000FC90CE0101960E94AE4699CF0E9496A98B
:10E4C0008091BF079091C0070E947B1B882309F4AD
:10E4D00094C062E274E18AE49AE00E94D28E809154
:10E4E000BF079091C0070E946D27E091BF07F09190
:10E4F000C00781E080838091BF079091C0070E9490
:10E500007B276EE074E1811102C069EF73E18BEF4C
:10E510009AE00E94D28E8091CC079091CD07892BF2
:10E5200009F44ACF8091BD079091BE07892B09F06D
:10E53000E9C083E190E00E9439D58C018091BF074A
:10E540009091C0072BE731E8D80152963C932E9367
:10E55000519716969C938E93159714961C92149728
:10E560001C9289E011968C93119781E012968C93FE
:10E57000129713968C931093BE070093BD070E94C9
:10E5800084AE6B017C01B0E1CB0EB7E2DB1EE11C77
:10E59000F11CD8011596ED91FC9116978FEF8387AA
:10E5A00014861382148215821682178210861186B1
:10E5B000128614961C92BB24B394BE01605E7F4FFA
:10E5C000F801858196810E94552818160CF095C097
:10E5D0000E9484AE6C157D058E059F0508F08DC0E8
:10E5E000DE01909698E080E0915019F1ED91E827D6
:10E5F000F0E0E655F34E8491F7CF0E94692A8091AE
:10E60000BF079091C0070E947B1B882359F06CEDD7
:10E6100073E18AE49AE00E94AE8E8AE49AE00E9456
:10E62000E08C79CF60EC73E184E59AE00E94D28EB1
:10E63000C3CE9FA19813C1CFD8018C91811138C04E
:10E6400015968D919C910E947B27BE01605E7F4F45
:10E65000F801858196810E944E2740E064EBD80145
:10E6600015968D919C910E942827F80185809680AF
:10E67000C4010E94AC26C4010E947E1467E88BEBA3
:10E6800099E00E94091560E88BEB99E00E9409155A
:10E690000E944EAEC4010E94AC26982ED801159659
:10E6A0008D919C910E947B2795FC02C0F801B0825D
:10E6B000AE014F5F5F4FBE01605E7F4FC8010E9499
:10E6C000BC27D80111969C9088A1803109F4B2C270
:10E6D000BE01605E7F4FC8010E942B28891510F58E
:10E6E000F8018181D80111968C93119714968C9121
:10E6F00014978F5F14968C9360CFE091BD07F091D3
:10E70000BE071282E091CC07F091CD07E680F7803A
:10E710009FE7D92E8091CC079091CD07892B71F47A
:10E7200081E04BCE88A1803111F48CE0DBCFBE01BB
:10E73000605E7F4FC8010E942B28D4CFE114F10402
:10E7400079F3BE01605E7F4FF701808191810E9465
:10E75000E12F882329F369EA73E18BEF9AE00E94A5
:10E76000AE8ED7016D917C918BEF9AE00E94578E0F
:10E770008BEF9AE00E94E08C0091BD071091BE07DC
:10E78000AE014F5F5F4FBE01605E7F4FC8010E94C8
:10E790001128882309F45EC088A1803109F45AC089
:10E7A000DD82F801858196810E947B27BE01605E33
:10E7B0007F4FD80115968D919C910E944E2740E085
:10E7C0006EE4F801858196810E94282740E06B81E4
:10E7D000D80115968D919C910E94282740E06C816C
:10E7E000F801858196810E94282788A1803141F017
:10E7F00040E06D81D80115968D919C910E9428274B
:10E80000F801858196810E947B27BE01605E7F4F63
:10E81000D80115968D919C910E944E27F801408158
:10E8200068E4858196810E94282764E170E080E099
:10E8300090E00E9451AED8018C91882331F06AE0BB
:10E8400070E080E090E00E9451AEF80185819681F1
:10E850000E947B27D7011296ED90FC905BCFCE01F2
:10E8600001960E9472A48C01912C812C97FF06C006
:10E8700011950195110988248394912CCE0101965C
:10E880000E94DB42C82ED12C8B85853091F08630DA
:10E8900009F00BCEB02E61E0802F0E94E0AC61E069
:10E8A000892809F441C0CA94CD2809F041C060E02C
:10E8B0003FC0CD2829F462E0CE0101960E941C1CC5
:10E8C00040E050E160E070E0CE0101960E94CF1B75
:10E8D0008F819885892B41F040E050E260E070E044
:10E8E000CE0101960E94CF1B61E0802F0E94E0AC18
:10E8F00060E0802F0E94B2AC66E874E18BEF9AE092
:10E900000E94AE8EB8018BEF9AE00E94C9A361E825
:10E9100074E18BEF9AE00E94AE8E6FE774E18BEFAB
:10E920009AE00E94AE8EC1CDCA94CD2809F0BFCF27
:10E93000C62ED12C8B2D0E94B2AC6AE774E18BEF0E
:10E940009AE00E94AE8EB8018BEF9AE00E94C9A3B4
:10E9500068E774E18BEF9AE00E94AE8EB6018BEF10
:10E960009AE00E94C9A366E774E1D9CFF8018681D5
:10E9700097819093C2078093C1078BEF9AE00E9422
:10E98000E08C65E973E18AE49AE00E94AE8E8AE445
:10E990009AE00E94E08CE091C607F091C70730979B
:10E9A00009F4A8C08091C4078F5F8093C4070681D3
:10E9B00017810115110509F498C0D80118968C919A
:10E9C0008F70863009F07EC019A708A770E060E05C
:10E9D000CE0188960E9416648DA59EA5892B09F408
:10E9E00071C08091F1069091F206892B09F46AC0FA
:10E9F000E8A4F9A4E114F104B9F1F70180858F705E
:10EA0000863091F5F9A2E8A270E060E0CE01809630
:10EA10000E941664EDA1FEA110821182128213825F
:10EA200067E374E0C7010E94429FFC01892BE1F07B
:10EA300090859F7095509230B8F4C680D780C114ED
:10EA4000D10491F0DA82C982B701CE0101960E9409
:10EA50001664EE81FF811082118212821382D60128
:10EA60001296CD90DC90EBCF60E973E18BEF9AE0EA
:10EA70000E94AE8E6BA58BEF9AE00E94C2A36EE857
:10EA800073E18BEF9AE00E94AE8E6AA58BEF9AE05D
:10EA90000E94C2A38BEF9AE00E94E08CEDA5FEA538
:10EAA00010821182128213828AA5843078F4823017
:10EAB00098F060E08BA50E94E0ACEDA5FEA58181F9
:10EAC000807F8183F8010281138173CF803459F0F4
:10EAD000823421F08032B1F762E0ECCF60E08BA5A8
:10EAE0000E94E0ACEFCF62E0FACF8091C407815082
:10EAF0008093C40761E873E18AE49AE00E94AE8ED5
:10EB000069E773E18AE49AE00E94AE8E81E0209189
:10EB1000CA073091CB07232B09F480E00E946B1CBD
:10EB200060E773E18AE49AE00E94AE8E81E0209172
:10EB3000C6073091C707232B09F480E00E946B1CA5
:10EB400069E673E18AE49AE00E94AE8E81E020914A
:10EB5000B9073091BA07232B09F480E00E946B1C9F
:10EB600060E673E18AE49AE00E94AE8E81E0209133
:10EB7000CC073091CD07232B09F480E00E946B1C59
:10EB800067E573E18AE49AE00E94AE8E80914E07B9
:10EB90000E946B1C8AE49AE00E94E08C62E573E1BB
:10EBA0008AE49AE00E94AE8E0E94522EAB01BC0114
:10EBB0008AE49AE00E94BFA38AE49AE00E94E08C73
:10EBC00081E08093BC0787E19AE00E949F1A882326
:10EBD00051F087E19AE00E94DA7084E090E090932F
:10EBE000C9078093C8078091C8079091C907079704
:10EBF00031F484E090E09093C9078093C807809136
:10EC0000C40781508093C4078091BC07AE960FB6AD
:10EC1000F894DEBF0FBECDBFDF91CF911F910F9152
:10EC2000FF90EF90DF90CF90BF909F908F900895CE
:10EC300080E0ECCFFCE0F91508F452CD76CDCF9210
:10EC4000DF92EF92FF921F93CF93DF93EC017B0152
:10EC50006A018C85883048F40E94E49A882319F070
:10EC60008C850E94C89A88E08C87F7018281938105
:10EC7000A481B5810097A105B10551F490E080E031
:10EC8000DF91CF911F91FF90EF90DF90CF9008958B
:10EC90008F3F9F4FAF4FBF4F89F370E060E081E23D
:10ECA0000E941F9B182F8C87883040F780E591E0E9
:10ECB0000E9455A9A7014E5F5F4F24E030E06CE051
:10ECC00070E0812F0E94E622B601812F0E94F39A04
:10ECD00064E070E0812F0E9400960E9484AE6B0178
:10ECE0007C018C850E94E49A873121F18C3111F1ED
:10ECF000882321F20E9484AEAB01BC014C195D094E
:10ED00006E097F098D859E85B0E0A0E08417950788
:10ED1000A607B70748F00E94C87061E070E080E085
:10ED200090E00E9451AEDDCF8C850E94D69A88E09B
:10ED30008C87A4CF81E090E0A3CFA89582E090E0FB
:10ED40000C94FA6FAF92BF92DF92EF92FF920F9303
:10ED50001F93CF93DF9300D000D0CDB7DEB78C01E7
:10ED60007B01D42EFB0184819581892BF9F0A08051
:10ED7000B1806FE370E0C5010E9492E30097B1F0AB
:10ED80009C012A193B0937FD11C050E040E0B70152
:10ED9000CE0101960E94918ABE016F5F7F4FC7012D
:10EDA0000E94DF88CE0101960E94418A64EB75E0E3
:10EDB000C7010E949A88882321F1F801128A118ADA
:10EDC00080E090E19587848784E890E0948B838B42
:10EDD00081E0868780E090E2908B8787D58A81E00A
:10EDE00090E026960FB6F894DEBF0FBECDBFDF9140
:10EDF000CF911F910F91FF90EF90DF90BF90AF9058
:10EE0000089561EC75E0C7010E949A88882369F033
:10EE1000F801128A118A148A138A84E890E095878F
:10EE20008487168680E090E3D7CF90E080E0D9CF4A
:10EE3000EF92FF920F931F93CF93DF9300D01F9217
:10EE4000CDB7DEB78C017B01FB0184858830A8F04B
:10EE50008CE294E0F8019183808312821382148201
:10EE60001582C8010F900F900F900F90DF91CF91F6
:10EE70001F910F91FF90EF90089580E591E00E941F
:10EE800055A924E030E0AE014F5F5F4F6CE070E0C9
:10EE9000F70184850E941524BE016F5F7F4FC80172
:10EEA0000E94EE8EDECFEF92FF920F931F93CF93CF
:10EEB000DF9300D000D0CDB7DEB78091260A9091C5
:10EEC000270A892B09F46CC087E70E948EA08091E5
:10EED000260A9091270ADC01ED91FC910088F189C6
:10EEE000E02D70E060E0199510E000E08091260AC6
:10EEF0009091270ADC01ED91FC9111971C962D91C0
:10EF00003C910217130740F40190F081E02D60E07E
:10EF100019950F5F1F4FEACF0088F189E02D70E04F
:10EF200060E0199505E313E089E3E82E83E0F82E0D
:10EF30008091260A9091270AF80161918F01DC01E6
:10EF4000ED91FC910190F081E02D1995E016F1060C
:10EF500079F78091260A9091270ADC01ED91FC91C6
:10EF60000488F589E02D19956AE176E0CE010196D5
:10EF70000E94808ACE0101960E940AB6CE010196B7
:10EF80000E94418A87E090E00E94AAA387E090E077
:10EF90000E94B4A362EE76E18AE49AE00E94AE8E0B
:10EFA0001092460A1092450A80E090E19093410A3F
:10EFB0008093400A84E890E09093480A8093470A3F
:10EFC00081E08093420A80E090E29093440A80932B
:10EFD000430A82E78093490A84E39AE00E94F31788
:10EFE00084E39AE00E948B1C88EC90E026960FB692
:10EFF000F894DEBF0FBECDBFDF91CF911F910F916F
:10F00000FF90EF900895CF93DF93CDB7DEB72E97A3
:10F010000FB6F894DEBF0FBECDBF8091C40781113B
:10F0200021C18091C4078F5F8093C4076DE075E1B3
:10F030008AE49AE00E94AE8E8AE49AE00E94E08C14
:10F040001092460A1092450A80E090E19093410A9E
:10F050008093400A84E890E09093480A8093470A9E
:10F0600081E08093420A80E090E29093440A80938A
:10F07000430A82E78093490A84E39AE00E94D322FC
:10F080008B37910509F0C5C06FEF74E18BEF9AE003
:10F090000E94AE8E8BEF9AE00E94E08C8091F10688
:10F0A0009091F206892B21F081E090E00E947A6431
:10F0B0001C821B8287E892E09A83898384E39AE02A
:10F0C0009E838D838FEF9FEF98878F83CE0101966C
:10F0D0000E94D9A99093F2068093F10684E39AE006
:10F0E0000E948B1C8091F1069091F206892B01F50C
:10F0F00063EF74E184E59AE00E94AE8E84E59AE0C5
:10F100000E94E08C6AE176E0CE0109960E94808A36
:10F11000CE0109960E940AB6CE0109960E94418A44
:10F120008091C40781508093C40790E080E019C0AB
:10F1300060EE74E18AE49AE00E94AE8E8AE49AE07E
:10F140000E94E08C8091C40781508093C4070E9484
:10F1500015718091260A9091270A892B59F481E034
:10F1600090E02E960FB6F894DEBF0FBECDBFDF91B4
:10F17000CF9108950E94A3A0882389F382E70E947B
:10F180008EA08091260A9091270ADC01ED91FC91D6
:10F190000088F189E02D60E670E019956091260AFB
:10F1A0007091270A40E0CE0109960E945D8CBE0155
:10F1B000675F7F4F88E29AE00E94DF88CE01099660
:10F1C0000E94418A8091260A9091270ADC01ED91E4
:10F1D000FC910488F589E02D199562EC74E18BEFC0
:10F1E0009AE00E94AE8E68E27AE0CE0109960E9413
:10F1F000778ABE01675F7F4F8BEF9AE00E94A08EF7
:10F200008BEF9AE00E94E08CCE0109960E94418A21
:10F21000A6CF84E39AE00E94C917892BA1F084E36A
:10F220009AE00E94F3176AE176E0CE0101960E940F
:10F23000808ACE0101960E940AB6CE0101960E94F4
:10F24000418A0E9479B684E39AE00E948B1C6FEC9D
:10F2500074E18AE49AE00E94AE8E8AE49AE00E9409
:10F26000E08C5ECF8FEF9FEF7CCFFF920F931F93C9
:10F27000CF93DF9300D000D0CDB7DEB78C01BC01B7
:10F28000CE0101960E94778ABE016F5F7F4F8BEFA0
:10F290009AE00E94A08E8BEF9AE00E94E08CCE0153
:10F2A00001960E94418A6DE077E1CE0101960E94AD
:10F2B000498ABE016F5F7F4FC8010E947F88F82E88
:10F2C000CE0101960E94418AFF2069F0B801CE016B
:10F2D00001960E94778ACE0101960E940AB6CE015D
:10F2E00001960E94418A26960FB6F894DEBF0FBEA3
:10F2F000CDBFDF91CF911F910F91FF9008954F9255
:10F300005F926F927F928F929F92AF92BF92CF92B5
:10F31000DF92EF92FF920F931F93CF93DF93CDB7BE
:10F32000DEB7C859D1090FB6F894DEBF0FBECDBF06
:10F330008E010F5B1F4FD8011D921C92FE01ED5BE9
:10F34000FF4F8EE1DF011D928A95E9F78091260A31
:10F350009091270A892B09F4CEC10E94A3A088238B
:10F3600009F4C9C182E70E948EA08091260A90917B
:10F37000270ADC01ED91FC910088F189E02D60E223
:10F3800070E019954FE150E0B8018091260A909104
:10F39000270A0E94E8A07C018091260A9091270A02
:10F3A000DC01ED91FC910488F589E02D1995E114BB
:10F3B000F10409F4A0C1F801EE0DFF1D1082809147
:10F3C000330A1F928F938091320A1F928F938091FC
:10F3D000310A1F928F938091300A1F928F938091F0
:10F3E0002F0A1F928F9380912E0A1F928F938DEC7C
:10F3F00095E09F938F931F9280E48F93FE01319647
:10F400006F01FF93EF930E94E5E36CEF77E18AE4ED
:10F410009AE00E94AE8EB8018AE49AE00E94578E6C
:10F42000B6018AE49AE00E94578E8AE49AE00E942C
:10F43000E08C7E01F1E6EF0EF11CD70113961C92D1
:10F440001E92129788EE93E0A0E0B0E0F70184836B
:10F450009583A683B78388E0848788EE93E09687B8
:10F4600085878FE392E091838083108A1786128BC1
:10F47000018B148A138A80E590E0968B858B118E20
:10F4800064E177E18BEF9AE00E94AE8E68E27AE069
:10F49000CE0185589F4F0E94778ABE0165587F4FE5
:10F4A0008BEF9AE00E94A08E8BEF9AE00E94E08C96
:10F4B000CE0185589F4F0E94418A6CEF75E0CE01C6
:10F4C00083579F4F0E94808A6CEF75E0CE0185586C
:10F4D0009F4F0E94808ABE0165587F4FCE018B5797
:10F4E0009F4F0E94778A68E27AE0CE018B579F4F48
:10F4F0000E94DD89BE0163577F4F0E94DD89BC01F8
:10F50000CE018D569F4F0E94778ACE018B579F4F19
:10F510000E94418ACE0185589F4F0E94418ACE01A8
:10F5200083579F4F0E94418A8EEF95E0CB57DF4F64
:10F5300099838883C558D040C757DF4F19821882F6
:10F54000C958D040C557DF4F19821882CB58D040D8
:10F55000CD56DF4F88819981C359D040C957DF4FBD
:10F5600099838883C758D04066EF77E18BEF9AE0A4
:10F570000E94AE8E0E94522EAB01BC018BEF9AE02E
:10F580000E94BFA38BEF9AE00E94E08C64E670E0DB
:10F5900080E090E00E9451AE85E399E7D701509654
:10F5A0009C938E931F9761E875E88AE495E90E9421
:10F5B0007CD88C010FB6F894DEBF0FBECDBF892B6F
:10F5C00009F4F4C083E090E00E9439D5D8011D967B
:10F5D0009C938E931C97FC01F182E0821282C701FA
:10F5E0000E949F1A882319F0C7010E94DA70D70180
:10F5F00053966D917C9154975596AD90BC90611542
:10F60000710509F48FC0CE0185589F4F0E94EE8E80
:10F61000A501BE0165587F4FC7010E941F761816CD
:10F6200019060CF0C0C0D7015196BC905197529664
:10F63000AC90DF92CF928FE697E19F938F931F93C9
:10F640000F930E9403D9DF92CF928AE697E19F93AE
:10F650008F931F930F930E9403D9D8011C96ED91AD
:10F66000FC9181E08283DF92CF9287E697E19F93BE
:10F670008F931F930F930E9403D9D8011C96ED918D
:10F68000FC911282AF92BF9281E397E19F938F9397
:10F690001F930F930E9403D90FB6F894DEBF0FBEDD
:10F6A000CDBFB12C88E2C82E87E1D82E8B2D94E0F7
:10F6B0008902F0011124A5E8B0E0AC0FBD1FEA0FEC
:10F6C000FB1F808191810097A9F12281338121154F
:10F6D0003105C9F33F932F939F938F93DF92CF927E
:10F6E0001F930F930E9403D9B3940FB6F894DEBF13
:10F6F0000FBECDBFDBCF40E250E06EE278E1C80143
:10F700000E94A9D760E178E18AE49AE00E94AE8E77
:10F71000B8018AE49AE00E94578E8AE49AE00E9437
:10F72000E08C4DCEF70161897289A501C7010E9465
:10F73000C11A75CF8CE697E19F938F931F930F9318
:10F740000E9403D9D70158961C921E925797D80150
:10F750001C96ED91FC91C080D1800F900F900F907E
:10F760000F9043E3A42EB12CD601ED91FC910084BF
:10F77000F185E02DC601199541975CF4B1E0AB1A13
:10F78000B10839F064E170E080E090E00E9451AE91
:10F79000EBCFD601ED91FC910084F185E02DC601FF
:10F7A0001995419734F4C8010E94239510E000E0B8
:10F7B0005AC06AE176E0CE0183579F4F0E94808A4B
:10F7C000912CA12CD601ED91FC910688F789E02DB2
:10F7D000C60119958823E1F1BDE0AB1201C0A92C47
:10F7E000D601ED91FC910688F789E02DC6011995A7
:10F7F0008111BBC0D601ED91FC910084F185E02D13
:10F80000C6011995892B09F4C2C0D601ED91FC916E
:10F810000284F385E02DC6011995B82EBAE08B1746
:10F8200009F4B7C0EDE08E1709F4B3C0FFEF8F17EE
:10F8300009F4ADC0682FCE0183579F4F0E946C8999
:10F840009A2CAB2CBFCFBAE0BB12FACFAB12F8CFD9
:10F85000CC24C394D12CCE0183579F4F0E94418A60
:10F86000CD2809F4A3CFD7015796ED90FC9068EE10
:10F8700077E18BEF9AE00E94AE8EB7018BEF9AE0B2
:10F880000E94C9A38BEF9AE00E94E08C64E670E0CE
:10F8900080E090E00E9451AE0115110509F465C1A8
:10F8A000B8ECEB16F10409F03EC16CED77E18AE4A7
:10F8B0009AE00E94AE8E64EF71E080E090E00E94DA
:10F8C00051AEEF961FAE1EAEEF97C158DF4F1982B3
:10F8D0001882CF57D0408FEF9FEFCF57DF4F9983DC
:10F8E0008883C158D04081E792E0ED969FAF8EAFFC
:10F8F000ED97CD57DF4F19830883C358D040F89454
:10F9000090E080E00E947A648111CEC060ED77E1E2
:10F9100084E59AE00E94AE8E84E59AE00E94E08C35
:10F92000C8010E94239524EFE22EFF24F394CE0118
:10F930008D569F4F0E94418AC701C856DF4F0FB6B0
:10F94000F894DEBF0FBECDBFDF91CF911F910F9115
:10F95000FF90EF90DF90CF90BF90AF909F908F90EF
:10F960007F906F905F904F900895D601ED91FC913C
:10F970000084F185E02DC6011995892B09F03ACF55
:10F9800064E670E080E090E00E9451AE29CFBB2495
:10F99000BA946CE076E08EE59AE00E94578EBE0144
:10F9A00063577F4F8EE59AE00E94A08E8EE59AE025
:10F9B0000E94E08C6FE177E1CE0185589F4F0E9455
:10F9C000498ABE0165587F4FCE0183579F4F0E94E1
:10F9D0007F88982ECE0185589F4F0E94418A99209A
:10F9E00099F1CF56DF4F28813981C159D04049E084
:10F9F00050E0BE0163577F4FCE0185589F4F0E9454
:10FA0000918AED968EAD9FADED97412C512C320130
:10FA1000009719F00E9424D72B014201CE0185588E
:10FA20009F4F0E94418A4114510429F0D7015896F2
:10FA30005C924E925797B4018EE59AE00E94C9A35A
:10FA40008EE59AE00E94E08CF7018784908881140B
:10FA50009104D1F0CF56DF4F88819981C159D040B0
:10FA6000892B91F0BE0163577F4FCE0185589F4F80
:10FA70000E94778ACE0185589F4FF4011995CE01D7
:10FA800085589F4F0E94418A6AE176E0CE018357F4
:10FA90009F4F0E94118AFFEFBF12D5CEC8010E946E
:10FAA0002395D12CC12CD7CECE0185589F4F0E94D3
:10FAB000D9A99093F2068093F1067894C8010E9428
:10FAC00023958091F1069091F206892BD1F46AE199
:10FAD00076E0CE0183579F4F0E94808ACE018357E4
:10FAE0009F4F0E940AB6CE0183579F4F0E94418AC2
:10FAF00069EB77E184E59AE00E94AE8EF12CE12C6F
:10FB000016CF0E9415718091BC07882329F00E94AE
:10FB100002A371FF0E94CA1D62EB77E18AE49AE0BA
:10FB20000E94AE8E04CFE0E3EE16E1E0FE0651F453
:10FB30006EE977E18AE49AE00E94AE8EC8010E94E5
:10FB40002395F5CE66E877E184E59AE00E94AE8ED3
:10FB5000C8010E942395B70184E59AE00E94C9A3D9
:10FB600084E59AE00E94E08CE2CE63E777E18BEFD8
:10FB70009AE00E94AE8EEE24EA94FE2CD8CE5F92DC
:10FB80006F927F928F929F92AF92BF92CF92DF92AD
:10FB9000EF92FF920F931F93CF93DF93CDB7DEB712
:10FBA000C157D1090FB6F894DEBF0FBECDBF4C01CF
:10FBB0008B01F42E642F8BEF9AE00E94C2A363EDB9
:10FBC0007FE08BEF9AE00E94AE8EB801CE010196E5
:10FBD0005C010E94778AB5018BEF9AE00E94A08EAB
:10FBE0008BEF9AE00E94E08CC5010E94418A92E06E
:10FBF000F912A4C261ED7FE0C5010E94498AB501F6
:10FC0000C8010E94AF88F82EC5010E94418AFF20DA
:10FC100009F40DC320E04DE251E0B40185EF99E015
:10FC20000E947F92E090B707F090B8076AEC7FE0FF
:10FC3000CE0184599F4F0E94498A63EC7FE0CE0138
:10FC40008A599F4F0E94498ACE01865A9F4F0E942F
:10FC50006425A0961FADA0976F960FAD6F976E9617
:10FC6000DFAC6E976D96CFAC6D976AE176E0CE0112
:10FC700081960E94808ABE016F5D7F4FC5010E9400
:10FC8000778A6C2DC5010E9492896FE076E00E9410
:10FC9000C3896D2D0E9492896FE076E00E94C3892E
:10FCA000602F0E9492896FE076E00E94C389612FE5
:10FCB0000E949289BC01CE01805A9F4F0E94778A90
:10FCC000C5010E94418ACE0181960E94418A6EEB55
:10FCD0007FE0CE018C5A9F4F0E94498A6AE176E00C
:10FCE000CE01825B9F4F0E94808A06E21AE0D80113
:10FCF00018966C9170E084E0759567958A95E1F7A8
:10FD0000C5010E9462A04D815E8169817A81CE0128
:10FD1000825B9F4F0E944089C5010E94418AF80181
:10FD200060856F7070E0C5010E9462A04D815E81A8
:10FD300069817A81CE01825B9F4F0E944089C50113
:10FD40000E94418A0F5F1F4FFAE00C321F0779F6BD
:10FD500068EB7FE0CE01885B9F4F0E94498A66EA8C
:10FD60007FE0CE0181960E94498ABE016F5D7F4F80
:10FD7000CE01805C9F4F0E94778A26960EAD1FAD04
:10FD80002697085E1F4FB801CE01805C9F4F0E94EE
:10FD90001889811184C0CE01805C9F4F0E948089A8
:10FDA000BE01685B7F4FCE01805C9F4F0E94DD8962
:10FDB000BE01625B7F4F0E94DD89BE016C5A7F4F9E
:10FDC0000E94DD89BE01605A7F4F0E94DD89BE011D
:10FDD0006A597F4F0E94DD898C014AE0B50180E5B8
:10FDE00090E00E94EED7F50101900020E9F73197ED
:10FDF000AF014A195B09B501C8010E944089811110
:10FE000003C0C8010E948089BE0164597F4FC801A8
:10FE10000E94DD89B7010E94C389BC01C4010E9410
:10FE2000A08EC4010E94E08CCE01805C9F4F0E9496
:10FE3000418ACE0181960E94418ACE01885B9F4F04
:10FE40000E94418ACE01825B9F4F0E94418ACE016F
:10FE50008C5A9F4F0E94418ACE01805A9F4F0E9428
:10FE6000418ACE018A599F4F0E94418ACE0184590E
:10FE70009F4F0E94418AC4010E94E08C64E670E0BA
:10FE800080E090E00E9451AED401ED91FC91048895
:10FE9000F589E02DC401199501E010E0ABC0229670
:10FEA0002EAD3FAD229726968EAD9FAD26976DE87D
:10FEB0007FE0820F931F0E947BD726961FAF0EAF65
:10FEC00026976ECF2A966EAD7FAD2A97CE0181968A
:10FED0000E948CA6892B09F464C124961CAE1DAE29
:10FEE0001EAE1FAE249728961CAE1DAE1EAE1FAED2
:10FEF000289722968FAD2297807F22968FAF2297E8
:10FF000040E050E3BE016F5D7F4FCE01805C9F4FAC
:10FF10000E948F4400E020E030E340E250E0B50171
:10FF2000CE01805C9F4F0E948F20BC01C6010E94C1
:10FF30001B8A08EC10E137C1EE2009F4FDC046E051
:10FF400050E070E060E0C8010E941C884091CA0740
:10FF50005091CB07D8016D917C91CE0181960E9482
:10FF60004441CE0181960E94B03F00E911E0882310
:10FF7000E9F18BA5873061F4CE0181960E944E494C
:10FF800061E0892B09F462E0CE0181960E941C1C7D
:10FF900024961CAE1DAE1EAE1FAE249728961CAE36
:10FFA0001DAE1EAE1FAE289722968FAD2297807F82
:10FFB00022968FAF229740E050E3BE016F5D7F4FE6
:10FFC000CE01805C9F4F0E948F4400E020E030E330
:10FFD00040E250E0B501CE01805C9F4F0E948F202F
:10FFE000BC01C6010E941B8A08EC10E1CE0181967B
:10FFF0000E94AE46C801CF58DF4F0FB6F894DEBF5F
:020000021000EC
:100000000FBECDBFDF91CF911F910F91FF90EF9069
:10001000DF90CF90BF90AF909F908F907F906F9028
:100020005F900895F801608171810E94429F7C0178
:10003000892B09F044C104E911E0DCCFEE2009F47A
:100040007BC049E050E070E060E0C8010E941C887D
:100050004AE0B401C5010E945D8C41E050E067EBCD
:1000600074E0C8010E9440894D815E8169817A8176
:10007000C8010E94408969E67FE08BEF9AE00E9408
:10008000AE8EB801CE0181960E94778ABE016F5D67
:100090007F4F8BEF9AE00E94A08E8BEF9AE00E9438
:1000A000E08CCE0181960E94418A61E67FE0CE011C
:1000B00081960E94498AF801848195812DA13EA1F3
:1000C00082179307E1F4892BA1F1E080F18069A008
:1000D0007AA0D7018D917D01882359F1082E000C5B
:1000E000990B0E9422E36C01F30181913F01082EDC
:1000F000000C990B0E9422E3C816D90651F3CE01D9
:1001000081960E94418A552041F021E048EC50E060
:10011000B40185EF99E00E947F92D8018D919C9166
:100120000E94AD92009711F484E991E08C01C50121
:1001300041C055245394E3CF01E97ECFB1E0FB12D7
:1001400074C066E87FE0C5010E94498AB501C80114
:100150000E947F88582EC5010E94418A552069F16E
:10016000EE2051F346E050E070E060E0C8010E94EC
:100170001C884AE0B401CE01885B9F4F0E945D8CD1
:100180004091CA075091CB07F80160817181CE017F
:1001900081960E944441CE0181960E94B03F811118
:1001A00091CE00E911E0CE0181960E94AE46CE01CB
:1001B000885B9F4F0E94418A1DCF6FE67FE0C5019B
:1001C0000E94498AB501C8010E947F88F82EC501A6
:1001D0000E94418AF11032CF64E57FE0C5010E94A0
:1001E000498AB501C8010E947F88182FC5010E9465
:1001F000418A00E0112309F4FDCE80E00E94A0A313
:100200006CE27FE08AE49AE00E94AE8E8AE49AE093
:100210000E94E08C6AE176E0C5010E94808AC501F7
:100220000E940AB6C5010E94418A00E036CE6FE7FF
:100230007FE0C5010E94498AB501C8010E947F88FC
:10024000F82EC5010E94418AF11076CE69E77FE061
:10025000C5010E94498AB501C8010E947F88F82E15
:10026000C5010E94418AFF2001F3EE2009F464CF0A
:1002700045E050E070E060E0C8010E941C886FE03B
:1002800076E0C8010E949A88882339F0E090CA0776
:10029000F090CB07E114F10491F46AE176E0C80133
:1002A0000E949A88811107C08091CA079091CB075C
:1002B000009709F0B7CEE090F106F090F20620E04A
:1002C00048EC50E2B40185EF99E00E947F92C401AE
:1002D0000E94E08C1C821B8287E892E09A838983CB
:1002E0009E828D828FEF9FEF98878F83B701C50124
:1002F0000E9443A5C3CD0895FC0124813581621776
:10030000730748F480819181009729F0860F971F29
:10031000FC018081089580E0089508950895AF92CA
:10032000BF92CF92DF92EF92FF920F931F93CF93E2
:10033000DF936C017B018B01040F151FEB015E0144
:10034000AE18BF08C017D10759F06991D601ED91D9
:10035000FC910190F081E02DC6011995892B79F768
:10036000C501DF91CF911F910F91FF90EF90DF902A
:10037000CF90BF90AF900895FC01538D448D252FF1
:1003800030E0842F90E0821B930B541710F0CF962F
:10039000089501970895FC01918D828D981761F061
:1003A000A28DAE0FBF2FB11D5D968C91928D9F5F78
:1003B0009F73928F90E008958FEF9FEF0895FC0157
:1003C000918D828D981731F0828DE80FF11D858D0A
:1003D00090E008958FEF9FEF0895FC01918D228D9D
:1003E000892F90E0805C9F4F821B91098F73992722
:1003F00008958EE59AE00E94ED8121E0892B09F4B1
:1004000020E0822F0895FC01A48DA80FB92FB11D03
:10041000A35ABF4F2C91848D90E001968F7399273A
:10042000848FA689B7892C93A089B1898C91837018
:1004300080648C93938D848D981306C00288F38911
:10044000E02D80818F7D80830895EF92FF920F933E
:100450001F93CF93DF93EC0181E0888F9B8D8C8D70
:1004600098131AC0E889F989808185FF15C09FB764
:10047000F894EE89FF896083E889F9898081837027
:10048000806480839FBF81E090E0DF91CF911F91D6
:100490000F91FF90EF900895F62E0B8D10E00F5FF7
:1004A0001F4F0F731127E02E8C8D8E110CC00FB6CD
:1004B00007FCFACFE889F989808185FFF5CFCE0165
:1004C0000E940382F1CFEB8DEC0FFD2FF11DE35A5B
:1004D000FF4FF0829FB7F8940B8FEA89FB898081E8
:1004E0008062CFCFCF93DF93EC01888D8823B9F062
:1004F000AA89BB89E889F9898C9185FD03C080812F
:1005000086FD0DC00FB607FCF7CF8C9185FFF2CFAB
:10051000808185FFEDCFCE010E940382E9CFDF917C
:10052000CF91089580E090E0892B29F00E94F98115
:1005300081110E94000080E090E0892B49F080E06A
:1005400090E0892B29F00E94000081110E94000098
:1005500080E090E0892B49F080E090E0892B29F041
:100560000E94000081110E94000080E090E0892B31
:1005700049F080E090E0892B29F00E940000811171
:100580000C9400000895DC01ED91FC910190F08144
:10059000E02D19948FEF9FEF0895FC016289738914
:1005A000848995890895EF920F931F93CF93DF93DA
:1005B000FC01248D222341F0213051F1DF91CF91B4
:1005C0001F910F91EF9008952289338944895589AD
:1005D00086899789A08DB18D821B930BA40BB50BD7
:1005E000892F9A2FAB2FBB278C010F5F1F4F628182
:1005F000738184819581CFB7F894DCB7E1E0ECBFDB
:10060000EE24E394E2E0FEEF1995DCBFCFBFD6CF36
:10061000F0E0E0E0DF91CF911F910F91EF901994FE
:10062000FC01138E128E41110CC082899389A4891A
:10063000B589868B978BA08FB18F148E81E090E067
:10064000089590E080E00895CF92DF92EF92FF92BC
:10065000CF93DF93DC01CB01642FCFB7F8946D010A
:10066000EE24FF24CBBEDCB741E04CBFA901E1E0A2
:10067000FEEF1995DCBFCFBFDF91CF91FF90EF90D8
:10068000DF90CF900895CF93DF93FC01248D21114B
:1006900010C0EC01828D938D892B49F06689778992
:1006A000808D918D30E020E045E00E9424831B8EF8
:1006B0001A8EDF91CF9108951F93CF93DF93FC01A2
:1006C000248D211145C0162FEC01828D938D892B2D
:1006D00049F466897789808D918D30E020E043E090
:1006E0000E9424834A8D5B8DCA0181709927FE0187
:1006F000E80FF91F158F892B69F02D8D3E8D6E89BE
:100700007F89888D998D640F751F811D911D41E032
:100710000E9424838A8D9B8D01969B8F8A8F8115E1
:100720009140B1F46E897F89888D998D30E020E009
:1007300045E00E9424831B8E1A8E8E899F89A88D86
:10074000B98D9F5FAF4FBF4F8E8B9F8BA88FB98F97
:1007500081E090E0DF91CF911F910895DC01ED9150
:10076000FC910280F381E02D40E01994FB0144816B
:10077000558122813381215031094217530750F4AA
:10078000A081B181A40FB51F8C93848195810196BE
:100790009583848380E00895CF93DF93EC01E88113
:1007A000F9810284F385E02DCE0119950196B9F700
:1007B000DF91CF910895FC01A285B3851097A9F030
:1007C00086859785029788F0CD0101969387828769
:1007D0006C93868597850197978786870284F38532
:1007E000E02D108281E090E0089590E080E008958F
:1007F000FC01868197818F3F980729F02FEF3FEF0B
:10080000378326830895A085B185109789F02485C4
:1008100035852115310561F0CD01019691878087DD
:100820008C912150310935872487082E000C990BB3
:100830000895FC0186819781019639F481E0248531
:100840003585232B19F480E0089581E00895CF9237
:10085000DF92EF92FF920F931F93CF93DF937C0170
:100860006A018B01D0E0C0E0CC15DD0581F0D70135
:10087000ED91FC910284F385E02DC70119958F3F1E
:10088000980729F0F80181938F012196EDCFCE01D1
:10089000DF91CF911F910F91FF90EF90DF90CF905C
:1008A0000895CF93C62FDC01ED91FC910088F1896A
:1008B000E02D1995DC01ED91FC910190F081E02D86
:1008C0006C2FCF911994062E000C770BFC017783C7
:1008D00066830895CF93DF93EC018E819F8101960B
:1008E00011F5E881F9810088F189E02DCE01199593
:1008F000DC01ED91FC910084F185E02D1995892BA7
:10090000B1F0E881F9810284F385E02DCE011995DB
:100910008132910534F3E881F9810684F785E02D71
:10092000682FCE01199581E0DF91CF91089580E085
:10093000FBCFFC0120812EBD9B012150310941F0EC
:1009400051810DB407FEFDCF4EB55EBD4193F5CF8D
:1009500061507109860F971F0DB407FEFDCF2EB5AC
:10096000FC0120830895E091D007F091D1078081A8
:100970009091CF07892B80830895E091D007F09163
:10098000D10790818091CF07809589238083089536
:100990008EBD00000DB407FEFDCF8EB5089590E02A
:1009A00020912709233339F40C96982F990F990F2A
:1009B000990F80E008954896F8CFEF92FF920F9339
:1009C0001F93CF93DF93EC018B017A010E9484AED9
:1009D000688B798B8A8B9B8B8C819D81DC01ED915F
:1009E000FC910280F381E02DA701B801DF91CF9146
:1009F0001F910F91FF90EF9019941F93CF93DF9366
:100A0000EC01162F0E9484AE688B798B8A8B9B8BAE
:100A10008C819D81DC01ED91FC910190F081E02DB4
:100A2000612FDF91CF911F911994CF92DF92EF92B6
:100A3000FF92CF93DF93EC018E819F818F3F9807C8
:100A400059F02FEF3FEF3F832E83DF91CF91FF903F
:100A5000EF90DF90CF9008950E9484AE6B017C01EF
:100A6000A4EFCA0EA1E0DA1EE11CF11CE881F981B5
:100A70000088F189E02DCE011995DC01ED91FC9102
:100A80000084F185E02D1995892B39F40E9484AEFC
:100A90006C157D058E059F0548F3E881F981008876
:100AA000F189E02DCE011995DC01ED91FC910284D4
:100AB000F385E02DDF91CF91FF90EF90DF90CF9005
:100AC00019940E941DE30F931F93CF93DF938C0122
:100AD000C4E1D8E0688179816115710529F0C80108
:100AE0000E949DE3892B29F00B80DC81C02D20978B
:100AF00089F7CE01DF91CF911F910F9108950C944A
:100B0000D5D5EF92FF920F931F93CF93DF9300976A
:100B100051F4CFEFDFEFCE01DF91CF911F910F9115
:100B2000FF90EF900895DC011C96ED90FC90F7018A
:100B300000811181D801ED91FC910688F789E02DA3
:100B4000C8011995882329F3D801ED91FC910084FF
:100B5000F185E02DC8011995D801ED91FC91892B03
:100B600061F30284F385E02DC8011995EC0101962B
:100B700081F2F801818D882329F06C2F8EE59AE0AF
:100B80000E94C2A3D70112968C91882321F2C5320C
:100B9000D10509F6D801ED91FC910084F185E02D95
:100BA000C801199502975CF0D801ED91FC91068877
:100BB000F789E02DC80119958111ECCFAACFD1E0BA
:100BC000C0E0D801ED91FC910284F385E02DC801CD
:100BD00019958F3F980709F49CCF9C012154310946
:100BE0002A31310570F48D2F8295807F829FC00D50
:100BF0001124D11104C00C2E000CDD0B8CCFD0E0E1
:100C0000E0CF9C01215631092A31310560F3C097AC
:100C10008A30910570F79D2F9295907F989FC00D17
:100C20001124E7CFCF92DF92EF92FF920F931F93A1
:100C3000CF93DF936C018B0186E090E00E9439D561
:100C4000EC0190931A0880931908F6010190002096
:100C5000E9F7CF018C199D090E9439D57C01B601B5
:100C60000E94A6E3F60101900020E9F73197EC1904
:100C7000FD09EE0DFF1D1082F982E8821B830A83B5
:100C800080915708909158089D838C83D093580881
:100C9000C0935708DF91CF911F910F91FF90EF9074
:100CA000DF90CF900895FC01868197818F3F980750
:100CB00029F02FEF3FEF37832683089580859185B4
:100CC0000C94C7D87F928F929F92AF92BF92CF928F
:100CD000DF92EF92FF920F931F93CF93DF93CDB7E5
:100CE000DEB7A6970FB6F894DEBF0FBECDBF8C015E
:100CF000762E942E852E20E2A22ECE0101967C0126
:100D0000DC01EA2D1D92EA95E9F76801F3E4CF0EC4
:100D1000D11C8CE294E09AA389A38FEF8BA38CA3C0
:100D20008DA38EA343E450E0BE016F5D7F4FC601EB
:100D30000E94A724019609F4BFC081E089838A83B9
:100D400086E0B82EBB821C82D80114966D917D91ED
:100D50008D919C9117970E9444DF6D837E838F83D2
:100D6000988789869A8680E890E09C878B874CE1FB
:100D700050E0B701C6010E943C24FE0137968AE18B
:100D8000DF011D928A95E9F74801B8E08B0E911CAE
:100D9000F401D70101900D92BA94E1F740E150E0DF
:100DA000B701C6010E943C24F7011192AA94E9F709
:100DB00096E0A92EB12C40E250E0B701C6010E9496
:100DC0003C24F1E0AF1AB108B1F783E6898392E8D9
:100DD0009A8393E59B838C8385E38D8381E08E8367
:100DE0007F829DE3988797E099878A8786E0F40160
:100DF000DE011B9601900D928A95E1F78CE0898BBC
:100E00008A8B61E176E0CE0143960E94A6E3D80189
:100E10001B966C91CE0149960E94F7A9F801648552
:100E2000CE014B960E94F7A9D8011D966C91CE0178
:100E30004D960E94F7A94EE150E0B701C6010E940D
:100E40003C24B3E07B121EC082E3898384E08A8362
:100E5000F80196859B8397859C8390899D839189D2
:100E60009E8396E39F838887828D8987838D8A8777
:100E7000848D8B87858D8C874CE050E0B701C6014F
:100E80000E943C2487E3898386E08A8391E09B83E8
:100E900093E09C838D838FE08E838AE38F838BE343
:100EA00088878FEF898749E050E0B701C6010E942B
:100EB0003C24C6010E947624A6960FB6F894DEBFA5
:100EC0000FBECDBFDF91CF911F910F91FF90EF909B
:100ED000DF90CF90BF90AF909F908F907F900895BC
:100EE00090E080E00C941423CF93DF93C4E1D0E032
:100EF0000E947087882361F061E070E080E090E0FC
:100F00000E9451AE2197A1F780E0DF91CF91089523
:100F100081E0FBCFFF920F931F93CF93DF931F923C
:100F20001F92CDB7DEB7F82E22E030E0AE014F5F62
:100F30005F4F66E270E00E94152409811A81102734
:100F40000127102722E030E0AE014F5F5F4F66E2DD
:100F500070E08F2D0E94152489819A819827892716
:100F600098270817190749F4C8010F900F90DF91CF
:100F7000CF911F910F91FF9008958C01E3CFAF9215
:100F8000BF92CF92DF92EF92FF920F931F93CF9376
:100F9000DF93DC01CD90DC901197C114D10439F0BE
:100FA0001496CD91DC918C017601209761F4DF914C
:100FB000CF911F910F91FF90EF90DF90CF90BF9056
:100FC000AF90089575015701BFEFAB1ABB0AF70147
:100FD0008081082E000C990B0E944BD7892B91F72A
:100FE0002197CC0DDD1D8881082E000C990B0E94E5
:100FF0004BD7892B29F0CE15DF0510F02197F3CFC1
:10100000AE014F5F5F4F4E195F09D80115965C9393
:101010004E931497CE14DF0420F4B701C6010E944A
:1010200059E3D801ED91FC91119714968D919C9103
:10103000E80FF91F1082BBCFCF93DF93DC0114962A
:10104000ED91FC916E177F0728F54115510511F1BF
:101050009F01261B370B4217530708F49A01DB0147
:10106000EC0188819981E21BF30BFD83EC83AF01D6
:10107000461B570B260F371FBC01620F731F8A0FC9
:101080009B1F0E94CBE3E881F9818C819D81E80F51
:10109000F91F1082DF91CF910895DF92EF92FF92B6
:1010A0000F931F93CF93DF93FC01E480F580E1144D
:1010B000F10451F48FEF9FEFDF91CF911F910F91CA
:1010C000FF90EF90DF900895EC010190F081E02D0A
:1010D000EE0DFF1DD080108208811981062E000CB4
:1010E000770BC8010E94DAE30E0D1F1DF801D082B4
:1010F000009701F328813981821B930BDDCFFB011F
:1011000044815581FC01248135812417350778F00D
:1011100080819181009759F0FB0160817181611597
:10112000710529F00E94BDE321E0892B09F020E040
:10113000822F0895FC0124813581232B39F421E08D
:10114000FB018081882349F020E007C080819181E4
:101150000E949DE321E0892BB9F7822F0895FC01BD
:1011600024813581FB014481558124173507E1F441
:10117000FC0180819181FB01608171810097D1F038
:1011800061157105A1F4232BC1F0FC01808190E071
:1011900008C0232B91F0FB01808190E0919581950F
:1011A000910921E0892B09F020E0822F08950E9407
:1011B0009DE3F7CF6115710561F721E0F6CF0F933D
:1011C0001F93CF93DF938C01EB01FC018081918110
:1011D0000097E1F06881798161157105A9F042817C
:1011E00053812C813D814217530770F00E94A6E382
:1011F0008C819D81F801958384831D821C82DF91FF
:10120000CF911F910F9108950E94D5D58881998122
:10121000F801918380838A819B81938382838C816F
:101220009D8195838483198218821B821A82E5CF5F
:101230000F931F93CF93DF93EC01888199810097DF
:1012400059F02A813B812617370730F081E0DF9182
:10125000CF911F910F9108958B016F5F7F4F0E9477
:101260003CE2009759F0998388831B830A832C8181
:101270003D81232B59F7FC011082E8CF80E0E7CFB6
:10128000EF92FF920F931F93CF93DF936115710538
:1012900041F480E0DF91CF911F910F91FF90EF908B
:1012A000089541155105B1F07B01EC010C811D81C0
:1012B000040F151FB8010E941889882351F3288153
:1012C00039818C819D81B701820F931F0E94A6E313
:1012D0001D830C8381E0DECFCF93DF931F921F929B
:1012E000CDB7DEB769831A8241E050E0BE016F5F7F
:1012F0007F4F0E9440890F900F90DF91CF9108950A
:10130000CF93DF93EC0188819981009711F00E94BF
:10131000D5D5198218821D821C821B821A82DF9108
:10132000CF910895EF92FF920F931F93CF93DF9386
:1013300000D01F92CDB7DEB77C01862F4AE08E0128
:101340000F5F1F4FB80190E00E94EED7F8010190A7
:101350000020E9F73197AF01401B510BB801C701DD
:101360000E944089811103C0C7010E948089C70182
:101370000F900F900F900F90DF91CF911F910F91D1
:10138000FF90EF900895CF93DF93EC016115710505
:1013900039F4CE010E948089CE01DF91CF9108956A
:1013A000FB0101900020E9F73197AF01461B570B75
:1013B0000E944089882369F3EFCFCF93DF93EC013C
:1013C000FB0144815581608171810E9440898111B6
:1013D00003C0CE010E948089CE01DF91CF91089594
:1013E000EF92FF920F931F93CF93DF93EC017B015A
:1013F0008A01BA010E94188981110BC0CE010E9496
:101400008089CE01DF91CF911F910F91FF90EF90D6
:1014100008951D830C83B701888199810E94A6E3FA
:10142000F0CFFB0101900020E9F73197AF01461B97
:10143000570B0C94F089CF93DF93EC016115710584
:1014400031F00E94118ACE01DF91CF9108950E9460
:101450008089F9CFCF93DF93EC01FB0186179707C3
:1014600049F0608171816115710541F044815581B8
:101470000E94F089CE01DF91CF9108950E9480896A
:10148000F9CFFC0180819181009711F00C94D5D5A2
:101490000895EF92FF920F931F93CF93DF93EC0188
:1014A0008B01198218821B821A821D821C82CB0139
:1014B0000E9482D77C01BC01CE010E941889811153
:1014C00009C0CE01DF91CF911F910F91FF90EF9056
:1014D0000C948089FD82EC82B80188819981DF912A
:1014E000CF911F910F91FF90EF900C947BD7FC014F
:1014F0001182108213821282158214820C942A8A1D
:10150000FC01118210821382128215821482FB0167
:1015100001900020E9F73197AF01461B570B0C945F
:10152000F089AF92BF92CF92DF92EF92FF920F932A
:101530001F93CF93DF935C016B017A01890124171C
:10154000350720F48F2D7901042F182F6AE176E0FA
:10155000C5010E94808AD6011496CD91DC91EC16CB
:10156000FD06C8F40C171D0708F4E801D601ED913B
:10157000FC911197EC0FFD1F108110826D917C91F1
:101580006E0D7F1DC5010E941B8AF601808191812D
:10159000C80FD91F1883C501DF91CF911F910F91FB
:1015A000FF90EF90DF90CF90BF90AF9008951F9283
:1015B0000F920FB60F9211240BB60F922F933F93F9
:1015C0004F935F936F937F938F939F93AF93BF934B
:1015D000EF93FF93E0911202F09113021995FF919E
:1015E000EF91BF91AF919F918F917F916F915F919B
:1015F0004F913F912F910F900BBE0F900FBE0F9008
:101600001F9018951F920F920FB60F9211240BB6D0
:101610000F922F933F934F935F936F937F938F938B
:101620009F93AF93BF93EF93FF93E0911002F091DC
:1016300011021995FF91EF91BF91AF919F918F91F9
:101640007F916F915F914F913F912F910F900BBEC2
:101650000F900FBE0F901F9018951F920F920FB60C
:101660000F9211240BB60F922F933F934F935F93DA
:101670006F937F938F939F93AF93BF93EF93FF935A
:10168000E0910602F09107021995FF91EF91BF9149
:10169000AF919F918F917F916F915F914F913F910A
:1016A0002F910F900BBE0F900FBE0F901F901895AB
:1016B0001F920F920FB60F9211240BB60F922F9319
:1016C0003F934F935F936F937F938F939F93AF93CA
:1016D000BF93EF93FF93E0910402F09105021995F7
:1016E000FF91EF91BF91AF919F918F917F916F91FA
:1016F0005F914F913F912F910F900BBE0F900FBEB6
:101700000F901F9018951F920F920FB60F921124F1
:101710000BB60F922F933F934F935F936F937F93EB
:101720008F939F93AF93BF93EF93FF93E0910E023C
:10173000F0910F021995FF91EF91BF91AF919F9199
:101740008F917F916F915F914F913F912F910F906A
:101750000BBE0F900FBE0F901F9018951F920F9207
:101760000FB60F9211240BB60F922F933F934F9306
:101770005F936F937F938F939F93AF93BF93EF93F9
:10178000FF93E0910C02F0910D021995FF91EF91FA
:10179000BF91AF919F918F917F916F915F914F9189
:1017A0003F912F910F900BBE0F900FBE0F901F9087
:1017B00018951F920F920FB60F9211240BB60F922D
:1017C0002F933F934F935F936F937F938F939F9349
:1017D000AF93BF93EF93FF93E0910A02F0910B0256
:1017E0001995FF91EF91BF91AF919F918F917F914B
:1017F0006F915F914F913F912F910F900BBE0F9082
:101800000FBE0F901F9018951F920F920FB60F9258
:1018100011240BB60F922F933F934F935F936F93C7
:101820007F938F939F93AF93BF93EF93FF93E09139
:101830000802F09109021995FF91EF91BF91AF91C4
:101840009F918F917F916F915F914F913F912F91D8
:101850000F900BBE0F900FBE0F901F9018950F9317
:101860001F93CF93DF93EC010E9484AE6887798742
:101870008A879B87E881F9810284F385E02DCE0178
:10188000199597FF15C00E9484AE088519852A8591
:101890003B85601B710B820B930B0C811D812E818C
:1018A0003F81601771078207930720F38FEF9FEF47
:1018B000DF91CF911F910F910895EF92FF920F93B7
:1018C0001F93CF93DF93EC017B01042F6AE176E055
:1018D0000E94808AC7010E942F8C002E000C110BE1
:1018E00097FD0BC00817190741F0682FCE010E9421
:1018F0006C89C7010E942F8CF3CFCE01DF91CF916D
:101900001F910F91FF90EF900895FB01019000202F
:10191000E9F73197AF01461B570BDC01ED91FC91C4
:101920000280F381E02D19948F929F92AF92BF9223
:10193000EF92FF920F931F93CF93DF93CDB7DEB754
:10194000A1970FB6F894DEBF0FBECDBF7C01FA01A0
:10195000CB0119A2223008F42AE08E010F5D1F4F3F
:10196000822E912CB12CA12CBF01A50194010E94C3
:10197000B1DEF901CA016A300CF5605DD8016E93E1
:101980008D01232B242B252B79F790E080E01097F5
:1019900021F0BD01C7010E94858CA1960FB6F89475
:1019A000DEBF0FBECDBFDF91CF911F910F91FF9092
:1019B000EF90BF90AF909F908F900895695CDECFBD
:1019C00068E176E00C94858CDC01ED91FC9101904E
:1019D000F081E02D19942F923F924F925F926F9277
:1019E0007F928F929F92AF92BF92CF92DF92EF92AF
:1019F000FF921F93CF93DF93EC016A017B01722E5C
:101A0000AB019601CB01B6010E94CFE06BE176E01D
:101A1000811126C046015701E894B7F82FEF3FEF38
:101A20004FE75FE7C501B4010E94CFE081110CC010
:101A30002FEF3FEF4FE75FE7C501B4010E9467DD7D
:101A40006FE176E0181664F02FEF3FEF4FE75FE4A9
:101A5000C701B6010E946FE01816B4F463E276E0A5
:101A6000CE01DF91CF911F91FF90EF90DF90CF904B
:101A7000BF90AF909F908F907F906F905F904F90AE
:101A80003F902F900C94858C2FEF3FEF4FE75FEC4A
:101A9000C701B6010E9467DD87FDE0CF20E030E09E
:101AA000A901C701B6010E9467DD312C212C87FFF7
:101AB00009C06DE2CE010E94E48C1C01F7FAF0949B
:101AC000F7F8F09410E060E070E080E09FE37116BA
:101AD00041F020E030E040E251E40E94C7DF1F5FA8
:101AE000F6CFA70196010E945BDF2B013C010E940B
:101AF00040E04B015C012AE0BC01A401CE010E9440
:101B0000948C7C01E20CF31C1123C1F1C501B401DA
:101B10000E946CDD9B01AC01C301B2010E945ADF3F
:101B20004B015C016EE2CE010E94E48CE80EF91ECE
:101B3000115020F120E030E040E251E4C501B40151
:101B40000E94CDDD2B013C010E9440E04B01B12CF5
:101B5000A12C2AE0B501A401CE010E94948CE80ECC
:101B6000F91EC501B4010E946CDD9B01AC01C301EB
:101B7000B2010E945ADF4B015C01DACFC701DF914D
:101B8000CF911F91FF90EF90DF90CF90BF90AF90DB
:101B90009F908F907F906F905F904F903F902F908D
:101BA0000895CF92DF92EF92FF920F931F93CF93FE
:101BB000DF932115310581F4DC01ED91FC91019059
:101BC000F081E02D642FDF91CF911F910F91FF9055
:101BD000EF90DF90CF9019942A30310501F52AE07B
:101BE00077FF1DC06A017B01EC016DE20E94E48C6D
:101BF0008C0144275527BA014C195D096E097F09EC
:101C00002AE0CE010E94948C800F911FDF91CF912A
:101C10001F910F91FF90EF90DF90CF900895DF918B
:101C2000CF911F910F91FF90EF90DF90CF900C9488
:101C3000948C8F929F92AF92BF92CF92DF92EF924D
:101C4000FF920F931F93CF93DF937C018B014C0185
:101C500082E0880E911C5701E5E0AE0EB11CD0E089
:101C6000C0E0F40161914F01C8010E94C2A36C0160
:101C70006EE2C8010E94E48C8C0D9D1DC80FD91F17
:101C80008A149B0471F7F7016581C8010E94C2A301
:101C90008C0F9D1FDF91CF911F910F91FF90EF90BF
:101CA000DF90CF90BF90AF909F908F900895611577
:101CB000710511F00C94858C90E080E008950F93ED
:101CC0001F93CF93DF93EC0167E276E08EE59AE015
:101CD0000E94578E4A855B856C857D858A819B81B4
:101CE000AC81BD81481B590B6A0B7B0B8E859F8590
:101CF000A889B989481B590B6A0B7B0B2AE08EE532
:101D00009AE00E94948C8EE59AE00E94E08C6A85AD
:101D10007B858C859D850A811B812C813D81601B83
:101D2000710B820B930B0E851F8528893989601BE7
:101D3000710B820B930BDF91CF911F910F9108953F
:101D4000DB0114964D915C9115976D917C91DC01AE
:101D5000ED91FC910280F381E02D1994EF92FF92B6
:101D60000F931F93CF93DF938C017B01D0E0C0E0F2
:101D7000F701EC0FFD1F6491662361F0D801ED912E
:101D8000FC910190F081E02DC8011995892B11F08B
:101D90002196EECFCE01DF91CF911F910F91FF9051
:101DA000EF9008950F931F93CF93DF93EC010E9460
:101DB000AE8E8C01CE010E94E08C800F911FDF91CE
:101DC000CF911F910F9108958EE59AE00E94E08CCB
:101DD0006AEA7DE18EE59AE00C94AE8EDC018CE23D
:101DE00094E08D939D9384E0FB0101900D928A9580
:101DF000E1F708953F924F925F926F927F928F9298
:101E00009F92AF92BF92CF92DF92EF92FF920F9389
:101E10001F93CF93DF93CDB7DEB7EA970FB6F89451
:101E2000DEBF0FBECDBF7C012A013B0169010E94CC
:101E300084AE4B015C0187010D5B1F4FC8010E94FE
:101E40006B1918161906ACF00E9484AE681979094E
:101E50008A099B09461657066806790608F468C180
:101E60000E94C87061E070E080E090E00E9451AE96
:101E7000E5CF42E250E0BE016F5F7F4FC8010E9494
:101E8000F61889818230D1F0312C832DEA960FB675
:101E9000F894DEBF0FBECDBFDF91CF911F910F91A0
:101EA000FF90EF90DF90CF90BF90AF909F908F907A
:101EB0007F906F905F904F903F900895F8018489D4
:101EC00095898334910501F76D817E818F81988595
:101ED0000E9444DF4B015C01F60180829182A28264
:101EE000B38246E050E0B701685F7F4FCE014D9668
:101EF0000E944CE3892B41F6F70180819181A281F8
:101F0000B38188169906AA06BB0608F4BDCF848162
:101F10009581A681B78188159905AA05BB0508F4A6
:101F2000B3CF89899A89AB89BC8986879787A08B2B
:101F3000B18B4EEC50E070E060E0C8010E94F618F2
:101F4000312CC701829698AB8FA7F701B696FAABF2
:101F5000E9AB08969CAB8BAB67019AE1C90ED11C2B
:101F6000BD96FEABEDABC701429698AF8FABFD9728
:101F7000FAAFE9AF4701FEE18F0E911CF801818DA8
:101F8000928D181619060CF080CFC8010E94151901
:101F90008333910509F4B2C014F58130910509F439
:101FA00064C044F4892B51F3C8010E941519AC0197
:101FB000552775C08330910509F462C00697A1F7D3
:101FC000C8010E941519B82E44E050E0B401C801C0
:101FD0000E94F618EB2DE450FF0BAF0160C08A336E
:101FE000910509F45FC084F585339105B1F1C69779
:101FF000D9F6C8010E9415195C01B601CE01899677
:102000000E94EE8E8BA59CA5ADA5BEA5892B8A2B23
:102010008B2BB1F0EDA9FEA94080518062807380C6
:10202000B601CE0183960E94EE8E8DA19EA1AFA136
:10203000B8A5A501481659066A067B0609F0B8CF6F
:1020400044E050E0B60118C08B33910509F440C05C
:102050008F3F910509F492CFA7CFC8010E941519AF
:10206000C8010E941519382E89CFC8010E94151980
:1020700044E050E06FA978ADC8010E94F6187ECF09
:10208000C8010E941519B82E44E050E069AD7AAD40
:10209000C8010E94F6188B2D8450990BAC0170E09A
:1020A00060E0EACFC8010E94151944E050E069A938
:1020B0007AA9C8010E94F618F70166A177A180A548
:1020C00091A50E9444DF66A377A380A791A756CF6E
:1020D000C8010E94151944E050E06BA97CA9C80111
:1020E0000E94F618F70162A573A584A595A50E9424
:1020F00044DF62A773A784A795A740CFC8010E94B9
:10210000151944E050E06FA578A9C8010E94F6189F
:10211000F70162A173A184A195A10E9444DF62A38B
:1021200073A384A395A366A777A780AB91AB26CFB3
:1021300033243A94AACE2F923F924F925F926F929D
:102140007F928F929F92AF92BF92CF92DF92EF9247
:10215000FF920F931F93CF93DF9300D000D0CDB7A2
:10216000DEB78C010E94AAD62FEC37E040E050E0A9
:102170000E94D3DEDC01CB010196A11DB11DF80147
:1021800084839583A683B78380839183A283B3835B
:102190005801F3E4AF0EB11CC5010E94C01864E4FD
:1021A00070E0C5010E943A1A882309F445C10E94D3
:1021B00084AE2B013C01480182E4880E911C48EE5C
:1021C000C42E43E0D42EE12CF12C52E0252E1E82A9
:1021D0001D82D4018C918330B1F1811166C0F80168
:1021E00084819581A681B7810196A11DB11D84834B
:1021F0009583A683B7830E9484AE64197509860906
:102200009709A70196010E94B1DEA90161E0C8010A
:102210000E94628681E0D4018C938D819E8101971A
:10222000C1F20E9484AE6419750986099709D80124
:10223000D6962D913D914D915C91D99726173707F0
:102240004807590720F6C5010E94C018F80184818B
:102250009581A681B7810196A11DB11D84839583C7
:10226000A683B7830E9484AEF801FE9660837183D3
:10227000828393838D819E8126960FB6F894DEBF6C
:102280000FBECDBFDF91CF911F910F91FF90EF90C7
:10229000DF90CF90BF90AF909F908F907F906F9086
:1022A0005F904F903F902F9008958430F1F4F801A3
:1022B00084819581A681B7810196A11DB11D84837A
:1022C0009583A683B7830E9484AE64197509860935
:1022D0009709A70196010E94B1DEA90163E0C80138
:1022E0000E946286D4012C9298CF813051F5F8017A
:1022F00042AD53AD64AD75AD9E012F5F3F4FC80138
:102300000E94FA8E382EF2E08F1390C089819A8154
:10231000AB81BC81F80184839583A683B7830E9437
:1023200084AE6419750986099709A70196010E9470
:10233000B1DEA90163E0C8010E946286D4013C922B
:102340006CCF823009F069CFF80142AD53AD64AD76
:1023500075AD9E012F5F3F4FC8010E94FA8E382E47
:10236000F5E08F135DC0E3E0D401EC93F80182A1A6
:1023700093A1A4A1B5A1892B8A2B8B2B41F484E8CE
:1023800093E0A0E0B0E082A393A3A4A3B5A3F801D7
:1023900086A197A1A0A5B1A5892B8A2B8B2B61F4CF
:1023A00082A193A1A4A1B5A1B695A795979587956C
:1023B00086A397A3A0A7B1A7F80182A593A5A4A57A
:1023C000B5A5892B8A2B8B2BA9F482A193A1A4A15B
:1023D000B5A1AC01BD0123E076956795579547956A
:1023E0002A95D1F7841B950BA60BB70B82A793A751
:1023F000A4A7B5A7F80186A197A1A0A5B1A586A716
:1024000097A7A0ABB1AB82A593A5A4A5B5A582ABB8
:1024100093ABA4ABB5AB81E090E09E838D83FDCE02
:1024200096E0891303C0D4011C92F7CEBFEF3B1294
:10243000F4CEF4011082F1CE1E821D821BCF1F92BA
:102440000F920FB60F9211240BB60F922F933F935A
:102450004F935F936F937F938F939F93AF93BF93AC
:10246000EF93FF938EE59AE00E940382FF91EF9134
:10247000BF91AF919F918F917F916F915F914F919C
:102480003F912F910F900BBE0F900FBE0F901F909A
:1024900018951F920F920FB60F9211240BB60F9240
:1024A0002F938F939F93EF93FF93E0916E0AF09198
:1024B0006F0A8081E091740AF091750A82FD1DC057
:1024C00090818091770A8F5F8F732091780A8217AD
:1024D00041F0E091770AF0E0E25AF54F958F809352
:1024E000770AFF91EF919F918F912F910F900BBEE3
:1024F0000F900FBE0F901F9018958081F2CFDF9242
:10250000EF92FF920F931F93CF93DF9300D000D0F1
:10251000CDB7DEB78B017A01D22E6AE176E0CE012B
:1025200001960E94808A9E012F5F3F4F4D2DB7017B
:10253000C8010E94F0B6CE0101960E94418A2696FB
:102540000FB6F894DEBF0FBECDBFDF91CF911F91C4
:102550000F91FF90EF90DF900895CF92DF92EF926E
:10256000FF920F931F93CF93DF93CDB7DEB7EC9716
:102570000FB6F894DEBF0FBECDBFDC012C91222335
:1025800009F459C067EB74E00E94B8D79A83898335
:102590007E01B3E0EB0EF11C01E010E0D02EC12E65
:1025A00067EB74E090E080E00E94B8D7F701819378
:1025B00091937F010E31110521F00F5F1F4F892B81
:1025C00069F70091190810911A08E980FA8001153D
:1025D000110549F1D8016D917C91C7010E949DE3DD
:1025E000892BE9F4D8011296ED91FC91BE016F5F41
:1025F0007F4F8D2D9C2D19958C010E94E48EC80172
:10260000EC960FB6F894DEBF0FBECDBFDF91CF9131
:102610001F910F91FF90EF90DF90CF900895F801F8
:1026200004811581D4CF6EEA7DE18EE59AE00E94A7
:10263000D28E0E94E48E10E000E0E1CFCF938EE5D1
:102640009AE00E94ED81892BE9F18EE59AE00E94E3
:10265000CB81C82F8A3089F08D3079F0883001F530
:1026600068E08EE59AE00E94E48C80915908882306
:1026700031F3815080935908E2CFE0915908F0E09E
:10268000E55EF74F108268E176E08EE59AE00E9401
:10269000578E8BE198E00E94AD9210925908CFCFEF
:1026A000682F8EE59AE00E94E48CE0915908EB33A4
:1026B00030F681E08E0F80935908F0E0E55EF74F29
:1026C000C083BDCFCF910895CF93DF930097C1F022
:1026D0000E946385EC01892B99F08A8181508A835D
:1026E00081110EC0888199810E94D5D519821882E6
:1026F000E0911708F0911808C4E1D8E0309719F478
:10270000DF91CF9108959381848120813181232BA2
:1027100041F49B838C83CF010E94D5D59B818C8112
:10272000FE01EF01E92FF82FE9CF0F931F93CF930D
:10273000DF93EC01E881F9810284F385E02D19959E
:1027400000E011E08F3F9807D1F081329105E4F469
:1027500001501109E881F9810F3F100731F002841F
:10276000F385E02DCE011995EDCFE881F98106843E
:10277000F785E02D682FCE01199590E080E0DF917C
:10278000CF911F910F910895012B79F78FEF9FEF54
:10279000F6CF0F931F93CF93DF93EC018B016CEF78
:1027A00075E00E94578E01151105C1F1F801619184
:1027B0008F01662399F1603240F0623231F06C355E
:1027C00021F0CE010E94E48CF1CF6CE5CE010E9495
:1027D000E48CF801319780818C30D1F044F4893059
:1027E000D9F08A30B9F0883009F762E6EACF823250
:1027F00059F024F462E78D3021F3D8CF8F3231F0D5
:102800006CE58C35F1F2D2CF62E2DBCF6FE2D9CF4B
:1028100066E6D7CF6EE6D5CF64E7D3CF62E2CE01CE
:102820000E94E48C90E080E0DF91CF911F910F91A6
:102830000895AF92BF92CF92DF92EF92FF920F93E3
:102840001F93CF93DF937C016B01DC01ED91FC9131
:102850000284F385E02D1995829771F0CFEFDFEFB9
:10286000CE01DF91CF911F910F91FF90EF90DF90FC
:10287000CF90BF90AF90089584E0F601808786E006
:1028800090E00E9439D58C01009741F3E4EDF7E028
:10289000DC01ED93FC9380E4DF011D928A95E9F75A
:1028A00080E490E0F8019383828315821482D7013B
:1028B000ED91FC910284F385E02DC7011995EC019F
:1028C0000196C9F0C232D10509F44DC0C032D1051C
:1028D0000CF449C0B8018C2FCC35D10549F5D7018E
:1028E000ED91FC910284F385E02DC7011995EC016F
:1028F0008F3F980721F4C8010E94D5D5B1CF823609
:10290000910541F15CF48F32910509F18C35910507
:10291000D9F0829761F6B80182E20AC08E3691053D
:10292000E1F04CF4B8018CE0C636D10509F0BFCF18
:102930000E94B683BCCF8237910591F0B80189E03F
:10294000C437D105A9F3B3CFB8018CE5F1CFB801F5
:102950008FE2EECFB80188E0EBCFB8018AE0E8CF94
:10296000B8018DE0E5CFF80184819581009749F0A9
:102970000190F081E02DE80FF91F319780818823C5
:1029800021F0B80180E00E94B68384ED97E00E94B8
:102990006385FC01892B81F082818F5F8283C081F6
:1029A000D181209719F0C8010E94D5D5F601D287B0
:1029B000C187D0E0C0E054CF84E1E82E88E0F82E53
:1029C000D7018D919C911197892B69F484ED97E043
:1029D0000E9432E3EC01F7019183808381E08283DE
:1029E000E0CF7C01EDCF13968D919C910097C9F7B4
:1029F00085E090E00E9439D55C01D0E0C0E000970E
:102A0000A9F2F7019483838384ED97E00E9432E377
:102A1000EC01D50111969C938E9381E012968C93D4
:102A2000129714961C921E921397BBCF8DE090E0E4
:102A30000E9439D5009729F02DE0FC0111922A95CA
:102A4000E9F7089508950F931F93CF93DF930097AD
:102A5000E1F0EC010C851D850115110579F0D80117
:102A60008D919C91009739F0DC01ED91FC910488E7
:102A7000F589E02D1995C8010E94D5D5CE01DF91C9
:102A8000CF911F910F910C9452D8DF91CF911F914C
:102A90000F910895AF92BF92CF92DF92EF92FF9283
:102AA0000F931F93CF93DF9300D01F92CDB7DEB764
:102AB00061157105B1F06B01182FDB011C96AD900B
:102AC000BC90F501E080F180D701ED91FC91068882
:102AD000F789E02DC7011995811106C0C6010E9432
:102AE00023958FEF9FEF13C0F5019281911124C0C0
:102AF000D701ED91FC910190F081E02D612FC7018C
:102B00001995F701818D811111C090E080E00F903F
:102B10000F900F900F90DF91CF911F910F91FF9029
:102B2000EF90DF90CF90BF90AF900895612F8EE52A
:102B30009AE00E94E48CE9CF812F8F7D81548A3105
:102B4000B8F280ED810F8A3098F283ED810F8230E8
:102B500078F21F3569F21E3759F21132B1F086EC66
:102B6000810F823090F08AED810F873070F01D3335
:102B700061F0812F8F7E8F3241F08DED810F823099
:102B800020F01B3511F01D3511F491FFB1CF1982E2
:102B90001A821B821C82812F012E000C990B9F939D
:102BA0001F9380E396E09F938F938E010F5F1F4FDB
:102BB0001F930F930E9422E46E01F4E0CF0ED11C0C
:102BC0000F900F900F900F900F900F90D8016D9174
:102BD0008D01D701ED91FC910190F081E02DC701AD
:102BE0001995F701818D882339F0F80131976081BB
:102BF0008EE59AE00E94E48C0C151D0539F785CF0F
:102C0000CF93C82F462F61E070E00E94F72261E069
:102C100070E08C2F0E9425238111F9CFCF91089568
:102C2000AF92BF92CF92DF92EF92FF920F931F93DA
:102C3000CF93DF9300D01F92CDB7DEB78C016B012D
:102C40007A01809127098333E9F45B016801C40E9E
:102C5000D51EC016D106A9F10E94BD848FE00E9446
:102C6000C884812F0E94C884802F0E94C8840F5F6F
:102C70001F4F80E00E94C884F50181935F010E948C
:102C8000B384E7CF843369F50E94BD8419830A8336
:102C90008F2D8F778B83EC8264E070E0CE010196FC
:102CA0000E949984A70170E060E0C6010E94C2DC26
:102CB000E114F10421F0B701C6010E9499840E9439
:102CC000B384C7010F900F900F900F90DF91CF91B9
:102CD0001F910F91FF90EF90DF90CF90BF90AF903A
:102CE00008950E94BD840F3F110509F030F4198248
:102CF0000A831B8263E070E0D1CF17FD0BC01982FD
:102D00000A8333E0169507953A95E1F7007E08604F
:102D10000B83F0CFC80126E0969587952A95E1F7B9
:102D2000807E19830A830115104C18F480618B830F
:102D3000E1CF8861FCCFAF92BF92CF92DF92EF924A
:102D4000FF920F931F93CF93DF9300D000D01F9279
:102D50001F92CDB7DEB78C017B016A0180912709F4
:102D60008333E1F45801A40EB51EA016B10609F490
:102D70006FC00E94BD8480EF0E94C884812F0E9492
:102D8000C884802F0E94C8840F5F1F4FF701819174
:102D90007F010E94C8840E94B384E7CF5B01A40E28
:102DA000B51E8433C1F40E94BD8419830A838D2D1E
:102DB00080688B83CC8264E070E0CE0101960E9433
:102DC0009984AE14BF0409F441C0F70181917F01D9
:102DD0000E94C884F6CF0E94BD840F3F110509F000
:102DE00028F419820A8384E08B830CC017FD17C076
:102DF00019820A8333E0169507953A95E1F7007E2C
:102E00000C600B8386E0C816D104A0F5F701DE0143
:102E10001496EA15FB0599F081918D93FACFC801BC
:102E200026E0969587952A95E1F7807E19830A8397
:102E30000115104C10F48461D7CF8C61D5CFB60149
:102E40006D5F7F4FCE0101960E9499840E94B384EA
:102E5000C60128960FB6F894DEBF0FBECDBFDF9136
:102E6000CF911F910F91FF90EF90DF90CF90BF9087
:102E7000AF90089563E070E0CE0101960E949984BE
:102E8000F70181917F010E94C884AE14BF04C1F78D
:102E9000DDCFCF93DF931F92CDB7DEB7898341E0BB
:102EA00050E0BE016F5F7F4F90E080E00E949B96F4
:102EB0000F90DF91CF9108951F93CF93DF931F92CF
:102EC0001F92CDB7DEB78091D307811100C160E3B7
:102ED00072E080E090E00E9451AE1FB7F8948091BC
:102EE000D207811127C0E1E9F3E28491E7EDF3E233
:102EF0009491E82FF0E0EE0FFF1FE85DFC4DA591E7
:102F0000B491EC91E92321F461E085E30E94B2AC35
:102F100061E085E30E94E0AC8CB580618CBD8CB52E
:102F200080648CBD61E084E30E94E0AC61E083E3F7
:102F30000E94E0AC8091D2078F5F8093D2071FBFC1
:102F4000E6E6F3E2E491F0E0EE0FFF1FEE5BFC4DEE
:102F5000859194919093D1078093D007ECEAF3E2A6
:102F6000E491E093CF0761E08AE00E94E0AC0E9428
:102F7000B38480E591E00E9455A984E380932709FA
:102F800080E80E9449970E9474878823A1F188E015
:102F90000E9449970E947087883069F580E10E94FD
:102FA00049970E947087803131F580E00E944997EF
:102FB0000E947087182F81111EC08FE190E00E943F
:102FC00014238330C1F480E48093B50742E06EE1BE
:102FD00070E0812F0E94F72242E06FE170E0812FC4
:102FE0000E94F7221F5F183089F70E943B2481E07E
:102FF0008093D30766C087E38093270980E80E9407
:1030000049970E9474878823F9F088E00E944997C5
:103010000E9470878830C1F480E10E9449970E9425
:103020007087182F803181F480E00E9449970E94B8
:103030007087811109C089E390E00E9414238430D5
:1030400019F41093B507D1CF83E38093270980E863
:103050000E9449970E947487882371F180E10E9441
:1030600049970E947087803139F582E10E94499723
:103070000E947087823101F580E00E9449970E948A
:103080007087811119C084E08093B50715E51A8314
:1030900041E050E0BE016E5F7F4F8BE190E00E9407
:1030A0009B96198341E050E0BE016F5F7F4F8AE13C
:1030B00090E00E949B9699CF109227090E943B2492
:1030C00080E00F900F90DF91CF911F91089581E0E4
:1030D000F8CF6F927F929F92AF92BF92CF92DF9282
:1030E000EF92FF920F931F93CF93DF931F921F9244
:1030F000CDB7DEB7982E8B013A01690122E030E0AE
:10310000AE014F5F5F4F64E270E00E941524E980DA
:10311000FA80FE24EF24FE24E00EF11E97013770A2
:1031200040912709092D10E0C801433309F04CC034
:103130000896982F8827990F990F990F820F931F40
:10314000473309F446C0A9014C0D5D1D413058407C
:1031500008F43FC060E078E05B01A21AB30AA50161
:10316000B3010E949B96A6014A195B09B3016A0D3F
:103170007B1D80912709833349F5085F1F4F000F9E
:10318000000F000F80E0902F0E949B96EC0CFD1C1E
:10319000F982EA8222E030E0AE014F5F5F4F64E2E5
:1031A00070E0892D0E94E6220F900F90DF91CF9161
:1031B0001F910F91FF90EF90DF90CF90BF90AF9055
:1031C0009F907F906F9008954096B3CF005F1F4F00
:1031D000D6CFA601B301D8CFEF92FF921F93CF9322
:1031E000DF931F921F92CDB7DEB7182F22E030E099
:1031F000AE014F5F5F4F60E270E00E941524E980EE
:10320000FA80FE24EF24FE2422E030E0AE014F5F7E
:103210005F4F60E270E0812F0E94152489819A81BE
:10322000982789279827E816F90689F487E0189FD8
:10323000F0011124E152F74FF582E482C7010F90AB
:103240000F90DF91CF911F91FF90EF9008957C0137
:10325000DBCF1F93CF93DF93182F80E591E00E947F
:1032600055A9812F0E94EC98EC01812F0E943323F5
:10327000182F0E943B24173121F01C3111F0D0E0AF
:10328000C0E0CE01DF91CF911F910895CF92DF92E0
:10329000EF92FF920F931F93CF93DF93182F7B0131
:1032A000EA014130584010F0C0E0D8E080E591E0FC
:1032B0000E9455A9812F0E94EC986C01812F0E94D9
:1032C0003323082F0E943B24073111F00C3169F59C
:1032D000CC16DD0658F380E591E00E9455A99E01C9
:1032E000A70170E060E0812F0E94699860E270E0C1
:1032F000812F0E94009662E070E0812F0E942523BA
:1033000084FD1DC0812F0E943323811111C00E94B2
:103310003B24D0E0C0E0CE01DF91CF911F910F910F
:10332000FF90EF90DF90CF900895D0E0C0E0D3CF32
:103330000E943B2480E591E00E9455A9DCCF40E14A
:1033400062E070E0812F0E94F7220E943B24E3CFCD
:103350001F93CF93DF931F92CDB7DEB7182F80E571
:1033600091E00E9455A9812F0E94CF8427E0129FEF
:10337000F0011124E152F74F22813381377041E08F
:1033800050E0BE016F5F7F4F820F931F0E94109627
:103390000E943B2489810F90DF91CF911F91089566
:1033A0000F931F93CF93DF93C82F27E0829F800155
:1033B00011240152174FF80180819181009791F4F7
:1033C00080E591E00E9455A98C2F0E948A87EC012C
:1033D0000E943B24F80186819E01281B3109C90106
:1033E00031832083DF91CF911F910F9108954F92E8
:1033F0005F927F928F929F92AF92BF92CF92DF9215
:10340000EF92FF920F931F93CF93DF931F921F9220
:10341000CDB7DEB7782E6B014A01A82EB12C27E07C
:10342000829FC0011124FC01E152F74F7F0100810E
:10343000118180E591E00E9455A90815190554F401
:10344000872D0E948A87F70126818C01021B1109B2
:10345000118300830115110529F5872D0E9433235F
:10346000843159F0882349F001E010E08C3111F4E7
:1034700010E000E01195019511090E943B24C8015C
:103480000F900F90DF91CF911F910F91FF90EF90D0
:10349000DF90CF90BF90AF909F908F907F905F9084
:1034A0004F900895801691060CF4840187E08A9D60
:1034B000F0018B9DF00D1124E152F74FE280F38073
:1034C000C114D10451F12701F7E05F22872D0E943A
:1034D000CF84840D951D20912709273309F453C00B
:1034E0009801240D351D2130384008F44CC020E0EF
:1034F00038E0490184189508A401B6010E9410968D
:103500002601480C591C6801C818D908872D0E944B
:10351000CF84A601B2010E941096E00EF11E87E052
:103520008A9DF0018B9DF00D1124E152F74FF3823B
:10353000E28220813181201B310B318320838681FF
:10354000800F912F911D8A3F910510F4232BF1F4E8
:1035500087E08A9DF0018B9DF00D1124E152F74F19
:103560001682F982EA8222E030E0AE014F5F5F4FBF
:1035700068E270E0872D0E94E62260E470E0872D0B
:103580000E9400967ACFA801B601C5CF868375CF79
:10359000CF93C82F80E591E00E9455A968E070E0C4
:1035A0008C2F0E940096CF910C943B24CF93C82F70
:1035B00080E591E00E9455A960E170E08C2F0E94A7
:1035C0000096CF910C943B24CF93C82F80E591E0D7
:1035D0000E9455A98C2F0E943323C82F0E943B24A0
:1035E0008C2FCF910895CF93DF931F921F92CDB769
:1035F000DEB779836A8322E030E0AE014F5F5F4F30
:1036000060E170E00E94E6220F900F90DF91CF9171
:103610000895CF93DF931F921F92CDB7DEB77983C2
:103620006A8322E030E0AE014F5F5F4F64E070E0FC
:103630000E94E6220F900F90DF91CF9108958F9214
:103640009F92AF92BF92CF92DF92EF92FF920F9331
:103650001F93CF93DF9300D000D000D01F92CDB73F
:10366000DEB790912709992369F128E0F22E933370
:1036700011F494E0F92E6B01082F80E591E00E948F
:1036800055A99E012F5F3F4F5901490110E0812F3D
:103690000E943323F40181934F018823D9F01F5FE7
:1036A000F112F5CFF12CF50191915F019D3161F09F
:1036B000983151F09A51923038F0F3941F11F3CFB2
:1036C0000E943B2418E060C060E170E08F2D0E94F2
:1036D00000961F2DE12EF12CF701EE0FFF1FE95E82
:1036E000F64F1182108283EE93E00197F1F7402F9D
:1036F00070E060E0812F0E94F7224FEF62E070E0FF
:10370000812F0E94F722B601CD2891F48091020208
:103710009091030201968115F0EC9F0708F448C0D0
:10372000909303028093020260910202709103025F
:10373000812F0E94099B61E070E0812F0E9400961A
:1037400027E02E9DC0012F9D900D11249C01215238
:10375000374F7901F9011182108222E030E0AE0189
:10376000475F5F4F68E270E0812F0E9415248985D2
:103770009A85982789279827F70193838283168251
:10378000158214820E943B24812F2A960FB6F8944A
:10379000DEBF0FBECDBFDF91CF911F910F91FF9084
:1037A000EF90DF90CF90BF90AF909F908F90089553
:1037B00080E090ECB5CF8F7099278230910518F09A
:1037C000029761F008958091010A9091020ADC014C
:1037D000ED91FC910680F781E02D19948091030A08
:1037E0009091040A009791F0DC01ED91FC91008C1E
:1037F000F18DE02D19958091030A9091040ADC0166
:10380000ED91FC910488F589E02DE7CF08958F9222
:103810009F92AF92BF92CF92DF92EF92FF92CF939F
:10382000DF93EC014A015B01C12CD12C7601CE0162
:103830000E949F1A882399F0C814D904EA04FB0453
:1038400074F4CE010E946219892B89F38FEFC81A94
:10385000D80AE80AF80ACE010E943F19E8CFDF91A2
:10386000CF91FF90EF90DF90CF90BF90AF909F905F
:103870008F9008952F923F924F925F926F927F9216
:103880008F929F92AF92BF92CF92DF92EF92FF9270
:103890000F931F93CF93DF9300D000D01F921F92FE
:1038A000CDB7DEB78C016B010E949593019619F498
:1038B0008FEF9FEF1DC0D801ED91FC910284F3853D
:1038C000E02DC80119957C018F3F980789F3D80135
:1038D000ED91FC910684F785E02D682FC8011995BC
:1038E000B2E2EB16F104E9F4B601C8010E941994A2
:1038F00028960FB6F894DEBF0FBECDBFDF91CF91F3
:103900001F910F91FF90EF90DF90CF90BF90AF90FD
:103910009F908F907F906F905F904F903F902F90EF
:103920000895EDE2EE16F10429F0C701C0970A9759
:1039300008F03DC1D801ED91FC910284F385E02DA2
:10394000C80119957C018F3F980709F4B1CF8D9775
:1039500099F5D801ED91FC910284F385E02DC80121
:1039600019957C01019609F4A3CFEFEFFFEFF887DB
:10397000EF83C701C097812C912C54010A9708F559
:10398000AAE0B0E0A50194010E94F2DE30E3E31A60
:10399000F1084701FF0CAA08BB08860E971EA81E57
:1039A000B91ED801ED91FC910284F385E02DC80188
:1039B00019957C01C097E2CF21E030E038872F8352
:1039C000D8CFBEE2EB16F104F1F0C7018F7D85344C
:1039D0009105C9F0AF81B885A50194010E94FDDE73
:1039E000F601618772878387948782E08087D80198
:1039F000ED91FC910684F785E02D6E2DC801199597
:103A000090E080E075CFC501B4010E946EDD2B010E
:103A10003C01312C212CFEE2EF16F10499F5D8017E
:103A2000ED91FC910284F385E02DC80119957C018C
:103A3000312C212C20E030E040E251E4C301B201FE
:103A40000E94CDDD4B015C01B70160537109072E67
:103A5000000C880B990B0E946EDDA50194010E9459
:103A60005BDF2B013C01B1E02B1A3108D801ED914D
:103A7000FC910284F385E02DC80119957C01C09763
:103A80000A97C0F2C7018F7D8534910509F040C0C7
:103A9000D801ED91FC910284F385E02DC8011995C0
:103AA0007C01D801ED91FC918B32910519F50284CE
:103AB000F385E02DC80119957C01E1E0EE83B12C7E
:103AC000A12C8AE0982ED801ED91FC91C701C097F6
:103AD0008A30910508F59A9C90019B9C300D112429
:103AE0005C01A20EB31E0284F385E02DC801199576
:103AF0007C01E9CF8D9749F40284F385E02DC8015C
:103B000019957C013FEF3E83DACF81E08E83D7CFDA
:103B1000B1E0BE83B12CA12CEF81F885BF01FF0F6E
:103B2000880B990B0E946EDDA30192010E94CDDDEE
:103B30002B013C01B501BB0C880B990B0E946EDD7B
:103B40004B015C01FE816F2FFF0F770B880B990BE8
:103B50000E946EDD9B01AC01C501B4010E94CDDD68
:103B60004B015C01B101330C880B990B0E946EDD97
:103B70009B01AC01C501B4010E945BDF9B01AC015C
:103B800060E070E080E291E40E9474E09B01AC018F
:103B9000C301B2010E94CDDDD60119966D937D93CC
:103BA0008D939C931C9783E018968C9320CFBBE554
:103BB000EB16F10409F060C0D801ED91FC9102848C
:103BC000F385E02DC80119958B35910509F070CE6C
:103BD00085E0F6018087C8010E949593D801ED9198
:103BE000FC910284F385E02DC80119958D3591056E
:103BF00009F406CFD801ED91FC910684F785E02DFC
:103C0000682FC8011995BB24BA940E9416957C01AF
:103C1000009709F44DCEBB2031F1F60197838683DE
:103C2000C8010E949593B701C8010E943A9C892B54
:103C300009F03ECEC8010E949593D801ED91FC9108
:103C40000284F385E02DC8011995B12C47018C320F
:103C50009105D9F221E030E08D35910509F08BC056
:103C600030E020E088C0D40113969C938E93129785
:103C7000FC0195828482D4CFBBE7EB16F10409F0F6
:103C800088C0D801ED91FC910284F385E02DC80134
:103C900019958B37910509F00BCE86E0F6018087E8
:103CA000C8010E949593D801ED91FC910284F3859F
:103CB000E02DC80119958D37910509F4A1CED801E1
:103CC000ED91FC910684F785E02D682FC8011995C8
:103CD00099249A940E9416957C01009709F4E8CDE6
:103CE000992009F44DC0F60197838683C8010E948C
:103CF0009593B701C8010E941994019609F4D8CD93
:103D0000C8010E949593D70119968D919C911A979D
:103D100011969C938E931A961C921E921997D80115
:103D2000ED91FC910284F385E02DC8011995CA97A5
:103D300009F0BECDC8010E949593B701C8010E9449
:103D40003A9C019609F4B4CDC8010E949593D8011C
:103D5000ED91FC910284F385E02DC8011995912C19
:103D600057018C32910509F4B5CF21E030E08D3751
:103D7000910509F475CF88279927821B930BB8CD3D
:103D8000D50113969C938E931297FC01B582A48261
:103D9000ADCFBEE6EB16F10411F519821A821B8233
:103DA0001C82D801ED91FC910484F585E02D44E05E
:103DB00050E0BE016F5F7F4FC8011995049709F06D
:103DC00077CD44E050E06AE976E0CE0101960E94AA
:103DD000BDE3009709F06CCDF601108689CDF6E6BB
:103DE000EF16F10431F59E012F5F3F4F790185E019
:103DF000D9011D928A95E9F7D801ED91FC910484CF
:103E0000F585E02D45E050E0B901C8011995059709
:103E100009F04ECD45E050E06FE976E0C7010E9421
:103E2000BDE3009709F044CD21E0F601208711861B
:103E30005FCDF4E7EF16F10409F03ACD19821A824A
:103E40001B821C82D801ED91FC910484F585E02D44
:103E500044E050E0BE016F5F7F4FC80119950497A1
:103E600009F026CD44E050E065EA76E0CE01019607
:103E70000E94BDE3009709F01BCD21E0F6012087E9
:103E8000218736CD0F931F93CF93DF93EC018B01E6
:103E9000892B81F00E80DF81C02D209759F0B80169
:103EA000888199810E9474E3892B21F00A80DB814B
:103EB000C02DF3CFCE01DF91CF911F910F910895C7
:103EC0008091CB099091CC09009711F480E02FC02C
:103ED000DC01ED91FC910688F789E02D1995209180
:103EE000EE093091EF0981111FC0232B79F78DEF77
:103EF0009FEF9093EF098093EE098091CB09909109
:103F0000CC09DC01ED91FC910680F781E02D19953B
:103F10008091CB099091CC09DC01ED91FC91048852
:103F2000F589E02D1995D2CF81E0232B79F60895FC
:103F3000CF93DF93EC01FA013296E60FF71FDC0115
:103F40009D012C1B3D0BCF01861B970B4D914423EC
:103F500011F04193F5CFAC01421B530B640F751F59
:103F6000FB013297308361507109FB012083DF919F
:103F7000CF910895009761F0FC01868197810097A9
:103F800039F0662329F06150FC0182819381F7CFDB
:103F90000895CF92DF92EF92FF92DC011196EC919F
:103FA0001197EF70EC3098F4F0E08827E552F04676
:103FB0008F4F0C943CDF3EA001A001A0E79FE79F3C
:103FC000E79F24A005A0E79FE79FEE9FEE9F8FEF5E
:103FD0009FEFFF90EF90DF90CF90089514968D9112
:103FE0009D910D90BC91A02DB7FD48C08F3F9105CC
:103FF000A105B10571F36CF38FEF90E0A0E0B0E0A4
:10400000E8CF14968C9190E0E4CF1496CD90DD909B
:10401000ED90FC90179720E030E0A901C701B601B0
:104020000E9467DD87FD2AC020E030E04FE753E4BF
:10403000C701B6010E946FE018161CF1C701B60156
:104040000E9439E0CB01C5CF14966D917D918D9181
:104050009C9117976D392FEF72078207920774F0C2
:10406000611524E67207810591055CF424E630E0D1
:1040700040E050E00E94D3DEC901ABCF90E080E089
:10408000A8CF8FEF90E0A5CFEF92FF920F931F93F1
:10409000CF93DF937C018B01D0E0C0E0C7010E9489
:1040A0002F8C97FD07C0F80181938F012196C430B2
:1040B000D105A1F7CE01DF91CF911F910F91FF9014
:1040C000EF9008950F931F93CF93DF93CDB7DEB793
:1040D00062970FB6F894DEBF0FBECDBF8C01CB0147
:1040E000F80111821082138212821582148240E13B
:1040F000BE016F5F7F4F0E94EED7BE016F5F7F4FA3
:10410000C8010E94118A62960FB6F894DEBF0FBEF6
:10411000CDBFDF91CF911F910F910895E091260AB5
:10412000F091270A128A118A148A138A24E830E04F
:1041300035872487168620E030E3308B2787858BF0
:1041400081E090E00895CF93DF938091260A9091CB
:10415000270A892B99F182E70E948EA08091260A76
:104160009091270ADC01ED91FC910088F189E02D06
:1041700070E060E01995C5E3D3E08091260A909144
:10418000270ADC01ED91FC91B3E0C933DB07C1F0F4
:104190000284F385E02D19952991022E000C330B32
:1041A0008217930751F38091260A9091270ADC0128
:1041B000ED91FC910488F589E02D199580E005C00A
:1041C0000488F589E02D199581E0DF91CF9108955C
:1041D000AF92BF92CF92DF92EF92FF920F931F9315
:1041E000CF93DF935C017B018B01040F151FEB0163
:1041F0006E01CE18DF08C017D10741F0C5010E943B
:104200002F8C1816190614F48993F2CFC601DF918A
:10421000CF911F910F91FF90EF90DF90CF90BF90C3
:10422000AF900895CF93DF932091260A3091270A0B
:10423000232B11F480E041C0EC010E94A3A088234D
:10424000C9F3FE0101900020E9F73197EC1BFD0B4B
:10425000709780F782E70E948EA08091260A909145
:10426000270ADC01ED91FC910088F189E02D60E4E2
:1042700070E01995BE018091260A9091270A0E944C
:10428000578E8091260A9091270ADC01ED91FC91CE
:104290000190F081E02D60E01995EC018091260AF3
:1042A0009091270ADC01ED91FC910488F589E02DBD
:1042B000199581E0CD2B09F4BDCFDF91CF91089501
:1042C000CF93DF932091260A3091270A232B11F4F4
:1042D00080E041C0EC010E94A3A08823C9F3FE0145
:1042E00001900020E9F73197EC1BFD0B709780F7E8
:1042F00082E70E948EA08091260A9091270ADC0115
:10430000ED91FC910088F189E02D60E570E0199550
:10431000BE018091260A9091270A0E94578E8091B3
:10432000260A9091270ADC01ED91FC910190F08121
:10433000E02D60E01995EC018091260A9091270A02
:10434000DC01ED91FC910488F589E02D199581E05F
:10435000CD2B09F4BDCFDF91CF9108950F931F931B
:10436000CF93DF9300D01F92CDB7DEB7FC018281DF
:104370009381A481B58189839A83AB83BC83809127
:10438000260A9091270A892B11F480E033C00E94FD
:10439000A3A08823D1F382E70E948EA08091260AF1
:1043A0009091270ADC01ED91FC910088F189E02DC4
:1043B00060E170E019958091260A9091270ADC014E
:1043C000ED91FC910280F381E02D44E050E0BE01CC
:1043D0006F5F7F4F19958C018091260A9091270A73
:1043E000DC01ED91FC910488F589E02D199581E0BF
:1043F000012B59F20F900F900F900F90DF91CF91FA
:104400001F910F9108950F931F93CF93DF9300D0C7
:104410001F92CDB7DEB7FC0182819381A481B58163
:1044200089839A83AB83BC838091260A9091270A63
:10443000892B11F480E033C00E94A3A08823D1F31C
:1044400082E70E948EA08091260A9091270ADC01C3
:10445000ED91FC910088F189E02D6CE170E01995F7
:104460008091260A9091270ADC01ED91FC9102804F
:10447000F381E02D44E050E0BE016F5F7F4F19955E
:104480008C018091260A9091270ADC01ED91FC9124
:104490000488F589E02D199581E0012B59F20F90E0
:1044A0000F900F900F90DF91CF911F910F91089572
:1044B0000F931F93CF93DF9300D01F92CDB7DEB73A
:1044C000FC0182819381A481B58189839A83AB8326
:1044D000BC838091260A9091270A892B11F480E0F1
:1044E00033C00E94A3A08823D1F382E70E948EA04C
:1044F0008091260A9091270ADC01ED91FC910088B9
:10450000F189E02D64E170E019958091260A90917F
:10451000270ADC01ED91FC910280F381E02D44E05B
:1045200050E0BE016F5F7F4F19958C018091260A84
:104530009091270ADC01ED91FC910488F589E02D2A
:10454000199581E0012B59F20F900F900F900F9069
:10455000DF91CF911F910F9108950F931F93CF93E8
:10456000DF9300D01F92CDB7DEB7FC01828193812B
:10457000A481B58189839A83AB83BC838091260A09
:104580009091270A892B11F480E033C00E94A3A0E8
:104590008823D1F382E70E948EA08091260A909111
:1045A000270ADC01ED91FC910088F189E02D68E19A
:1045B00070E019958091260A9091270ADC01ED910F
:1045C000FC910280F381E02D44E050E0BE016F5F7A
:1045D0007F4F19958C018091260A9091270ADC0162
:1045E000ED91FC910488F589E02D199581E0012B6E
:1045F00059F20F900F900F900F90DF91CF911F9174
:104600000F910895CF93DF9300D01F92CDB7DEB7FF
:1046100019821A821B821C8287E789838091260A6D
:104620009091270A892B41F10E94A3A0882321F1B0
:1046300082E70E948EA08091260A9091270ADC01D1
:10464000ED91FC910088F189E02D6CE070E0199506
:10465000BE016F5F7F4F8091260A9091270A0E94CA
:1046600044A08091260A9091270ADC01ED91FC91EB
:104670000488F589E02D199569817A818B819C8167
:104680000F900F900F900F90DF91CF9108950F939F
:104690001F93CF93DF9300D01F92CDB7DEB769830E
:1046A0007A838B839C838091260A9091270A892B99
:1046B00011F480E033C00E94A3A08823D1F382E7E5
:1046C0000E948EA08091260A9091270ADC01ED912C
:1046D000FC910088F189E02D6CE070E019958091E3
:1046E000260A9091270ADC01ED91FC910280F3816A
:1046F000E02D44E050E0BE016F5F7F4F19958C01C3
:104700008091260A9091270ADC01ED91FC910488A2
:10471000F589E02D199581E0012B59F20F900F904A
:104720000F900F90DF91CF911F910F910895CF932C
:10473000C82F0E9402A3C0FB72F9CF910C9447A32B
:10474000CF93C82F0E9402A37E7FC0FF7160CF91DC
:104750000C9447A3CF93C82F0E9402A3CF70607F11
:104760006C2BCF910C9447A3CF93C82F0E9402A328
:10477000C295C07F6F706C2BCF910C9447A32AE039
:104780000C94948C462F50E070E060E02AE00C948A
:10479000948CAB01770F660B770B2AE030E00C941A
:1047A000D18D883008F051C0E82FF0E0EE0FFF1FE8
:1047B000EC5FFD4F718360838150873058F5E82F9F
:1047C000F0E08827E951FC458F4F0C943CDF11A4A1
:1047D000EEA3F5A3FCA303A418A41FA48091690071
:1047E000836080936900E89A0895809169008C60E5
:1047F00080936900E99A08958091690080638093AD
:104800006900EA9A089580916900806C809369003C
:10481000EB9A089580916A00836080936A00EC9A15
:10482000089580916A008C6080936A00ED9A0895E3
:1048300080916A00806380936A00EE9A0895809167
:104840006A00806C80936A00EF9A0895CF93DF939B
:10485000EC010E94B03F8823A1F0EA85E83188F49A
:10486000E13028F0E33010F0E13109F4E0E0F0E06D
:10487000EE0FFF1FE65CF44F80819181DF91CF91B5
:10488000089590E080E0FACF0097D9F061157105A6
:10489000C1F0DC011696ED91FC911797309731F439
:1048A00017967C936E9316970895FC0182819381ED
:1048B0000097D9F773836283DB011596FC93EE931F
:1048C00014970895009761F0DC011696ED91FC9124
:1048D00080E0309731F08F5F0280F381E02DF9CFD7
:1048E00080E00895CF93DF93FC01C481D5812097A8
:1048F000C1F088858F70823029F489859A85DF918F
:10490000CF910895853069F4CE010E9462A4882376
:1049100041F060E0CE010E94BA9FFC018185928542
:10492000EECF90E080E0EBCFDF92EF92FF920F931B
:104930001F93CF93DF93EC017B0140E050E20E9494
:104940008F44D82E811170C06CEB77E28BEF9AE028
:104950000E94AE8ED7011B968D919C910097E9F134
:10496000DC01ED91FC91008CF18DE02D19958C010D
:1049700090E00231110520F4F801ED5DFC4F9081CB
:104980009F708981807F892B898361EB77E28BEF30
:104990009AE00E94AE8EB8018BEF9AE00E94C9A304
:1049A00069EA77E28BEF9AE00E94AE8E69816F70C0
:1049B0008BEF9AE00E94C2A38BEF9AE00E94E08CFA
:1049C00089818F70843068F48230B8F58130D9F1F4
:1049D0001C821D821E821F8215C0F701028510E015
:1049E000C7CF883039F0893099F780E090E0A6E9A8
:1049F000B2E404C080E090E0A0EAB1E48C839D833F
:104A0000AE83BF8340E050E2B701CE010E94BD3FBC
:104A1000CE010E94363430E020E040E058E260E011
:104A200070E0C7010E940B458D2DDF91CF911F9142
:104A30000F91FF90EF90DF90089584E68E838F8131
:104A40008E7F8F831D828FEF8C83DCCF803129F0A6
:104A5000843179F090E080E008958BE090E00E944E
:104A600039D5FC01138212822BEE32E03183208390
:104A7000089584E090E00E9439D5FC0113821282EF
:104A800029E033E0F3CF8F929F92AF92BF92CF9203
:104A9000DF92EF92FF920F931F93CF93DF936115F5
:104AA000710519F490E080E0D6C0DB011896EC9116
:104AB0001897EF70E830B0F7EC01F0E08827EC5978
:104AC000FA458F4F0C943CDF6CA57DA586A59DA56E
:104AD0000EA620A659A686A56AE976E0CE01DF914A
:104AE000CF911F910F91FF90EF90DF90CF90BF90EB
:104AF000AF909F908F900C94858C19968C916FE954
:104B000076E0882359F365EA76E0E8CF19964D916F
:104B10005D916D917C911C972AE030E0CE01DF9190
:104B2000CF911F910F91FF90EF90DF90CF90BF90AA
:104B3000AF909F908F900C94D18D1996CD90DD9071
:104B4000ED90FC901C9720E030E0A901C701B60170
:104B50000E9467DD87FF09C065E774E0CE010E940F
:104B6000578EF7FAF094F7F8F094C701B6010E9457
:104B700040E04B015C01BC01A401CE010E94BFA337
:104B80006FE076E0CE010E94578EC501B4010E940D
:104B90006CDD9B01AC01C701B6010E945ADF2AE01F
:104BA00037ED43EA5BE30E945BDF20E030E040E268
:104BB00051E40E94CDDD4B015C010E9440E06B019D
:104BC000F12CE12C2AE0B701A601CE010E94948CC1
:104BD000C701B6010E946CDD9B01AC01C501B401A7
:104BE0000E945ADF6B017C0120E030E0A9010E94A5
:104BF00067DD882309F456CF20E030E040E251E43D
:104C0000C701B6010E94CDDD0E9440E0AB0170E01B
:104C100060E02AE0CE010E94948C44CF19966D91F9
:104C20007C91CE01DF91CF911F910F91FF90EF907A
:104C3000DF90CF90BF90AF909F908F900C94C993CE
:104C400016960D911C916BE5CE010E94E48C0196A5
:104C500079F48FEF9FEFDF91CF911F910F91FF902C
:104C6000EF90DF90CF90BF90AF909F908F9008957E
:104C70000115110579F0B801CE010E9443A50196F6
:104C800041F3D80112960D911C910115110511F0F7
:104C90006CE2DACF6DE5CE010E94E48C21E030E0D9
:104CA000019611F030E020E088279927821B930BB2
:104CB000D2CF16960D911C916BE7CE010E94E48C29
:104CC000019639F20115110529F1D8016D917C91F8
:104CD000CE010E94C993019609F4BBCF6AE3CE01CD
:104CE0000E94E48C019609F4B4CFB801CE010E9471
:104CF00043A5019609F4ADCFD80112960D911C91F0
:104D00000115110539F06CE2CE010E94E48C019688
:104D1000C9F69FCF6DE7BFCF6F927F928F929F9220
:104D2000AF92CF92DF92EF92FF920F931F93CF93A8
:104D3000DF93CDB7DEB7C454D1090FB6F894DEBF08
:104D40000FBECDBF25967FAF6EAF259723961FAEC2
:104D50001EAE2397672B09F4A5C24C010E94522E68
:104D60006B0188ECC816D10434F56BE877E284E572
:104D70009AE00E94AE8EB60184E59AE00E94C9A333
:104D800084E59AE00E94E08C8FEF9FEFCC5BDF4FD1
:104D90000FB6F894DEBF0FBECDBFDF91CF911F914C
:104DA0000F91FF90EF90DF90CF90AF909F908F90FA
:104DB0007F906F900895F4018585882331F0C401B8
:104DC0000D9623969FAF8EAF23972396EEADFFAD42
:104DD0002397309791F5F401E58CF68CE114F104FA
:104DE000B9F560E470E025968EAD9FAD25970E94E1
:104DF00092E3A12C009741F0FC0111922596FFAFA0
:104E0000EEAF2597AA24A394D12CC12C25966EAC85
:104E10007FAC259783010C0D1D1DF801808188232F
:104E200009F44BC0082E000C990B0E942AE3F801EC
:104E30008083FFEFCF1ADF0AE9CF8081882359F200
:104E4000CE018F5B9F4F0E948D3F7C01892B19F211
:104E5000FDE0EF16F10429F625962EAD3FAD25971E
:104E600019861A861B861C861D861E861F86188A32
:104E70008A85807F8C608A873E872D876DE0CE0192
:104E800009960E947E3429833A834B835C836D8329
:104E90007E838F8398872396EEACFFAC2397A12C5B
:104EA000C12C09851A852B853C854D855E856F85CE
:104EB0007889C4010E948D4B69CF6114710481F11E
:104EC000F3018081882361F18D3209F47DC090ED7A
:104ED000980F9A3008F478C008E010E0853211F19C
:104EE0000EEF1FEF8B37F1F007E110E08332D1F0C6
:104EF00084E8C82E86E2D82E01E010E0C6010E94A8
:104F000082D7AC01B601C3010E949BD7892B51F017
:104F10000F5F1F4FFAE0CF0ED11C0A31110571F758
:104F20000FEF1FEF19AE1AAE1BAE1CAE21961CAED2
:104F30001DAE1EAE1FAE21978AAD807F8AAF09AF2E
:104F400085E0E816F10409F442C096E0E916F104A0
:104F500011F407E110E0DE2C6E2DCE01C9960E94FF
:104F60007E3429873A874B875C876D877E878F875A
:104F7000988B0A30110574F5083011050CF06DC1DD
:104F80000E3FEFEF1E0744F00F3FFFEF1F0709F042
:104F90000CF488C1012B91F1CE018D5B9F4F0E94D3
:104FA000A02F611571058105910551F02AAD207F73
:104FB0002A602AAF21966CAF7DAF8EAF9FAF21974D
:104FC000C12CF12CE12C6BC010E000E0ABCF08E16C
:104FD00010E0C1CF0731110509F4F2C00831110505
:104FE000D9F660E0CE01C9960E94A034298B3A8B95
:104FF0004B8B5C8B6D8B7E8B8F8B988FCE018D5BFB
:105000009F4F0E946E2E29833A834B835C836D836E
:105010007E838F8398876D2DCE0101960E947E340A
:10502000298F3A8F4B8F5C8F6D8F7E8F8F8F98A3D8
:105030008A818F70D82E3E0181E2680E711C10E0CB
:1050400000E025968EAD9FAD2597892B79F0033032
:10505000110561F0CE018D5B9F4F0E94A02F0F5F65
:105060001F4FF301619371933F01EBCFFBE0EF160C
:10507000F10401F18CE0E816F10479F19AE0E91607
:10508000F104A1F5CE0101960E947438CE01C996B3
:105090000E946F3F2396EEACFFAC2397C12C09AD65
:1050A0001AAD2BAD3CAD4DAD5EAD6FAD21967FAD74
:1050B0002197FFCECE0101960E9474388AAD982FB9
:1050C0009F7039F0923031F7653608F064E66EAFC4
:1050D000E1CF807F82608AAFF7CFCE0101960E9438
:1050E0007438CE01C9960E94C53AD4CF81E090E0D1
:1050F000D11002C090E080E0800F911F82309105B6
:10510000A9F16CF4019741F16EE777E284E59AE04A
:105110000E94AE8E84E59AE00E94E08CBBCF833083
:105120009105C1F1049781F71BA109A1CE01019658
:105130000E9474388AAD807F82608AAF6FAF2196FB
:105140008FAD219770FB80F921968FAF21970EAF1D
:105150001DAF6DA17EA1C5CF88E0FE013196DE01B5
:10516000D99601900D928A95E1F794CF19A1CE01BD
:1051700001960E9474388AAD807F83608AAF6FAFDA
:1051800021968FAD219770FB80F921968FAF2197E3
:105190001EAF80CF1BA109A1CE0101960E947438D9
:1051A0008AAD807F82608AAF6FAF21968FAD2197E5
:1051B00070FB80F921968FAF21970EAF1DAF6ACF9C
:1051C00060E0CE01C9960E94A03429A33AA34BA364
:1051D0005CA36DA37EA38FA398A7FE0131967F01E8
:1051E00010E000E025968EAD9FAD2597892B79F0D4
:1051F0000430110591F0CE018D5B9F4F0E94A02FCE
:105200000F5F1F4FF701619371937F01EBCF033065
:10521000110591F004301105C9F49F812D813B8166
:1052200049818AAD807F85608AAF4FAF3EAF2DAF99
:1052300021969FAF21970AC09D812B8139818AAD2C
:10524000807F84608AAF3FAF2EAF9DAF2396EEACD8
:10525000FFAC2397CC24C39422CFCE018D5B9F4F0C
:105260000E946E2E29833A834B835C836D837E83F9
:105270008F839887602FCE0101960E94A0346E2DF7
:10528000CE0101960E947E342396EEACFFAC2397AC
:10529000C12C09811A812B813C814D815E816F81F6
:1052A000788507CE90E080E071CD8CBD9DBD0895DE
:1052B000EF92FF920F931F93CF93DF9300D01F9233
:1052C000CDB7DEB710927E0902967C0110E000E0B7
:1052D000F70181917F014AE0BE016F5F7F4F90E04F
:1052E0000E94EED740E150E0BE016F5F7F4F8EE736
:1052F00099E00E94ADE30330110531F06FE076E0F4
:105300008EE799E00E9487E30F5F1F4F043011057D
:10531000F9F68EE799E00F900F900F900F90DF91C4
:10532000CF911F910F91FF90EF90089510927D09FA
:1053300010927C0910927B0910927A090E94A7258D
:1053400081EB94E1909379098093780982EB94E161
:10535000909377098093760908950F931F93CF93C5
:10536000DF93EC01209701F10A811B81888583FD81
:1053700006C08E819F81009711F00E94ADA988859B
:105380008F70843031F489859A85009711F00E94DE
:10539000649388819981009711F00E946493CE01F3
:1053A0000E94D5D5E801DECFDF91CF911F910F91FB
:1053B00008950F931F93CF93DF938C010E9416954E
:1053C000EC01892B71F0C8010E949593BE01C801C0
:1053D0000E943A9C019629F4CE010E94ADA9D0E02A
:1053E000C0E0CE01DF91CF911F910F91089520E38E
:1053F000FC0120833296862F82958F706F706A3001
:1054000030F4605D6293682F8111F5CF0895695C77
:10541000F9CFCF92DF92EF92FF920F931F93CF932A
:10542000DF936C01EB017A0189010E945C9788236C
:1054300031F180E591E00E9455A946E050E06EE22E
:105440007AE089E090E00E949B96C60102960E9455
:105450002624C70102960E943424C80102960E94A5
:105460002D240E943B248A819B81AC81BD81809345
:10547000B7099093B809A093B909B093BA09DF911D
:10548000CF911F910F91FF90EF90DF90CF900895F3
:10549000CF92DF92EF92FF92CF93DF93CDB7DEB73B
:1054A00068970FB6F894DEBF0FBECDBFFA012CE2AD
:1054B00034E03A8329835FEF5B835C835D831E82E4
:1054C00038872F83C280D380E480F580C986DA864E
:1054D000EB86FC863E872D87FB01428153816481E8
:1054E00075814F87588B698B7A8B3C8B2B8BFC019A
:1054F00082819381A481B5818D8B9E8BAF8BB88F78
:105500009E012F5F3F4FAE01495F5F4FBE01635F5A
:105510007F4FCE0143960E9409AA68960FB6F89471
:10552000DEBF0FBECDBFDF91CF91FF90EF90DF9038
:10553000CF9008950F931F93CF93DF93CDB7DEB72E
:1055400068970FB6F894DEBF0FBECDBFFB01DC013C
:1055500012964D915D916D917C9115974D8B5E8B5F
:105560006F8B788F8CE294E09A83898321E0288F77
:105570000D891E892F89388D0B831C832D833E83D3
:1055800098878F83028113812481358109871A8747
:105590002B873C879E878D874F87588B698B7A8BAB
:1055A000AE014F5F5F4FBE01695F7F4FCE010D9629
:1055B0000E9448AA68960FB6F894DEBF0FBECDBF12
:1055C000DF91CF911F910F910895CF93DF93CDB7C6
:1055D000DEB762970FB6F894DEBF0FBECDBFFC01F9
:1055E00082819381A481B5818F87988BA98BBA8B97
:1055F0002CE234E03A83298341E04A8B4F85588975
:1056000069897A894B835C836D837E8338872F8396
:1056100089879A87AB87BC87BE016F5F7F4FCE01BA
:1056200007960E949AAA62960FB6F894DEBF0FBE44
:10563000CDBFDF91CF910895EF92FF920F931F930B
:10564000CF93DF93CDB7DEB7C054D1090FB6F8942E
:10565000DEBF0FBECDBF7C010E94609F282F882334
:1056600029F1F70101900020E9F731978F010E1918
:105670001F0981E3898382E0800F8A831B820C8368
:105680004BE350E0B701CE0105960E94CBE3A801A1
:1056900055274C5F5F4FBE016F5F7F4F87EC99E0EE
:1056A0000E94DD8421E0892B09F420E0822FC05C78
:1056B000DF4F0FB6F894DEBF0FBECDBFDF91CF91A5
:1056C0001F910F91FF90EF9008958F929F92AF924C
:1056D000BF92CF92DF92EF92FF920F931F93CF93DF
:1056E000DF93CDB7DEB760970FB6F894DEBF0FBE7D
:1056F000CDBF7C0190912709992351F108E09333A4
:1057000009F404E06B0180E591E00E9455A99E0137
:105710002F5F3F4F5901490110E0812F0E94332331
:10572000F40181934F018823D9F01F5F0113F5CF56
:1057300000E0F50181915F018D3161F0883151F018
:105740008A51823038F00F5F1013F3CF0E943B2450
:1057500018E08AC060E170E0802F0E940096102F50
:10576000A12EB12CF501EE0FFF1FE95EF64F11825D
:10577000108283EE93E00197F1F742E870E060E079
:10578000812F0E94F7224FEF62E070E0812F0E948C
:10579000F722B601C114D10491F4809102029091D4
:1057A000030201968115F0EC9F0708F471C09093F5
:1057B0000302809302026091020270910302812F22
:1057C0000E94099B86E0E9EDF2E0DE011996019066
:1057D0000D928A95E1F7F70183818F778C87848119
:1057E0008D8785818E87A7014E5F5F4F24E030E073
:1057F0006CE070E0812F0E94E622B601812F0E94AA
:10580000F39A26E030E0AE01475F5F4F66E070E05C
:10581000812F0E94E62261E070E0812F0E940096B5
:1058200027E02A9DC0012B9D900D11249C0121523F
:10583000374F7901F9011182108222E030E0AE0188
:10584000415F5F4F68E270E0812F0E9415248F85D1
:105850009889982789279827F7019383828316824E
:10586000158214820E943B24812F60960FB6F89413
:10587000DEBF0FBECDBFDF91CF911F910F91FF9083
:10588000EF90DF90CF90BF90AF909F908F90089552
:1058900080E090EC8CCF8150823108F05AC0E82F24
:1058A000F0E08827E95AF3458F4F0C943CDF77AC42
:1058B0007BAC69AC6FAC73ACA9AC7EAC84AC88AC8F
:1058C0008EAC92AC96AC9CACA0ACA9ACA4ACAAAC8F
:1058D000AEAC809180008F77809380000895809196
:1058E00080008F7DF9CF80918000877FF5CF84B5D0
:1058F0008F7784BD089584B58F7DFBCF8091B000F4
:105900008F778093B00008958091B0008F7DF9CF9C
:10591000809190008F7780939000089580919000FF
:105920008F7DF9CF80919000877FF5CF8091A00087
:105930008F778093A00008958091A0008F7DF9CF8C
:105940008091A000877FF5CF809120018F77809391
:1059500020010895809120018F7DF9CF8091200151
:10596000877FF5CF1F93CF93DF93282F30E0F90186
:10597000E851FC4D8491F901EE55FC4DD491F901AB
:10598000E45AFC4DC491CC23A9F0162F81110E943A
:105990004BACEC2FF0E0EE0FFF1FEE5BFC4DA59142
:1059A000B4918FB7F894EC91111108C0D095DE2313
:1059B000DC938FBFDF91CF911F910895DE2BF8CF3D
:1059C000CF93DF9390E0FC01EE55FC4D2491845A77
:1059D0009C4DFC0184918823C9F090E0880F991FA9
:1059E000FC01E85DFC4DA591B491FC01EE5BFC4D22
:1059F000C591D49161110DC09FB7F8948C912095F9
:105A000082238C938881282328839FBFDF91CF91A5
:105A10000895623051F49FB7F8943C91822F80959D
:105A200083238C93E8812E2BEFCF8FB7F894EC91E2
:105A30002E2B2C938FBFEACF863308F0865320910C
:105A40007B00982F9870277F922B90937B00877014
:105A5000806480937C0080917A00806480937A00D7
:105A600080917A0086FDFCCF80917800909179003A
:105A700008953FB7F8948091730B9091740BA091A7
:105A8000750BB091760B26B5A89B05C02F3F19F07A
:105A90000196A11DB11D3FBFBA2FA92F982F8827AE
:105AA000BC01CD01620F711D811D911D42E0660F89
:105AB000771F881F991F4A95D1F708958F929F925B
:105AC000AF92BF92CF92DF92EF92FF920F931F930C
:105AD000CF93DF93D0917A09D13208F0D7C0182F35
:105AE000C09175090E9439AD6B017C0180914E090E
:105AF00081116BC082E080934E0910934D098FEFA6
:105B000080934C0910924B09D0934A09A5E5B9E05E
:105B1000EAE2F9E080E0D81391C01092290980915F
:105B20002909CC0FC82BC0932909809128098130FD
:105B300009F088C0109228090E9439AD6B017C01E0
:105B4000809129098093BB0080915009909151095F
:105B5000A0915209B0915309892B8A2B8B2BA1F06C
:105B60000E9439AD009150091091510920915209BC
:105B7000309153096C197D098E099F090617170783
:105B80002807390708F442C08091BC0083FDD8CFB4
:105B900085EC8093BC000E9439AD6B017C01809143
:105BA0004E09823009F450C080914C098F3F09F4AE
:105BB0006FC080914C09803209F46CC080914C090F
:105BC000803309F469C084E026C080915009909127
:105BD0005109A0915209B0915309892B8A2B8B2B23
:105BE00009F484CF0E9439AD8090500990905109FA
:105BF000A0905209B09053096C197D098E099F0934
:105C000086169706A806B90608F070CF80914F094E
:105C10000E94C52585E010927B0910927A091092A6
:105C20005409DF91CF911F910F91FF90EF90DF907A
:105C3000CF90BF90AF909F908F9008959D9191933A
:105C40008F5F69CF85EEA5CF809150099091510962
:105C5000A0915209B0915309892B8A2B8B2B09F4FF
:105C60009ECF0E9439AD00915009109151092091A9
:105C70005209309153096C197D098E099F09061745
:105C800017072807390708F08ACFC0CF81E0C3CFB4
:105C900080E0C1CF82E0BFCF83E0BDCF81E00C9434
:105CA0005EAD8F929F92AF92BF92CF92DF92EF92B2
:105CB000FF926B017C010E9439AD4B015C01C11464
:105CC000D104E104F104B9F00E9439AD68197909F1
:105CD0008A099B09683E73408105910580F321E0A4
:105CE000C21AD108E108F10888EE880E83E0981EF8
:105CF000A11CB11CE4CFFF90EF90DF90CF90BF903C
:105D0000AF909F908F9008952FB7F89460916F0B8C
:105D10007091700B8091710B9091720B2FBF089551
:105D2000EF92FF920F931F93CF93DF9300D01F92B8
:105D3000CDB7DEB7FA0120E08E010F5F1F4F9E2F17
:105D40009F77EE0FEF2FEE1FFF0BF195309709F0C5
:105D50009068D801A20FB11D9C932F5F309779F7FF
:105D600030E0FB01E21BF30B8483FB01E21BF30B2E
:105D70003596D801CD01801B910B821793071CF437
:105D80008D918193F7CF2F5F3F4F8091CB099091F9
:105D9000CC098901040F151F621B730B6B5F7F4FCA
:105DA000DC01ED91FC910280F381E02DA8011995B1
:105DB0007C010E9484AE6093D7097093D8098093C8
:105DC000D9099093DA0981E00E151F0509F080E0EA
:105DD0000F900F900F900F90DF91CF911F910F9127
:105DE000FF90EF900895AF92BF92CF92DF92FF9213
:105DF0000F931F93CF93DF936C01EB018A01F22E77
:105E00000E94609F882309F442C0A090CF09B090FF
:105E1000D009B501C6010E94BCD79801295F3F4F48
:105E2000820F931FA816B90690F16091CD09709169
:105E3000CE0945E050E0C6010E94989FAC019E014A
:105E4000200F311FFE01EC01CE1BDF0BDE01AE0F78
:105E5000BF1F6091CD097091CE09E217F30729F0B9
:105E60008191A60FB71F8C93F1CF0550110980E3E4
:105E7000F11081E3400F511FDF91CF911F910F91DE
:105E8000FF90DF90CF90BF90AF900C9490AE80E0E9
:105E9000DF91CF911F910F91FF90DF90CF90BF9036
:105EA000AF900895FF920F931F93CF93DF938C01D0
:105EB000EB01F42E90E080E0209739F06091CF095B
:105EC0007091D009CE010E94BCD72F2DAC01BE012C
:105ED000C801DF91CF911F910F91FF900C94F3AE09
:105EE0000F931F93CF93DF938C01EB0190E080E041
:105EF000209739F06091CF097091D009CE010E94AE
:105F0000BCD720E0AC01BE01C801DF91CF911F9149
:105F10000F910C94F3AE0F931F93CF93DF93EC018B
:105F20000091CF091091D009B8010E94BCD7099601
:105F300008171907E8F10E94609F8823C9F1809132
:105F4000D5099091D609019681F19093D609809355
:105F5000D509E091CD09F091CE098091D6098583CC
:105F6000E091CD09F091CE098091D50986836091A9
:105F7000CD097091CE0947E050E0CE010E94989F74
:105F8000E091CD09F091CE09E80FF91F1082AC0124
:105F9000445051096091CD097091CE0982E8DF919A
:105FA000CF911F910F910C9490AE81E090E0CDCFF6
:105FB00080E0DF91CF911F910F9108958F929F9272
:105FC000AF92BF92CF92DF92EF92FF92CF93DF9387
:105FD000EC010E9484AE4B015C018091CB09909151
:105FE000CC09DC01ED91FC910084F185E02D19953F
:105FF000892BB9F40E9484AE6B017C01C818D908C2
:10600000EA08FB082091D3093091D409A8EEB3E047
:106010000E9405DFC616D706E806F906F0F280E012
:106020000DC08091CB099091CC09DC01ED91FC91E0
:106030000284F385E02D1995888381E0DF91CF916B
:10604000FF90EF90DF90CF90BF90AF909F908F9098
:1060500008952F923F924F925F926F927F928F920C
:106060009F92AF92BF92CF92DF92EF92FF920F93E7
:106070001F93CF93DF9300D000D000D01F92CDB7F5
:10608000DEB71C018091CD099091CE090E94DEAF50
:1060900081111CC060E070E0CB012A960FB6F89425
:1060A000DEBF0FBECDBFDF91CF911F910F91FF904B
:1060B000EF90DF90CF90BF90AF909F908F907F90A8
:1060C0006F905F904F903F902F900895E091CD0991
:1060D000F091CE09D0801982EE24E394F12C812C2A
:1060E000912C5401412C512C32014394CE01019644
:1060F0000E94DEAF882371F287010F5F1F4F8981F5
:10610000E091CD09F091CE09EE0DFF1D8083E9816C
:10611000AE2FAF77B0E0A30192010E94F2DE860EAF
:10612000971EA81EB91E37E0440C551C661C771C30
:106130003A95D1F7E7FD3FC0BD2DB07FBE838FEF0D
:10614000800FF1018083B03309F04CC08091CD09FC
:106150009091CE09800F911F0E94DEAF882309F431
:1061600099CF2091CD093091CE09C7010296820FB7
:10617000931F0E94DEAF882309F48CCF0E5F1F4F60
:10618000E091CD09F091CE09D1018C91DF01A80FEA
:10619000B11D11968C91119790E0982F8827129637
:1061A0002C91820F911D208121FD0296F2E0E0E00A
:1061B00030E020E01DC078010530110509F096CFD0
:1061C0008FEF9FEF9093EF098093EE098091CB09B9
:1061D0009091CC09DC01ED91FC910488F589E02DCA
:1061E000199558CFF0E0E0E030E020E090E080E06A
:1061F00070E060E0CF2EDE2EE32EF22E28013B0170
:106200004C185D086E087F084A825B826C827D8232
:106210002C01712C612C4F82588669867A864A80BF
:106220005B806C807D804C0C5D1C6E1C7F1CC814D8
:10623000D904EA04FB0408F046C0CE0101960E948E
:10624000DEAF882309F426CF8091EC099091ED0907
:10625000009711F12E812033F9F4D1012C914EEFEA
:106260005FEF6FEF7FEF421B510961097109440E27
:10627000551E661E771E2F81388549855A8524153F
:1062800035054605570540F4DC01ED91FC91019080
:10629000F081E02D698119958091CF099091D00905
:1062A0000817190750F48981E091CD09F091CE09C2
:1062B000E00FF11F80830F5F1F4FBFEFCB1ADB0A88
:1062C000EB0AFB0AACCF8091EC099091ED09892B88
:1062D00069F48091CF099091D009B0E0A0E08415D5
:1062E0009505A605B70510F410E000E0B80190E0B0
:1062F00080E0D3CECF93DF93C7ECD9E0EE81FF816E
:1063000080EE8083EE81FF8111828C819D816E8180
:106310007F81DC01ED91FC910280F381E02D42E070
:1063200050E019958FEF9FEF98A78FA38C819D81E7
:10633000DC01ED91FC910680F781E02D19958C81AF
:106340009D81DC01ED91FC910488F589E02D199582
:106350000E9484AE688B798B8A8B9B8B6C8B7D8B38
:106360008E8B9F8BDF91CF9108954F925F926F92AA
:106370007F928F929F92AF92BF92CF92DF92EF92D5
:10638000FF920F931F93CF93DF9300D000D01F9203
:106390001F92CDB7DEB75C016B017A01390128018C
:1063A0008091CB099091CC09DC01ED91FC9106889C
:1063B000F789E02D1995882309F44EC081E090E01B
:1063C0009093D6098093D50987E0EFEDF2E0DE01E6
:1063D000119601900D928A95E1F7FE01319685E0C4
:1063E00090E02191A091CD09B091CE09A80FB91FDD
:1063F0002C9301968C309105A1F786E3C114D1044A
:1064000029F086EBE114F10409F086EF0091CD0943
:106410001091CE09F80184878091D20985878091F7
:10642000D10986878090CF099090D009B401C50129
:106430000E94BCD741968816990608F044C0809106
:10644000CB099091CC09DC01ED91FC910488F58990
:10645000E02D199580E018C16091E8097091E90973
:106460008091CB099091CC09DC01ED91FC91409198
:10647000EA095091EB096115710571F00088F18905
:10648000E02D1995019709F499CF8EEF9FEF909326
:10649000EF098093EE09DECF0684F785E02D2CE22C
:1064A00034E03A8329830091E4091091E5092091B1
:1064B000E6093091E7090B831C832D833E83BE01DF
:1064C0006F5F7F4FDECF4FE050E0B801C5010E9403
:1064D000989F8C01A090CF09B090D009B501C3015D
:1064E0000E94BCD7800F911F0296A816B90608F427
:1064F000A6CF6091CD097091CE09A801C3010E9479
:10650000989F8C01A090CF09B090D009B501C2012D
:106510000E94BCD7800F911F0296A816B90608F4F6
:106520008ECF6091CD097091CE09A801C2010E9461
:10653000989F8C01C114D104B9F1A090CF09B090FB
:10654000D009B501C6010E94BCD798012E5F3F4F0C
:10655000820F931FA816B90608F471CF6091CD0978
:106560007091CE09A801C6010E94989F8C01E11488
:10657000F104D1F0C090CF09D090D009B601C70185
:106580000E94BCD798012E5F3F4F820F931FC81601
:10659000D90608F454CF6091CD097091CE09A801B5
:1065A000C7010E94989F8C01A80145505109609134
:1065B000CD097091CE0980E10E9490AE0E9484AE18
:1065C0006093D7097093D8098093D9099093DA0919
:1065D0006093DB097093DC098093DD099093DE09F9
:1065E0008091CB099091CC09DC01ED91FC91008464
:1065F000F185E02D1995892B21F50E9484AE00913B
:10660000DB091091DC092091DD093091DE096B0175
:106610007C01C01AD10AE20AF30A2091D309309111
:10662000D409A8EEB3E00E9405DFC616D706E80637
:10663000F906B0F28CEF9FEF9093EF098093EE098B
:10664000FECECE0108960E9429B064307105810506
:10665000910509F0F4CEE091CD09F091CE09838146
:1066600090E08111E9CF0E9484AE6093DB097093C2
:10667000DC098093DD099093DE091092DF09109206
:10668000EF091092EE0981E028960FB6F894DEBF6C
:106690000FBECDBFDF91CF911F910F91FF90EF9073
:1066A000DF90CF90BF90AF909F908F907F906F9032
:1066B0005F904F9008954F925F926F927F928F926A
:1066C0009F92AF92BF92CF92DF92EF92FF920F9381
:1066D0001F93CF93DF93CDB7DEB763970FB6F894D0
:1066E000DEBF0FBECDBF7C016B013A01FB0120E094
:1066F00090E080E06AE03191332309F461C040ED1D
:10670000430F4A3008F04DC0689FA001699F500DAB
:106710001124CA01C097830F911D37FD9A958F3FB1
:10672000910549F340F3F7014281538164817581FA
:106730008091970B9091980BA091990BB0919A0B27
:10674000481759076A077B0709F412C28701085FD7
:106750001F4F0E9484AE6F7077277C5FC8010E9434
:106760003A1A813009F009C28CE294E09A83898355
:10677000F70182819381A481B5818B839C83AD8352
:10678000BE8345E350E0BE016F5F7F4FC8010E94AA
:10679000A724892BA9F5D12CC12CC8010E94C018AF
:1067A00017C03E3209F0BFCF233009F4BCCFD3016C
:1067B000A20FB11D12968C932F5F90E080E09BCFCB
:1067C000233009F0B0CFF3018583CC24C394D12CBE
:1067D000C60163960FB6F894DEBF0FBECDBFDF9142
:1067E000CF911F910F91FF90EF90DF90CF90BF90CE
:1067F000AF909F908F907F906F905F904F90089593
:106800000E9484AEF7017783668342E050E0B701CF
:106810006A5F7F4FC8010E943C2481E090E09A8328
:10682000898342E050E0BE016F5F7F4FC8010E9444
:106830003C2480E091E09A83898342E050E0BE01ED
:106840006F5F7F4FC8010E943C241A82198242E088
:1068500050E0BE016F5F7F4FC8010E943C2442E0C0
:1068600050E0BE016F5F7F4FC8010E943C2442E0B0
:1068700050E0BE016F5F7F4FC8010E943C2456016B
:10688000F6018081882301F16501F60181912F01D4
:10689000882311F08E32B1F446018A189B0818142F
:1068A000190474F48D8641E050E0BE01635F7F4FB0
:1068B000C8010E943C24A401B501C8010E943C24E7
:1068C0005201DECF6201E1CF1D8641E050E0BE0102
:1068D000635F7F4FC8010E943C24C12CDD24D39408
:1068E000DA82C98242E050E0BE016F5F7F4FC8018B
:1068F0000E943C24DA82C98242E050E0BE016F5F10
:106900007F4FC8010E943C24C8010E947624892B35
:1069100009F441CFF3E0AF2EB12C230122E0420E67
:10692000511CDDC0F7014281538164817581808DE6
:10693000918DA28DB38D481759076A077B0709F01F
:106940000DC1848D958DC59709F008C181A192A1D3
:106950005DEFC52EDD24DA940C970CF4AEC04CE04C
:1069600050E0BE016F5F7F4FC8010E94F6188B8117
:106970009C819827892798279A8B898BF7014681D4
:10698000578129813A814217530709F0ECC097FFDC
:10699000EAC08F7092703BEFC32EDD24DA94892B0E
:1069A00009F08BC06F8078847624672476242AEFE0
:1069B000C22EDD24DA946114710409F47EC0D12C56
:1069C000C12C8D819E81982789279827C816D906C2
:1069D000F8F441E050E0BE01635F7F4FC8010E94C0
:1069E000F6184D85442331F050E070E060E0C801B6
:1069F0000E94F6188D858111ECCF44E050E070E0E4
:106A000060E0C8010E94F618FFEFCF1ADF0AD9CF65
:106A1000912C812C41E050E0BE016D5E7F4FC8019A
:106A20000E94F6184B89842F807C09F071C04423A2
:106A300031F050E070E060E0C8010E94F6188B89E8
:106A40008111E8CF42E050E0BE01615F7F4FC80195
:106A50000E94F61842E050E0BE01635F7F4FC8011C
:106A60000E94F61844E050E070E060E0C8010E9427
:106A7000F61842E050E0BE016F5E7F4FC8010E94F1
:106A8000F6188F85988949895A898115914009F0AE
:106A900048C0CD84DE84DC24CD24DC2481E0C8160B
:106AA000D10409F03EC04115544009F04EC044E005
:106AB00050E0B201C8010E94F6180E94C87061E05F
:106AC00070E080E090E00E9451AE21E0A21AB1088F
:106AD00009F463CEFFEFCF16DF0609F05ECE0E9409
:106AE00084AE3B014C01C8010E946B1918161906AF
:106AF0000CF418CF0E9484AE6619770988099909A9
:106B0000693873418105910528F50E94C870EBCF63
:106B100041E050E070E060E0C8010E94F6181B8A76
:106B20008ECF54274527542770E060E0C8010E94AB
:106B3000F618FFEF8F1A9F0A6814790409F06ACFDC
:106B400096EFC92EDD24DA94B8CFE7EFCE2EDD2400
:106B5000DA94B3CFCC24CA94DC2CAFCF6EEFC62E20
:106B6000DD24DA94AACF4CEFC42EDD24DA94A5CF2D
:106B70008EEFC82EDD24DA942BCED12CC12C28CE5A
:106B80001F920F920FB60F9211242F933F938F9362
:106B90009F93AF93BF9380916F0B9091700BA091D7
:106BA000710BB091720B30916E0B23E0230F2D37D8
:106BB00058F50196A11DB11D20936E0B80936F0BAC
:106BC0009093700BA093710BB093720B8091730B29
:106BD0009091740BA091750BB091760B0196A11D4D
:106BE000B11D8093730B9093740BA093750BB093AE
:106BF000760BBF91AF919F918F913F912F910F9005
:106C00000FBE0F901F90189526E8230F0296A11D26
:106C1000B11DD2CFEF92FF920F931F93CF93DF93CB
:106C200000D000D0CDB7DEB77C01FC018481958116
:106C3000892B09F455C00081118162E270E0C8011E
:106C40000E9492E3009709F44BC09C01201B310B7A
:106C5000890162E2C7010E944D8817FD44C01816E1
:106C600019060CF040C0A8014F5F5F4F9C01B701AF
:106C7000CE0101960E94918ABE016F5F7F4F88E22C
:106C80009AE00E94DF88CE0101960E94418A65EE5B
:106C900077E28BEF9AE00E94AE8E68E27AE0CE0156
:106CA00001960E94778ABE016F5F7F4F8BEF9AE05B
:106CB0000E94A08E8BEF9AE00E94E08CCE0101969C
:106CC0000E94418A81E026960FB6F894DEBF0FBE7F
:106CD000CDBFDF91CF911F910F91FF90EF9008955D
:106CE0000FEF1FEFB6CFB70188E29AE00E942A8A21
:106CF000CECF0F931F93CF93DF9300D000D0CDB7AB
:106D0000DEB78091260A9091270A892B11F480E042
:106D10005CC00E94A3A08823D1F380912C0A90919B
:106D20002D0A8097A0F782E70E948EA08091260A04
:106D30009091270ADC01ED91FC910088F189E02D0A
:106D400060E670E0199568E27AE08091260A9091F9
:106D5000270A0E94A08E8091260A9091270ADC01C2
:106D6000ED91FC910190F081E02D60E019958C018E
:106D70008091260A9091270ADC01ED91FC9104880C
:106D8000F589E02D199501151105D9F069ED77E226
:106D90008BEF9AE00E94AE8E68E27AE0CE01019617
:106DA0000E94778ABE016F5F7F4F8BEF9AE00E944F
:106DB000A08E8BEF9AE00E94E08CCE0101960E949B
:106DC000418A81E0012B09F4A2CF26960FB6F894F0
:106DD000DEBF0FBECDBFDF91CF911F910F91089500
:106DE0008F929F92BF92CF92DF92EF92FF920F937A
:106DF0001F93CF93DF93CDB7DEB7A3970FB6F89469
:106E0000DEBF0FBECDBF8C016B01B42E4901D8018E
:106E1000ED91FC910084F185E02DC8011995892B35
:106E200049F0D801ED91FC910284F385E02DC80171
:106E30001995EDCF7601BFE0FB22CC2480EFD8225C
:106E400068E776E2CE0142960E94498A198E188E32
:106E50001B8E1A8E1D8E1C8E4AE0BE016F5F7F4F07
:106E6000C7010E9438D8BE016F5F7F4FCE014896A0
:106E70000E94118A6EE676E2CE014E960E94498A01
:106E8000BE01625E7F4FCE0101960E94778ABE01ED
:106E9000685E7F4FCE0101960E94DD89BE016E5E65
:106EA0007F4F0E94DD89BC01C8010E94A08ECE01E7
:106EB00001960E94418ACE014E960E94418ACE01DF
:106EC00048960E94418ACE0142960E94418AA1E9D9
:106ED000EA16A1E0FA0609F46FC008F04CC06CECA9
:106EE00075E28DE2E81681E0F806C1F048F469EC3D
:106EF00075E2B8ECEB16F10489F064EB75E20EC0B4
:106F00006CEB75E280E3E81681E0F80639F062E6A2
:106F100076E2A0E9EA16A1E0FA0679F7C8010E9434
:106F2000D28E65E975E2C8010E94D28EC114D104E7
:106F300009F459C063E875E2C8010E94D28E64E783
:106F400075E2C8010E94AE8E6EE475E2C114A0E441
:106F5000DA0609F445C0C0F569E675E2C11480E1BE
:106F6000D806F1F168E575E2C114A0E2DA06C1F1D4
:106F70006CE275E235C064EF75E2BDE9EB16B1E095
:106F8000FB0661F240F466E076E2A4E9EA16A1E0CD
:106F9000FA0621F2B2CF6FE476E2BEE9EB16B1E079
:106FA000FB0609F4BBCF6EED75E284EFE81681E0D5
:106FB000F80609F4B3CFA1CF62E476E2C8010E94DB
:106FC000D28E60E176E2AACF64E475E2C114B0E546
:106FD000DB0631F069E375E2C11480E6D80641F6BC
:106FE000C8010E94D28E6AE176E0C4010E949A88AC
:106FF000811135C069E176E0CE0101960E94808A58
:10700000B401CE0101960E94DD89BC01C8010E9435
:10701000A08ECE0101960E94418ABB2071F064E6E9
:1070200070E080E090E00E9451AED801ED91FC91BB
:107030000488F589E02DC8011995A3960FB6F89438
:10704000DEBF0FBECDBFDF91CF911F910F91FF909B
:10705000EF90DF90CF90BF909F908F900895BB20CE
:1070600061F3C8010E94E08CDACF2F923F924F92D9
:107070005F926F927F928F929F92AF92BF92CF92C8
:10708000DF92EF92FF920F931F93CF93DF93CDB7D1
:10709000DEB7C256D1090FB6F894DEBF0FBECDBF22
:1070A000DC011C962C91283008F0E2C15C014AE01A
:1070B000BC01CE01875A9F4F0E945D8CCE01875A3A
:1070C0009F4F0E94BF876AE176E0CE018D5A9F4FA5
:1070D0000E94808A6AE176E0CE01835B9F4F0E9426
:1070E000808A6AE176E0CE01895B9F4F0E94808AA8
:1070F00044244A94542C32014AE0B501CE01019651
:107100000E945D8CBE016F5F7F4FCE018D5A9F4FF5
:107110000E94DF88CE0101960E94418ACE018D5ADD
:107120009F4F0E94BF876BE175E2CE0101960E94DE
:10713000498ABE016F5F7F4FCE018D5A9F4F0E94DB
:107140007F88182FCE0101960E94418A112309F4ED
:1071500096C040E150E070E060E0CE018D5A9F4F54
:107160000E941C8865968EAD9FAD6597412C512C71
:107170003201009721F00E9424D72B013C016AE1E3
:1071800076E0CE018D5A9F4F0E949A88882309F499
:10719000B3CFBE01635B7F4F8BEF99E00E94AF8856
:1071A000282E33243394811101C0312C60E2CE01AA
:1071B000875A9F4F0E944D88009761F06F964EADA1
:1071C0005FAD6F97481B590BBC01CE01875A9F4F8B
:1071D0000E941C8866EF74E2CE0101960E94498AE3
:1071E000BE016F5F7F4FCE01875A9F4F0E947F88FD
:1071F000182FCE0101960E94418A112309F481C003
:1072000045E050E070E060E0CE01875A9F4F0E9459
:107210001C8847E7F42EB1E0A096BFAFA0978090FE
:107220000F0A9090100A8114910409F43BC1BE0129
:10723000675A7F4FCE0101960E94778ADE01A95BD3
:10724000BF4F6D01E32C93018201A0964FADA09733
:10725000BE016F5F7F4FC501F40119958C01CE010E
:1072600001960E94418A0115110509F41BC10130E4
:10727000110509F0E1C0C5010E94DA70E5C06BE0BC
:1072800075E2CE0101960E94498ABE016F5F7F4F71
:10729000CE018D5A9F4F0E947F8811E0811118C046
:1072A0006BEF74E2CE018F5B9F4F0E94498ABE0153
:1072B0006F5B7F4FCE018D5A9F4F0E947F8811E0F8
:1072C000811101C010E0CE018F5B9F4F0E94418A67
:1072D000CE0101960E94418A112309F450CF4FE05C
:1072E00050E070E060E0CE018D5A9F4F0E941C88F4
:1072F000BE016D5A7F4FCE01835B9F4F0E942A8A49
:107300003ECF62EF74E2CE0101960E94498ABE012F
:107310006F5F7F4FCE01875A9F4F0E947F88182F43
:10732000CE0101960E94418A112381F044E050E091
:1073300070E060E0CE01875A9F4F0E941C8832E7C0
:10734000F32EE2E0A096EFAFA09769CF6EEE74E265
:10735000CE0101960E94498ABE016F5F7F4FCE0128
:10736000875A9F4F0E947F88182FCE0101960E9456
:10737000418A112381F044E050E070E060E0CE01EA
:10738000875A9F4F0E941C8827E7F22EF4E0A096B0
:10739000FFAFA09744CF67EE74E2CE0101960E9442
:1073A000498ABE016F5F7F4FCE01875A9F4F0E946F
:1073B0007F88182FCE0101960E94418A112379F00F
:1073C00047E050E070E060E0CE01875A9F4F0E9496
:1073D0001C88F12C83E0A0968FAFA09720CF6FED93
:1073E00074E2CE0101960E94498ABE016F5F7F4F11
:1073F000CE01875A9F4F0E947F88182FCE01019699
:107400000E94418A112379F048E050E070E060E08A
:10741000CE01875A9F4F0E941C88F12C95E0A096C0
:107420009FAFA097FCCEB301A201C5010E94079CAB
:1074300021E040E951E086C09E01295B3F4F41E0D9
:10744000B801C5010E94F0B6CE01895B9F4F0E9432
:10745000418ACE01835B9F4F0E94418ACE018D5AA3
:107460009F4F0E94418ACE01875A9F4F0E94418AB6
:10747000CE59DF4F0FB6F894DEBF0FBECDBFDF9100
:10748000CF911F910F91FF90EF90DF90CF90BF9021
:10749000AF909F908F907F906F905F904F903F90B4
:1074A0002F900895A096FFADA097F53019F520E034
:1074B00048EC50E0B50185EF99E00E947F9268EBBF
:1074C00074E2C5010E94D28E69E874E2C5010E948F
:1074D000D28E69E674E2C5010E94D28E6CE374E23A
:1074E000C5010E94D28E64E670E080E090E00E94C8
:1074F00051AEC1CEBE01675A7F4FCE018F5B9F4F09
:107500000E94778A211024C087E7F81221C00FE07B
:1075100010E09EEFC92EDD24DA94ED2CFD2CCE0177
:107520008F5B9F4F0E94418AC114D104E104F10492
:1075300009F0EEC0B301A201C5010E94079C21E041
:1075400044EF51E0B50185EF99E00E947F927CCF36
:1075500064E374E2CE0101960E94498ABE016F5F26
:107560007F4FCE018F5B9F4F0E94AF88882319F019
:1075700011E097E7F91210E0CE0101960E94418ACE
:10758000112339F18091010A9091020A009731F498
:1075900010E000E0C12CD12C7601C1CFDC01ED91CF
:1075A000FC910280F381E02D40E0B2011995892B16
:1075B00079F38091010A9091020ADC01ED91FC912E
:1075C0000684F785E02D19956B017C0110E000E041
:1075D000A6CF6EE274E2CE0101960E94498ABE01F6
:1075E0006F5F7F4FCE018F5B9F4F0E94AF888823D4
:1075F00021F011E0B7E7FB1210E0CE0101960E94E6
:10760000418A112321F18091010A9091020A009789
:1076100019F401E010E0BECFDC01ED91FC91028095
:10762000F381E02D41E0B2011995892B91F380910E
:10763000010A9091020ADC01ED91FC910684F78524
:10764000E02D19956B017C0101E010E068CF0091FD
:10765000030A1091040A01151105E1F0D801ED911A
:10766000FC91C684D784BE016F5B7F4FCE0101962B
:107670000E94778A232D4F2DBE016F5F7F4FC80177
:10768000F6011995182FCE0101960E94418A112307
:1076900009F43DCFC090030AD090040AC114D1046C
:1076A000D1F0D601ED91FC9102891389BE016F5B87
:1076B0007F4FCE0101960E94778A4F2DBE016F5FEA
:1076C0007F4FC601F80119958C01CE0101960E94E9
:1076D000418A012B39F40FE010E0CC24CA94DC2C51
:1076E00076011DCF8091030A9091040ADC01ED918F
:1076F000FC910688F789E02D19958C010260E091D4
:10770000030AF091040AC484D584F12CE12C07CF3C
:10771000BFEFCB16DB06EB06FB0649F4B301A20173
:10772000C5010E94079C21E044E951E00BCFEEEF38
:10773000CE16EFEFDE06EE06FE0649F4B301A20117
:10774000C5010E94079C21E041E951E0FBCEA096D3
:10775000FFADA097F13009F027C1141415041604E9
:1077600017040CF065CEC414D504E604F7040CF439
:1077700021C1C12CD12C7601CE0101961C01D8016A
:10778000AF70BB27A396BFAFAEAFA397C5010E9452
:107790009F1A882329F0C414D504E604F70484F161
:1077A000C8010E94DB9BC414D504E604F70409F069
:1077B00072C021E048EC50E0B50185EF99E00E94ED
:1077C0007F9264EF71E080E090E00E9451AEC801CA
:1077D0008F709927029708F07AC0E0910D0AF09116
:1077E0000E0A309709F019958091010A9091020ACA
:1077F000DC01ED91FC910284F385E02D1995FFCF1A
:10780000C5010E946219892B09F240E450E0B101E0
:10781000C5010E9459194C01A3968EAD9FADA39747
:1078200082309105B0F0029759F78091030A909148
:10783000040A009749F0DC01ED91FC910280F3818C
:10784000E02DA401B1011995C80CD91CE11CF11C53
:10785000D7CFA1963FAE2EAEA197A1968EAD9FAD8C
:10786000A197821993098815990570F78091010AEB
:107870009091020AA196AEADBFADA1976D91A19670
:10788000BFAFAEAFA197DC01ED91FC910480F58113
:10789000E02D1995E2CF21E04EE951E0B50185EFE9
:1078A00099E00E947F928091010A9091020ADC0186
:1078B000ED91FC910084F185E02D199564E670E06E
:1078C00080E090E00E9451AEC5010E94DA70C801CC
:1078D0000E94DB9BB9CDA096BFADA097B23009F056
:1078E0005AC0C8018F7099278230910508F4A0CD45
:1078F000029751F7A8014427507F486C20E0B5015A
:1079000085EF99E00E947F92C5010E94E08CFE0104
:1079100031966F01F12CE12C4F01C5010E949F1A95
:1079200081110EC0C5010E949F1A882369F2E114DB
:10793000F10451F2A701B401C5010E94581AC4CF45
:107940008091030A9091040A009761F3DC01ED91A4
:10795000FC910084F185E02D1995892B19F3809114
:10796000030A9091040ADC01ED91FC910284F385F5
:10797000E02D1995BFEFEB1AFB0AF60181936F0119
:10798000F0E4EF16F10449F640E450E0B401C5011B
:107990000E94581ABCCF21E040E951E0B50185EFC3
:1079A00099E00E947F9293CFC414D504E604F704B3
:1079B0000CF091CFC8010E94DB9BB301A201C5016D
:1079C0000E94079C21E04DE951E0BCCD8091CD099A
:1079D0009091CE090E94D5D58BEF99E00E94418A03
:1079E00085EF99E00E94418A88E29AE00C94418AEE
:1079F000CF93DF93CDB7DEB7C054D1400FB6F89424
:107A0000DEBF0FBECDBF789484B5826084BD84B5DF
:107A1000816084BD85B5826085BD85B5816085BD89
:107A200080916E00816080936E0010928100809141
:107A300081008260809381008091810081608093C9
:107A40008100809180008160809380008091B100EE
:107A500084608093B1008091B00081608093B00019
:107A6000809191008260809391008091910081606B
:107A7000809391008091900081608093900080912C
:107A8000A10082608093A1008091A1008160809319
:107A9000A1008091A00081608093A00080912101CD
:107AA0008260809321018091210181608093210176
:107AB0008091200181608093200180917A00846010
:107AC00080937A0080917A00826080937A0080911E
:107AD0007A00816080937A0080917A008068809338
:107AE0007A001092C100E0916E0AF0916F0A82E074
:107AF0008083E0916A0AF0916B0A1082E0916C0A2F
:107B0000F0916D0A80E180831092760AE091720A0A
:107B1000F091730A86E08083E091700AF091710A17
:107B2000808180618083E091700AF091710A808188
:107B300088608083E091700AF091710A808180688A
:107B40008083E091700AF091710A80818F7D80833B
:107B50000E94A3A08111EFC06DEF7DE18EE59AE058
:107B60000E94D28E70E060E090E080E00E94537747
:107B70000E9402A36F70609301020E9402A36295AB
:107B80006F7060930002109259081092580810927A
:107B900057086EEB7DE18BEF9AE00E94AE8E66E0B7
:107BA00072E386E396E00E94128661EC7FE18BE34C
:107BB00096E00E94128663E576E180E496E00E94FA
:107BC00012866CE27EE185E496E00E94128669E905
:107BD00073E389E496E00E94128664EE7EE18DE410
:107BE00096E00E94128661ED7EE180E596E00E94BB
:107BF00012866EEE7CE187E596E00E94128669E1CE
:107C00007EE183E596E00E94128663E577E78CE5E6
:107C100096E00E94128665E77CE182E696E00E948B
:107C200012866DE77FE18AE794E00E9412866AE39C
:107C300070E389E696E00E9412860E9426318091C8
:107C4000260A9091270A892B09F080C062EC7DE119
:107C50008AE49AE00E94AE8E86E0E3ECF2E0DE0178
:107C6000119601900D928A95E1F786E0FE0131961A
:107C7000AEE2BAE001900D928A95E1F70E94573387
:107C800064E170E080E090E00E9451AE81EE96E405
:107C90009093E1098093E00964EF71E080E090E067
:107CA0000E9451AE0E940378E2ECF0E0EC0FFD1F61
:107CB0003296C35CDE4FF983E883CD53D1401E0179
:107CC000FEEF2F1A3F0AA8950E941E93E091C80765
:107CD000F091C9077196E532F10510F00C9434C6A5
:107CE0008827EA58F1448F4F0C943CDF72CB5DCB70
:107CF00034C634C634C634C6BECAABCA34C634C6AB
:107D000034C634C634C634C634C634C634C6E6BEF9
:107D10008DC2B2C385C57DC7A2C9A4CA34C634C644
:107D200034C634C634C6D7CAEACA23CBFFCA34C65F
:107D300034C634C60DCB69EE7DE18BEF9AE00E942C
:107D4000AE8E8BEF9AE00E94E08C12CF0E94A3A02F
:107D5000E82E882309F47ACF82E70E948EA08091D2
:107D6000260A9091270ADC01ED91FC910088F189A7
:107D7000E02D64E070E019950EE21AE044E3C42EB1
:107D80004AE0D42EF12C8091260A9091270ADC013A
:107D9000ED91FC910284F385E02D1995F801819312
:107DA0008F0181508E3F08F4FE2CC016D10659F782
:107DB0008091260A9091270ADC01ED91FC910488BC
:107DC000F589E02D1995F11059CF40CF8091BC076E
:107DD0000E948025029709F447C78CE294E0C45DB5
:107DE000DE4F99838883CC52D140C25DDE4F18822A
:107DF00019821A821B82CE52D140CA5DDE4F99830E
:107E00008883C652D140C85DDE4F188219821A821B
:107E10001B82C852D140C05EDE4F99838883C05216
:107E2000D140CE5DDE4F188219821A821B82C25267
:107E3000D140C65EDE4F99838883CA51D140C45E6B
:107E4000DE4F188219821A821B82CC51D14067EC16
:107E50007EE18AE49AE00E94AE8E8AE49AE00E9473
:107E6000E08C8091260A9091270A892B09F45CC046
:107E70000E94A3A0882309F457C082E70E948EA025
:107E80008091260A9091270ADC01ED91FC910088EF
:107E9000F189E02D60E170E01995BE016F5F7F4FC1
:107EA0008091260A9091270A0E9444A089819A8194
:107EB000AB81BC81C25DDE4F88839983AA83BB837B
:107EC000CE52D1408091260A9091270ADC01ED9193
:107ED000FC910488F589E02D1995C25DDE4F8881FB
:107EE000CE52D140882301F18F3FA9F4C15DDE4F0E
:107EF0008881CF52D1408F3F71F4C05DDE4F8881C1
:107F0000C053D1408F3F39F4CF5CDE4F8881C153DD
:107F1000D1408F3F49F00E9402A372FF29C1809196
:107F2000C308833008F024C16BEB7EE18AE49AE059
:107F30000E94AE8E0FB6F894A8958091600088617B
:107F400080936000109260000FBE8091B80881118C
:107F50002CC01092A00810929F0838EEC32E33E078
:107F6000D32EE12CF12CC092A108D092A208E0926D
:107F7000A308F092A40882E094E090939E08809376
:107F80009D088CE294E09093AC088093AB0810922B
:107F9000AD081092AE081092AF081092B00888E0B9
:107FA0008093B50881E08093B8088AE598E09093C3
:107FB000C2088093C1080E945C9710E000E088230B
:107FC00009F4B4C080E591E00E9455A946E050E074
:107FD0006EE27AE089E090E00E949B968CE294E069
:107FE0009A8389831B821C821D821E82CE01039686
:107FF0000E9426240E943B248091C1089091C208CF
:10800000DC0192961D921D921D921C929597FC0187
:1080100016A217A210A611A69A961D921D921D9245
:108020001C929D9740EE5EE260E070E046AB57AB7D
:1080300060AF71AF40EA5FE060E070E0DA964D93C8
:108040005D936D937C93DD97189626E0FD01C22E1B
:108050001192CA94E9F7AC01425F5F4F34E1FA0133
:1080600011923A95E9F7EEE2FAE001900D922A9525
:10807000E1F7FC01EE5BFF4F10820E949B908C01A8
:10808000019709F053C080E591E00E9455A96091E5
:10809000C1087091C208625F7F4FCE0101960E94B5
:1080A000EE8ECE0103960E9426246091C108709145
:1080B000C2086A5E7F4FCE0101960E94EE8ECE010D
:1080C00003960E9434246091C1087091C2086E5ECC
:1080D0007F4FCE0101960E94EE8ECE0103960E9444
:1080E0002D240E943B246091C1087091C208625EF9
:1080F0007F4FCE0101960E94EE8E8B819C81AD81D7
:10810000BE818093B7099093B809A093B909B09341
:10811000BA090E9439AD7F738091020290910302E7
:1081200068277927709303026093020288E199E23D
:108130000FB6F894A895809360000FBE90936000EE
:10814000A895012B09F07CC261E57EE184E59AE007
:108150000E94AE8E62E27EE184E59AE00E94AE8EDD
:108160008091C3088F5F8093C30886EF9FEFD7C1CC
:1081700065EA7EE18AE49AE00E94AE8E8CE294E0A9
:108180009A838983C25DDE4F88819981AA81BB81F0
:10819000CE52D1408B839C83AD83BE83CE010196AA
:1081A0000E941E2E8091260A9091270A892B09F49D
:1081B00032C20E94A3A0882309F42DC282E70E9444
:1081C0008EA08091260A9091270ADC01ED91FC9106
:1081D0000088F189E02D64E170E01995BE016F5FC0
:1081E0007F4F8091260A9091270A0E9444A089819E
:1081F0009A81AB81BC81C85DDE4F88839983AA8355
:10820000BB83C852D1408091260A9091270ADC0195
:10821000ED91FC910488F589E02D1995C85DDE4F3C
:108220008881C852D140882309F4F5C18F3FB1F449
:10823000C75DDE4F8881C952D1408F3F79F4C65D5A
:10824000DE4F8881CA52D1408F3F41F4C55DDE4F79
:108250008881CB52D1408F3F09F4DDC16FE97EE1C7
:108260008AE49AE00E94AE8E8CE294E09A8389833D
:10827000C85DDE4F88819981AA81BB81C852D140F7
:108280008B839C83AD83BE83CE0101960E941E2EFC
:108290008091260A9091270A892B09F48DC10E94AA
:1082A000A3A0882309F488C182E70E948EA0809150
:1082B000260A9091270ADC01ED91FC910088F18952
:1082C000E02D68E170E01995BE016F5F7F4F8091EE
:1082D000260A9091270A0E9444A089819A81AB8145
:1082E000BC81CE5DDE4F88839983AA83BB83C25253
:1082F000D1408091260A9091270ADC01ED91FC91F2
:108300000488F589E02D1995CE5DDE4F8881C25233
:10831000D140882309F450C18F3FB1F4CD5DDE4FC9
:108320008881C352D1408F3F79F4CC5DDE4F888184
:10833000C452D1408F3F41F4CB5DDE4F8881C5529E
:10834000D1408F3F09F438C16AE97EE18AE49AE0BE
:108350000E94AE8E8CE294E09A838983CE5DDE4FDC
:1083600088819981AA81BB81C252D1408B839C8331
:10837000AD83BE83CE0101960E941E2E8091260AF7
:108380009091270A892B09F4CFC00E94A3A08823CB
:1083900009F4CAC082E70E948EA08091260A9091BB
:1083A000270ADC01ED91FC910088F189E02D6CE158
:1083B00070E01995BE016F5F7F4F8091260A909102
:1083C000270A0E9444A089819A81AB81BC81C45E46
:1083D000DE4F88839983AA83BB83CC51D14080919F
:1083E000260A9091270ADC01ED91FC910488F58919
:1083F000E02D1995C45EDE4F8881CC51D140882391
:1084000009F492C08F3FB1F4C35EDE4F8881CD5135
:10841000D1408F3F79F4C25EDE4F8881CE51D1408A
:108420008F3F41F4C15EDE4F8881CF51D1408F3FF5
:1084300009F47AC063E97EE18AE49AE00E94AE8E94
:108440000CE214E01A830983C45EDE4F88819981AF
:10845000AA81BB81CC51D1408B839C83AD83BE83E9
:10846000CE0101960E941E2E1A830983C45EDE4F40
:1084700088819981AA81BB81CC51D1408B839C8317
:10848000AD83BE83CF57DF4F19830883C158D040D7
:10849000CE5DDE4F88819981AA81BB81C252D140D5
:1084A000CD57DF4F88839983AA83BB83C358D040BD
:1084B000CE53DF4F19830883C25CD040C85DDE4FC6
:1084C00088819981AA81BB81C852D140CC53DF4FAA
:1084D00088839983AA83BB83C45CD040F101118354
:1084E0000083C25DDE4F88819981AA81BB81CE5213
:1084F000D14082839383A483B5839E012F5F3F4F36
:10850000AE014F575F4FBE016E537F4FC1010E94B6
:1085100009AA8AE49AE00E94E08C82E090E09093BD
:10852000C9078093C807A0C38CE294E09A8389832B
:10853000CE5DDE4F488159816A817B81C252D14034
:108540004B835C836D837E83CF57DF4F9983888312
:10855000C158D040C85DDE4F488159816A817B8116
:10856000C852D140CD57DF4F488359836A837B83FC
:10857000C358D040CE53DF4F99838883C25CD0402C
:10858000C25DDE4F88819981AA81BB81CE52D140E4
:10859000CC53DF4F88839983AA83BB83C45CD040CC
:1085A000AE014F5F5F4FBE016F577F4FCE018E53BD
:1085B0009F4F0E9448AAADCF8CE294E09A838983B2
:1085C000C85DDE4F488159816A817B81C852D140A4
:1085D0004B835C836D837E83CF57DF4F9983888382
:1085E000C158D040C25DDE4F88819981AA81BB818C
:1085F000CE52D140CD57DF4F88839983AA83BB8366
:10860000C358D040BE016F5F7F4FCE018F579F4F41
:108610000E949AAA7ECF8CE294E09A838983C25DFD
:10862000DE4F88819981AA81BB81CE52D1408B8354
:108630009C83AD83BE83CE0101960E94E5AA69CFDB
:1086400062E17EE18AE49AE00E94AE8ECE0101965C
:108650000E9464258B819C81AD81BE81C25DDE4F0D
:1086600088839983AA83BB83CE52D1400CE214E065
:108670001A830983CE0101960E941E2E8AE49AE095
:108680000E94E08CCE01845D9E4F0E94AEA180913D
:10869000B7099091B809A091B909B091BA098B8333
:1086A0009C83AD83BE83C85DDE4F88839983AA8394
:1086B000BB83C852D140CE018A5D9E4F0E9458A212
:1086C0001A8309831B821C821D821E8280E591E031
:1086D0000E9455A944E050E0BE016D5F7F4F81E0EC
:1086E00090E00E9410960E943B248B819C81AD817A
:1086F000BE81CE5DDE4F88839983AA83BB83C2523D
:10870000D140CE01805E9E4F0E94ADA21A830983A4
:108710001B821C821D821E8280E591E00E9455A969
:1087200044E050E0BE016D5F7F4F85E090E00E9425
:1087300010960E943B248B819C81AD81BE81C45EDA
:10874000DE4F88839983AA83BB83CC51D140CE016D
:10875000865E9E4F0E9403A281E00E9497A3109222
:10876000C308DBCE8091DE088111CCC10E948E321D
:1087700061E472E28BEF9AE00E94AE8E8BEF9AE09A
:108780000E94E08C8091260A9091270A892B09F497
:108790002EC10E94A3A0882309F429C182E70E9468
:1087A0008EA08091260A9091270ADC01ED91FC9120
:1087B0000088F189E02D60E570E019954FE050E008
:1087C000BE016F5F7F4F8091260A9091270A0E9419
:1087D000E8A08C018091260A9091270ADC01ED9196
:1087E000FC910488F589E02D19950115110509F40E
:1087F000FEC0E1E0F0E0EC0FFD1FE00FF11F108282
:10880000BE016F5F7F4F8BEF9AE00E94578E8BEF18
:108810009AE00E94E08CCE018E5C9E4F0E946425FF
:10882000CC5CDE4F88819981AA81BB81C453D14041
:108830008093050A9093060AA093070AB093080A4A
:1088400060E776E085EF99E00E94118ABE016F5FD4
:108850007F4FCE018A5D9E4F0E94808A6DE17FE14D
:10886000CE01805E9E4F0E94498A60E776E0C1019A
:108870000E94808AB101CE01865E9E4F0E94778A57
:10888000BE01605E7E4FCE01865E9E4F0E94DD89F6
:10889000BE016A5D7E4F0E94DD898C016AE176E04F
:1088A000CE01845D9E4F0E94808AF801848195816B
:1088B000880F991F880F991F63E070E00E9414DFF2
:1088C000CE01845D9E4F0E941889D12CC12CD80105
:1088D00014968D919C91C816D90608F0B7C0B601C0
:1088E000C8010E947C81E82F880FFF0BF595E79562
:1088F000F595E795EF73FF27EC52F14E6491CE01A9
:10890000845D9E4F0E946C89B601C8010E947C81E3
:10891000B0E18B0270011124E0E3EE22FF24560146
:10892000FFEFAF1ABF0AD80114968D919C91A8163B
:10893000B90608F078C0B501C8010E947C81E82F13
:10894000880FFF0BB4E0F595E795BA95E1F7EF7066
:10895000FF27EE29FF29EC52F14E6491CE01845D90
:108960009E4F0E946C89B501C8010E947C81B4E0D1
:108970008B0270011124ECE3EE22FF245601F2E099
:10898000AF0EB11CD80114968D919C91A816B90612
:1089900008F03EC0B501C8010E947C81E82F880F15
:1089A000FF0BA6E0F595E795AA95E1F7E370FF27A1
:1089B000EE29FF29EC52F14E6491CE01845D9E4F69
:1089C0000E946C89B501C8010E947C81E82FEF7379
:1089D0000E2E000CFF0BEC52F14E6491CE01845D23
:1089E0009E4F0E946C89B3E0CB0ED11C70CF68E61D
:1089F0007FE1CE0101960E947BD760E37FE184E5B1
:108A00009AE00E94AE8E84E59AE00E94E08CF8CE57
:108A1000F701EC52F14E6491CE01845D9E4F0E94AD
:108A20006C896DE3DBCFF701EC52F14E6491CE011E
:108A3000845D9E4F0E946C8942E050E068E776E0DA
:108A4000CE01845D9E4F0E944089CDCF66E17FE1DB
:108A5000CE018F579F4F0E94498ABE016F577F4FAB
:108A6000CE018E539F4F0E94778ABE01645D7E4F78
:108A7000CE018E539F4F0E94DD89BC018BEF99E0A0
:108A80000E942A8ACE018E539F4F0E94418ACE01B6
:108A90008F579F4F0E94418ACE01845D9E4F0E9456
:108AA000418ACE01865E9E4F0E94418AC1010E948A
:108AB000418ACE01805E9E4F0E94418ACE018A5D2E
:108AC0009E4F0E94418A80E999E09093020A809328
:108AD000010A84E39AE09093040A8093030A81E1F7
:108AE0009AE00E94DE248FEB9DE79093100A80931A
:108AF0000F0A6FE17FE18AE49AE00E94AE8E81E086
:108B00008093DE0883E090E00ACD8091BC078091DD
:108B1000C407882309F462C00E94609F882309F477
:108B20004DC00E9484AE4B015C012091D10930916F
:108B3000D209A8EEB3E00E9405DF0091DB09109195
:108B4000DC092091DD093091DE0975016401C01A4C
:108B5000D10AE20AF30A97018601601771078207BA
:108B60009307B0F00091D7091091D8092091D90945
:108B70003091DA0975016401C01AD10AE20AF30AD8
:108B800097018601601771078207930708F03CC6BA
:108B90008091DF09882309F408C68CEF9FEF90933A
:108BA000EF098093EE098091CB099091CC09DC010B
:108BB000ED91FC910488F589E02D19958091DE08EE
:108BC000882309F466C161E17AE0CE0101960E9432
:108BD0003723CE0101960E9435B85BC10E9402A3E3
:108BE00070FD2DC08091BB0781111EC00E947F794E
:108BF000883C910519F484E090E091CC8091BC0709
:108C00006AE172E2811112C0CE0101960E946425D0
:108C10008B819C81AD81BE81892B8A2B8B2B09F4A2
:108C2000A4CA8FE090E07BCC6AE072E28AE49AE02A
:108C30000E94AE8E8AE49AE00E94E08CDCCF8091A4
:108C4000BC07882309F456C184E090E09093C907DB
:108C50008093C80760ED71E28AE49AE00E94AE8ECC
:108C60008AE49AE00E94E08C0FB6F894A89580916F
:108C70006000886180936000109260000FBE809158
:108C8000C8079091C90702970CF4F2C08091C308FD
:108C9000811157C5E090C108F090C208E114F104B9
:108CA00009F44FC50E9484AE4B015C018701025C50
:108CB0001F4FF80180819181A281B381A5019401A8
:108CC000281B390B4A0B5B0BCA01B901683E33E024
:108CD000730781059105A0F128EE33E040E050E0F4
:108CE0000E94B1DE861A970AA80AB90AD8018D92A5
:108CF0009D92AD92BC921397F70186A597A5A0A966
:108D0000B1A949015A01880C991CAA1CBB1C8815E1
:108D10009905AA05BB0508F0FFC416A617A610AA58
:108D200011AAF70182A993A9A4A9B5A98815990543
:108D3000AA05BB0508F0F9C412AA13AA14AA15AA19
:108D4000F70186A597A5A0A9B1A9892B8A2B8B2B02
:108D500009F0F4C4EE5BFF4F8081833009F0EEC46C
:108D600084E08083C7010E949B908C010F5F1F4F9E
:108D7000F70182A993A9A4A9B5A9892B8A2B8B2BCA
:108D8000A9F4EE5BFF4F8081833011F081110EC09A
:108D90001082F7013E9684E1DF011D928A95E9F782
:108DA000C7010E949B908C010D5F1F4F023011057F
:108DB00021F00430110509F046C080E591E00E94E1
:108DC00055A96091C1087091C208625F7F4FCE01C2
:108DD00001960E94EE8ECE0103960E942624609199
:108DE000C1087091C2086A5E7F4FCE0101960E9451
:108DF000EE8ECE0103960E9434246091C1087091DA
:108E0000C2086E5E7F4FCE0101960E94EE8ECE01AB
:108E100003960E942D240E943B246091C10870910A
:108E2000C208625E7F4FCE0101960E94EE8E8B815A
:108E30009C81AD81BE818093B7099093B809A093BE
:108E4000B909B093BA090E948025029709F483C436
:108E50000330110509F493C40CF076C401301105F8
:108E600009F48AC46CE171E20230110509F48CC482
:108E700088E199E20FB6F894A895809360000FBE40
:108E8000909360008091C8079091C90703970CF0F8
:108E900043CE8091CE07882309F4C2C58091CC07C8
:108EA0009091CD07892B09F4BBC50E9484AE009137
:108EB000CA081091CB082091CC083091CD08601BD6
:108EC000710B820B930B683873418105910508F48F
:108ED000A7C5E091BF07F091C0078281823009F4F5
:108EE00085C5843009F413C6813009F01CC665E7D6
:108EF00072E20FC68FE090E0A9CEA8958091BC07E2
:108F00008091B9079091BA07009721F00E9462A45E
:108F1000823068F46DEB71E28AE49AE00E94AE8ED2
:108F20008AE49AE00E94E08C87E090E0F8CAC65E8E
:108F3000DE4F1882CA51D140F101119211928EE098
:108F4000DF011D928A95E9F70E94609F882319F03E
:108F500085E090E0E4CAE090B907F090BA07E11428
:108F6000F10441F0C7010E9462A4082F10E0023012
:108F700011055CF46EE770E284E59AE00E94AE8E23
:108F800084E59AE00E94E08C4CCE70E060E0C7017E
:108F90000E94532A009709F46FC09093B8078093FA
:108FA000B70761E770E28AE49AE00E94AE8E6091B2
:108FB000B7077091B8078AE49AE00E94578E8AE456
:108FC0009AE00E94E08CE090B907F090BA0761E067
:108FD00070E0C7010E94532A4C010230110509F4C8
:108FE0004EC062E0C7010E94BA9FFC01C184D284D6
:108FF0000330110509F44CC063E070E0C7010E9422
:10900000532A7C018091260A9091270A892B09F422
:1090100044C00E94A3A0882309F43FC082E70E94B5
:109020008EA08091260A9091270ADC01ED91FC9197
:109030000088F189E02D60E470E019954FE050E080
:10904000B1018091260A9091270A0E94E8A05C0154
:109050008091260A9091270ADC01ED91FC91048809
:10906000F589E02D1995A114B104B9F0F101EA0DCB
:10907000FB1D1082510127C08AEC92E08ECF7BE568
:10908000C72E77E0D72E9E01265E3E4F7901BACFDC
:10909000AE01465E5E4F7A01B5CF0530110554F33F
:1090A00064E070E08091B9079091BA070E94532A5A
:1090B0005C0161E570E28AE49AE00E94AE8E8AE487
:1090C0009AE00E94E08C9092E9098092E809D0929F
:1090D000EB09C092EA0981EE96E49093E10980934E
:1090E000E00940E150E064E470E2CE018E539F4F0E
:1090F0000E94A9D730E020E041E050E060E2CE01DC
:109100008F579F4F0E944D2D40E250E06AEB72E274
:10911000CE018F579F4F0E948BD763E270E28AE4A3
:109120009AE00E94AE8EB4018AE49AE00E94578EC3
:1091300061E270E28AE49AE00E94AE8EB6018AE4AF
:109140009AE00E94C9A36AE170E28AE49AE00E9470
:10915000AE8EB7018AE49AE00E94578E65E170E214
:109160008AE49AE00E94AE8EF7018081811104C0EA
:10917000A12CB12CF12CE12CC090B707D090B807EE
:109180000E94609F882309F479C01092C00867E0AC
:1091900070E28AE49AE00E94AE8E6091B707709107
:1091A000B8078AE49AE00E94578E8AE49AE00E9407
:1091B000E08C81E08093BB0730E020E043E050E0AA
:1091C00061E4CE0101960E944D2D6BE776E0CE0161
:1091D00001960E9487E3CE0101960E948BAF30E09A
:1091E00020E042E050E061E4CE0101960E944D2D66
:1091F0006FE776E0CE0101960E9487E3BE016F5FC4
:109200007F4F8BEF9AE00E94858C8BEF9AE00E9453
:10921000E08CCE0101960E948BAF30E020E041E06F
:1092200050E061E4CE0101960E944D2D6FE776E09B
:10923000CE0101960E9487E3BE016F5F7F4F8BEFE7
:109240009AE00E94858C8BEF9AE00E94E08CCE0120
:1092500001960E948BAF85E090E09093C9078093C0
:10926000C8070E9484AE6093C4087093C5088093B9
:10927000C6089093C70864EE7FE1EECC8E010E53D2
:109280001F4F9E012F573F4FA501B701C6010E94F6
:10929000B5B181117ACF62ED7FE184E59AE00E9459
:1092A000AE8E6091EE097091EF0984E59AE00E941C
:1092B000C9A36AEB7FE184E59AE00E94AE8E84E563
:1092C0009AE00E94E08C8091B607882371F0E091CB
:1092D000B907F091BA07828193819093BA0780937E
:1092E000B907892B09F50E9473320E9484AE6093FE
:1092F000C4087093C5088093C6089093C7088091EE
:10930000C0088F5F8093C0088333CCF06CE87FE1A6
:1093100084E59AE00E94AE8E84E59AE00E94E08C9B
:109320001092C0080C94B5C061E77FE18AE49AE02E
:109330000E94AE8E8AE49AE00E94E08CD6CF8CE048
:1093400090E0EDC80E9484AE0091C4081091C50859
:109350002091C6083091C708601B710B820B930BDC
:1093600060347F418105910508F47ECC30E020E037
:1093700043E050E061E4CE018F579F4F0E944D2D96
:109380006BE776E0CE018F579F4F0E9487E30091F5
:10939000CF091091D009B801CE018F579F4F0E947D
:1093A000BCD709960817190790F10E94609F88237F
:1093B00071F18091D5099091D609019609F4C1C047
:1093C0009093D6098093D509E091CD09F091CE090B
:1093D0008091D6098583E091CD09F091CE098091E5
:1093E000D50986836091CD097091CE0947E050E0A0
:1093F000CE018F579F4F0E94989FAC014550510955
:109400006091CD097091CE0982EA0E9490AECE5350
:10941000DF4F19821882C25CD0408EE3C35CDE4FFE
:10942000A881B981CD53D1401D928A95E9F71A825E
:109430001982FE0133968EE7DF011D928A95E9F7C6
:1094400030E020E041E050E060E4CE018E539F4FD9
:109450000E944D2D4FE350E06AEB72E2CE018E5335
:109460009F4F0E948BD74FE750E064EB72E2CE0132
:1094700001960E94A9D741E0BE016F5F7F4FCE01E8
:109480008E539F4F0E9452AF30E020E041E050E009
:1094900060E4CE018E539F4F0E944D2D4FE350E06C
:1094A00067EE70E2CE018E539F4F0E948BD74FE73D
:1094B00050E06DED70E2CE0101960E94A9D74FE712
:1094C00050E06AEC70E2CE0101960E948BD741E039
:1094D000BE016F5F7F4FCE018E539F4F0E9452AFF0
:1094E00030E020E041E050E060E4CE018E539F4F39
:1094F0000E944D2D4FE350E061ED72E2CE018E539C
:109500009F4F0E948BD74FE750E06AEB70E2CE018D
:1095100001960E94A9D741E0BE016F5F7F4FCE0147
:109520008E539F4F0E9452AF86E090E09093C90700
:109530008093C80760EA71E28AE49AE00E94AE8EE6
:1095400093CB81E090E03CCF8091BC070E94609F6C
:1095500081118ACB50CB0E9484AE6093C408709373
:10956000C5088093C6089093C70885EF9FEF909336
:10957000C9078093C8078091BC0776CB0E9484AE50
:109580000091C4081091C5082091C6083091C70801
:10959000601B710B820B930B683873418105910539
:1095A00008F462CB1092C9071092C8075DCB0E94E5
:1095B000609F81110E947AB10E9484AE6093C408BA
:1095C0007093C5088093C6089093C7088DE090E01B
:1095D0000C948FC20E9484AE0091C4081091C508FB
:1095E0002091C6083091C708601B710B820B930B4A
:1095F000603177428105910508F0FDCA35CB0E94A4
:1096000084AE6093C4087093C5088093C608909395
:10961000C7088EE090E00C948FC20E9484AE009147
:10962000C4081091C5082091C6083091C708601B76
:10963000710B820B930B603C744D8140910510F0CF
:109640000C94B5C011CB0E940378009729F18130AA
:10965000910509F4D0CA019609F006CB0E9484AEA8
:109660000091C4081091C5082091C6083091C70820
:10967000601B710B820B930B60337547810591055D
:1096800008F4F2CA6DE771E284E59AE00E94AE8EBA
:10969000F0E0E0E01995E8CA83E190E09093C90713
:1096A0008093C8070E9484AE6093C4087093C50875
:1096B0008093C6089093C708D7CA0E94609F811103
:1096C0000E947AB10E9473320E9484AE6093C408F3
:1096D0007093C5088093C6089093C7088FEE9FEFDC
:1096E0000C948FC28091BC078091C4078111D1CBAB
:1096F00082E190E09093C9078093C8070E947F7928
:10970000883C910509F477CA8091BC07882309F445
:109710007BCA66E571E28ACA821B930BA40BB50B68
:1097200086A797A7A0ABB1ABFCCA821B930BA40B77
:10973000B50B82AB93ABA4ABB5AB02CB10E000E0B2
:1097400017CB10E000E07FCB04301105D9F00530D5
:10975000110509F08DCB6DE471E284E59AE00E9479
:10976000AE8E84E59AE00E94E08C86EF9FEF9093A6
:10977000C9078093C8077CCB69E371E2EECF69E04B
:1097800071E2EBCF6DEE70E28AE49AE00E94AE8E59
:10979000CE0101960E946425CE0101960E941E2EE4
:1097A0008AE49AE00E94E08C63CBE091CD09F091CD
:1097B000CE0980EC8083E091CD09F091CE09118231
:1097C0008091CB099091CC096091CD097091CE091F
:1097D000DC01ED91FC910280F381E02D42E050E04C
:1097E00019958092D7099092D809A092D909B09280
:1097F000DA098092DB099092DC09A092DD09B0922F
:10980000DE0981E08093DF098091CB099091CC093A
:10981000DC01ED91FC910084F185E02D1995892BF7
:1098200009F4CCC9CE0101960E9429B02B01672B07
:1098300009F4D9C08092DB099092DC09A092DD097D
:10984000B092DE09E091CD09F091CE098081807F50
:10985000803309F0A7C08091E0099091E109892B3C
:1098600009F4ACC9698170E0CB0102968E0F9F1F8D
:10987000DF01A60FB71F11960C9110E0102F0027E3
:10988000DC012C91020F111D6D5F7F4F6E0F7F1F4A
:10989000A8010E9462E3E9818091CD099091CE09EF
:1098A000800F911FE80FF92FF11D1282E091CD0971
:1098B000F091CE09298130E0C90102968E0F9F1FD9
:1098C00040814670C85CDE4F4883C853D140C09089
:1098D000E009D090E109423009F052C0B801620FAE
:1098E000731FDF01A60FB71F1396EC901397F12C8F
:1098F000FE2CEE2414964C91E40EF11C4BEF5FEF1E
:10990000421B530B401B510B440D551D6B5F7F4F8A
:109910006E0F7F1FF6011995E091CD09F091CE09E8
:1099200080E48083E091CD09F091CE09C85CDE4FE0
:10993000C880C853D140C182E091CD09F091CE09D1
:10994000F282E091CD09F091CE09E3828091CB09BA
:109950009091CC096091CD097091CE09DC01ED9117
:10996000FC910280F381E02D44E050E01995809253
:10997000D7099092D809A092D909B092DA091EC9E4
:109980004DEF5FEF421B530B401B510B440D551D18
:109990002D5F3F4F020F131FBF01600F711FF601B4
:1099A00019950CC9803CC9F480ED8083E091CD0904
:1099B000F091CE0911828091CB099091CC096091F0
:1099C000CD097091CE09DC01ED91FC910280F3810B
:1099D000E02D42E050E01995F1C8803D09F0EEC855
:1099E0001092DF09EBC80E94609FE8C860EA72E24B
:1099F00084E59AE00E94AE8E84E59AE00E94E08CB5
:109A00008091BF079091C0070E947B270E9484AE7F
:109A10006093CA087093CB088093CC089093CD08CC
:109A20008091CA079091CB07892B09F4A7C2809136
:109A3000C8079091C907059709F4A0C20E9484AE97
:109A40000091CE081091CF082091D0083091D10814
:109A50004B015C01801A910AA20AB30AF8EE8F1634
:109A6000F3E09F06A104B10450F00E9484AE60931D
:109A7000CE087093CF088093D0089093D10880913E
:109A8000C4078F5F8093C407E091CA07F091CB07AA
:109A90000681178194E0E92EF12C28EE821623E04E
:109AA0009206A104B10418F482E0E82EF12CC090D3
:109AB000CA07D090CB07C114D10409F40EC2011516
:109AC000110509F40AC2D80118968C918F7085305F
:109AD00091F7C8010E9462A4823068F3A601B80120
:109AE000CE0101960E944548CE0101960E94B03FEA
:109AF000882329F0B701CE0101960E94B560F801D4
:109B000002811381CE0101960E94AE46D0CF67E854
:109B100072E284E59AE00E94AE8E84E59AE00E94AB
:109B2000E08C0E94692A8091BD079091BE07892B25
:109B300031F0E091CC07F091CD07309759F467E60A
:109B400072E284E59AE00E94AE8E84E59AE00E947B
:109B5000E08C5CCF8091C8089091C908892B61F492
:109B600080858F70863041F486819781009721F03F
:109B70009093C9088093C808E091BF07F091C0078F
:109B8000309721F08DE996E796878587E091C808A0
:109B9000F091C908309709F477C1BE016F577F4F24
:109BA000808191810E94E12F882309F46DC1CF57F4
:109BB000DF4F8881C158D040883209F065C1AE01BD
:109BC0004F5F5F4FBE016F577F4F8091BD079091F0
:109BD000BE070E941128811107C0C12CD12C5EEF55
:109BE000E52E52ECF52E41C06A8170E0762F662793
:109BF000770F770F770F2981E8E02E9F90011124CE
:109C0000262B372BCF57DF4F8881C158D04080316A
:109C1000D1F4688570E08F816B01C81AD108C60144
:109C20009695982F8827979587950E9428DFCB01D6
:109C30004097B901F3E0660F771FFA95E1F7607876
:109C40009C01260F371F213844EE340734F2B90146
:109C5000330F880B990B0E946EDD20E030E040E06E
:109C60005CE30E94CDDD6B017C016090C8087090C0
:109C7000C9086114710409F49EC08091CC079091C9
:109C8000CD07892B09F497C0C3010E941B308C01BA
:109C900062E672E28BEF9AE00E94AE8E22E0B7019C
:109CA000A6018BEF9AE00E94EB8C6FE572E28BEFDE
:109CB0009AE00E94AE8ED3016D917C918BEF9AE079
:109CC0000E94578E6CE572E28BEF9AE00E94AE8E96
:109CD00020E030E04EEF52ECC701B6010E9467DD94
:109CE000882309F4DCC020E030E04AEA52E4C701EE
:109CF000B6010E9467DD882309F4D1C020E030E07E
:109D0000A901C701B6010E9467DD882309F4C7C015
:109D10000115110529F0B8018BEF9AE00E94578ECA
:109D20008BEF9AE00E94E08C19821A821B821C82BF
:109D30008A81807F87608A83CD82DE82EF82F88687
:109D400063E0CE0101960E947E34CE5EDE4F288312
:109D5000C251D140CD5EDE4F3883C351D140CC5E7D
:109D6000DE4F4883C451D140CB5EDE4F5883C5518E
:109D7000D140CA5EDE4F6883C651D140C95EDE4F16
:109D80007883C751D140C85EDE4F8883C851D14027
:109D9000C75EDE4F9883C951D140912C812CB12CE4
:109DA000A12CD12CC12C79018A019B01AC016FEF50
:109DB000C3010E94925D0091BD071091BE07CF576D
:109DC000DF4F8881C158D040803109F47CC0BE018A
:109DD0006F577F4FC8010E942B28F82E882309F463
:109DE00053C0F801858196810E947B27882309F45E
:109DF0004BC0BE016F577F4FD80115968D919C9136
:109E00000E944E27F801408164E4858196810E947A
:109E10002827D80112968C918823B1F1E7EFEF0D36
:109E20002EEEC22E22E0D22EE33038F4F0E0EE0F18
:109E3000FF1FED52FD4FC080D180F8018381882340
:109E400009F444C08081811141C00E9484AE4B015D
:109E50005C010D2C000CEE08FF08AE014F5F5F4F58
:109E6000BE016F577F4FC8010E94BC2789818111B5
:109E70000BC00E9484AE6C197D098E099F0968157C
:109E800079058A059B0548F3E091C808F091C90857
:109E9000828193819093C9088093C808B7CD01153A
:109EA000110509F488CF6BE472E28BEF9AE00E940F
:109EB000AE8EB8018BEF9AE00E94578E8BEF9AE03E
:109EC0000E94E08C78CF4CE0F42E8BCFB601DD0CF5
:109ED000880B990B0E9451AED7CF8091C407815057
:109EE0008093C4078091C8079091C907059709F42A
:109EF00045C0F8EE8F16F3E09F06A104B104F0F11F
:109F000010E06091C1077091C20761157105B1F150
:109F1000111134C0DB0118968C918F708530B1F42B
:109F20004091CA075091CB07CE0101960E94454847
:109F300061E070E0CE0101960E94B56011E0892BCE
:109F400009F410E0CE0101960E94AE46E091C107EF
:109F5000F091C207309791F0828193819093C2076C
:109F60008093C107892B69F6E091CA07F091CB076E
:109F7000868197819093C2078093C1070E9484AE27
:109F80000091D6081091D7082091D8083091D908AF
:109F9000601B710B820B930B603375478105910534
:109FA00008F430C20E9484AE6093D6087093D7083C
:109FB0008093D8089093D9080E94522E4B015C01DF
:109FC0000E9484AE6B017C010E94609F882309F48B
:109FD0008CC08091C307811188C030E020E041E04F
:109FE00050E060E4CE0101960E944D2D4FE350E019
:109FF00061ED72E2CE0101960E948BD763E774E0B7
:10A00000CE0101960E9487E34FE350E068EC72E2D4
:10A01000CE0101960E948BD72AE0AE014F575F4FC9
:10A02000C501B4010E9416D841E0BE016F577F4FB1
:10A03000CE0101960E9452AF30E020E041E050E0B6
:10A0400060E4CE0101960E944D2D4FE350E061ED9A
:10A0500072E2CE0101960E948BD763E774E0CE01D5
:10A0600001960E9487E34FE350E061EC72E2CE017B
:10A0700001960E948BD7C701B60128EE33E040E07D
:10A0800050E00E94B1DECA01B9012AE0AE014F578B
:10A090005F4F0E9416D841E0BE016F577F4FCE013F
:10A0A00001960E9452AF30E020E041E050E060E4D1
:10A0B000CE0101960E944D2D4FE350E06AEB72E213
:10A0C000CE0101960E948BD74FE050E064EB72E224
:10A0D000CE018F579F4F0E94A9D741E0BE016F5715
:10A0E0007F4FCE0101960E9452AF63E273E28BEF85
:10A0F0009AE00E94AE8E0E94522EAB01BC018BEF03
:10A100009AE00E94BFA36BE173E28BEF9AE00E949A
:10A11000AE8E6091C407062E000C770B8BEF9AE091
:10A120000E94C9A363E173E28BEF9AE00E94AE8EB6
:10A130004091D2085091D3086091D4087091D5080D
:10A140008BEF9AE00E94BFA38BEF9AE00E94E08C15
:10A15000E091CA07F091CB07309709F453C1809181
:10A16000C4078F5F8093C40706811781011511050D
:10A1700009F443C1F80180858F70853001F560E0F6
:10A18000C8010E94BA9FFC0181859285A385B48590
:10A190000597A105B10599F44091CA075091CB07E5
:10A1A000B801CE0101960E944548CE0101960E9459
:10A1B000B03F811109C0CE0101960E94AE46D80180
:10A1C00012960D911C91D2CFCF57DF4F1882198272
:10A1D0001A821B82C158D040CB57DF4F1882198298
:10A1E0001A821B82C558D04040E050E2BE016F5F2A
:10A1F0007F4FCE018F579F4F0E948F44CE01019613
:10A200000E942B424B015C01C15CDE4F6883CF533F
:10A21000D140C05CDE4F9882C054D140CE0101963F
:10A220000E9472A4C85CDE4F99838883C853D140D2
:10A23000CE018F579F4F0E942E386B017C01CE01BB
:10A2400001960E94DB42C65CDE4F8883CA53D14030
:10A25000B401990C880B990B0E946EDD20E030E070
:10A2600048EC52E40E94C7DF2B013C01CE0101966D
:10A270000E944E49C55CDE4F99838883CB53D14001
:10A280006DE073E28BEF9AE00E94AE8E22E0B701A0
:10A29000A6018BEF9AE00E94EB8C67E073E28BEFF4
:10A2A0009AE00E94AE8E22E0B301A2018BEF9AE009
:10A2B0000E94EB8C61E073E28BEF9AE00E94AE8E1D
:10A2C000C65CDE4FF881CA53D1406F2F70E08BEF30
:10A2D0009AE00E94C9A3A114B10409F487C04FEF0A
:10A2E0005FEF60E070E088E00E94CA2ADC01CB01E9
:10A2F000AA27BB278A199B09A109B109AA27BB274D
:10A3000087329940A105B10580F1D8016D917C910A
:10A3100084E59AE00E94578E61EF72E284E59AE04C
:10A320000E94AE8EF8016081718181E896E00E9402
:10A3300070AF90E080E0BC01C15CDE4F4881CF533C
:10A34000D140C05CDE4F5881C054D140CE0101964F
:10A350000E94E14162E070E0C85CDE4F8881998133
:10A36000C853D1400E94E73026CF20E030E048E1DA
:10A3700052E4C301B2010E946FE018163CF4D80108
:10A380006D917C918DE896E00E9470AFC55CDE4FC8
:10A39000E881F981CB53D140EF2B19F461E070E0F3
:10A3A000DBCF20E030E040E85FE3C701B6010E9468
:10A3B0005ADF9B01AC01C301B2010E9467DD70E06E
:10A3C00060E087FDC9CFA3019201C701B6010E94D9
:10A3D00067DD18161CF762EE72E28BEF9AE00E94BE
:10A3E000AE8E8BEF9AE00E94E08CE5CE68ED72E2D3
:10A3F0008BEF9AE00E94AE8EDECE8091C407815032
:10A400008093C40782E090E00E94FA6F8091C607B3
:10A410009091C707892B09F450C08091C50781111D
:10A420004CC00E9484AE0091DA081091DB082091A4
:10A43000DC083091DD08601B710B820B930B6838D0
:10A44000734181059105C8F18091C4078F5F8093A6
:10A45000C407E091C607F091C7070681178101156F
:10A460001105E1F0F80180858F70863071F41A8350
:10A47000098370E060E0CE0101960E94166461E0FD
:10A4800070E0CE0101960E94676882E090E00E9431
:10A49000FA6FD80112960D911C91E1CF0E9484AE03
:10A4A0006093DA087093DB088093DC089093DD08F2
:10A4B0008091C40781508093C4070E9492820C94BB
:10A4C00063BE9F92AF92BF92CF92DF92EF92FF92C4
:10A4D0000F931F93CF93DF93AEE5BAE013961C92D0
:10A4E0001E92129788EEC82E83E0D82EE12CF12C14
:10A4F0001496CD92DD92ED92FC9217978EE393E045
:10A5000011969C938E9385EC90E01D969C938E9370
:10A510001C9784EC90E01F969C938E931E9780EC82
:10A5200090E051969C938E93509781EC90E05396D7
:10A530009C938E93529782EC90E055969C938E93C9
:10A54000549786EC90E057969C938E935697599625
:10A550001C9259975A961C925A975B961C925B973D
:10A560005C961C925C97E7E7FBE0CCE2D4E0D183F9
:10A57000C0831282138214821582EDE7FBE0D1833F
:10A58000C083128213821482158280E999E020E54B
:10A5900033E0FC01318320831282138214821582FE
:10A5A00040E051E060E070E0468357836087718748
:10A5B00040E050E064E070E042875387648775872D
:10A5C00016861786108A118AF89429E0E3E0F0E0F5
:10A5D00020935700E4917894E670F0E0F595E795C4
:10A5E00023E0E22700E014E002C0000F111FEA950B
:10A5F000E2F7012E000C220B330BFC0106871787B4
:10A60000208B318B44E653E0518340834285538550
:10A6100064857585401B510B620B730B76956795AE
:10A62000579547954427428B538B648B758B468B8C
:10A63000578B608F718F138E128E2FEF248FEFEA5E
:10A64000F9E0D183C0831282138214821582E3E879
:10A65000FBE0D183C0831282138214821582E9E861
:10A66000FBE0D183C0831282138214821582EFE84B
:10A67000FBE0D183C0831282138214821582E5E944
:10A68000FBE0D183C0831282138214821582EBE92E
:10A69000FBE0D183C0831282138214821582E1EA27
:10A6A000FBE0D183C0831282138214821582E7EA11
:10A6B000FBE0D183C0831282138214821582EDEAFB
:10A6C000FBE0D183C0831282138214821582E3EBF4
:10A6D000FBE0D183C0831282138214821582E9EBDE
:10A6E000FBE0D183C0831282138214821582EFEBC8
:10A6F000FBE0D183C0831282138214821582E5EBC2
:10A70000F9E0D183C0831282138214821582EBEBAD
:10A71000F9E013821282C482D582E682F78288E74A
:10A7200093E091838083E5ECFBE0D183C0831282C8
:10A73000138214821582EBECFBE0D183C08312827A
:10A74000138214821582E1EDFBE0D183C083128273
:10A75000138214821582E7EDFBE0D183C08312825D
:10A76000138214821582EDEDFBE0D183C083128247
:10A77000138214821582E3EEFBE0D183C083128240
:10A78000138214821582E9EEFBE0D183C08312822A
:10A79000138214821582E4E3FBE0D183C08312822A
:10A7A00013821482158289E19BE0FC0113821282DC
:10A7B000C482D582E682F78242E054E0518340832E
:10A7C000D787C687108A118A128A138A48E0942E86
:10A7D000908E65E07BE0FB01D483C38315821682F3
:10A7E00017821086238B9183808341E042831286F7
:10A7F00011861486138685E794E096878587908B6B
:10A800008787128A118A8BEF9AE0FC0113821282E9
:10A8100026EF33E031832083B683A58357E054834A
:10A8200071876087178284E59AE0FC0113821282A7
:10A8300031832083B683A58353E054837187608777
:10A8400047838AE49AE0FC011382128231832083D9
:10A85000B683A58326E0248371876087178204E38B
:10A860001AE0D80113961C921E921297F801C48226
:10A87000D582E682F78280E090E19587848716860C
:10A88000108A178688ED93E091838083128A118A5B
:10A89000148A138A158A6AE176E088E29AE00E94B7
:10A8A000808A1093270A0093260A57E1A52E5AE0C2
:10A8B000B52ED50113961C921E921297F501C482F3
:10A8C000D582E682F78286EA93E09183808394863C
:10A8D00088EE93E0968785876AE176E085EF99E0D8
:10A8E0000E94808A6AE176E08BEF99E00E94808A7C
:10A8F000E5EFF9E015861486108A118A128A138A08
:10A90000148A158A168A178A118E108E138E128E4B
:10A91000178E168E86E993E0958F848F80E590E000
:10A9200091A380A307EC19E0D80113961C921E9204
:10A9300012978AE893E011969C938E935C96DC9331
:10A94000CE935B97F801158E168E178E10A28FEF9F
:10A950009FEF90A787A3B582A48216A215A280E0DC
:10A9600091E00E9439D5D80117969C938E93169743
:10A9700080E091E019969C938E9318978FE090E079
:10A980001B969C938E931A971D969C938E931C975F
:10A99000EFEEFBE0D183C083128213821482158212
:10A9A000E5EFFBE0D183C08312821382148215820B
:10A9B000EBEFFBE0D183C0831282138214821582F5
:10A9C000EAE3FBE080E3DF011D928A95E9F7E1E02D
:10A9D000FCE0D183C0831282138214821582EAE6DE
:10A9E000FBE01082118213821282E7E0FCE0D18347
:10A9F000C0831282138214821582EDE0FCE0D183C1
:10AA0000C0831282138214821582E3E1FCE0D183B9
:10AA1000C0831282138214821582E9E1FCE0D183A3
:10AA2000C0831282138214821582EFE1FCE0D1838D
:10AA3000C0831282138214821582E5E2FCE0D18386
:10AA4000C0831282138214821582EBE2FCE0D18370
:10AA5000C0831282138214821582DF91CF911F91DD
:10AA60000F91FF90EF90DF90CF90BF90AF909F90AD
:10AA700008950F931F93CF93DF938230910510F4C5
:10AA800082E090E0E091350CF091360C30E020E06F
:10AA9000B0E0A0E0309799F42115310509F44AC0DF
:10AAA000281B390B24303105D8F58A819B8161152B
:10AAB000710589F1FB0193838283FE0111C04081FE
:10AAC00051810281138148175907E0F0481759074F
:10AAD00099F4109761F012960C93129713961C93A9
:10AAE0003296CF01DF91CF911F910F91089500937E
:10AAF000350C1093360CF4CF2115310551F0421767
:10AB0000530738F0A901DB019A01BD01DF01F8010B
:10AB1000C1CFEF01F9CF9093360C8093350CCDCF98
:10AB2000FE01E20FF31F8193919322503109398383
:10AB30002883D7CF2091330C3091340C232B41F450
:10AB400020911602309117023093340C2093330C6D
:10AB500020911402309115022115310541F42DB7D1
:10AB60003EB74091180250911902241B350BE09119
:10AB7000330CF091340CE217F307A0F42E1B3F0BBB
:10AB80002817390778F0AC014E5F5F4F241735075F
:10AB900048F04E0F5F1F5093340C4093330C819359
:10ABA00091939FCFF0E0E0E09CCFCF93DF930097AD
:10ABB000E9F0FC01329713821282A091350CB0911A
:10ABC000360CED0130E020E01097A1F420813181B6
:10ABD000820F931F2091330C3091340C28173907C2
:10ABE00009F061C0F093340CE093330CDF91CF9106
:10ABF0000895EA01CE17DF07E8F54A815B819E01DF
:10AC000041155105B1F7E901FB83EA834991599157
:10AC1000C40FD51FEC17FD0761F480819181029666
:10AC2000840F951FE90199838883828193819B8397
:10AC30008A83F0E0E0E012968D919C911397009743
:10AC4000B9F52D913C911197CD010296820F931F7A
:10AC50002091330C3091340C2817390739F630978E
:10AC600051F51092360C1092350CB093340CA09321
:10AC7000330CBCCFD383C28340815181840F951F95
:10AC8000C817D90761F44E5F5F4F88819981480FDB
:10AC9000591F518340838A819B819383828321152D
:10ACA000310509F0B0CFF093360CE093350C9ECF10
:10ACB000FD01DC01C0CF13821282D7CF8F929F9209
:10ACC000AF92BF92CF92DF92EF92FF92CF93DF933A
:10ACD000EC01688179818A819B816115710581050B
:10ACE000910521F464E279ED8BE597E02DE133EFF6
:10ACF00041E050E00E94D3DE49015A019B01AC01C2
:10AD0000A7EAB1E40E94F2DE6B017C01ACEEB4EF85
:10AD1000A50194010E9400DFC60ED71EE81EF91E91
:10AD2000F7FE06C081E0C81AD108E10880E8F80AF9
:10AD3000C882D982EA82FB82C701B6019F77DF9180
:10AD4000CF91FF90EF90DF90CF90BF90AF909F900A
:10AD50008F9008958F929F92AF92BF92CF92DF9281
:10AD6000EF92FF9260911A0270911B0280911C0277
:10AD700090911D02611571058105910521F464E230
:10AD800079ED8BE597E02DE133EF41E050E00E9453
:10AD9000D3DE49015A019B01AC01A7EAB1E40E944C
:10ADA000F2DE6B017C01ACEEB4EFA50194010E94D0
:10ADB00000DFC60ED71EE81EF91EF7FE06C081E0B2
:10ADC000C81AD108E10880E8F80AC0921A02D092A5
:10ADD0001B02E0921C02F0921D02C701B6019F7790
:10ADE000FF90EF90DF90CF90BF90AF909F908F90AB
:10ADF000089560931A0270931B0280931C02909333
:10AE00001D020895662777270C943EDBFC018827F6
:10AE10009927E89421912032E9F3293010F02E305F
:10AE2000C8F32B3241F02D3239F4689404C00E94EB
:10AE30000ED8820F911D219120532A30C0F31EF4A9
:10AE4000909581959F4F08951F93FC01992788271E
:10AE5000BC01E89411911032E9F3193010F01E3062
:10AE6000C8F31B3251F01D3249F4689406C00E94A9
:10AE7000F9D7610F711D811D911D119110531A3069
:10AE8000B0F33EF490958095709561957F4F8F4F0C
:10AE90009F4F1F91089591110C949CDC803219F002
:10AEA00089508550C8F70895FB01DC018D918134EC
:10AEB0001CF08B350CF4805E659161341CF06B35B1
:10AEC0000CF4605E861B611189F3990B0895FB01F8
:10AED000DC010D900020E9F7119705900D920020FC
:10AEE000E1F70895FB01DC018D91059080190110B7
:10AEF000D9F3990B0895FB01DC0105900D92002018
:10AF0000E1F70895FC0105900020E9F78095909500
:10AF10008E0F9F1F0895FB01DC010D900020E9F7C3
:10AF200011974150504028F0059000200D92C9F72C
:10AF300008951C920895FB01DC014150504030F00F
:10AF40008D910590801919F40020B9F7881B990B91
:10AF50000895FB01DC014150504048F005900D92EE
:10AF60000020C9F701C01D9241505040E0F70895FC
:10AF700041E35CE00C94C7D7FC0161507040019044
:10AF80000110D8F7809590958E0F9F1F0895FA01B4
:10AF9000A191B081009719F41097E1F0CD01DC0187
:10AFA000CD010D90002011F4C00113C0FB012191CF
:10AFB000222319F02015D9F7F3CFFB012191201599
:10AFC00019F41E92119606C02223C1F70D9000209D
:10AFD000A1F7D001FA01A193B0830895BB274A30AD
:10AFE00031F4992322F4BDE2909581959F4F0C9402
:10AFF00039D8592F482F372F262F660F771F881FD4
:10B00000991F660F771F881F991F620F731F841F78
:10B01000951F660F771F881F991F08957AE0979FE5
:10B02000902D879F802D910D11240895BB27FA0143
:10B03000A62F6217710581059105330B30FB66F071
:10B04000AA27660F771F881F991FAA1FA21710F043
:10B05000A21B63953850A9F7A05DAA3308F0A95D3B
:10B06000A19336F7B111B1931082CA010C94C9DCD7
:10B07000BB27FB015527AA27880F991FAA1FA417D2
:10B0800010F0A41B83955051B9F7A05DAA3308F0C6
:10B09000A95DA193009779F7B111B1931192CB01FA
:10B0A0000C94C9DCFC01238127FF23C02091370CBD
:10B0B0003091380C8217930721F41092380C1092BB
:10B0C000370C2091390C30913A0C8217930721F4F8
:10B0D00010923A0C1092390C20913B0C30913C0CA0
:10B0E0002817390721F410923C0C10923B0C0E9457
:10B0F000D5D590E080E008950F931F93CF93DF9311
:10B10000009759F46115710541F4F0E0E0E0CF01DA
:10B11000DF91CF911F910F9108958B01EC016EE0AB
:10B1200070E081E090E00E9422DBFC01892B69F352
:10B1300080E883830115110571F01387028781E888
:10B1400083838091370C9091380C892B21F4F093F4
:10B15000380CE093370C2097D1F2D187C0878381D8
:10B16000826083838091390C90913A0C892B79F617
:10B17000F0933A0CE093390C80913B0C90913C0C8D
:10B18000892B29F6F0933C0CE0933B0CC0CFCF9376
:10B19000DF93EC012B8120FF1AC026FF0CC02F7B10
:10B1A0002B838E819F8101969F838E838A8190E07D
:10B1B000DF91CF91089522FF18C0E881F981808145
:10B1C000082E000C990B009729F420622B838FEF37
:10B1D0009FEFEECF3196F983E8832E813F812F5F79
:10B1E0003F4F3F832E839927E3CFEA85FB8519954F
:10B1F00097FFF3CF2B81019621F080E2822B8B8386
:10B20000E6CF80E1FBCF0F931F93CF93DF93CDB7B2
:10B21000DEB708851985F801838188608383AE01D4
:10B22000445F5F4F6A857B85C8010E9420D9F80181
:10B230002381277F2383DF91CF911F910F91089561
:10B240002F923F924F925F926F927F928F929F9236
:10B25000AF92BF92CF92DF92EF92FF920F931F9324
:10B26000CF93DF9300D000D000D01F921F92CDB7B4
:10B27000DEB77C013B018A01FC01178216828381C3
:10B2800081FFDDC1CE0101965C01F7019381F301DD
:10B2900093FD859193FF81913F01882309F453C168
:10B2A000853239F493FD859193FF81913F01853279
:10B2B00029F4B70190E00E94D9DCE7CF912C212C32
:10B2C000312CFFE1F31538F08B3211F190F480321C
:10B2D00009F1833229F137FC3CC020ED280F2A30D8
:10B2E00050F536FE20C08AE0989E200D1124922E43
:10B2F00006C08D3291F0803371F7689430F8F30115
:10B3000093FD859193FF81913F018111DACF21C097
:10B31000689431F8689432F8F2CF689433F8EFCF3C
:10B32000689434F8ECCFEAE02E9E200D1124222EF2
:10B33000689435F8E4CF8E3229F436FC04C1689461
:10B3400036F8DDCF8C3619F4689437F8D8CF8836C4
:10B35000B1F2982F9F7D95549330E0F08336A1F1A0
:10B360008337C1F1833509F063C02801F2E04F0E45
:10B37000511CF801C080D180692D70E036FC02C0FC
:10B380006FEF7FEFC6010E94B7DC4C01689437F87D
:10B3900082010AC00C5F1F4FFFE3F9838824839466
:10B3A000912C6501E89437F833FE2DC0522C81149E
:10B3B000910471F5552009F468CFB70180E290E05F
:10B3C0000E94D9DC5A94F6CFF801808189830E5F00
:10B3D0001F4FE4CF2801F2E04F0E511CF801C0804E
:10B3E000D180692D70E036FC02C06FEF7FEFC6019F
:10B3F0000E94BCD74C018201D5CFB70180E290E01A
:10B400000E94D9DC2A942814190409F0B0F7CECF91
:10B41000F60137FC859137FE81916F01B70190E00D
:10B420000E94D9DC51105A94F1E08F1A9108BFCFD5
:10B43000843619F0893609F077C0F80137FE6BC001
:10B4400060817181828193810C5F1F4FF32DFF76A4
:10B450003F2E97FF09C090958095709561957F4F1D
:10B460008F4F9F4F689437F82AE030E0A5010E9483
:10B4700009DDC82ECA188C2C432C36FE0CC0E8946B
:10B4800040F8C91440F434FE05C032FC03C0F32D6B
:10B49000FE7E4F2E892C44FEAAC0FE01EC0DF11D4C
:10B4A0008081803309F09CC0242D297E422E842D7A
:10B4B0008870582E43FCAAC040FEA4C09C2C821465
:10B4C00018F42C0C922C981844FEA6C0B70180E307
:10B4D00090E00E94D9DC42FE09C088E790E041FE7E
:10B4E00002C088E590E0B7010E94D9DCC91408F4D5
:10B4F0009FC0CA94D12C9FEFC91AD90ACA0CDB1C71
:10B50000F60182916F01B70190E00E94D9DCAC1482
:10B51000BD04B1F74FCF60817181072E000C880BFD
:10B52000990B0E5F1F4F92CFD32CE894D4F82AE0EA
:10B5300030E08537E1F1232D297FD22E8F36A9F116
:10B54000F0F4883551F1F701868197812B960FB67B
:10B55000F894DEBF0FBECDBFDF91CF911F910F9149
:10B56000FF90EF90DF90CF90BF90AF909F908F9023
:10B570007F906F905F904F903F902F90089580370D
:10B5800049F0883701F7D4FE02C06894D2F820E170
:10B5900030E00DC06894D4F8F6CF34FE03C0822F9B
:10B5A0008660D82E20E132E002C028E030E0F801C9
:10B5B000D7FE0FC060817181828193810C5F1F4F24
:10B5C000A5010E9409DDC82ECA183D2CE89437F861
:10B5D00052CF6081718190E080E00E5F1F4FF0CF0D
:10B5E00042FC02C0839463CF8394839460CF842D04
:10B5F000867809F45CCFF6CFB70180E290E00E9434
:10B60000D9DC83948214C0F3512C5ECF522C58188D
:10B61000821408F459CFF8CF842D867809F466CFC8
:10B620008BE241FE80E247FC8DE2B70190E05CCF07
:10B63000B70180E390E00E94D9DC9A9457CF8FEF56
:10B640009FEF84CF0F931F93CF93DF93869F80014B
:10B65000879F100D969F100D1124C8010E9439D5A7
:10B66000EC01009729F0A80170E060E00E94C2DCC4
:10B67000CE01DF91CF911F910F9108958F929F92EC
:10B68000AF92BF92CF92DF92EF92FF920F931F93F0
:10B69000CF93DF935C017B016115710519F0DB012C
:10B6A0008D939C9385010F5F1F4FF501D0818D2FE6
:10B6B00090E00E944BD76C01892BB9F5DD32B9F5CA
:10B6C0000F5F1F4FD5011196DC91C1E05801F1E0E9
:10B6D000AF1AB10843E050E06AEA76E0C5010E9483
:10B6E0009FDC892B69F5680182E0C80ED11C45E01A
:10B6F00050E065EA76E0C6010E949FDC892B21F4C8
:10B70000680197E0C90ED11CE114F10419F0D701CA
:10B71000CD92DC9260E070E080E89FEFC111FFC045
:10B7200060E070E080E89FE7FAC05801BBCFDB32F1
:10B7300029F485010E5F1F4FF501D181C0E0C6CF0E
:10B7400043E050E062EA76E0C5010E949FDC892B6D
:10B75000E9F0F80110E000E020E030E0A9015F012D
:10B76000B0ED8B2E8D0E89E08815C8F19C2E689463
:10B7700091F88C2F8870C2FF16C0811102C00F5F34
:10B780001F4F3196D501DC91C92DE9CFE114F104A9
:10B7900029F00E5F1F4FF7011183008360E070E016
:10B7A00080EC9FE7BCC0882311F001501109A5E08F
:10B7B000B0E00E94F2DE9B01AC01220F331F441F58
:10B7C000551F280D311D411D511D283999E9390793
:10B7D000490799E15907A8F2C6609C2ED2CFAEEF77
:10B7E0008A1206C0C3FD3CC09C2E689493F8C9CF52
:10B7F000DF7DD534A9F580818D3239F4C061DF0158
:10B800001296818162E070E006C0DF018B32C1F3E5
:10B81000119661E070E080535D01A61AB70A8A3084
:10B82000F8F4E0E8CE16ECE0DE065CF4B601660F54
:10B83000771F660F771FC60ED71ECC0CDD1CC80EF7
:10B84000D11C5D01FFEFAF1ABF0A8C9180538A3083
:10B85000A8F1C4FF03C0D194C194D1080C0D1D1DE3
:10B86000C1FF09C0E114F10431F081E0A81AB10868
:10B87000D701AD92BC92CA01B9010E946CDDC370C0
:10B88000C33009F490584B015C0120E030E0A9017D
:10B890000E9467DD882309F440C0C9EDD6E017FF98
:10B8A00005C0119501951109C1ECD6E06E01B8E112
:10B8B000CB1AD10880E2E82EF12C0FC0D501B1CF10
:10B8C000FE0125913591459154910E191F09C5012D
:10B8D000B4010E94CDDD4B015C01D501C4010E1500
:10B8E0001F0574F72497F594E794CC16DD06A9F7A5
:10B8F0008A2F880F8B2F881F8F3F49F020E030E080
:10B90000A901C501B4010E9467DD811106C082E270
:10B9100090E090933E0C80933D0CC501B401DF9103
:10B92000CF911F910F91FF90EF90DF90CF90BF903C
:10B93000AF909F908F900895992788270895FB01D5
:10B94000DC014150504088F08D9181341CF08B35E2
:10B950000CF4805E659161341CF06B350CF4605E14
:10B96000861B611171F3990B0895881BFCCFFC01B4
:10B970000590615070400110D8F7809590958E0F1A
:10B980009F1F0895DC0101C06D9341505040E0F7C6
:10B990000895DC01FC01672F71917723E1F732975D
:10B9A00004C07C916D9370836291AE17BF07C8F39A
:10B9B00008950F931F93CF93DF93182F092FEB0157
:10B9C0008B8181FD09C01FEF0FEF812F902FDF9139
:10B9D000CF911F910F91089582FF14C02E813F8156
:10B9E0008C819D81281739073CF4E881F981CF01CA
:10B9F00001969983888310838E819F8101969F830E
:10BA00008E83E3CFE885F985812F1995892BA1F3E2
:10BA1000DACFFA01AA27283051F1203181F1E894D8
:10BA20006F936E7F6E5F7F4F8F4F9F4FAF4FB1E031
:10BA30003ED0B4E03CD0670F781F891F9A1FA11D2C
:10BA4000680F791F8A1F911DA11D6A0F711D811D2D
:10BA5000911DA11D20D009F468943F912AE0269FF2
:10BA600011243019305D3193DEF6CF010895462F51
:10BA70004770405D4193B3E00FD0C9F7F6CF462F32
:10BA80004F70405D4A3318F0495D31FD405241939B
:10BA900002D0A9F7EACFB4E0A69597958795779558
:10BAA0006795BA95C9F700976105710508959B01DF
:10BAB000AC010A2E06945795479537952795BA9568
:10BAC000C9F7620F731F841F951FA01D08950E9460
:10BAD000A9DD08F481E00895E89409C097FB3EF4DD
:10BAE00090958095709561957F4F8F4F9F4F9923CB
:10BAF000A9F0F92F96E9BB279395F6958795779549
:10BB00006795B795F111F8CFFAF4BB0F11F460FF08
:10BB10001BC06F5F7F4F8F4F9F4F16C0882311F060
:10BB200096E911C0772321F09EE8872F762F05C074
:10BB3000662371F096E8862F70E060E02AF09A950F
:10BB4000660F771F881FDAF7880F9695879597F904
:10BB50000895990F0008550FAA0BE0E8FEEF16169E
:10BB60001706E807F907C0F012161306E407F507F1
:10BB700098F0621B730B840B950B39F40A2661F065
:10BB8000232B242B252B21F408950A2609F4A14008
:10BB9000A6958FEF811D811D08950E94E0DD0C9414
:10BBA00051DE0E9443DE38F00E944ADE20F09523E9
:10BBB00011F00C943ADE0C9440DE11240C9485DED6
:10BBC0000E9462DE70F3959FC1F3950F50E0551F00
:10BBD000629FF001729FBB27F00DB11D639FAA27E2
:10BBE000F00DB11DAA1F649F6627B00DA11D661F31
:10BBF000829F2227B00DA11D621F739FB00DA11D52
:10BC0000621F839FA00D611D221F749F3327A00D0B
:10BC1000611D231F849F600D211D822F762F6A2FA7
:10BC200011249F5750409AF0F1F088234AF0EE0F0C
:10BC3000FF1FBB1F661F771F881F91505040A9F739
:10BC40009E3F510580F00C943ADE0C9485DE5F3FF8
:10BC5000E4F3983ED4F3869577956795B795F79575
:10BC6000E7959F5FC1F7FE2B880F911D96958795ED
:10BC700097F9089597F99F6780E870E060E008956C
:10BC80009FEF80EC089500240A94161617061806F4
:10BC90000906089500240A941216130614060506D0
:10BCA0000895092E0394000C11F4882352F0BB0F61
:10BCB00040F4BF2B11F460FF04C06F5F7F4F8F4FC4
:10BCC0009F4F089557FD9058440F551F59F05F3FFF
:10BCD00071F04795880F97FB991F61F09F3F79F0AE
:10BCE00087950895121613061406551FF2CF469530
:10BCF000F1DF08C0161617061806991FF1CF8695B2
:10BD00007105610508940895E894BB276627772795
:10BD1000CB0197F90895F999FECF92BD81BDF89AAC
:10BD2000992780B50895262FF999FECF1FBA92BDA5
:10BD300081BD20BD0FB6F894FA9AF99A0FBE01960C
:10BD40000895DB018F939F930E94F2DEBF91AF9124
:10BD5000A29F800D911DA39F900DB29F900D112465
:10BD60000895A1E21A2EAA1BBB1BFD010DC0AA1F3C
:10BD7000BB1FEE1FFF1FA217B307E407F50720F054
:10BD8000A21BB30BE40BF50B661F771F881F991FCF
:10BD90001A9469F760957095809590959B01AC0118
:10BDA000BD01CF010895052E97FB1EF400940E945B
:10BDB000EADE57FD07D00E94B1DE07FC03D04EF447
:10BDC0000C94EADE50954095309521953F4F4F4FAA
:10BDD0005F4F089590958095709561957F4F8F4F37
:10BDE0009F4F08950E9405DFA59F900DB49F900D71
:10BDF000A49F800D911D11240895B7FF0C94F2DECD
:10BE00000E94F2DE821B930B0895A29FB001B39FA4
:10BE1000C001A39F700D811D1124911DB29F700D53
:10BE2000811D1124911D0895AA1BBB1B51E107C060
:10BE3000AA1FBB1FA617B70710F0A61BB70B881FBA
:10BE4000991F5A95A9F780959095BC01CD01089549
:10BE500097FB072E16F4009407D077FD09D00E94B7
:10BE600014DF07FC05D03EF4909581959F4F08950F
:10BE7000709561957F4F0895EE0FFF1F881F8BBF50
:10BE80000790F691E02D199469279627692778275E
:10BE90008727782708950E9405DF332312F48A1B31
:10BEA0009B0B0C9455DF0E9405DFB7FF0895821BA2
:10BEB000930B08955058BB27AA270E9472DF0C9459
:10BEC00051DE0E9443DE38F00E944ADE20F039F451
:10BED0009F3F19F426F40C9440DE0EF4E095E7FB46
:10BEE0000C943ADEE92F0E9462DE58F3BA1762071B
:10BEF00073078407950720F079F4A6F50C9484DE87
:10BF00000EF4E0950B2EBA2FA02D0B01B901900174
:10BF10000C01CA01A0011124FF27591B99F0593FB8
:10BF200050F4503E68F11A16F040A22F232F342F00
:10BF30004427585FF3CF469537952795A795F0404E
:10BF40005395C9F77EF41F16BA0B620B730B840B63
:10BF5000BAF09150A1F0FF0FBB1F661F771F881F1B
:10BF6000C2F70EC0BA0F621F731F841F48F4879573
:10BF700077956795B795F7959E3F08F0B0CF939565
:10BF8000880F08F09927EE0F9795879508950E94DE
:10BF9000DBDF0C9451DE0E944ADE58F00E9443DE43
:10BFA00040F029F45F3F29F00C943ADE51110C94D3
:10BFB00085DE0C9440DE0E9462DE68F39923B1F3C3
:10BFC000552391F3951B550BBB27AA2762177307BF
:10BFD000840738F09F5F5F4F220F331F441FAA1F53
:10BFE000A9F335D00E2E3AF0E0E832D0915050400F
:10BFF000E695001CCAF72BD0FE2F29D0660F771FBD
:10C00000881FBB1F261737074807AB07B0E809F0A2
:10C01000BB0B802DBF01FF2793585F4F3AF09E3F27
:10C02000510578F00C943ADE0C9485DE5F3FE4F322
:10C03000983ED4F3869577956795B795F7959F5F6A
:10C04000C9F7880F911D9695879597F90895E1E0B6
:10C05000660F771F881FBB1F621773078407BA0715
:10C0600020F0621B730B840BBA0BEE1F88F7E09570
:10C0700008950E9440E06894B1110C9485DE089503
:10C080000E946ADE88F09F5798F0B92F9927B75120
:10C09000B0F0E1F0660F771F881F991F1AF0BA956C
:10C0A000C9F714C0B13091F00E9484DEB1E0089568
:10C0B0000C9484DE672F782F8827B85F39F0B93F5A
:10C0C000CCF3869577956795B395D9F73EF490951F
:10C0D0008095709561957F4F8F4F9F4F08950E9477
:10C0E000A9DD08F48FEF0895FA01EE0FFF1F3096D7
:10C0F00021053105A1F16115710561F48038BFE3B7
:10C100009B0749F168949038810561F08038BFEF52
:10C110009B0741F099234AF5FF3FE10531052105D1
:10C1200019F1E8940894E795D901AA2329F4AB2FD3
:10C13000BE2FF85FD0F310C0FF5F70F4A695E0F754
:10C14000F73950F019F0FF3A38F49F779F930DD0EC
:10C150000F9007FC9058089546F00C9440DE60E084
:10C1600070E080E89FE308954FE79F775F934F93D8
:10C170003F932F930E94C0E12F913F914F915F9188
:10C180000E94CDDD0C94DCE00E945EE130F09F3730
:10C1900010F40C9485DE0C940EE10C9429E10E94BD
:10C1A000A9DD880B990B089529F416F00C943ADE5A
:10C1B0000C9484DE0C9440DE0E946ADEA8F396386C
:10C1C000A0F707F80F92E8942BE33AEA48EB5FE711
:10C1D0000E94E3DD0F920F920F924DB75EB70F9260
:10C1E0000E9408E2E4EEF0E00E9437E14F915F9197
:10C1F000EF91FF91E595EE1FFF1F49F0FE57E068B4
:10C200004427EE0F441FFA95E1F74195550B0E9424
:10C2100082E10F9007FE0C9476E10895882371F473
:10C22000772321F09850872B762F07C0662311F4CF
:10C2300099270DC09051862B70E060E02AF09A9506
:10C24000660F771F881FDAF7880F9695879597F9FD
:10C2500008959F3F31F0915020F487957795679529
:10C26000B795880F911D9695879597F90895DF9357
:10C27000CF931F930F93FF92EF92DF927B018C017C
:10C28000689406C0DA2EEF010E94E0DDFE01E8941A
:10C29000A5912591359145915591A6F3EF010E9405
:10C2A00072DFFE019701A801DA9469F7DF90EF9041
:10C2B000FF900F911F91CF91DF9108950E946ADE48
:10C2C000A0F0BEE7B91788F4BB279F3860F41616B4
:10C2D000B11D672F782F8827985FF7CF86957795C0
:10C2E0006795B11D93959639C8F308959B01AC01EC
:10C2F00060E070E080E89FE30C94C7DF0C943ADEC6
:10C300000C9429E10E946ADED8F39923C9F3940FB3
:10C31000511DA3F39150504094F059F0882332F00E
:10C32000660F771F881F91505040C1F79E3F5105FF
:10C330002CF7880F911D9695879597F908955F3F83
:10C34000ACF0983E9CF0BB27869577956795B7959E
:10C3500008F4B1609395C1F7BB0F58F711F460FF73
:10C36000E8CF6F5F7F4F8F4F9F4FE3CF0C9485DEF9
:10C3700016F00C9429E10C9440DE68940C943ADE9B
:10C380000E946ADEA8F39923C1F3AEF3DF93CF9343
:10C390001F930F93FF92C92FDD2788232AF021973F
:10C3A000660F771F881FDAF720E030E040E85FEB88
:10C3B0009FE3883920F0803E38F021968F770E94E5
:10C3C0005BDFECE0F1E004C00E945BDFE9E3F1E059
:10C3D0000E9437E18B01BE01EC01FB2E6F57710902
:10C3E0007595771F880B990B0E946EDD28E132E767
:10C3F00041E35FE30E94E0DDAF2D9801AE01FF90C5
:10C400000F911F91CF91DF910E9472DF0C9451DE4A
:10C41000FA01DC01AA0FBB1F9B01AC01BF5728F436
:10C42000222733274427507820C0B75190F4AB2FF0
:10C430000024469537952795011CA395D2F300203B
:10C4400071F0220F331F441FB395DAF30ED00C9412
:10C450005ADF61307105A0E88A07B94630F49B01C4
:10C46000AC016627772788279078309621F02083C3
:10C4700031834283538308954F925F926F927F92EC
:10C480008F929F92AF92BF92CF92DF92EF92FF92E4
:10C490000F931F93CF93DF938C01009799F4CB01F7
:10C4A000DF91CF911F910F91FF90EF90DF90CF9090
:10C4B000BF90AF909F908F907F906F905F904F90C4
:10C4C0000C9439D5FC01E60FF71F9C01225031096D
:10C4D000E217F30708F4AEC0D901CD91DC911197B2
:10C4E000C617D70720F1C530D10578F0CE010497E3
:10C4F0008617970750F0C61BD70B2297C193D1938D
:10C500006D937C93CF010E94D5D5C801DF91CF9167
:10C510001F910F91FF90EF90DF90CF90BF90AF9061
:10C520009F908F907F906F905F904F9008955B01E8
:10C53000AC1ABD0A4C018C0E9D1EA091350CB09119
:10C54000360C512C412CF12CE12C109731F58091B7
:10C55000330C9091340C8815990509F05CC046168F
:10C56000570608F058C08091140290911502009768
:10C5700041F48DB79EB74091180250911902841B67
:10C58000950BE817F90708F055C0F093340CE093C9
:10C59000330CF90171836083B8CF8D919C91119711
:10C5A00012966C90129713967C901397A815B90564
:10C5B00059F56C0142E0C40ED11CCA14DB0420F111
:10C5C000AC014A195B09DA011296159780F0628274
:10C5D000738251834083D9016D937C93E114F104FC
:10C5E00071F0D7011396FC93EE9312978ECF22969B
:10C5F0008C0F9D1FF90191838083F301EFCFF0939E
:10C60000360CE093350C81CF4816590608F42C01FE
:10C610007D01D3019ACFCB010E9439D57C010097CF
:10C6200049F0AE01B8010E9459E3C8010E94D5D576
:10C6300087016BCF10E000E068CF81E090E0F894D4
:10C640000C945AE79111089581548A5108F4805E40
:10C65000855A08959111089581568A5108F480529F
:10C66000855808950F931F93CF93DF938C01FC019E
:10C6700001900020E9F7CF01801B910B0E9439D572
:10C68000EC01009719F0B8010E94A6E3CE01DF91FA
:10C69000CF911F910F910895FB01DC0104C08D9192
:10C6A0000190801921F441505040C8F7881B990B24
:10C6B0000895FB01DC0102C001900D9241505040F1
:10C6C000D8F708956817790768F4FB01DC01E40FD7
:10C6D000F51FA40FB51F02C002900E9241505040AA
:10C6E000D8F708950C9459E3FB01DC018D91813456
:10C6F0001CF08B350CF4805E619161341CF06B355D
:10C700000CF4605E861B611189F3990B0895FB019F
:10C71000DC010D900020E9F7119701900D920020A7
:10C72000E1F70895FC018191861721F08823D9F75C
:10C73000992708953197CF010895FB01DC018D9170
:10C74000019080190110D9F3990B0895FB01DC01C8
:10C7500001900D920020E1F70895FB01DC010D909E
:10C760000020E9F711974150504028F00190002037
:10C770000D92C9F708951C920895FB01DC01415008
:10C78000504030F08D910190801919F40020B9F7D4
:10C79000881B990B0895FB01DC014150504048F083
:10C7A00001900D920020C9F701C01D9241505040E8
:10C7B000E0F70895FC0181E090E00190061609F48D
:10C7C000CF010020D1F7019708950F931F93CF93C6
:10C7D000DF93CDB7DEB72E970FB6F894DEBF0FBE4E
:10C7E000CDBF0E891F89888D998D26E02C831A83F1
:10C7F000098397FF02C080E090E801979E838D83B4
:10C80000AE01445E5F4F6A8D7B8DCE0101960E9422
:10C8100020D94D815E8157FD0AC02F81388542178E
:10C8200053070CF49A01020F131FF80110822E9681
:10C830000FB6F894DEBF0FBECDBFDF91CF911F9131
:10C840000F9108950F931F93CF93DF93CDB7DEB76A
:10C850002E970FB6F894DEBF0FBECDBF0E891F898D
:10C8600086E08C831A8309838FEF9FE79E838D83F5
:10C87000AE01465E5F4F688D798DCE0101960E94B4
:10C8800020D92F813885020F131FF80110822E96B0
:10C890000FB6F894DEBF0FBECDBFDF91CF911F91D1
:10C8A0000F910895CF93DF93CDB7DEB72E970FB6D4
:10C8B000F894DEBF0FBECDBF85E08C838C899D8947
:10C8C0009A838983AE01485E5F4F6E897F89CE016E
:10C8D00001960E941EE62E960FB6F894DEBF0FBE9C
:10C8E000CDBFDF91CF91089520FD09C0FC0123FD4C
:10C8F00005C022FF02C07383628351834083089581
:10C9000044FD17C046FD1DC0DB01FC01AA0FBB1F83
:10C91000EE1FFF1F1094D1F76A0F7B1F8E1F9F1F02
:10C92000660F771F881F991F620F711D811D911D52
:10C93000089533E0660F771F881F991F3150D1F794
:10C94000F3CF34E0F7CF0F931F93CF93DF938C0196
:10C95000C8010E94C7D8EC0197FD08C00E944BD7C0
:10C96000892BB1F7B801CE010E9442E7CE01DF91D9
:10C97000CF911F910F9108958F929F92AF92BF9286
:10C98000EF92FF920F931F93CF93DF938C01D62FDB
:10C990007A01B22E0E94C7D89C0133272B32310571
:10C9A00029F02D323105A9F46894B7F8D15061F41B
:10C9B00080E0DF91CF911F910F91FF90EF90BF909A
:10C9C000AF909F908F900895C8010E94C7D897FD9F
:10C9D000EFCFCB2DCD7F2B2D2073F9F48033E9F4ED
:10C9E000AA24AA94AD0E89F0C8010E94C7D897FD69
:10C9F0000CC0282F2F7D283561F4C264D25029F055
:10CA0000C8010E94C7D897FF08C0812C912C5401FF
:10CA10001BC0B6FE2BC0C260DA2D812C912C5401B4
:10CA200020ED280F283028F1C4FD09C02A3008F174
:10CA3000C6FF05C02F7D3FEE320F3630C8F0B8017B
:10CA40000E9442E7C1FFB4CFC7FF08C0B094A094D2
:10CA500090948094811C911CA11CB11C2C2FB501B9
:10CA6000A401C7010E9474E481E0A3CFC261D4CFC6
:10CA700027504C2FC501B4010E9480E44B015C019A
:10CA8000C260D15009F3C8010E94C7D897FFC8CF30
:10CA9000D9CF7F928F929F92AF92BF92CF92DF9227
:10CAA000EF92FF920F931F93CF93DF93CDB7DEB733
:10CAB000A0970FB6F894DEBF0FBECDBF5C01962ED7
:10CAC0007A01CE0101966C0180E2F60111928A95FD
:10CAD000E9F7F501B381890130E020E0712C812C68
:10CAE000A0E041E050E0F801B3FD8591B3FF8191F2
:10CAF000982F8F01811117C010E000E0C801A096A7
:10CB00000FB6F894DEBF0FBECDBFDF91CF911F915E
:10CB10000F91FF90EF90DF90CF90BF90AF909F90DC
:10CB20008F907F9008958E3519F42115310541F1CC
:10CB3000A21713064CF48D3549F18D3229F481107A
:10CB400006C0882483941DC0882009F464C0E92F9E
:10CB5000E695E695E695EC0DFD2DF11D892F877084
:10CB6000BA0101C0660F8A95EAF78081682B60835D
:10CB7000791651F0971510F49F5FE9CF9150E7CFE8
:10CB8000A1E02F5F3F4FAFCF812CFBCF882019F062
:10CB90008E8180628E83AA2359F0F6019E012F5D5B
:10CBA0003F4F8081809580833196E217F307C9F764
:10CBB00088248394C5010E94C7D897FD16C0E82F2A
:10CBC000E695E695E695EC0DFD2DF11D208130E012
:10CBD000AC014770552702C0359527954A95E2F775
:10CBE00020FD06C0B5010E9442E7882069F084CF8D
:10CBF000E114F10429F0F7018083C70101967C015B
:10CC00009A94812C9110D6CFE114F10409F476CFD7
:10CC1000F701108273CFE82FE695E695E695EC0DC7
:10CC2000FD2DF11D982F9770BA0101C0660F9A95DE
:10CC3000EAF79081692B6083782EA3CF5F926F9281
:10CC40007F928F929F92AF92BF92CF92DF92EF929C
:10CC5000FF920F931F93CF93DF936C01EB015A0167
:10CC6000FC0117821682512CF601E380FE01E3FCE1
:10CC70008591E3FE8191182FEF018823E9F090E080
:10CC80000E944BD7892B21F0C6010E94A3E4ECCF70
:10CC9000153241F4FE01E3FC1591E3FE1191EF0121
:10CCA000153269F4C6010E94C7D897FD8EC01817C7
:10CCB000D9F2B6010E9442E7852D90E08AC000E0DB
:10CCC0001A3231F4E3FC1591E3FE1191EF0101E01A
:10CCD000F12C20ED210F2A3048F101FF37C0FF2051
:10CCE00059F31836B1F11C3609F43DC0112321F374
:10CCF000612F70E08DED96E00E9437E7892BE1F21D
:10CD0000912C812C00FD06C0F50180809180C50129
:10CD100002965C011E3679F5F6014681578170E076
:10CD200060E0202FC4010E9474E49ECF02606F2D4A
:10CD300070E090E080E040E20E9480E4F62EFE0188
:10CD4000E3FC1591E3FE1191EF01C3CFFF24FA94A8
:10CD5000C8CFFE01E3FC1591E3FE1191EF011836F7
:10CD600009F0C4CF08600460FE01E3FC1591E3FE06
:10CD70001191EF01BBCF1336C1F401FD02C0FF24B6
:10CD8000F394C6010E94C7D897FD1FC08114910477
:10CD900029F0F4018083C40101964C01FA94F1104A
:10CDA000F0CF00FD61CF53945FCF1B3511F59E018D
:10CDB000A4016F2DC6010E9449E5EC01892B89F77A
:10CDC000F6018381807309F477CF8FEF9FEF5110C5
:10CDD00073CFDF91CF911F910F91FF90EF90DF9074
:10CDE000CF90BF90AF909F908F907F906F905F900B
:10CDF0000895C6010E94A3E497FDE7CF1F36A9F16D
:10CE000030F4143641F0193639F0006405C0133798
:10CE1000B9F01537D1F70062202FA4016F2DC6019C
:10CE20000E94BCE48111BDCFCBCF8114910429F0C5
:10CE3000F4016082C40101964C01FA94FF2071F064
:10CE4000C6010E94C7D83C0197FD08C00E944BD77D
:10CE5000892B59F3B601C3010E9442E78114910462
:10CE600009F49FCFF40110829CCF0061D5CFFC0163
:10CE70000590061621F00020D9F7C00108953197DA
:10CE8000CF010895FB01238120FF11C026FD0FC0B3
:10CE90008F3F980771F082832F7D20642383268142
:10CEA00037812150310937832683992708958FEFE1
:10CEB0009FEF089513E1C9EFD3E100E006C0802F92
:10CEC000FE010E943CDF2196011DCA3FD10780E090
:08CED0000807A9F7F894FFCF51
:10CED800070700C08E818E818E818E818E818E8122
:10CEE8008E818E8100003F0C80000100000002004E
:10CEF80003001500140013001200303132333435AA
:10CF0800363738394142434445460000000000683E
:10CF180014581A611B4C1B62193F19DC181F76C183
:10CF28001A5919DA709F1A731622957F8570166E32
:10CF3800165D146416392518770E25601600000052
:10CF48000051848F810C18CC836A845386278463AC
:10CF5800845C160000000051848F810C18CC836A11
:10CF6800841585278463845C1600000000DB838FAA
:10CF7800810C18CC831984F883278463845C160099
:10CF88000000008D158F810C188D8125169715903E
:10CF980015A81CDEADBEEFFEFF006C6967687468FB
:10CFA8007562005E00BC00770101005E00000000B1
:10CFB800044D515454040000000000E530A41C5DE9
:10CFC8004A394B3B1C22180F184420BE436946655A
:10CFD800183518421600000000E630A21C86458469
:10CFE80044481622180F187B1847426946651835B9
:10CFF8001845160102020101080000080108020193
:10D0080000000000024C4843330000000000258265
:10D018008F81BC817282ED81CB81DF8100000000AD
:10D028006185C382618561856185618561855F8E62
:10D0380000000000AE8310835C8343837B81D3822E
:10D04800CA82CD82000000000915DC140C187B810F
:10D05800D514C214B31400000000FD84DD840C183C
:10D068008D81000000004714BE230C188D81DE243A
:10D07800731A000000006814581A611B4C1B6219CF
:10D088003F19DC181F76C11A5919DA709F1A7316DE
:10D098003534A61C70166E165D146416392518777B
:10D0A8000E25601600000000B4228F810C187B81C9
:10D0B800C917B717D3220A18E917A2768B1C0618C6
:10D0C800F31700000000F62A8F810C1834160000B0
:10D0D80000002D143C240C187B8143141519CD181D
:10D0E8003A1A7F18C018A724C71976246B19F6189E
:10D0F800931683167F167B1600000000198E736640
:10D10800780020746F200061637400257500256C19
:10D118007500256C64002D256C642E253032640062
:10D1280025642C25642C25642C2564002D25642E6B
:10D138002530336400726F6F74006F75740062631A
:10D148007374002F002D007379736C6F67003000C3
:10D1580025783A25783A25783A25783A25783A256F
:10D168007825630053454E445354415455533A204F
:10D178000074797065004354523A207469636B20D7
:10D1880076616C3A00202B20004354523A2074698F
:10D19800636B2073617665642076616C3A00616226
:10D1A8007374726163744F75743A616374697665F8
:10D1B8003A2000494E435245415345443A20002005
:10D1C8004578743A002F616C61726D6F66662F73D3
:10D1D8006E737200457865633A006974656D006521
:10D1E8006D69740063616E0069636D640065636DE9
:10D1F8006400697265760065726576003E2000738A
:10D20800636D640072636D64004F4E004F464600C4
:10D21800540064636C69636B0074636C69636B00CE
:10D2280073636D64320073636D6433006C636D64A3
:10D23800007270636D64006C636D643200727063B9
:10D248006D6432006C636D6433007270636D6433B7
:10D2580000616374697661746500494E3A20002064
:10D26800697320006D617000726570656174006992
:10D2780074656D7300746F70696373006D71747495
:10D28800006F77002F636F6E6669672E6A736F6E23
:10D29800002F636F6E6669672E62696E002F636E7A
:10D2A800662F253032782D253032782D253032788A
:10D2B8002D253032782D253032782D253032782EB4
:10D2C800636F6E6669672E6A736F6E002200496627
:10D2D8002D4E6F6E652D4D61746368003E3E002EC5
:10D2E8000057495A6E6574000D0A006E616E006938
:10D2F8006E66006F766600616D7853697A653A00EC
:10D3080025252532780068656C70007361766500A4
:10D318006C6F616400676574006D6163006970001B
:10D328006F7461707764006B696C6C00636C656125
:10D3380072007265626F6F74007365617263680072
:10D3480061726475696E6F003D3D002B2F2B2F2392
:10D35800002F616C61726D2F736E7372002F616C98
:10D3680061726D2F6F76726874006E756C6C0066F2
:0AD37800616C736500747275650046
:00000001FF
