:100000000C94261B0D94D1040D94A6040D947B042E
:100010000D9450040D9425040D94FA030D94CF0310
:100020000D94A4030C94571B0C94571B0C94571B52
:100030000C94571B0C94571B0C94571B0D94C11E0A
:100040000C94571B0C94571B0C94571B0C94571B68
:100050000C94571B0C94571B0C94571B0D94114771
:100060000C94571B0D9437080D940D080C94571BD6
:100070000C94571B0C94571B0C94571B0C94571B38
:100080000C94571B0C94571B0C94571B0C94571B28
:100090000D943D0D0D94B30C0D94F50C0D94592059
:1000A0000C94571B0C94571B0C94571B0C94571B08
:1000B0000C94571B0C94571B0C94571B0C94571BF8
:1000C0000C94571B0C94571B0C94571B0D94E3076F
:1000D0000D94B9070C94571B0D948F070D94650769
:1000E0000C94571B07634236B79BD8A71A3968563A
:1000F00018AEBAAB558C1D3CB7CC5763BD6DEDFD4A
:10010000753EF6177231BF000000803F0800000006
:10011000BE922449123EABAAAA2ABECDCCCC4C3EFC
:1001200000000080BEABAAAAAA3E00000000BF00EB
:100130000000803F0000000000084178D3BB4387E7
:10014000D1133D190E3CC3BD4282AD2B3E68EC82FB
:1001500076BED98FE1A93E4C80EFFFBE01C4FF7F80
:100160003F00000000000C943F610D94FD300C94A2
:1001700025600C948CD10C94FFD50C94702D0C94AC
:10018000341C0C94F3310C94AF9F0C949A6B0C9428
:100190002F5F0C94C9FC0D9418130C94FFBF0C94A2
:1001A000DED40C9442FC0C94FC6F0D94F33A0C9446
:1001B000FF5B0C945F890C94B4D40C94BF1C0C941A
:1001C00066B90D94D8390C94F35C0C94C15C0C9412
:1001D000AC780C9436D60C946A390D945F1D0C944F
:1001E0002F6F0C94EFDD0D94E7190C9470210C9493
:1001F000734A0C9439610D9480150C943C6B0C94EB
:100200002E3A0C9452B10C94DF380C9402A00C944A
:10021000A0D50D94CB000C941DFD0D94A8000C945A
:1002200052880C942ECE0C9445200C9425290C94C5
:10023000269F0C94761C0D94DC390C94462E0C945D
:1002400062440C943ACC0C94BF5B0C94385C0C94D4
:100250005ABD0C948BCB0D940E310C94CE5F0C9444
:1002600090D40C9468210D9460410C94EB2C0C9468
:10027000142E0C94B5390C943A6B0C94F9C90D9466
:1002800007000C946D3A0C9482FB0D9431000C9491
:1002900064FF0D9472100C94801C0C9425BD0C947A
:1002A000A04A0D94A9000D941C300C9453F40D94A5
:1002B000B9390C949EBD0C9495D20C945B300C947F
:1002C000401E0C94AAFE0C9498FD0D94CC2F0C9417
:1002D0001EE60C94381C0C947AFC0C94A6220D9407
:1002E0000C3B0C94FC2C0C942C1C0D9459160C9467
:1002F000EB1D0C94F86E0C940B610C9413BA0C94D7
:100300001AD60C94DC2D0C94A68E0C9489200D9496
:10031000E8150C94BC220D94842A0C94DFBF0C9435
:10032000D2220D94BB3A0C943A450C944DAF0C94E8
:1003300032F90C9480CE0C94AC1C0C94524C0C945E
:10034000012E0C9435FF0C946DCE0C94B65C0D947C
:1003500066010C94F32B0C94CA380C9479720D94AA
:10036000B5390C94AC3A0C94ED1D0C94BB210C9453
:100370000BB10C94138B0C94282E0C94DE5C0C9413
:10038000793A0C94EE2C0C9453C20D9448000C94C2
:10039000514A0C94CC790C94D88B0C945FFC0C943F
:1003A00045600C949EC10C94CF7E0C94E15C0C943F
:1003B000C66E0C94B3C00D94023B0C94EDB10C943A
:1003C000AE5F0C9419CF0C94FA2B0C94BC200D94B6
:1003D00047120C9411610C94D1440D94C1390C94C2
:1003E000D15E0C941CBD0D9466480C94E7390C94B6
:1003F000FE8A0D9400170C94B2FC0C9406790D94AF
:10040000B13A0C9412740C94446B0C94523A0D94BF
:100410005F120D94A2120C94B5780D94D4390C94FB
:10042000A0BD0D944A020D94BC060D940F1E0C94B1
:10043000E9EE0C94D3820C94799F0C9450210C9487
:1004400088FD0C94DC1C0C94ADC00C94699F0C943A
:10045000E5730C94EDFF0D949A3A0D94B14F0C9402
:1004600016BD0D949D310C944AC80D9467360D94B9
:10047000E6390D94EF390C94A0FF0C9439740C9468
:1004800097FD0C9450780C9488F50C9495FB0D9482
:1004900072160D9461410C9405BD0C94AA6A0D94DA
:1004A0002E310C94176B0C9490750C9456FF0C9491
:1004B000E0FD0D94F4390C94504C0C94211E0C94D6
:1004C000CE6A0C9451B90C94B1B10C9487280D9458
:1004D00029000C9413790C94D05C0C94B4DA0D942C
:1004E000BC2F0C9410BD0D9430300C9408FD0C946E
:1004F00093390D94E8310D949B2A0C94812B0C9424
:1005000069D30C94BC9F0C949AFD0D9412300C94FA
:10051000E3490C94E33A0C94DD720C94441C0D9462
:1005200003000C946CD00C9414800C94904A0D949D
:1005300004300C942F210C94D4280D946F410C940A
:1005400054390C94E62D0D94FA2F0C941DC00C9484
:10055000E75F0C9461CF0C94401C0D94BD390C9452
:100560009D210C9479BF0C94CD7E0D9426300C9473
:100570007E3A0C94512E0C945D490C9417610C94A6
:1005800077210C94EFFD0C94CCD40C948DFC0C943E
:10059000B1C00C9477B10C94532E0C94F36A0D9463
:1005A000FF000C94397F0D94E82F0D94D2000C9429
:1005B0003C1C0C944BFC0C94DA860C94986B0C94B9
:1005C00090BE0C94C45C0C94804C0C947B5F0C9497
:1005D000A1490D941E000D9472410C9494880C94C2
:1005E0008F7F0C94872B0C941CAE0C94033B0C94C3
:1005F00072B60C9495390C9472890D942A3B0C9424
:10060000D35C0C94AD380D94163B0C94055F0D949F
:10061000CA160C94254A0C94B0D50C94FABC0C94D0
:10062000CEF20C94B5200C94406B0C94991C0C9455
:10063000376B0D944B360C94156A0C9492380C94CD
:100640008A9F0C94B96A0D94AF390C94B29F0C94A4
:1006500020490C94352A0C94971C0D94A23A0C94C2
:10066000C7380D94203B0C94BFDD0D94562A0C9492
:10067000281C0D9432170C94F12C0D944E010C94FF
:100680005DFE0C94AAD70D94A7160D94A73A0C946E
:1006900029440C94D6FF0C94966B0D9461130C9422
:1006A000426B0C949ABD0C94D51C0D94652A0D9444
:1006B00052000C946DCD0C9403FE0C94D8C10D9493
:1006C0007C150D94CE390C9496210C94CFC00C94CB
:1006D000CB220C9409FF0C94C1BF0C945CC00C9409
:1006E00018FF0D9432000C94E4DD0C94AB8B0C9449
:1006F00007450C94934A0C94A3210C94DC1E0C9493
:10070000A7FF0C942DB10C94191E0D94A7000C9406
:10071000C9B10D9460360D943D2A0C9484890D94D2
:10072000E93A0D9444360C948CB10C9433BD0D947D
:1007300037130D9459360D9436360C94F66A0C9492
:100740003E6B0C94321D0C94561C0C94E06B0C9474
:10075000AE3A0C94B1220C9486BC0D94DF3A0C9402
:100760009CBD0D94C4390D94C53A0C94AC210C94E5
:10077000A0B10C94D07E0C94A98A0C94383A0C94B5
:100780002C210C94C9C10C9459210C944B5C0C94F1
:10079000F6BC0C94245C0C9490C10C947CDE0C94FC
:1007A000F72C0C94DC6A0C945A3D0C946DC00D949B
:1007B0009B1D0C941FBA0C945ACD0C9499FD0C946B
:1007C0005F3A0D94AF310C94A3B00C94C8700D94A3
:1007D00054000C94D5DE0C942B8B0C94D32D0C94DC
:1007E000A5710C9423890C94931C0D94F0390C94EE
:1007F000FA390C94CC7E0C948BD60C949B690C9497
:10080000C3880C94A4FC0C9485510C940EBA0C94DF
:100810007E2B0C948EFF0D94D2050C9433D50C9442
:10082000B8FA0D9417310C947C9E0D94D53A0C9423
:100830008C3A0C94B5C00C94931B0C94F42C0C942F
:100840001C6A0C94546F0C94D91C0C94CE7E0D949D
:10085000CA390C94F3F30D943A300D94442A0C9455
:100860005E600D943D360C94126A0C94301C0D940D
:10087000DA2F0D94CD3A0D942E010C94C6FA0D94F6
:10088000EA390C94FA200C949DC00D9417000D9435
:10089000343B0C948B510C94B99F0C94E9380C9414
:1008A0009B7E0D94E2390C94411C0C94EF2D0C941A
:1008B00086390C9411FE0C943C2E0C94F7BC0C94CD
:1008C000A61B0C940F3A0C94048C0C947C510D9440
:1008D0005A1A0C9407F40C9486C10C9406290C94B3
:1008E000C5390C94424A0D94B8004E414E494E49C8
:1008F0005459494E46CDCCCC3D0AD7233C17B7D1ED
:100900003877CC2B329595E6241FB14F0A00002092
:10091000410000C84200401C4620BCBE4CCA1B0E11
:100920005AAEC59D746364696E6F70737578585B59
:1009300000556E6B6E6F776E2073756666697820F2
:1009400000556E6B6E6F776E20636D642000636C74
:10095000724374723A2000444D58494E3A00454F54
:1009600046003D00494E3A002500C2B04320483DB4
:100970000020444854323220747970652E20543D52
:1009800000494E3A00204E6F20656D697420646105
:100990007461210020436F756E74657220747970E4
:1009A000652E2076616C3D00494E3A0020436F75FC
:1009B0006E74657220747970652E20494E434F52D3
:1009C0005245435420496E74657272757074206E7E
:1009D000756D626572212121004952513A004163CF
:1009E00074697661746520696E200041637469766C
:1009F00061746520696E20002D3E00200023002DCB
:100A00003E00200050656E6465643A2023002D3E50
:100A100000456D69743A002D3E00456D69743A00D9
:100A20002D3E00456D69743A002D3E00456D697498
:100A30003A003D004C454741435920494E3A002079
:100A4000666F7220286D73293A004354524C3A2045
:100A50005363686564756C6520636D642000206D68
:100A6000730020666F7220004354524C3A2041724A
:100A70006D656420002044697361726D6564004394
:100A800054524C3A20002074696D653A0043545228
:100A90004C3A205265733A004354524C3A206D6FE1
:100AA0006D656E74617279206576656E7400205490
:100AB000533A0020543A00544845524D3A00436C92
:100AC00065616E696E6720616C61726D20003D002A
:100AD00050696E3A004354524C3A20436F6D6D6139
:100AE0006E6420626C6F636B65642062792064724F
:100AF00069766572004354524C3A204F4E3A416C2D
:100B00007265616479204163746976650A004354B3
:100B1000524C3A2048414C543A416C7265616479B8
:100B200020496E6163746976650A004354524C3AF9
:100B300020584F4E3A2044697361626C65640A0024
:100B40004354524C3A20584F4E3A416C726561649E
:100B500079204163746976650A004354524C3A2007
:100B6000584F464620736B69707065642E20507232
:100B7000657620636D643A004354524C3A205475B4
:100B8000726E6564206F66662066726F6D3A004310
:100B900054524C3A20526573746F726564206672C9
:100BA0006F6D3A004354524C3A2049676E6F72653C
:100BB000642C206368616E6E656C20636D643D001B
:100BC00020457865633A004354524C3A204163749F
:100BD0006976653A004354524C3A2048414C543AA5
:100BE000416C726561647920496E616374697665F0
:100BF0000A004354524C3A20584F4E3A20446973ED
:100C000061626C65640A004354524C3A20584F4E5E
:100C10003A416C7265616479204163746976650A52
:100C2000004354524C3A20584F464620736B69702B
:100C30007065642E205072657620636D643A0043BF
:100C400054524C3A205475726E6564206F6666206B
:100C500066726F6D3A004354524C3A205265737479
:100C60006F7265642066726F6D3A004469736172D9
:100C70006D696E67206E6F7420617574686F72693C
:100C80007A6564004354524C3A20636F6D6D616E17
:100C900064206A75737420666F7220004354524C4E
:100CA0003A204E6F7420656E6F756768206D656DB4
:100CB0006F727920666F722067726F7570206F7027
:100CC00065726174696F6E00496E76616C6964204B
:100CD00061726700496E76616C69642061726700B9
:100CE000496E76616C696420617267004354524CAE
:100CF0003A20556E6B6E6F776E20737566666978F5
:100D000000536B697070696E672073636865647502
:100D10006C65642067726F75702065786563004349
:100D200054524C3A206368616E6E656C2066726F37
:100D30007A656E004354524C3A206368616E6E656A
:100D40006C2066726F7A656E00536B6970706564B3
:100D500020686F6D696520737475666600200020D9
:100D60005375623D00204974656D3D004354524CFB
:100D70003A2052414D3D004354524C3A204F757435
:100D80004F664D656D6F72793A2000282D2920003D
:100D9000282B2920002076616C756520697320005E
:100DA00020756E6B6E6F776E0A005D3D005B0020F4
:100DB000696E76616C696400200041435449564570
:100DC0003A00206F6B003A00206661696C65640030
:100DD0003A005265747279696E6720564354454DE6
:100DE0005020434D440A005265747279696E672041
:100DF000564320434D440A005265747279696E6708
:100E0000206D6F6462757320434D440A005265740F
:100E10007279696E6720434D440A00206572726FD3
:100E2000723D004D423A20706F6C6C696E67200015
:100E30002056616C3A20004D423A20004D423A2043
:100E40004E6F7420737570706F7274656420726574
:100E50006720747970650A004D423A20706F6C6C9F
:100E6000696E672064696D6D657220004D423A209D
:100E7000496C6C6567616C20617267756D656E7435
:100E8000730A00206572726F723D004D423A207005
:100E90006F6C6C696E6720504920002D004D423AFE
:100EA0002050492056616C203A004D423A20706F24
:100EB0006C6C696E6720504920004D423A20706F7B
:100EC0006C6C696E6720464D206661756C742000FD
:100ED000206572726F723D004D423A20706F6C6CEB
:100EE000696E6720002D004D423A20464D20566124
:100EF0006C203A004D423A20706F6C6C696E67202E
:100F0000464D20004354524C2F706F6C6C3A204F6A
:100F100075744F664D656D6F72793A200020736568
:100F2000632072656D61696E696E670053746174E8
:100F300075732064656666657265640A002D3E00FF
:100F40005075623A20002D3E005075623A20002D07
:100F50003E005075623A20000000000000636D649E
:100F60000000736574000076616C000064656C00BD
:100F7000004853560000524742000066616E000070
:100F80006D6F6465006374726C0068756500007352
:100F90006174000074656D700072617700002D3E11
:100FA000005075623A20002D3E005075623A2000D4
:100FB00053454E445354415455533A20556E6B6E2D
:100FC0006F776E20636D64200A000000000000004F
:100FD000000000004F4E00000000000000004F46DF
:100FE000460000000000000052455354000000007D
:100FF0000000544F47474C450000000048414C5406
:10100000000000000000584F4E00000000000000EB
:10101000584F4646000000000000494E43524541EB
:101020005345000044454352454153450000454E59
:1010300041424C450000000044495341424C4500A8
:101040000000554E465245455A450000465245451A
:101050005A45000000004155544F000000000000B8
:1010600046414E5F4F4E4C590000484947480000EA
:10107000000000004D454449554D000000004C4F14
:101080005700000000000000484541545F434F4FA7
:101090004C0048454154000000000000434F4F4CB5
:1010A0000000000000004452590000000000000051
:1010B0005247420000000000000048535600000064
:1010C0000000000052455345540000000000206617
:1010D00061696C65643A004D6F64627573206F706E
:1010E00020004D423A206F6B003D004D423A2056A1
:1010F00043230020636D643D003D004D423A20567D
:10110000435F6865617423004D423A204E6F74203E
:10111000737570706F72746564207265672074797E
:1011200070650A002056616C3A30780020543A000D
:10113000205265673A3078004D423A20416464722B
:101140003A00444D58000000000000444D585247FA
:1011500042570000444D5852474200000050574D3E
:101160000000000000004D42555344494D0000541A
:101170004845524D4F00000052454C415900000077
:101180000047524F555000000000564354454D5003
:101190000000004D42555356430000004143484172
:1011A00049455200005350494C45440000004D4F02
:1011B000544F52000000005049440000000000005D
:1011C0004D425553000000000055415254425244D4
:1011D000470052454C415950574D00444D585247D5
:1011E0004257570056454E545300000000454C45A9
:1011F0005641544F5200434F554E544552000048FB
:10120000554D0000000000004D4552435552590015
:1012100000535052494E4B4C520020002D3E00438B
:101220006F6E76657274696E6720002D3E0057728E
:101230006F6E672041737369676E6D656E74200011
:10124000524742783A200020764C6576656C3A0029
:1012500020436F6E76563A0020436F6E76533A0005
:1012600020486F743A00436F6C643A0020436F6EFD
:1012700076657274656420563A00436F6E766572C7
:1012800074656420533A002D3E0057726F6E6720DC
:1012900041737369676E6D656E7420002D3E005753
:1012A000726F6E672041737369676E6D656E74202F
:1012B000004D41503A2076616C206D61707065641C
:1012C00020746F2020004D41503A2076616C756586
:1012D0002061626F766520726967687420626F753D
:1012E0006E6420002069732062656C6F77206C65E6
:1012F000667420626F756E6420004D41503A20760E
:10130000616C756520004D41503A20636D64206D1D
:10131000617070656420746F20004D4255533A200F
:10132000506F6C6C696E67206572726F7220004D31
:101330004255533A204E6F7420737570706F7274FB
:1013400065642072656720747970650A004D4255A6
:1013500053443A2049676E6F726564202D20657191
:1013600075616C2077697468207365747465642096
:1013700076616C004D425553443A204D6170706562
:10138000643A004D425553443A204E657374656487
:101390004D61707065643A004C6173744B6E6F7789
:1013A0006E2076616C75653A2000536561726368E2
:1013B000696E67207265673A2000206F7574206F30
:1013C000662072616E6765206275666665722C20A4
:1013D0006665746368696E67006465662072656738
:1013E0002320004D425553443A205365617263688F
:1013F000696E672072656723003A002066726F6D20
:10140000207479706520004D425553443A20676F2F
:101410007420002076616C3A0020004D4255532024
:101420007265733A20002076616C206E6F742063C1
:1014300068616E6765642E20436F6E74696E7565B2
:10144000004D4255533A003A20657175616C207425
:101450006172676572742E003D004D4255533A002B
:101460002076616C206368616E6765642E004D4272
:1014700055533A00204E6F773A00204C6173743A0E
:101480000020230020707265666574636820002068
:101490005265672F636F696C206D75737420626588
:1014A00020696E740020696E7465726E616C2073C1
:1014B000656E64206572726F72202D206E6F2072CF
:1014C00065672F636F696C0020696E7465726E6169
:1014D0006C2073656E64206572726F72202D206EB1
:1014E0006F2074656D706C6174650020696E746541
:1014F000726E616C2073656E64206572726F72200B
:101500002D206E6F2073746F7265004D42555344E9
:101510003A20656E64506F6C6C20004D4255534408
:101520003A20506F6C6C2000206E6F7420666F75CF
:101530006E64004D4255533A2020706172616D20F7
:10154000002073656E64696E672063616E63656C0D
:101550006C6564004D4255533A2020706172616D94
:1015600020004D4255533A2020002073656E6420C0
:101570006572726F722E20004D4255533A20200042
:101580004164642040563A20002056616C3A2000A5
:101590004D425553443A207375666669783A002087
:1015A0006F722073756666697820004D4255533A14
:1015B000204E6F2074656D706C61746520666F726B
:1015C00020004D6F746F723A2074696D656F757489
:1015D00000556E6B6E6F776E20636D64004D6F7497
:1015E0006F723A20466F7263656420657865637533
:1015F00074696F6E0056454E543A20636F6E66698B
:1016000067206661696C65640056454E543A2069EE
:101610006E69740056454E543A2050494420503D5E
:101620000056454E543A2044652D496E6974005663
:10163000454E543A2070617373697665206D6F640E
:10164000653A20006E6F74204F4B004F4B0056459B
:101650004E543A204354524C20726573756C743A60
:10166000200056454E543A204354524C2066616E39
:10167000206C6576656C3A2000204F75743A002026
:101680005265713A0056454E543A2000206D3300A1
:101690002066726F6D2000204D6178207265713A6E
:1016A000002066616E253A002061637469766520CA
:1016B000563A0056454E543A20546F74616C205689
:1016C0003A002075706461746564206279207465E5
:1016D0006D703A200056454E543A205049442069D6
:1016E0006E7075743A200056454E543A207A6F6EEB
:1016F000652066726F7A656E0056454E543A207AC0
:101700006F6E652066726F7A656E0056454E543A6C
:101710002046414E20636F6E74726F6C2064697353
:1017200061626C6564206279205049440056454EE0
:10173000543A207A6F6E652066726F7A656E00414A
:1017400043206D6F64653A200056454E543A2000A0
:1017500056454E543A20626F6F7374206D6F646506
:101760002064657465637465640041432073657427
:101770003A200056454E543A200041432066616E9F
:101780003A200056454E543A200041432061697288
:101790002074656D703A200056454E543A2000562C
:1017A000454E543A2053746F7020616C6C207A6FF0
:1017B0006E65732E200056454E543A205265737460
:1017C0006F726520616C6C207A6F6E65732E2000DD
:1017D0002074726573686F6C643A0056454E543AD3
:1017E000204368616E2062616C616E63653D00201C
:1017F0006F75743A0056454E543A20434F4F4C2073
:1018000050415353205049443A2000206F75743A98
:101810000056454E543A20484541542050415353B8
:10182000205049443A2000203C414C4D3E00206F5E
:1018300075743A00207365743A0020696E3A005658
:10184000454E543A200056454E543A2050494420C3
:1018500073657420746F204D414E55414C20647562
:1018600065206E6F20484541542F434F4F4C2E202A
:101870007A6F6E653A005049443A20616C72656136
:10188000647920696E697469616C697A6564005075
:1018900049443A20496E76616C69642070617261D6
:1018A0006D2061727261792E002C002C002C002CAE
:1018B000005049443A20636F6E666967206661692B
:1018C0006C65643A005049443A20636F6E666967FC
:1018D000206572726F72005049443A20636F6E66E1
:1018E0006967206C6F6164656420005049443A2048
:1018F0004F7574206F66206D656D6F727900504969
:10190000443A2044652D496E69742000203C414CC6
:101910004D3E0020443A0020493A0020503A002031
:10192000696E3A00207365743A005049443A2000C9
:101930005049443A20496E76616C69642070617246
:10194000616D2061727261792E00536574206F752C
:101950007420746F20002050494420616C61726DC6
:101960002E20002050494420616C61726D3A206342
:101970006C6F736564005049443A20556E6B6E6F0E
:10198000776E2073756666697820005049443A2066
:10199000556E6B6E6F776E20636D64200050494406
:1019A0003A2072657365740020536574706F696EB8
:1019B000743A005049443A200020496E70757420F2
:1019C00076616C75653A005049443A200020696E92
:1019D000697400200050574D2D4F7574202300204E
:1019E00073746F7000200050574D2D4F7574202375
:1019F000003D0050696E3A0020696E69740070699C
:101A00006E230072656C61794374723A2000207312
:101A1000746F700052656C61792D4F7574202300CE
:101A200072656C61794374723A200069646C650078
:101A30006F66660068656174696E670066616E0056
:101A4000647279696E6700636F6F6C696E670061BD
:101A50006374696F6E0020697320004F75742000F5
:101A600072656C61794374723A2000556E6B6E6FCB
:101A7000776E20737566666978200072656C61798F
:101A80004374723A2000556E6B6E6F776E20636DF3
:101A900064200072656C61794374723A200061635E
:101AA00074696F6E0072656C61794374723A2000DC
:101AB00053686F770020636D643D002D00000000C7
:101AC0000000636D640000736574000076616C0053
:101AD0000064656C00004853560000524742000005
:101AE00066616E00006D6F6465006374726C0068FF
:101AF00075650000736174000074656D700072613B
:101B000077000020002E00696E00735F6F7574000F
:101B10006D79686F6D65004354524C2F657865632D
:101B20003A204F75744F664D656D6F72793A20009B
:101B3000202D3E20004D5154543A2000202D3E20AF
:101B400000456D69743A203C00202D3E2000497408
:101B5000656D436D643A2000202D3E200049746578
:101B60006D3A2000000000000000000000004F4E11
:101B700000000000000000004F464600000000008A
:101B8000000052455354000000000000544F4747E6
:101B90004C450000000048414C540000000000008B
:101BA000584F4E00000000000000584F464600000D
:101BB00000000000494E4352454153450000444552
:101BC0004352454153450000454E41424C450000BB
:101BD000000044495341424C45000000554E4652D6
:101BE00045455A450000465245455A45000000000B
:101BF0004155544F00000000000046414E5F4F4EDB
:101C00004C590000484947480000000000004D457D
:101C10004449554D000000004C4F570000000000A3
:101C20000000484541545F434F4F4C0048454154E4
:101C3000000000000000434F4F4C00000000000077
:101C400044525900000000000000524742000000CA
:101C500000000000485356000000000000005245FC
:101C6000534554000000000020537566663A00207A
:101C700041543A0053746F7070696E6720496E70FA
:101C800075747300206973200044656C6574696E17
:101C90006720636F6E662E2052414D207761733A44
:101CA0000053746F70706564006E6F7468696E675E
:101CB00020746F2073746F700053746F7070696E4E
:101CC00067206368616E6E656C73202E2E2E004354
:101CD000616E206E6F7420636C65616E202D206CC8
:101CE0006F636B6564004D5154543A20436F6D70BF
:101CF0006C6574652E2052656D6F766520746F700B
:101D00006963200024636F6D6D616E64004D5154F2
:101D1000543A20436C65616E557020726574616938
:101D20006E656420746F7069632000220022004F8A
:101D300075744F664D656D6F727921005D20003AB4
:101D40005B004D5154543A005D00456D7074793A12
:101D5000205B000A003A004D41433A00476F74206F
:101D6000495020616464726573733A00276970207A
:101D70005B69705B2C646E735B2C67775B2C73758F
:101D8000626E65745D5D5D5D27202D207365742036
:101D90007374617469632049500A004661696C6517
:101DA0006420746F20636F6E666967757265204585
:101DB000746865726E6574207573696E6720444837
:101DC00043502E20596F752063616E207365742017
:101DD0006970206D616E75616C6C792100204D41D8
:101DE000534B3A002047573A0020444E533A004C98
:101DF0006F616465642066726F6D20666C617368E4
:101E00002049503A000A7573657320444843500ACC
:101E1000005374617274696E67206C616E004D517D
:101E200054543A2074727969796E67206E656E78C1
:101E3000742062726F6B6572004D5154543A205495
:101E40006F6F206D616E7920636F6E6E656374696C
:101E50006F6E206572726F72732E2052657374619B
:101E60007274204C414E0020747279206167616960
:101E70006E20696E2035207365636F6E6473004D4C
:101E80005154543A206661696C65642C2072633D3C
:101E9000004D5154543A204177616974696E67204E
:101EA000666F722072657461696E656420746F700C
:101EB00069637300636F6E6E65637465642061733C
:101EC0002000202E2E2E0020757365723A003A00F5
:101ED0000A4D5154543A20417474656D7074696EA2
:101EE0006720636F6E6E656374696F6E20746F2018
:101EF00000646973636F6E6E656374656400557327
:101F0000696E67204D5154542070617373776F72FE
:101F1000642066726F6D20636F6E6669670044654A
:101F200076696365204E616D653A004D5154543AAF
:101F3000204174206C656173742064657669636503
:101F4000206E616D6520616E642062726F6B6572D8
:101F5000204950206D75737420626520636F6E6632
:101F600069677572656400246E6F646573004F4E17
:101F70002C4F46462C48414C542C524553542C5817
:101F80004F4E2C584F46462C544F47474C45002443
:101F9000666F726D617400656E756D0024646174A6
:101FA00061747970650068737600636F6C6F72009E
:101FB000302D32353500696E746567657200666C68
:101FC0006F617400332E302E310024686F6D6965A7
:101FD00000757074696D652C667265656865617001
:101FE00000353635313935645F323032362D303593
:101FF0002D3235004C696768744875622000246E84
:10200000616D6500526562696E6420737563636516
:1020100073732E20495020616464726573733A00B3
:102020004572726F723A20726562696E64206661F1
:10203000696C0052656E65776564207375636365CE
:1020400073732E20495020616464726573733A0083
:102050004572726F723A2072656E657765642066AC
:1020600061696C000A4E6F206C696E6B00436F6E85
:1020700074696E7565207769746820707265766919
:102080006F75736C79206C6F6164656420636F6E2B
:102090006669670033307320454550524F4D2069C3
:1020A00073206E6F742072656C6F616465642E209E
:1020B0005265626F6F74004D5154543A204163630E
:1020C000657074696E6720636F6D6D616E64732EE9
:1020D0002E2E0A004E6F204D51545420636F6E66B1
:1020E000696775726564004C6F6164696E6720632F
:1020F0006F6E6669672066726F6D20706F727461B3
:102100006C2064697361626C65642E207573652050
:10211000676574204F4E20746F20656E61626C6538
:1021200000436F6E6669672069732076616C69642D
:1021300000436F6E74696E756520776974682070EE
:10214000726576696F75736C79206C6F6164656414
:1021500020636F6E666967005365747570204F5415
:1021600041004D5154543A2073657420666972736E
:10217000742062726F6B65720043757272656E7463
:10218000204C414E20636F6E6669672869702C642D
:102190006E732C67772C7375626E6574293A000A2A
:1021A00055736520746865736520636F6D6D616E2E
:1021B00064733A202768656C7027202D2074686945
:1021C0007320746578740A276D61632064653A61D1
:1021D000643A62653A65663A66653A30302720733C
:1021E000657420616E642073746F7265204D414385
:1021F0002D6164647265737320696E204545505289
:102200004F4D0A276970205B69705B2C646E735BAD
:102210002C67775B2C7375626E65745D5D5D5D2701
:10222000202D207365742073746174696320495094
:102230000A277361766527202D20736176652063F8
:10224000757272656E7420636F6E66696720696E61
:10225000204E5652414D3B204F4E7C4F4646202D3E
:1022600020656E61626C652F64697361626C6520C4
:102270006175746F736176650A2767657427205BE3
:10228000636F6E66696720616464725D27202D202C
:1022900067657420636F6E6669672066726F6D2074
:1022A0007072652D636F6E6669677572656420551F
:1022B000524C20616E642073746F72652061646497
:1022C000722C204F4E7C4F4646202D20656E616259
:1022D0006C652F64697361626C6520646F776E6CE6
:1022E0006F6164206F6E20737461727475700A2759
:1022F0006C6F616427202D206C6F616420636F6EAA
:102300006669672066726F6D204E5652414D0A27EE
:1023100070776427202D20646566696E6520616E84
:10232000642073746F7265204D5154542070617332
:1023300073776F72640A276F746170776427202D3A
:1023400020646566696E6520616E642073746F72C7
:102350006520485454502041504920706173737770
:102360006F72640A276C6F67205B73657269616CBA
:102370005F6C6F676C6576656C5D205B7564705F24
:102380006C6F676C6576656C5D27202D20646566D3
:10239000696E65206C6F67206C6576656C202830EF
:1023A0002E2E37290A276B696C6C27202D20746527
:1023B0007374207761746368646F670A27636C6560
:1023C000617227202D20636C656172204545505253
:1023D0004F4D0A2773656172636827202D2073654E
:1023E0006172636820312D77697265206465760AB1
:1023F000277265626F6F7427202D207265626F6F80
:102400007420636F6E74726F6C6C657200536F66CC
:1024100074207265626F6F74696E672E2E2E0020B5
:102420006E65770020697320003157543A003157A8
:10243000543A20536561726368696E6720646576FB
:102440000052414D3D000A312D7769726520000A26
:102450006D71747420000A6D6F646275732076323A
:10246000000A6D6F6462757320763120282B290075
:102470000A696E7075747320000A6974656D732043
:10248000000A436F6E666967757265643A002F00D3
:10249000496E3A2000496E697469616C697A696EA7
:1024A0006720496E70757473003157543A20736514
:1024B000747570207265736F6C7574696F6E20002F
:1024C0003157543A204453323438322D3130302091
:1024D0006E6F742070726573656E74003157543A74
:1024E000204453323438322D3130302049324320A9
:1024F000726573746F726564003157543A20427587
:1025000073207265736574206572726F7200315743
:10251000543A2042757320526573657420646F6E5F
:1025200065003157543A204453323438322D31301B
:10253000302070726573656E742C207265736574DB
:10254000004572726F7220312D7720696E697400B8
:102550003157543A204453323438325F3130305F8F
:102560004932435F544F5F31575F425249444745B8
:1025700020696E697400444D584F75742E20467260
:1025800065653A00444D58696E204275666665720D
:1025900020616C6C6F632065727200496E697420F3
:1025A000696E2063683A003B003D0050696E3A0056
:1025B0003B003D4C4F5700546865726D6F3A004FB9
:1025C0006E6520776972652052656164790A0046FC
:1025D0007265653A00444D58206F757420737461BC
:1025E000727465642E204368616E6E656C733A2068
:1025F00000444D5820696E20737461727465642EB6
:10260000204368616E6E656C733A0042726F6B6551
:10261000727320636F6E666967757265643A004114
:1026200070706C79696E6720636F6E666967004CC5
:102630006F6164656420455441473A004E6F2073D2
:10264000746F72656420636F6E666967004C6F61BA
:102650006465642066726F6D20454550524F4D0091
:102660006C6F6164206661696C6564004A534F4E0B
:10267000206465746563746564004C6F6164696EA1
:102680006720436F6E6669672066726F6D204545EF
:1026900050524F4D00436F6E666967206175746FCD
:1026A000736176653A000A5379736C6F67206465CD
:1026B000627567206C6576656C3A00536572696176
:1026C0006C206465627567206C6576656C3A0053B2
:1026D000617665640A005365742064796E616D6982
:1026E000632049500A004F54412050617373776F43
:1026F000726420757064617465640A004E6F2049CD
:1027000050206164726573730020536176656400C4
:102710004C6F6164696E67204854545020636F6E3B
:10272000666967206F6E20737461727475703A0009
:10273000000000000000000000004F4E00000000FC
:10274000000000004F464600000000000000524517
:102750005354000000000000544F47474C45000010
:10276000000048414C54000000000000584F4E004B
:10277000000000000000584F464600000000000026
:10278000494E43524541534500004445435245415B
:1027900053450000454E41424C450000000044496D
:1027A0005341424C45000000554E465245455A455E
:1027B0000000465245455A45000000004155544F1F
:1027C00000000000000046414E5F4F4E4C59000093
:1027D000484947480000000000004D454449554D18
:1027E000000000004C4F570000000000000048456A
:1027F00041545F434F4F4C00484541540000000096
:102800000000434F4F4C00000000000044525900AC
:1028100000000000000052474200000000000000DD
:102820004853560000000000000052455345540034
:1028300000000000636F756C64206E6F742070611F
:102840007273653A2000557064617465640A0045CE
:102850004550524F4D20636C65617265640A004DAE
:102860005154542050617373776F72642075706493
:10287000617465640A002B002D00455461673A209D
:102880000047657420455441473A2000485454504D
:102890002F312E310025733A2025730D0A00204870
:1028A0005454502F312E310D0A486F73743A20253D
:1028B000730D0A4163636570743A202A2F2A0D0A4A
:1028C000436F6E6E656374696F6E3A20636C6F73ED
:1028D000650D0A0025730020000D0A0047455400CD
:1028E0006661696C656420746F20636F6E6E6563EA
:1028F000740A004552524F523A20536572766572FF
:102900002072657475726E65642000436F6E66692F
:1029100067206E6F74206368616E6765640A0044A7
:102920006F6E652E0A00436F6E6669672070617274
:1029300073696E67206661696C65640A0047657437
:102940002061626F7274656400676F7420436F6EFC
:102950006669670A006874747020726574636F64D6
:10296000652000667265652000436F6E66696720AA
:102970005552493A20687474703A2F2F00204465EC
:102980006661756C7420636F6E666967207365722B
:1029900076657220757365643A20006C617A796897
:1029A0006F6D652E7275000A282D294352595054B7
:1029B000000A282D2950554C5345206F6E20504950
:1029C0004E3132000A282D2943414E000A282D2974
:1029D000535052494E4B4C4552000A282D294D4523
:1029E0005243555259000A282B294D554C544956EB
:1029F000454E54000A282B2950574D5F52454C41F3
:102A000059000A282D294D444E53000A282D2955D6
:102A1000415254425249444745000A282D295359EE
:102A2000534C4F47000A282B29504944000A282DAF
:102A3000294D43503233303137000A282D29415275
:102A4000544E4554000A282D294F5441000A282B82
:102A500029535049204C4544000A282B294D4F54F6
:102A60004F5220435452000A282B29414320484109
:102A7000494552206F6E2053657269616C32000ABD
:102A8000282B2943435338313120262048444331F1
:102A9000303830000A282B29524553544152545F94
:102AA0004C414E5F4F4E5F4D5154545F4552524F13
:102AB0005253000A282D2948415244524553455447
:102AC0002C207573696E6720736F6674000A282B5B
:102AD00029434F554E544552000A282B2944485447
:102AE000000A282B294453323438322D313030003B
:102AF0000A282B294F57495245000A282D294950A9
:102B00004D4F44425553000A282B294D4F444255FE
:102B10005320307830362061742053657269616CBF
:102B2000332073706565643A39363030000A282BDB
:102B3000294144414652554954204C4544000A28F5
:102B40002B29444D58000A282B2957697A6E657441
:102B500035313030000A282B294672656552616D87
:102B6000207072696E74696E67000A282B295741BC
:102B7000544348444F47000A282B29434F4E545290
:102B80004F4C4C494E4F000A4669726D7761726531
:102B9000204D414320416464726573732064653A3B
:102BA00061643A62653A65663A66653A3037006C48
:102BB000617A79686F6D652E7275000A436F6E6673
:102BC0006967207365727665723A00323031313050
:102BD000334C0020432B2B2076657273696F6E3A5D
:102BE00000353635313935645F323032362D303587
:102BF0002D3235000A4C617A79686F6D652E7275D9
:102C0000204C6967687448756220636F6E74726FD8
:102C10006C6C65722000204F464600204F4E00200D
:102C200042595041535300536176656420746F20BC
:102C3000454550524F4D00536176696E6720636F72
:102C40006E66696720746F20454550524F4D2E2E99
:102C5000004343533831313A20416C7265616479E5
:102C600020696E697469616C697A656400434353D5
:102C70003831313A20496E6974206572726F722062
:102C8000004343533831313A20496E697400484457
:102C900043313038303A20416C7265616479206983
:102CA0006E697469616C697A65640044657669630C
:102CB000652053657269616C204E756D6265723D69
:102CC00000204465766963652049443D3078004DB5
:102CD000616E7566616374757265722049443D303A
:102CE0007800484443313038303A20496E69742EB8
:102CF0002000432C2052483D0048444331303830B6
:102D00003A205374617475733D0048444331303840
:102D1000303A204E6F7420696E697469616C697A0B
:102D20006564004D7367496E76616C696400526535
:102D30006164526567496E76616C6964004D6561D6
:102D4000734D6F6465496E76616C6964004D61789E
:102D5000526573697374616E63650048656174657B
:102D6000724661756C740048656174657253757064
:102D7000706C79004343533831313A204572726F99
:102D80007220004343533831313A204661696C6503
:102D90006420746F20676574204552524F525F491A
:102DA000442072656769737465722E005D206261EC
:102DB00073656C696E655B005D2074564F435B0004
:102DC00020434F325B006363733831313A206461D2
:102DD0007461206E6F7420617661696C61626C65EC
:102DE00000636373383131206E6F7420696E6974CB
:102DF00069616C697A656400203C3C200041433A7B
:102E00000041433A2053657269616C2075736564B3
:102E1000206279204143202D2064697361626C69CE
:102E20006E672073657269616C206C6F6767696E8D
:102E30006720616E6420636D640041433A204F75E2
:102E400074206F66206D656D6F72790041433A2082
:102E5000496E69743A200041433A2044652D496E19
:102E600069743A20004552520041433A204261645D
:102E7000204352430041433A204F4B00203E3E2026
:102E80000041433A0041433A20506F6C6C696E67D1
:102E90000041433A20556E6D7574650000000000D6
:102EA0000000000000004F4E000000000000000085
:102EB0004F464600000000000000524553540000F9
:102EC00000000000544F47474C45000000004841B7
:102ED0004C54000000000000584F4E00000000005D
:102EE0000000584F4646000000000000494E435283
:102EF0004541534500004445435245415345000078
:102F0000454E41424C450000000044495341424C6B
:102F100045000000554E465245455A450000465270
:102F200045455A45000000004155544F000000003F
:102F3000000046414E5F4F4E4C59000048494748FB
:102F40000000000000004D454449554D00000000C0
:102F50004C4F5700000000000000484541545F43BB
:102F60004F4F4C0048454154000000000000434FC3
:102F70004F4C0000000000004452590000000000C7
:102F80000000524742000000000000004853560075
:102F900000000000000052455345540000000000AE
:102FA000726177007175656974007377696E670087
:102FB0006C6F636B00556E6B6E6F776E207375660A
:102FC0006669782000556E6B6E6F776E20636D6456
:102FD0002000436F756E7465723A2000444D582D81
:102FE0004F757420496E69743A2000444D582D4F36
:102FF00075742073746F703A200041737369676E43
:1030000065643A00444D58206374726C3A2000693C
:1030100031360001693332000275313600037533F1
:10302000320004693868000569386C000675386834
:10303000000775386C0008783130000931303000F5
:103040000A44656661756C742073657269616C20F1
:103050006D6F6465204E38312075736564003845A6
:1030600031002600384E31000600384532002E006F
:10307000384E32000E00384F31003600384F3200E3
:103080003E00374531002400374532002C00374FD1
:1030900031003400374F32003C00374E310004001D
:1030A000374E32000C002061646465642062792030
:1030B0006E756D20004D4255533A2000416464699D
:1030C0006E67207265677320776974682061637426
:1030D000696F6E733A004D4255533A00416464691A
:1030E0006E672072656665727265642072656773CB
:1030F0003A004D4255533A00416464696E6720704E
:103100007265666574636820726567733A004D4244
:1031100055533A004D4255533A204D6F64627573D2
:103120002074656D706C617465206E6F7420666FBD
:10313000756E643A20004D4255533A20496E7661CF
:103140006C69642074656D706C6174652E002C0070
:103150002C002C002C004D4255533A20636F6E66B4
:103160006967206661696C65643A004D4255533A5F
:1031700020636F6E666967206572726F72004D42E0
:1031800055533A20636F6E666967206C6F616465A2
:103190006420004D4255533A204F7574206F6620CD
:1031A0006D656D6F7279003157543A204275732006
:1031B0007265736574206572726F72003157543A8C
:1031C0002042757320526573657420646F6E6500CC
:1031D0003157543A20445332343832207072657378
:1031E000656E742C207265736574004932432052F9
:1031F0006573657400005EBCE2613FDD83C29C7E46
:1032000020A3FD1F419DC3217FFCA2401E5F01E35F
:10321000BD3E6082DC237D9FC1421CFEA0E1BF5DFC
:103220000380DE3C62BEE0025CDF81633D7C22C045
:103230009E1D43A1FF4618FAA427799BC584DA385E
:1032400066E5BB5907DB856739BAE406581947A517
:10325000FB7826C49A653BD987045AB8E6A7F91BC0
:1032600045C6987A24F8A6441A99C7257B3A6486FD
:10327000D85B05E7B98CD2306EEDB3510F4E10F22A
:10328000AC2F7193CD114FADF3702ECC92D38D6FC7
:1032900031B2EC0E50AFF1134DCE90722C6D33D194
:1032A0008F0C52B0EE326C8ED0530DEFB1F0AE4CAD
:1032B0001291CF2D73CA947628ABF517490856B4EE
:1032C000EA6937D58B5709EBB536688AD495CB298F
:1032D00077F4AA4816E9B7550B88D6346A2B759748
:1032E000C94A14F6A8742AC896154BA9F7B6E80A75
:1032F00054D7896B35436F6E6E65637465642E00B9
:10330000436F6E6E2E2061626F72746564003E3E84
:103310002000496E76616C696420636F6D6D616E2B
:103320006400000020002300260029002C002F004C
:103330003200000100000301060109013E3E3E008B
:103340004E6F204D414320636F6E666967757265ED
:10335000643A20736574206669726D7761726527BF
:1033600073204D41430A00454550524F4D2073692B
:10337000676E6174757265206F6B00496E69746960
:10338000616C697A696E6720454550524F4D2E0039
:103390002072656164206572726F7220666F7220A0
:1033A000003E2000203C003157543A003157543A37
:1033B000206E6F7420696E6974003157543A204250
:1033C0005553592074696D656F7574003157543ABF
:1033D000204453323438325F4552524F525F434F8C
:1033E0004E464947003157543A20312D776972656E
:1033F0002073686F7274656400726561647900247B
:10340000737461746500757074696D6500667265CA
:103410006568656170002473746174730020457879
:1034200070697265640A00202D746172676574208A
:103430007A6F6E652D0020416C61726D2045787049
:10344000697265640A0020636D643A0020437572F6
:103450003A00205365743A002054696D65723A0051
:10346000204C6F636B733A0052414D3D00000022C7
:1034700000250028002B002E00310034000201003E
:1034800000050108010B0100000A0B02090C0D0EDA
:103490000807030401000000000000000000000015
:1034A000000000000000000000000000000000001C
:1034B00000000012111000000000000000000000D9
:1034C000000000000000000000000000004D425518
:1034D000533A204164642040533A20000000210008
:1034E000240027002A002D003000330001010000D5
:1034F000040107010A0101021020200808102040E1
:1035000010204080020102010804020101020408A7
:103510001020408080402010080402018004020135
:10352000804020100804020108040201010204087E
:103530001020408001020408102040800505050588
:10354000070508080808020202020A0A080804041B
:103550000404010101010101010103030303030349
:103560000303040707070C0C0C0C0C0C0C0C0202D8
:10357000020206060606060606060B0B0B0B0B0BD5
:103580000B0B556E737065636966696564206572BF
:10359000726F722E0047454E455249435F45525265
:1035A0004F5200494E5445524E414C5F4552524F86
:1035B00052004932435F4552524F520049445F45E1
:1035C00052524F52005355434345535300434353C4
:1035D0003831313A200057726F6E67207061796C14
:1035E0006164004D5154543A204354524C2F747826
:1035F000743A204F75744F664D656D6F72793A203D
:1036000000202D3E2041543A004368616E207479B9
:1036100070653A004E6F2073746F72656420766136
:103620006C756573202D2064656661756C743A2035
:1036300000536176656420455441473A00536574F0
:1036400020455441473A20002D02F30111241FBEAA
:10365000CFEFD1E2DEBFCDBF00E00CBF1CE0A0E0A9
:10366000B2E0E8E7FCEC02E00BBF02C007900D926D
:10367000AE36B107D9F723E1AEE6BCE001C01D923A
:10368000A83AB207E1F71BE1C5E2DBE100E006C0C2
:1036900021970109802FFE010F94005EC432D107EB
:1036A00080E00807A9F70F9470480D942A660C94DF
:1036B0000000DC011896ED91FC91309739F080857F
:1036C0008F70823019F486819781089590E080E0B0
:1036D0000895FC01A681B781109721F118969C915D
:1036E00018979F708EEF890F823010F091111AC0D9
:1036F00019964D935D936D937C931C97A681B7812A
:1037000018969C911897907F926018969C930680CB
:10371000F781E02D8085982F907F903619F48F7077
:10372000806A80870895CF93DF93EC017B836A835F
:103730006115710541F0CB010E94591B9D838C835B
:10374000DF91CF9108951D821C82FACFCF93DF9332
:10375000EC017B836A836115710541F0CB010E9406
:10376000591B9D838C83DF91CF9108951D821C820C
:10377000FACFFC01238130E090E080E0FC01EE0F05
:10378000FF1FE655F34FA081B181A217B30761F483
:10379000880F991F880F991FFC01EA56F34F408349
:1037A0005183628373830895A081B181AB2B19F497
:1037B00020813181EDCF019685309105F9F608958C
:1037C000FC01238130E090E080E0FC01EE0FFF1F60
:1037D000E655F34F408151814217530761F4880F3A
:1037E000991F880F991FFC01EA56F34F6081718180
:1037F00082819381089540815181452B89F43183E1
:103800002083880F991F880F991FFC01EA56F34FF8
:10381000108211821282138260E070E0CB01089561
:1038200001968530910589F6F7CF880F991F880F8B
:10383000991FFC01E258F34F80819181A281B381ED
:103840000196A11DB11D80839183A283B383089546
:1038500085E090E00C94151C84E090E00C94151C1D
:1038600083E090E00C94151C82E090E00C94151C11
:1038700081E090E00C94151C90E080E00C94151C05
:10388000089590E080E00895CF93DF93EC01E88104
:10389000F9810484F585E02D199529893A892F5FEE
:1038A0003F4F3A8B298BDF91CF910895CF93DF93D0
:1038B000EC018E8581110DC081E090E049895A8923
:1038C0002C853D854217530708F080E0DF91CF91AA
:1038D0000895E881F9810484F585E02DCE011995DC
:1038E0008F3F910549F780E090E0F0CFFC0184859F
:1038F00095856817790708F4CB01928B818B089521
:10390000CF93DF93FC012685222351F0EC01019037
:10391000F081E02D0190F081E02D6FEF19951E866A
:10392000DF91CF910895FC0187859089089581E00A
:103930000895DC011296ED91FC91309761F00280C0
:10394000F381E02D309739F0862F8295807F608556
:103950006F70682B60870895DC011296ED91FC91E1
:10396000309751F00280F381E02D309729F0808567
:1039700082958F7090E0089590E080E008950F9315
:103980001F93CF93DF9300D000D01F921F92CDB72B
:10399000DEB781E028960FB6F894DEBF0FBECDBF2C
:1039A000DF91CF911F910F910895FC017383628382
:1039B000089590E080E00895CF93DF93EC017B833E
:1039C0006A8361157105B1F01D821C821F821E82FF
:1039D000FB0184819581009769F0FC0120852F709F
:1039E000263041F49D838C8364EE7BE00F942F2975
:1039F0009F838E83DF91CF910895DC011496ED9122
:103A0000FC91309771F090859F70923039F095302D
:103A100041F4CF010F94A12A90E0089581E090E055
:103A2000089590E080E0089565E0FC018281938133
:103A30000F94E129009749F0FC018085982F907F31
:103A400021F082958F7090E0089590E080E00895D5
:103A500060E97DE0811102C06BE87DE08AE792E1D8
:103A60000D941407DC0155962C915597273781F456
:103A7000ED91FC91008CF18DE02D19956EE579E0CA
:103A80008AE792E10F9414078AE792E10D94A80562
:103A90000895EF92FF920F931F93CF93DF936115D9
:103AA000710511F480E090C0EB018C0188858F7066
:103AB000823009F442C08430A9F76BEE79E08AE7DE
:103AC00092E10F9414074AE050E0F80163818AE71D
:103AD00092E10F94CB056BE175E08AE792E10F94D8
:103AE000FE0669857A858AE792E10F94FE068AE7E9
:103AF00092E10F94A805F801E080F180E114F1044F
:103B000089F260E275E0C7010F942F298C010097BC
:103B100049F2FC0180858F70863021F669857A85AF
:103B20006115710509F44CC0FB018081882309F4FB
:103B300047C0C8010F942F2942C06EED79E08AE793
:103B400092E10F9414074AE050E0F80163818AE79C
:103B500092E10F94CB056BE175E08AE792E10F9457
:103B6000FE0649855A856B857C852AE030E08AE728
:103B700092E10F946D068AE792E10F94A805F8018F
:103B8000E080F180E114F10409F48CCF60E275E08B
:103B9000C7010F942F298C01009709F483CFFC01F2
:103BA00080858F708550823008F07CCF6985862FA4
:103BB0009A85892B29F06150C8010F94E1297C0175
:103BC000F801F286E18681E0DF91CF911F910F919C
:103BD000FF90EF9008950D94CF530D94CF53EF9233
:103BE000FF920F931F93CF93DF930097C1F0FC01D7
:103BF00020812223A1F08C018DE5E82E8FE0F82EA4
:103C0000C1E0D0E0B701C8010F946F56892B49F08D
:103C10002196F5E0EF0EF11CCE30D10599F7D0E0FA
:103C2000C0E0CE01DF91CF911F910F91FF90EF90F7
:103C30000895FC0173836283672B11F00C94D17E8D
:103C400008951F93CF93DF93FC01162FC389D48966
:103C5000818992899C012F5F3F4F328B218BC80F46
:103C6000D91FCE010F94635D181721F0612FCE018B
:103C70000F946B5D81E090E0DF91CF911F910895EB
:103C8000FC0181899289248535858217930740F448
:103C900023893489820F931F0F94635D90E0089508
:103CA0008FEF9FEF08958F929F92AF92BF92CF9226
:103CB000DF92EF92FF920F931F93CF93DF93E091E8
:103CC0006D0DF0916E0D309709F467C0812EF02EC6
:103CD000932EC22EA52ED42EB72EE62EBC01CF01D8
:103CE0000F942F29EC01892B19F481E090E057C043
:103CF00088858F708530C9F760E0CE010F94E12987
:103D00008C0161E0CE010F94E129FC01C185D285CF
:103D1000D80119962D913C912130310561F13CF487
:103D20006F2DCE01232B09F70F94AA1FDECF22306F
:103D3000310531F127303105C1F6892BB1F280858B
:103D40008F70853091F6C681D781209771F2888572
:103D50008F70843061F40F2D182D2C2D392D4D2DA1
:103D60005A2D6E2D7B2D89859A850E94531E0A80BF
:103D7000DB81C02DEACF6F2DCE0103960F94AA1FD1
:103D80006E2DCE010F94AA1F6D2DCE0101960F94BA
:103D9000AA1F6C2DCE010296C7CF90E080E0DF9184
:103DA000CF911F910F91FF90EF90DF90CF90BF9038
:103DB000AF909F908F9008954F925F926F927F92F5
:103DC0008F929F92AF92BF92CF92DF92EF92FF922B
:103DD0000F931F93CF93DF938091C20C9091C30CEC
:103DE000892B09F4A0C0E090C10CF12CF594E79464
:103DF000F594E79488248394912CD0E0C0E0AA2421
:103E0000A394B12CEC16FD0609F48DC025010C2EEF
:103E100002C0440C551C0A94E2F7052C000C6608FD
:103E200077086401A4E0CA0ED11CC40160E02091AF
:103E30002E0230912F02AC012817390720F440914F
:103E40002E0250912F022091610D3091620D240FAE
:103E5000351FF901A0814091C20C5091C30CFC01A7
:103E60003197E40FF51F20812A17B1F04091750CAE
:103E70005091760C6091770C7091780C44295529FB
:103E8000662977294093750C5093760C6093770CD4
:103E90007093780CA08361E001968C159D0539F62E
:103EA0006623F1F18091C40C9091C50C009751F1FB
:103EB000DC0118962C912F70253021F56C2F0F9472
:103EC000E129FC0190859F709430E1F48185928511
:103ED0000097C1F04091C20C5091C30CFE01EE0F4F
:103EE000FF1FEE0FFF1FE40FF51F038110E022817B
:103EF00030E0840E951ED4014C9150E0608170E05A
:103F00000E94531E4FEF5FEFBA0180E00F94FB2534
:103F10006093790C70937A0C80937B0C90937C0C5B
:103F2000219646016FCFDF91CF911F910F91FF90A6
:103F3000EF90DF90CF90BF90AF909F908F907F9049
:103F40006F905F904F900895CF93DF9300D000D093
:103F50001F921F92CDB7DEB7FC01628398E0DE01AD
:103F6000119601900D929A95E1F729813A814B8142
:103F70005C816D817E818F81988528960FB6F8943B
:103F8000DEBF0FBECDBFDF91CF910895CF93DF93FA
:103F900000D000D01F921F92CDB7DEB7FC01608326
:103FA00098E0DE01119601900D929A95E1F7298132
:103FB0003A814B815C816D817E818F8198852896C5
:103FC0000FB6F894DEBF0FBECDBFDF91CF9108953D
:103FD000CF93DF9300D000D01F921F92CDB7DEB7F2
:103FE000FC019181907F9A6091834483558366831D
:103FF000778388E0DE01119601900D928A95E1F7B2
:1040000029813A814B815C816D817E818F81988588
:1040100028960FB6F894DEBF0FBECDBFDF91CF91CB
:104020000895CF93DF9300D000D01F921F92CDB799
:10403000DEB7FC016F3F710519F014F06FEF70E00F
:1040400077FD60E09181892F8F7081508230C8F4B4
:10405000648388E0DE01119601900D928A95E1F764
:1040600029813A814B815C816D817E818F81988528
:1040700028960FB6F894DEBF0FBECDBFDF91CF916B
:104080000895907F91609183E3CFCF93DF93CDB775
:10409000DEB760970FB6F894DEBF0FBECDBF1982B2
:1040A0001A821B821C821D821E821F8218868A81B0
:1040B000807F8A836FEF70E0CE0101960E9411200D
:1040C00060960FB6F894DEBF0FBECDBFDF91CF91E3
:1040D0000895CF92DF92EF92FF92DC01362F119676
:1040E000EC911197EF70EC3008F0B6C0F0E0882743
:1040F000E358FF4D8F4F0D94005E2F21B520B52062
:104100002C212C212C21FA20BC202C212C2189208F
:10411000892014968D919D910D90BC91A02D6623C0
:1041200099F0B7FD9FC08F3F9105A105B10529F01A
:1041300024F08FEF90E0A0E0B0E02FEF30E0A90195
:10414000481B590BCA010CC0B7FD89C08F3F9105B0
:10415000A105B10529F024F08FEF90E0A0E0B0E0D8
:10416000FF90EF90DF90CF90089514962C91822FBE
:1041700090E06623A9F3E1CF1496CD90DD90ED9009
:10418000FC901797662301F120E030E0A901C701F8
:10419000B6010F943F5C87FD65C020E030E04FE73B
:1041A00053E4C701B6010F94475F18160CF457C0CB
:1041B000A701960160E070E08FE793E40F94325E10
:1041C0000F94115FCB01CCCF20E030E0A901C701F3
:1041D000B6010F943F5C87FD42C020E030E04FE71E
:1041E00053E4C701B6010F94475F1816DCF1C7010D
:1041F000B601E6CF14966D917D918D919C911797A4
:104200003323B1F06D395FEF75078507950754F1DA
:10421000611524E67207810591050CF52CE93FEF45
:104220004FEF5FEF0F94AB5DC90181509F4F98CF67
:104230006D394FEF7407840794078CF0611554E6CD
:1042400075078105910574F424E630E040E050E004
:104250000F94AB5DC90184CF8FEF9FEF81CF90E0CA
:1042600080E07ECF8FEF90E07BCFDC011196EC9168
:104270001197EF70E150EB3008F039C0F0E088277B
:10428000EB5BFE4D8F4F0D94005E68216821772116
:10429000502150215921702170217021502150212D
:1042A00014966D917D918D919C9117970F94465C1A
:1042B000089514966D917D918D919C91179724E6A8
:1042C00030E040E050E00F94AB5DCA01B901EECFA1
:1042D00014966C9170E090E080E00F94445C089537
:1042E00014966D917D918D919C911797089560E042
:1042F00070E0CB010895DC011196EC911197EF70FD
:10430000E150EB3008F037C0F0E08827E557FE4D6C
:104310008F4F0D94005E9D219D21BB2196219621FA
:10432000AC21A321A321A3219621962114966D915E
:104330007D918D919C911797089514966C9170E0E2
:1043400090E080E0089514966D917D918D919C91FF
:1043500017970F94115F089514966D917D918D912B
:104360009C91179724E630E040E050E00F94AB5D5D
:10437000CA01B901089560E070E0CB0108958F9201
:104380009F92AF92BF92CF92DF92EF920F931F93C3
:10439000CF93DF9300D000D01F921F92CDB7DEB72E
:1043A00009831A832B833C834D835E836F837887D5
:1043B000DC0112962D913C9121153105A1F490E07C
:1043C00080E028960FB6F894DEBF0FBECDBFDF9118
:1043D000CF911F910F91EF90DF90CF90BF90AF9052
:1043E0009F908F9008958C01C9010F94A12AC82E27
:1043F000D12CB6E0CB16D10464F40F94712FBC011C
:10440000F801828193810F947E2FFFEFCF1ADF0A8C
:10441000F0CF65E0D80112968D919C910F94E1291F
:104420006C01892B61F28981803148F6CE010196B9
:104430000E947B21161617061806190644F4F60189
:104440008085982F9D7039F18F70873021F1D601CA
:1044500018968C9118978F7018968C936FE77AE066
:104460008AE792E10F941407D8011296ED91FC911E
:10447000608171818AE792E10F94FE0665E77AE038
:104480008AE792E10F9414078AE792E10F94A80556
:1044900081E090E096CF0F946B3E4B015C01CE0122
:1044A00001960E947B21860E971EA81EB91EF6015A
:1044B00081869286A386B48682E0E11087E09981A6
:1044C0009295907F892BD60118968C9368E67AE0B6
:1044D0008AE792E10F941407D8011296ED91FC91AE
:1044E000608171818AE792E10F94FE0662E67AE0CC
:1044F0008AE792E10F941407CE0101960E947B2176
:10450000AB01BC012AE030E08AE792E10F946D062E
:104510006EE57AE0B5CFDC011196EC911197EF7062
:10452000E150EB3008F03EC0F0E08827E556FD4D45
:104530008F4F0D94005EB122B122D222A622A62274
:10454000CB22BC22BC22BC22A622A62214962D91EC
:104550003D914D915C911797A4E6B0E00F94CA5D30
:10456000089514966C9184E6689FB0011124072E7B
:10457000000C880B990B089520E030E048EC52E4E1
:1045800014966D917D918D919C9117970F94A55CD8
:104590000F94115F089514966D917D918D919C916A
:1045A0001797089560E070E0CB010895FC01A781A2
:1045B0002A2F2E7FC9F081818F7081508330A0F423
:1045C000A695A150BB0B2BE531E00F94175E24E6B6
:1045D00030E040E050E00F94AB5DDA01C90187564E
:1045E0009F4FAF4FBF4F08958FEF9FEF0895CF9329
:1045F000DF93EC016115710539F48F8181708F8330
:1046000081E0DF91CF9108958981982F9F7029F1E2
:1046100080E09430B0F79B01770F440B550B29597C
:10462000310941095109A4E6B0E00F94CA5D2BE5B8
:1046300031E040E050E00F94AB5D37FF02C030E066
:1046400020E02536310514F024E630E02F5F220FFC
:104650008F818170282B2F83D3CF807F82608983C5
:10466000DACFFC019181892F8F7021F0823029F0FF
:1046700080E00895907F926091839B0177FF02C054
:1046800030E020E02E3681E0380714F02DE631E0EE
:104690002683878130FB80F9878381E00895EF923C
:1046A000FF920F931F93CF93DF93FC01892B69F146
:1046B0009081992351F19D3291F180ED890F8A30DB
:1046C00070F1C8E0D0E0953211F1CEEFDFEF9B370B
:1046D000F1F0C7E1D0E09332D1F08F018EE6E82E01
:1046E0008BE1F82EC1E0D0E0C7010F947F56AC01FA
:1046F000B701C8010F949856892B49F021968AE09A
:10470000E80EF11CCA31D10579F7CFEFDFEFCE010A
:10471000DF91CF911F910F91FF90EF900895D0E01E
:10472000C0E0F5CFEF92FF920F931F93CF93DF93EB
:10473000EC01892B51F188858F70843009F5E9846B
:10474000FA84C7010E944F238C0118161906ECF455
:10475000C7010F948F0EC801012E000CAA0BBB0BD2
:1047600089879A87AB87BC878885807F82608887A6
:10477000C801DF91CF911F910F91FF90EF900895A5
:10478000823019F409851A85F3CF10E000E0F0CFEC
:104790002F923F924F925F926F927F928F929F9251
:1047A000AF92BF92CF92DF92EF92FF920F931F933F
:1047B000CF93DF93CDB7DEB765970FB6F894DEBF22
:1047C0000FBECDBF6115710549F528E0FC01DE0182
:1047D000119601900D922A95E1F729813A814B813A
:1047E0005C816D817E818F81988565960FB6F89486
:1047F000DEBF0FBECDBFDF91CF911F910F91FF9014
:10480000EF90DF90CF90BF90AF909F908F907F9070
:104810006F905F904F903F902F9008953B018C01D7
:1048200061E87AE0C3010F942F296C01D801FC9054
:10483000FF2009F45AC0009709F457C0FC01808595
:104840008F70843009F4DEC0853009F04EC080914D
:104850003102893020F480913002893050F064E2D6
:1048600075E08AE792E10F94FE068AE792E10F94E1
:10487000A805D6011696ED90FC90E114F104A9F17B
:10488000F70180858F705701823069F0B12CA12C1F
:10489000E114F10409F436C1D70118968C918F7098
:1048A000853021F0F701E280F380F2CFC7010F9449
:1048B000A12A8230B9F760E0C7010F94E1290E9474
:1048C00092234C0161E0C7010F94E1296C01D801EA
:1048D0008C918815190431F7F60180858F7082302C
:1048E00009F7C114D10409F017C162E375E0C301EF
:1048F0000F942F297C01D80111968C918F7009F4A7
:104900003BC1E114F10409F43BC1F70180858F70CC
:10491000853009F0D0C1C7010F94A12A843008F472
:10492000CAC164E0C7010F94E1296C0166E0C701C8
:104930000F94E1291C01C8010E947B214B015C01FD
:1049400060E0C7010F94E129DC0119964D905D905C
:104950006D907C901C97B0913102B98B84149504B2
:10496000A604B7040CF016C1B93020F480913002CF
:10497000893050F16AEF72E18AE792E10F941407EF
:10498000C8010E947B21AB01BC012AE030E08AE72C
:1049900092E10F946D0664EE72E18AE792E10F9462
:1049A000140760E0C7010F94E129FC01418552859D
:1049B000638574852AE030E08AE792E10F946D0602
:1049C0008AE792E10F94A805C114D10409F479C1D2
:1049D000D60118968C9118978F70823009F071C1AA
:1049E00019821A821B821C821D821E821F821886D7
:1049F0008A81807F8A8319964D915D916D917C911A
:104A00001C9743C065E079E0818592850F946D62C3
:104A1000892B09F06ACFB0E1FB1609F463C0BF151A
:104A200080F0E2E0FE1619F1D8014D915D916D9193
:104A30007C91139714968D919D910D90BC91A02D12
:104A400038C0F1E1FF16F1F122E1F212EDCF198247
:104A50001A821B821C821D821E821F8218868A81F6
:104A6000807F8A8344E150E060E070E00EC01982EC
:104A70001A821B821C821D821E821F8218868A81D6
:104A8000807F8A8340E050E0BA01CE0101960E9407
:104A9000E81F29873A874B875C876D877E878F87DA
:104AA000988B49855A856B857C858D859E85AF85DC
:104AB000B88949835A836B837C838D839E83AF83BC
:104AC000B8878BCE19821A821B821C821D821E829D
:104AD0001F8218868A81807F8A8340E850E060E0E8
:104AE00070E0D3CF19821A821B821C821D821E8223
:104AF0001F8218868A81807F8A834FEF50E060E0B2
:104B000070E0C3CFA114B10409F4EFCEF5018085A4
:104B10008F7009F4EACE650180913102893020F46A
:104B2000809130028930B8F066E073E18AE792E163
:104B30000F941407D60119964D915D916D917C915A
:104B40001C972AE030E08AE792E10F946D068AE72D
:104B500092E10F94A80519821A821B821C821D8281
:104B60001E821F8218868A81807F8A83F601418592
:104B700052856385748589CFE114F10409F09BC0E7
:104B8000F801408151816281738184819581A68180
:104B9000B7818FCF61E0C7010F94E129DC0119963D
:104BA0002D913D914D915C911C972A8B3B8B4C8BA9
:104BB0005D8B281539054A055B053CF5B989B93087
:104BC00020F480913002893050F066EC72E18AE77F
:104BD00092E10F9414078AE792E10F94A80521143B
:104BE000310409F46EC0F10180858F70823009F0C4
:104BF00068C019821A821B821C821D821E821F823B
:104C000018868A81807F8A83B2CF63E0C7010F94C0
:104C1000E1298C0162E0C7010F94E129DC011996BA
:104C2000CD90DD90ED90FC901C97F80121853285A8
:104C3000438554852C193D094E095F09C501B4010E
:104C400064197509860997090F94795D2A893B894A
:104C50004C895D8924193509460957090F94AB5DC4
:104C6000C20ED31EE41EF51EF989F93020F480919E
:104C70003002893090F061EB72E18AE792E10F94A3
:104C800014072AE030E0B701A6018AE792E10F9409
:104C90006D068AE792E10F94A80519821A821B8299
:104CA0001C821D821E821F8218868A81807F8A83D1
:104CB000B701A601EACED70118968C918F7009F042
:104CC0005FCF19821A821B821C828A81807F8A832D
:104CD00049815A816B817C8180E090E0DC01E9CEE2
:104CE0000F931F93CF93DF93EC01088119816FE23B
:104CF00070E0C8010F94AA62009749F0FC0111927C
:104D0000CF01DF91CF911F910F910C94EF1DC8013E
:104D10000E94EF1D009711F019821882DF91CF9148
:104D20001F910F910895DC011296ED91FC9130973F
:104D300029F090859F7081E0953009F080E008951A
:104D40008F929F92AF92BF92CF92DF92FF920F937A
:104D50001F93CF93DF93EC018A819B810F94A12A4B
:104D6000082F10E00430110554F40F94712FBC018A
:104D70008A819B810F947E2F0F5F1F4FF3CFEA81B3
:104D8000FB81068117810115110531F0D8011296BA
:104D90008D919C919D838C83EC81FD81309721F0D6
:104DA000828193819F838E83EE81FF81309749F0CA
:104DB0000280F381E02D309721F0828193819987E1
:104DC00088870115110541F0F80180858F708430C6
:104DD00059F128F4823071F0FF24FA940CC0853028
:104DE00001F18630C9F766E375E0C8010F942F29F9
:104DF0008C01E7CFF184FA86CE010E9493268111BF
:104E000038C010E000E01C870B87DF91CF911F9125
:104E10000F91FF90DF90CF90BF90AF909F908F90B9
:104E2000089506811781CDCFC184D284C114D104E5
:104E300099F2F6018081882379F292E4892E91E13A
:104E4000992EB12CA12CFA2CC4010F947F56AC01E1
:104E5000B401C6010F949856892BB9F1FFEFAF1A30
:104E6000BF0A89E0880E911CA8E1AA16B10459F77F
:104E7000B3CFCE010F94862E8C010097B1F0FC01C8
:104E800082819381892B39F08F2D0F949C2F8C0177
:104E9000892B09F4B6CFD801ED91FC910684F785F2
:104EA000E02DBE01C8011995AECF8F2D0F949C2F18
:104EB0008C01892B09F4A5CFEA85F0E0EE0FFF1FE6
:104EC000E857FD4E11830083E6CFC6010F948F0E85
:104ED0008A2D90E0B0E0A0E0F80181879287A38757
:104EE000B4878085807F8260808785CFEF92FF9234
:104EF0000F931F93CF93DF93EC017B0188859985F6
:104F0000892BA9F48A819B810F94A12A082F10E094
:104F10000530110564F40F94712F99878887BC01BF
:104F20008A819B810F947E2F0F5F1F4FF1CFE88501
:104F3000F9853097D9F08085982F9F70A9F4807FEC
:104F400082608087E885F98511861286138614862B
:104F5000E885F985F782E682C701DF91CF911F913D
:104F60000F91FF90EF900895923061F3F12CE12CB6
:104F7000F3CFCF92DF92EF92FF920F931F93CF93D5
:104F8000DF93EC016A017B0188859985892BA9F45F
:104F90008A819B810F94A12A082F10E0053011050A
:104FA00064F40F94712F99878887BC018A819B8153
:104FB0000F947E2F0F5F1F4FF1CFE885F985309753
:104FC00081F08085982F9F7051F4807F8260808768
:104FD000E885F985C186D286E386F48602C09230E0
:104FE000B9F3DF91CF911F910F91FF90EF90DF9078
:104FF000CF900895FC0180859185009799F0FC0180
:1050000020852F70223029F46185728583859485EF
:105010000895253039F460E00F94E129009711F0EC
:10502000FC01F2CF60E070E0CB0108950F931F9375
:10503000CF93DF93FC01C481D5812097C9F18B0107
:1050400088858F70853021F5CE010F94A12A8017B5
:10505000110671F16CF1602FCE010F94E129FC0172
:10506000892B31F180858F70823039F461857285AA
:10507000838594850F94465C06C08330C9F46185AE
:10508000728583859485DF91CF911F910F9108954B
:10509000672B71F4823029F469857A858B859C852C
:1050A000E9CF833029F469857A858B859C85EBCFA0
:1050B00060E070E0CB01E7CF0F931F93CF93DF93B6
:1050C000FC01C481D5812097F9F088858F708230EA
:1050D00049F4672BC9F489859A85DF91CF911F9197
:1050E0000F910895853081F48B01CE010F94A12A90
:1050F0008017110649F044F0602FCE010F94E1298A
:10510000FC0181859285E9CF90E080E0E6CF0F93A6
:105110001F93CF93DF93FC01738362836115710545
:1051200069F18B01EC01168270E060E0C8010E9419
:105130005C2897FD28C09D838C838C819D8100977E
:1051400019F08634910524F080E290E09D838C83F1
:1051500061E070E0C8010E94162820E030E04AE7D4
:1051600054E40F94A55C0F94185F611571058105D7
:10517000910589F06F83788789879A87DF91CF912E
:105180001F910F9108959195819591099D838C832D
:1051900081E08E83D2CF88E893E1A0E0B0E08F83F6
:1051A0009887A987BA87EACF0F931F93CF93DF938E
:1051B000EC017B836A836115710529F18B01CB01B9
:1051C0000E94591B9D838C8382E89FE098878F8380
:1051D000C8010E94FD1C892B89F070E060E0C801C5
:1051E0000E945C288E83882329F0833039F485EE71
:1051F0009EE002C08DED91E198878F83DF91CF9182
:105200001F910F9108951D821C82F8CF0F931F9359
:10521000CF93DF93EC018B017B836A8370E060E0C6
:10522000C8010E945C2897FD0CC09D838C83C80137
:105230000E94FD1C9F838E83DF91CF911F910F9160
:105240000895919581959109F0CF0F931F93CF9376
:10525000DF93EC018B010E940629012B39F0CE016E
:10526000DF91CF911F910F910C949C7EDF91CF9194
:105270001F910F910895CF92DF92EF92FF926A01F2
:105280007B0163E0FC01828193810F94E129FC01A1
:10529000892BA9F080858D7091F4C094D094E0940E
:1052A000F094CC24CA9481859285A385B4858C2101
:1052B0009D21AE21BF2181879287A387B487FF906C
:1052C000EF90DF90CF900895CF92DF92EF92FF9210
:1052D0006A017B0163E0FC01828193810F94E129E3
:1052E000FC01892BA9F09085892F8D7089F4907F1E
:1052F00092609087CC24FF24418552856385748514
:105300004C295D296E297F294187528763877487DD
:10531000FF90EF90DF90CF900895CF92DF92EF92C1
:10532000FF926A017B0163E0FC01828193810F940B
:10533000E129009791F0FC0120852F70223069F45B
:1053400061857285838594856C217D218E219F21C5
:10535000FF90EF90DF90CF90089560E070E0CB0178
:10536000F7CF2F923F924F925F926F927F928F92E0
:10537000AF92BF92CF92DF92EF92FF920F931F9363
:10538000CF93DF93CDB7DEB7C457D1090FB6F894EA
:10539000DEBF0FBECDBF3C01AE960FAFAE97AF964E
:1053A0001FAFAF97E0962FAFE097E1963FAFE19741
:1053B000E2964FAFE297E3965FAFE397E4966FAF65
:1053C000E497E5967FAFE59723961FAE1EAE239731
:1053D000FE01ED5BFF4F82E1DF011D928A95E9F747
:1053E0007296119211928EE0DF011D928A95E9F773
:1053F0006BE375E08AE792E10F94FE06B5018AE758
:1054000092E10F94FE0664E67AE08AE792E10F9457
:10541000FE06CE0183599F4F0E943FD6D4FE2CC07A
:10542000AE96EFADAE97E83108F06BC1F0E088279B
:10543000E35EF54D8F4F0D94005E872B352A7E2B52
:10544000812B812B7E2B352A812B812B812B812B4C
:10545000812B812B812B352A352A812B812B812B86
:10546000352A352A352A352A872B64ED7FE0CE018F
:105470008B5A9F4F0F9478560F944D29882309F427
:105480001DC18091E10E811119C1A114B10409F06F
:105490005FC030E020E043E050E060E4CE010196E0
:1054A0000E942C7BD3011296ED91FC916081718159
:1054B0004FE350E0CE0101960F947D62D5FE2AC1E4
:1054C000AE968FADAE97823009F424C1853009F4D1
:1054D00021C1AF968FADAF978F709FE0980F9F70EF
:1054E000923018F0883009F015C101E020E030E278
:1054F00044E150E0BE016F5B7F4FCE0183599F4F67
:105500000E941AD4482DBE016F5B7F4FCE010196D9
:105510000F94083F6AEA7FE08AE792E10F9414074C
:10552000BE016F5F7F4F8AE792E10F94FE0667EA44
:105530007FE08AE792E10F941407BE016F5B7F4F13
:105540008AE792E10F94FE068AE792E10F94A8059C
:10555000AF968FADAF978F701601270122243324A9
:10556000B0E14B225524882311F0D5FC06C021144C
:1055700031044104510409F40DC130E020E043E05E
:1055800050E060E4CE0101960E942C7BD30112967C
:10559000ED91FC91608171814FE350E0CE01019665
:1055A0000F947D62A114B10469F06AED7BE0CE0135
:1055B00001960F9457624FE350E0B501CE0101967A
:1055C0000F947D626AED7BE0CE0101960F945762E5
:1055D0004FE350E06CE67FE02114310441045104B4
:1055E00079F4E0968FADE0974FE350E067E67FE017
:1055F000833031F06BE77FE0873011F062E67FE0C7
:10560000CE0101960F948856AF968FADAF978F70ED
:105610008450823008F0A5C067E1CE0183599F4FC6
:105620000E94C61FA6962FAFA697A7963FAFA79733
:10563000A8964FAFA897A9965FAFA997AA966FAF04
:10564000AA97AB967FAFAB97AC968FAFAC97AD9662
:105650009FAFAD9700E020E030E344E150E0BE01B1
:105660006F5B7F4FCE0183599F4F0E941AD462E532
:105670007FE08AE792E10F941407BE016F5F7F4FCE
:105680008AE792E10F94FE066FE47FE08AE792E1F9
:105690000F941407BE016F5B7F4F8AE792E10F946E
:1056A000FE068AE792E10F94A8050F944D298823FE
:1056B00029F08091E10E882309F45DC0B701A601AD
:1056C000C3010E94642990E080E0CC58DF4F0FB600
:1056D000F894DEBF0FBECDBFDF91CF911F910F9128
:1056E000FF90EF90DF90CF90BF90AF908F907F9022
:1056F0006F905F904F903F902F9008956EED7FE0F8
:10570000B6CE60EB7FE08AE792E10F941407E8944D
:10571000D4F8B2CED4FE1CCF66968FAD66978823A0
:1057200009F416CF482DBE016B5A7F4FCE0101966A
:105730000F94083F61EA7FE08AE792E10F94140733
:10574000BE016F5F7F4F8AE792E10F94FE066EE91C
:105750007FE08AE792E10F941407BE016B5A7F4FF6
:10576000EFCE20E030E323282428252811F420E080
:1057700030E200E072CF482DBE016F5B7F4FCE015B
:1057800001960F94083F40E050E260E070E0C301F2
:105790000E943B29D4FE9EC0A114B10409F02FC180
:1057A000AE96EFADAE97E150E63120F5F0E08827F8
:1057B000E352F44D8F4F0D94005EF72CFA2BFA2B29
:1057C000FA2BFA2BF72CFA2BFA2BFA2BFA2BFA2BB3
:1057D000FA2BFA2BFC2CF42CFA2BFA2BFA2BF32BAA
:1057E000EB2CEE2CF12C68E870E1CE018B5A9F4F28
:1057F0000F94785630E020E043E050E060E4CE01C2
:1058000001960E942C7BD3011296ED91FC91608150
:1058100071814FE350E0CE0101960F947D62A11497
:10582000B10469F06AED7BE0CE0101960F945762F6
:105830004FE350E0B501CE0101960F947D626AED11
:105840007BE0CE0101960F945762E0968FADE09712
:105850004FE350E06BE77FE0873011F06DE57FE0CC
:10586000CE0101960F94885669E47FE08AE792E1C1
:105870000F941407BE016F5F7F4F8AE792E10F9488
:10588000FE0666E47FE08AE792E10F941407BE010A
:105890006B5A7F4F8AE792E10F94FE068AE792E106
:1058A0000F94A8050F944D29882309F407CF809100
:1058B000E10E811103CF482DBE016B5A7F4FCE01FF
:1058C00001960F94083F40E050E160E070E0C301B2
:1058D0000E943B29D6FE7CC040E056E060E070E0CC
:1058E000C3010E948D29672B682B692B09F494C092
:1058F0006CE470E1CE018B5A9F4F0F94785630E0E4
:1059000020E043E050E060E4CE0101960E942C7B51
:10591000D3011296ED91FC91608171814FE350E0CB
:10592000CE0101960F947D62A114B10469F06AED75
:105930007BE0CE0101960F9457624FE350E0B50132
:10594000CE0101960F947D626AED7BE0CE01019657
:105950000F9457624FE350E065E87FE0CE01019677
:105960000F94885660E47FE08AE792E10F94140771
:10597000BE016F5F7F4F8AE792E10F94FE066DE3F1
:105980007FE08AE792E10F941407BE016B5A7F4FC4
:105990008AE792E10F94FE068AE792E10F94A80548
:1059A0000F944D29882309F489CE8091E10E81114D
:1059B00085CE482DBE016B5A7F4FCE0101960F94C4
:1059C000083F40E050E460E070E0C3010E943B29E2
:1059D00081E090E07ACE62E970E107CF6CE970E196
:1059E00004CF66EA70E101CF60E670E1FECEF3011C
:1059F0008285853009F0FECE66E570E1F6CE00E0E6
:105A0000960140E150E0BE016B5A7F4FCE018359B1
:105A10009F4F0E941AD4EECE40E051E060E070E06B
:105A2000C3010E948D29672B682B692B19F068E34D
:105A300070E160CF6EE270E15DCFAF92BF92CF9226
:105A4000EF92FF920F931F93CF93DF93CDB7DEB703
:105A5000C856D1090FB6F894DEBF0FBECDBFA296CF
:105A60000FAFA297A3961FAFA397A4962FAFA497AB
:105A7000A5963FAFA597A6964FAFA697A7965FAFFF
:105A8000A797A8966FAFA897A9967FAFA9979701F8
:105A900048E0FE01EF59FF4FDE01A75ABF4F0190CA
:105AA0000D924A95E1F7A296EFADA297E150ED3045
:105AB00008F0F9C0EC2C5C01F0E08827ED59F24DBC
:105AC0008F4F0D94005EDC2DE62D462E512E3C2E80
:105AD000702DD32D532E532EEF2D012E282E142E44
:105AE0002130310531F4C5010E94141D009709F4DD
:105AF00049C067E0CE01875A9F4F0E94C61F6AE4E3
:105B00007AE08AE792E10F9414074AE050E06A963F
:105B10006FAD6A978AE792E10F94CB056FE37AE065
:105B20008AE792E10F941407CE01875A9F4F0E9493
:105B30007B21AB01BC012AE030E08AE792E10F94BF
:105B40006D068AE792E10F94A8056A960FAD6A97F1
:105B50006B961FAD6B976C962FAD6C976D963FADA6
:105B60006D976E964FAD6E976F965FAD6F97A096DF
:105B70006FADA097A1967FADA197C5010E94BF21EF
:105B800081E090E0C859DF4F0FB6F894DEBF0FBE3A
:105B9000CDBFDF91CF911F910F91FF90EF90CF90EC
:105BA000BF90AF900895232B29F4C5010E94141DC6
:105BB000009741F366E09ECF2130310529F4C501FD
:105BC0000E94141D0097F1F262E094CF232B29F478
:105BD000C5010E94141D0097A9F261E08BCF40E03F
:105BE00051E060E070E0C5010E948D29672B682BB1
:105BF000692B29F4C5010E94141D009719F26BE06E
:105C000079CF40E051E060E070E0C5010E948D294D
:105C1000672B682B692B31F0C5010E94141D00977A
:105C200009F4B0CF6AE066CF40E056E060E070E093
:105C3000C5010E948D29611576408105910531F4D9
:105C4000C5010E94141D009709F49CCF6CE052CF4F
:105C500040E056E060E070E0C5010E948D296115CA
:105C600076408105910531F0C5010E94141D009711
:105C700009F488CF6DE03ECF232B31F4C5010E949B
:105C8000141D009709F47ECF63E034CF2130310535
:105C900031F4C5010E94141D009709F473CF65E02B
:105CA00029CF64E027CF90E080E06CCFCF93C62F60
:105CB00063E0FC01828193810F94E129FC01892B2F
:105CC00091F09085892F8D7071F4907F926090870C
:105CD00081859285A385B4858827BB278C2B8187F6
:105CE0009287A387B487CF910895CF92DF92FF92D6
:105CF0000F931F93CF93DF93F12C6115710509F476
:105D00008FC06A01EB018C01CB010E949326F82E13
:105D1000882309F485C0D6FE0EC0D8018C918B3043
:105D200009F452C008F043C040E051E060E070E088
:105D30008A3009F452C0D4FE0BC0F80160816A3089
:105D400020F06E3028F0693119F0CE010E94562EF5
:105D5000D5FE66C0D80114964D915D916D917C91F0
:105D6000179711968C918F70873030F08930C8F179
:105D70008A50823008F45DC0CE010E94691BEE811A
:105D8000FF81309709F44CC080858F709EEF980F8B
:105D9000923010F0811144C0D80111968C91982F47
:105DA0009295907F80858F70892B808739C08C3049
:105DB00081F040E056E060E070E08D3009F0BBCF4C
:105DC000CE010E946429B7CF40E051E060E070E06E
:105DD000F7CF40E056E060E070E0CE010E943B2942
:105DE000AACFEE81FF813097D9F080858F709EEF2A
:105DF000980F923010F0811113C04187528763874A
:105E00007487EE81FF818085807F83608087EE814B
:105E1000FF818085982F907F8F708067903629F260
:105E20008F2DDF91CF911F910F91FF90DF90CF9039
:105E30000895CE010E94691BF3CF63E0FC018281CB
:105E400093810F94E129009719F0FC018185089551
:105E50008FEF0895AF92BF92CF92DF92EF92FF92B1
:105E60000F931F93CF93DF9300D000D01F921F9208
:105E7000CDB7DEB76115710509F45FC05A016B013A
:105E80007C01CB010E949326082F882369F1D6015B
:105E900016968D919C91009709F443C0FC011085E2
:105EA000212F2F703EEF320F323010F021112EC013
:105EB00012951F70B4FE59C0C6010E941D2FF70134
:105EC0008083112381F18181807F182B1183D6017A
:105ED0001696ED91FC9181859285A385B485F70195
:105EE00084839583A683B783802F28960FB6F89472
:105EF000DEBF0FBECDBFDF91CF911F910F91FF90FD
:105F0000EF90DF90CF90BF90AF900895253049F487
:105F100060E00F94E129009721F0DC0118961C91B4
:105F2000C7CF10E0C7CFD6011696ED91FC918085C2
:105F30008F70823021F0833051F000E0D5CF418561
:105F4000528563857485C7010E94E81FCDCF4185C6
:105F5000528563857485F7018181807F87608183A5
:105F60004483558366837783BFCF1123E1F2F70122
:105F7000AACF6F927F928F92AF92BF92CF92DF9211
:105F8000EF92FF920F931F93CF93DF9300D000D037
:105F90001F921F92CDB7DEB73C016A017B01590108
:105FA00040FF03C0E894C0F8D3F8D3FC0DC00E94B2
:105FB000AD7C663971058105910530F08091E20E66
:105FC0009091E30E059729F5B701A6014427507774
:105FD00066277727C3010E9464296CE27FE08AE785
:105FE00092E10F9414078FEF9FEF28960FB6F89465
:105FF000DEBF0FBECDBFDF91CF911F910F91FF90FC
:10600000EF90DF90CF90BF90AF908F907F906F9088
:10601000089519821A821B821C821D821E821F8291
:1060200018868A81807F8A8340E050E3B301CE01E5
:1060300001960E942A2F40E050E760E070E0C30123
:106040000E948D29C62AD72AE82AF92A882483940F
:1060500009811A812B813C814D815E816F81788518
:10606000C3010E94B129C1CFCF93DF93EC0140E07F
:1060700050E360E070E00E948D29AB01BC01411546
:10608000510561057105A1F08091E20E9091E30E3A
:10609000069771F430E020E0CE010E94B92F40E075
:1060A00050E360E070E0CE01DF91CF910C943B298A
:1060B000DF91CF9108958F929F92AF92CF92EF92FE
:1060C000FF920F931F93CF93DF9300D000D01F92C6
:1060D0001F92CDB7DEB74C0109831A832B833C8313
:1060E0004D835E836F8378876EE479E08AE792E17F
:1060F0000F941407CE0101960E943FD68981811129
:106100002FC00B81013089F140F1023019F010E00D
:106110000530F1F5D401ED91FC91028CF38DE02D69
:1061200009811A812B813C814D815E816F81788547
:10613000C401199581E090E028960FB6F894DEBF6F
:106140000FBECDBFDF91CF911F910F91FF90EF90C8
:10615000CF90AF909F908F900895CC24C394DACFC6
:10616000813071F1823009F453C061E479E08AE74B
:1061700092E10F9414074AE050E069818AE792E1C6
:106180000F94CB058AE792E10F94A80501E010E097
:1061900061E379E08AE792E10F9414074AE050E066
:1061A000B8018AE792E10F94B5068AE792E10F946D
:1061B000A805CE0101960E943FD690E080E0BCCFBA
:1061C000CE0101960F941F2A4497C8F4CE01019680
:1061D0000F94F029F4016281738140E050E2CE0116
:1061E00001960E94752E30E020E040E058E260E029
:1061F00070E0D40112968D919C910E94B92FD40128
:10620000ED91FC91028CF38DE02DCC24C39488CFCA
:106210001D821E821F821886D401ED91FC91028C92
:10622000F38DE02DCC24C39402E01A812B813C81B4
:1062300040E07BCF8F929F92AF92BF92CF92DF923E
:10624000EF92FF920F931F93CF93DF93CDB7DEB7FB
:1062500060970FB6F894DEBF0FBECDBF8C017B01F7
:1062600040E050E860E070E00E948D29672B682BC9
:10627000692B09F0B5C062E070E0C8010E945C289B
:106280006C0119861A861B861C861D861E861F8633
:10629000188A8A85807F8A87D7FCA2C040E050E2B6
:1062A000B801CE0109960E942A2F63E070E0C80170
:1062B0000E945C28AC011816190614F04FE350E058
:1062C00081E0C816D10429F4EF2CFF0CFF08FF244D
:1062D00004C082E0C816D104D4F32FEF30E0D70118
:1062E0000F94175E9A01550F440B550B0F94AB5D3D
:1062F00049016901C8010E941D2FE82EF12C60E0C0
:10630000CE0109960E94692088169906F9F4CD28D5
:1063100041F082E0E816F10419F185E0E816F10495
:10632000F9F081E090E060960FB6F894DEBF0FBE02
:10633000CDBFDF91CF911F910F91FF90EF90DF9034
:10634000CF90BF90AF909F908F900895CD2899F1F6
:1063500086E0E816F10441F081E0E816F10421F04E
:1063600061E0C8010E94562EB401CE0109960E9438
:10637000112040E050E2B801CE0109960E94752E2E
:1063800082E0E816F10421F085E0E816F10449F412
:1063900030E020E040E050E160E070E0C8010E94A1
:1063A000B92F30E020E040E050E260E070E0C8014A
:1063B0000E94B92FB6CF85E0E816F10409F4B1CFF9
:1063C00082E0E816F10409F4ACCF62E0C8010E9453
:1063D000562E30E020E040E050E160E070E0E7CF92
:1063E00090E080E0A0CF0F931F93CF93DF9300D076
:1063F00000D01F921F92CDB7DEB78C0119821A828E
:106400001B821C821D821E821F8218868A81807FC9
:106410008A8368E475E08AE792E10F94FE06F8014A
:1064200002811381C8010E941D2F813041F020F0AC
:10643000823011F0853081F490E080E002C081E08C
:1064400090E028960FB6F894DEBF0FBECDBFDF9167
:10645000CF911F910F91089540E050E2B801CE0115
:1064600001960E942A2F60E0CE0101960E946920C9
:10647000E8CFAF92BF92CF92DF92EF92FF920F934D
:106480001F93CF93DF93CDB7DEB765970FB6F89420
:10649000DEBF0FBECDBF8C017B015A01FC015183D1
:1064A0004083148613861586168E158E672B09F485
:1064B00079C0452B09F476C06FE270E0C7010F94F4
:1064C00062626C01892B09F465C0F701DE01119647
:1064D00090E080E0BD012191222341F02F3231F084
:1064E0008431910519F02D930196F5CF860F971FF2
:1064F000FC011082C5010F942F29F8019383828338
:10650000FFEFCF1ADF0AD601F8013D9630E020E018
:10651000CF01BD014D91442349F04F3239F02F3066
:10652000310521F041932F5F3F4FF3CFF801E20F88
:10653000F31F1586FB0140814F3219F52F5F3F4F46
:10654000C601820F931F0E94EF1DF801968F858F61
:10655000C8010E949326882319F0C8010E94A02632
:1065600065960FB6F894DEBF0FBECDBFDF91CF9119
:106570001F910F91FF90EF90DF90CF90BF90AF9061
:1065800008950E94EF1DF801968F858F892B01F3E6
:106590001586DECFB701C5010F942F29F80193832B
:1065A0008283D6CFF80113821282D2CF0F931F932A
:1065B000CF93DF93DC011B960D911C910115110502
:1065C00019F1EC010F94862E0097F1F0D801ED91AE
:1065D000FC91DC0112968D919C91C817D90759F452
:1065E0000684F785E02D70E060E0C801DF91CF916F
:1065F0001F910F9119940280F381E02DC801DF9162
:10660000CF911F910F911994DF91CF911F910F910D
:106610000895CF93DF93EC01598348837B836A838A
:106620001C861B861D861E8E1D8E0E949326882327
:1066300029F0CE01DF91CF910C94A026DF91CF916C
:106640000895CF93DF93EC01FB01248135814081D4
:106650005181628173810F946D06CE01DF91CF91DC
:106660000895EF92FF920F931F93CF93DF9300D083
:1066700000D0CDB7DEB77C018B0167ED70E18AE712
:1066800092E10F941407D7011296ED91FC9160816D
:1066900071818AE792E10F94FE066EEC70E18AE761
:1066A00092E10F941407012E000C220B330B098387
:1066B0001A832B833C8380E190E09E838D83BE010F
:1066C0006F5F7F4F8AE792E10E9421330F94A80504
:1066D00040E050E860E070E0C7010E94642926961F
:1066E0000FB6F894DEBF0FBECDBFDF91CF911F91E3
:1066F0000F91FF90EF9008953F924F925F926F92AB
:106700007F928F929F92AF92BF92CF92DF92EF9241
:10671000FF920F931F93CF93DF93CDB7DEB72C97E4
:106720000FB6F894DEBF0FBECDBF5C01362E972E9C
:106730003A01690168E371E18AE792E10F94140775
:106740004AE050E0632D792D8AE792E10F94B50677
:1067500060E371E18AE792E10F941407C301B0E0AE
:10676000A0E08F839887A987BA8730E1432E512C08
:106770005C864B86BE01695F7F4F8AE792E10E948B
:1067800021334C016CE271E10F9414074AE050E0B0
:10679000B601C4010F94B50664E271E1C4010F941F
:1067A0001407C701B0E0A0E089839A83AB83BC8360
:1067B0005E824D82BE016F5F7F4FC4010E94213314
:1067C0000F94A8058091B40C9091B50C70E060E036
:1067D000892B09F047C081E090E09093B50C80933D
:1067E000B40C26E040E855E260E070E085EE9EE003
:1067F0000F94610830927C1085EE9EE090937B10A0
:1068000080937A1010928A1110928C1110928B1131
:106810000130110509F44EC00CF041C0012B09F400
:106820004EC0C114D10409F457C082E0C816D10487
:1068300009F062C070920511609204111092071164
:1068400010920611F0920911E092081186E00F945F
:10685000FA3F1092B50C1092B40C882309F456C07C
:10686000682F70E0C5010E94313390E080E02C96E3
:106870000FB6F894DEBF0FBECDBFDF91CF911F9151
:106880000F91FF90EF90DF90CF90BF90AF909F90CF
:106890008F907F906F905F904F903F90089503305E
:1068A000110581F00430110509F0BBCFFE24EF245F
:1068B000FE24B7CFFE2CEE24EE24EA94B2CFFF24C0
:1068C000FA94AFCFEF2821F492E0E92EF12CEECF2D
:1068D000EE24E394F12CEACF70920511609204113A
:1068E00090E080E0EE2011F080E09FEF90930711A0
:1068F0008093061185E0ABCF68E071E18AE792E111
:106900000F9414071092B50C1092B40C81E090E033
:10691000AECF2F923F924F925F926F927F928F9263
:106920009F92AF92BF92CF92DF92EF92FF920F931E
:106930001F93CF93DF93CDB7DEB72C970FB6F894A4
:10694000DEBF0FBECDBF5C0109831A832B833C835E
:106950004D835E836F837887CE0101960F941F2A43
:106960001C01023011F0053011F4312C212CF501FD
:1069700004811581F80180858F70853009F07FC012
:10698000C8010F94A12AE82EF12CF2E0EF16F104D1
:106990000CF475C060E0C8010F94E129FC01818509
:1069A00092859C878B8761E0C8010F94E129FC01E7
:1069B000418452846384748488248A94982CF2E0FD
:1069C000EF16F10459F062E0C8010F94E129FC01CF
:1069D00081849284F3E0EF16F104A1F48FE390E058
:1069E0009A87898792E0C92ED12C29853A85D101D1
:1069F0000F940F5E24E630E040E050E00F94AB5D72
:106A000079011CC063E0C8010F94E129FC01818574
:106A100092859A87898782E0C82ED12CF4E0EF1600
:106A2000F10439F064E0C8010F94E129FC01C1844C
:106A3000D28489859A857101892BB9F684019601E2
:106A4000A2016B857C85C5010E947C332C960FB614
:106A5000F894DEBF0FBECDBFDF91CF911F910F9194
:106A6000FF90EF90DF90CF90BF90AF909F908F906E
:106A70007F906F905F904F903F902F90089590E09F
:106A800080E0E4CF8F929F92AF92BF92DF92EF921D
:106A9000FF920F931F93CF93DF93CDB7DEB7A797E6
:106AA0000FB6F894DEBF0FBECDBF7C0108A319A3BB
:106AB0002AA33BA34CA35DA36EA37FA3CE01809624
:106AC0000E9435214B015C01D7011496ED91FC9198
:106AD00080858F70843009F0EDC0102F40916D0DCE
:106AE00050916E0D61857285CE0101960E943932FA
:106AF000CE0101960E949326882309F44AC08B8513
:106B0000893009F046C070E060E0CE0101960E9435
:106B10005C28082FD92E6BEF70E18AE792E10F9481
:106B200014074AE050E0602F7D2D8AE792E10F9430
:106B3000B50669EF70E18AE792E10F941407B50199
:106B4000A4018AE792E10F94A42E63EF70E18AE733
:106B500092E10F941407612F70E04AE050E08AE759
:106B600092E10F94B5068AE792E10F94A80580910F
:106B7000B40C9091B50C892B29F140E050E3B7019A
:106B8000CE0180960E94752E70E060E0C7010E94E1
:106B9000313310E000E0CE0101960E94D632C801E8
:106BA000A7960FB6F894DEBF0FBECDBFDF91CF9191
:106BB0001F910F91FF90EF90DF90BF90AF909F904B
:106BC0008F90089581E090E09093B50C8093B40C81
:106BD00026E040E855E260E070E085EE9EE00F942C
:106BE000610800937C1085EE9EE090937B1080936B
:106BF0007A1010928A1110928C1110928B11EB81E5
:106C0000FC81153021F01F3011F0123011F5808514
:106C10008F70808770E060E083ED97E090930511BE
:106C200080930411109207111092061170930911AC
:106C30006093081186E00F94FA3F1092B50C109201
:106C4000B40C01E010E0882309F4A5CF682F70E0B0
:106C50009DCF80858F708061808722E538EB42E18F
:106C600052E4C501B4010F94335E20E030E040E20D
:106C700051E40F94A55C2DEE3EE94CE35EE30F94E6
:106C80009F5E4B015C0120E030E0A9010F94475F5B
:106C900020E030E040E05FE387FD07C0C501B401BC
:106CA0000F94335E0F94115FB7CFC501B4010F94F9
:106CB000325EF8CF10E000E072CFCF92DF92EF9219
:106CC000FF920F931F93CF93DF9300D000D01F92BA
:106CD0001F92CDB7DEB77C0109831A832B833C83D7
:106CE0004D835E836F837887CE0101960F941F2AB0
:106CF0008C018981882351F09B81923008F0BAC0C1
:106D0000823011F0853011F410E000E070E060E0B6
:106D1000C7010E945C28D82EC92E6BEE70E18AE76D
:106D200092E10F9414074AE050E06D2D7C2D8AE724
:106D300092E10F94B50669EE70E18AE792E10F9453
:106D400014074AE050E0B8018AE792E10F94B506D3
:106D50008AE792E10F94A8058091B40C9091B50C4C
:106D6000892BE9F040E050E3B701CE0101960E9483
:106D7000752E70E060E0C7010E94313390E080E042
:106D800028960FB6F894DEBF0FBECDBFDF91CF912E
:106D90001F910F91FF90EF90DF90CF90089581E0C9
:106DA00090E09093B50C8093B40C26E040E855E257
:106DB00060E070E085EE9EE00F946108D0927C1058
:106DC00085EE9EE090937B1080937A1010928A114A
:106DD00010928C1110928B1180ED97E09093051119
:106DE00080930411109207111092061101151105DC
:106DF000E1F185E090E0909309118093081186E01D
:106E00000F94FA3FD82E64E670E080E090E00F9493
:106E10006B3CD1100AC062EE70E18AE792E10F94F8
:106E200014078AE792E10F94A80582ED97E090930A
:106E3000051180930411109207111092061124E697
:106E4000209FC001219F900D1124909309118093E0
:106E5000081186E00F94FA3F1092B50C1092B40C12
:106E6000882359F0682F70E086CF10920911109294
:106E70000811C5CF8FEF9FEF83CF81E090E080CFE7
:106E8000EF92FF920F931F93CF93DF93EC018B014F
:106E90001E821D821A821B821C82E880F980E11406
:106EA000F10459F18091C60C9091C70C892B29F1FE
:106EB000672B09F48701F80180858F708630E9F42B
:106EC0006BEE7AE0C8010F942F29009719F0FC01AE
:106ED00081858A8364ED7BE0C8010F942F29FC0132
:106EE000892B61F180858F70823071F0853079F067
:106EF000F9E0EF0EF11CFE82ED82DF91CF911F9140
:106F00000F91FF90EF90089581858B83F1CF0680DC
:106F1000F781E02D309761F380858F70823041F7E3
:106F200081858B830680F781E02D309709F380857A
:106F30008F708230E9F681858C83DACFF801808109
:106F400091810F940356E1CFFC016115710519F48D
:106F500084819581089586819781681779072CF03F
:106F600084819581860F971F0895828193810C9467
:106F70005C2881E090E008950F931F93CF93DF93F7
:106F8000DC011296ED91FC913097C9F08A01EB017A
:106F90006DE575E0808191810F942F29009779F03C
:106FA000FC0120852F70243051F4A801BE01818599
:106FB0009285DF91CF911F910F910D94263F90E024
:106FC00080E0DF91CF911F910F910895EF92FF9292
:106FD0000F931F93CF93DF93CDB7DEB760970FB6B4
:106FE000F894DEBF0FBECDBF8C017901CE010196B2
:106FF0000E94547CA701BE016F5F7F4FC8010E94B1
:10700000BC3760960FB6F894DEBF0FBECDBFDF91E0
:10701000CF911F910F91FF90EF900895EF92FF9203
:107020000F931F93CF93DF93CDB7DEB760970FB663
:10703000F894DEBF0FBECDBF7B01CA01B9012AE0C3
:10704000AE014F5F5F4F0F940857A801BE016F5FFD
:107050007F4FC7010F94263F60960FB6F894DEBFAE
:107060000FBECDBFDF91CF911F910F91FF90EF9099
:1070700008952F923F924F925F926F927F928F92DC
:107080009F92AF92BF92CF92DF92EF92FF920F93B7
:107090001F93CF93DF93CDB7DEB7A6970FB6F894C3
:1070A000DEBF0FBECDBF6C010F8B188F298F3A8FBB
:1070B0004B8F5C8F6D8F7E8F22E1E216F10480F59D
:1070C000F701E45BFC4F30813F8FCE0147960E9471
:1070D000D62297FD04C0BC01C6010E94F722898D0B
:1070E000D60112968C9312978F898C931196EC91FE
:1070F0001197EF70EC3008F06CC0F0E08827EC5787
:10710000F74C8F4F0D94005EE739AD38AD382E3A0D
:107110009238AC3AFA39383A383A383AFA39FA39D0
:107120001F8ED3CF10E0988D9F709D3008F0C2C4A1
:10713000E92FF0E08827E056F74C8F4F0D94005E62
:10714000E938E33A033BE33AAE3AAE3AE33AE33A9C
:107150005A3D5A3DE33AE33AB539988D9F709D30D8
:1071600008F013C1E92FF0E08827E654F74C8F4F61
:107170000D94005EE93893398639DF38CA38C7384C
:107180006A399539C539C53954395439B5398E8D6F
:10719000F60187838D8DD60116968C9316978C8D6C
:1071A00015968C9315978B8D14968C931497119636
:1071B0008C911197807F892B11968C930AC08D8DAD
:1071C0009E8DF6018683878190FB80F987838C8D65
:1071D0008583BF8DBB2309F464C0F60181818F7064
:1071E0002B2F30E08217130609F45BC06FE172E1C8
:1071F0008AE792E10F941407D60111966C916F7093
:107200004AE050E08AE792E10F94CB056CE172E12D
:107210008AE792E10F9414074AE050E06F8D8AE705
:1072200092E10F94CB056AE172E18AE792E10F9453
:107230001407F601008119821A821B821C821D82AA
:107240001E821F8218868F8D8F709A81907F892B66
:107250008A830983EE24EA94FE2C118122813381F2
:107260004481558166817781CE0101960E9439382B
:10727000D6012C9311963C93119712964C9312972A
:1072800013965C93139714966C93149715967C93AE
:10729000159716968C93169717969C93C6010E9485
:1072A0003FD688E0F60168C18B8D9C8DAD8DBE8D7B
:1072B000B7FD0EC08F3F9105A105B10529F024F05F
:1072C0008FEF90E0A0E0B0E0D60114968C9381CFD0
:1072D00080E0FACF6B8D7C8D8D8D9E8D20E06D3999
:1072E000BFEF7B078B079B076CF02FEF6115E4E680
:1072F0007E078105910534F424E630E040E050E05B
:107300000F94AB5DD60114962C9363CF8D8D9E8D1B
:10731000F6018683878190FB80F987838C8D858336
:107320008B8D848356CF8B8DCFCF8B8C9C8CAD8CEB
:10733000BE8C20E030E0A901C501B4010F943F5C90
:1073400060E087FD0FC020E030E04FE753E4C50167
:10735000B4010F94475F6FEF181624F0C501B40114
:107360000F94185FF601648334CFD60111968C9187
:107370001197807F8C6011968C9311978B8D9C8DCB
:1073800015969C938E93149724CF6FE972E18AE748
:1073900092E10F941407688D6F704AE050E08AE71D
:1073A00092E10F94CB056CE972E18AE792E10F94C8
:1073B0001407F60161816F704AE050E08AE792E1BC
:1073C0000F94CB058AE792E10F94A80502CF988D20
:1073D0009F7011968C911197807F892B11968C93B9
:1073E0008B8D9C8DAD8DBE8DF60184839583A68398
:1073F000B783EFCE988D9F70933089F09C3009F45D
:10740000B4CF4B8D5C8D6D8D7E8DF601448355839D
:10741000668377838181807F892B8183DACE60E0E8
:10742000C6010E946920D60114968C9314978D8D05
:107430009E8D16968C93169717968C91179790FBA6
:1074400080F917968C9317978C8D15968C931597BA
:1074500011968C911197807F8260AECE60E0CE0154
:1074600047960E946920D60114968C931497F0CF0A
:10747000988D9F709D3008F057C0E92FF0E0882765
:10748000EB5BF54C8F4F0D94005EE9385F3A8C3A18
:107490000F3A8C3A8C3A523A7E3A7E3A7E3A6D3ABC
:1074A000793AB5398B8D9C8DAD8DBE8DF601848377
:1074B0009583A683B7838181807F8660AECF6B8DF5
:1074C00070E090E080E00F94445CD60114966D93D8
:1074D0007D938D939C9317977CCE6B8D7C8D8D8D3A
:1074E0009E8D0F94465CF601648375838683978333
:1074F00070CE6B8D7C8D8D8D9E8DE5CFF60181815B
:10750000807F982B91838B8D9C8DAD8DBE8D8483D8
:107510009583A683B7835DCE11968C911197807F5A
:10752000982B11969C935CCF6AE872E18AE792E10E
:107530000F941407688D6F704AE050E08AE792E17B
:107540000F94CB0567E872E18AE792E10F94140784
:10755000D60111966C912FCF11E0E5CD4B8D5C8D4E
:107560006D8D7E8DF601448355836683778381819B
:10757000807F982B918388E0DE01119601900D9217
:107580008A95E1F729813A814B815C816D817E8109
:107590008F819885A6960FB6F894DEBF0FBECDBF3B
:1075A000DF91CF911F910F91FF90EF90DF90CF90DF
:1075B000BF90AF909F908F907F906F905F904F9013
:1075C0003F902F900895963009F442C148F46B8D96
:1075D000913071F06FEF70E0933051F060E008C0CF
:1075E000973009F441C19A506B8D7C8D9230B0F781
:1075F00084E68D8F8E8D8E7F8E8F1C8E888D807F02
:107600008260888F6B8F2C8D30E0AFEFB0E00F94ED
:10761000DD5D812C912C54018A946115F4E67F077D
:107620008105910544F424E630E040E050E00F94F9
:10763000AB5D49015A0114012B8D28A3E22EF12CD8
:10764000112309F474C08E8D8695A82FA150BB0B11
:107650008D010F3F100709F027C1E0E88E16910455
:107660000CF009C18FE790E0881999098E9DD0012F
:107670008F9DB00D9E9DB00D11242FEF30E00F9423
:10768000175E21E83EE740E050E00F94AB5DD60185
:1076900017962C93ABE9B0E0A50194010F94CA5D55
:1076A0002FE7422E512C612C712CA30192010F94D3
:1076B000AB5D2C593F4F4F4F5F4F1901AEEFB1E01B
:1076C000A50194010F94CA5DA30192010F94AB5DD3
:1076D000D7010F94CA5D2FEF30E040E050E00F94E7
:1076E000AB5D79012F3F310521F01CF0EE24EA94C7
:1076F000F12C6AE772E18AE792E10F9414074AE0FD
:1077000050E0B1018AE792E10F94B5066CE672E1B0
:107710008AE792E10F9414074AE050E0B7018AE744
:1077200092E10F94B5068AE792E10F94A80530E044
:1077300020E050E040E070E060E0CE0101960F9460
:10774000F90B122D2D8D3E8D3170AFEFBFEF0F94E1
:10775000DD5D2DE631E040E050E00F94AB5D442765
:107760005527AAEFB5E00F94CA5DDC01CB01905814
:10777000AF4FBF4FCD01BB2797FDB095AB2F8E3FCD
:10778000E1E09E0708F06FC1382F8F3F910508F4A4
:107790008CC14EEF481B50E03FEFF7013196332488
:1077A0002FEF221A320A1095012F10E0329DC001EE
:1077B000339D900D1124292F3327200F311FDF0116
:1077C0000F94175E4B015C018824AA24BB24529DB0
:1077D0009001539D300D1124232F3327200F311F8B
:1077E0000F94175EBB27A92F982F872F882A992AD5
:1077F000AA2A429D9001439D300D1124232F332747
:10780000200F311FDF010F94175EB82FA72F962F7F
:10781000882788279927BB2788299929AA29F6012B
:10782000A6839583848360E472E18AE792E10F94F2
:107830001407C6010E943FD68A859B850F94CF53BB
:107840008F81988597FDC5CC60E00F94263AC1CC16
:107850006B8D7C8D8D8D9E8D24E630E040E050E078
:107860000F94AB5DB901C4CE6B8D7C8D8D8D9E8DDB
:107870000F94115FBDCEA501940120583109410933
:107880005109ABE9B0E00F94CA5D2FE730E040E06A
:1078900050E00F94AB5D2C593F4F4F4F5F4F190194
:1078A000D60117961C9225CF9801AAEBBFEF0F9433
:1078B0000F5E24E630E040E050E00F94AB5D29011C
:1078C0003A01B4E64B0E511C611C711C26E430E0F9
:1078D000D8010F94175E24E630E040E050E00F94AA
:1078E000AB5DDA01C9014E96A11DB11D8BA39CA30E
:1078F000ADA3BEA390E8891691040CF099C08FE760
:1079000090E0881999098E9DD0018F9DB00D9E9DA4
:10791000B00D11242BA13CA14DA15EA10F94D55D0A
:107920009B01AC01AFEFB0E00F94CA5D24E63AE6EC
:1079300040E050E00F94AB5DD60117962C93A50163
:107940009401240D351D461D571DAEEFB1E00F9477
:10795000CA5D23EE30E040E050E00F94AB5D79016A
:107960008A013AA329A3AFEFB0E0A50194010F94D7
:10797000CA5D2FE730E040E050E00F94AB5D1901A5
:10798000E8A1AE2FB0E0A80197010F94CA5D2FEFD8
:1079900030E040E050E00F94AB5D79012F3F3105BE
:1079A00021F01CF0EE24EA94F12C66E672E18AE7FD
:1079B00092E10F9414072AE030E0B301A2018AE7B4
:1079C00092E10F946D0660E672E18AE792E10F940E
:1079D00014072AE030E04BA15CA16DA17EA18AE7EB
:1079E00092E10F946D0668E572E18AE792E10F94E7
:1079F00014074AE050E0B1018AE792E10F94B5061E
:107A000060E572E18AE792E10F9414074AE050E0E2
:107A1000B7018AE792E10F94B50667E472E18AE75D
:107A200092E10F9414074AE050E069A17AA177CE61
:107A3000A50194012058310941095109ABE9B0E091
:107A40000F94CA5D2FE730E040E050E00F94AB5D4B
:107A50002C593F4F4F4F5F4F1901D60117961C927B
:107A60001AA219A2A2CF8C3FF3E09F0768F48D3FC2
:107A700022E0920728F452E0580F3FEF40E08DCE0D
:107A80003CEF381B5FEFFACF8A3F35E0930781F078
:107A90008B3FE4E09E0728F444E0480F5FEF30E0BE
:107AA0007CCE5AEF581B30E001C050E04FEF75CE4E
:107AB00050E0F9CF6EE272E18AE792E10F94140789
:107AC000688D6F704AE050E08AE792E10F94CB0531
:107AD0006BE272E139CD2F923F924F925F926F929B
:107AE0007F928F929F92AF92BF92CF92DF92EF924E
:107AF000FF920F931F93CF93DF93CDB7DEB7C65D91
:107B0000D1090FB6F894DEBF0FBECDBF1C01C7541C
:107B1000DF4F0883C95BD040C654DF4F1883CA5B70
:107B2000D040C554DF4F2883CB5BD040C454DF4FD7
:107B30003883CC5BD040C354DF4F4883CD5BD0400B
:107B4000C254DF4F5883CE5BD040C154DF4F6883AF
:107B5000CF5BD040C054DF4F7883C05CD040CF5360
:107B6000DF4FF982E882C15CD040C253DF4FA88268
:107B7000CE5CD0400E94AD7C4B01CF52DF4F798369
:107B80006883C15DD040683C7105ACF467E77DE077
:107B900085ED91E10F9414074AE050E0B40185EDC2
:107BA00091E10F94B50685ED91E10F94A8052FEFB3
:107BB0003FEF0C941B4A0F946B3ECD52DF4F68830E
:107BC00079838A839B83C35DD040C554DF4F88810E
:107BD000CB5BD040A82FB0E0C953DF4FB983A88357
:107BE000C75CD040E091E20EF091E30EC153DF4F4D
:107BF000F983E883CF5CD040CF53DF4FE881F98130
:107C0000C15CD040309721F0808181110C94484EA6
:107C1000D1011D968C91882341F0C1010D96CF535F
:107C2000DF4F99838883C15CD040C953DF4FE8811F
:107C3000F981C75CD040EF2B11F00C94A44ECF53C8
:107C4000DF4FE881F981C15CD040309711F00C948E
:107C5000514ED1015D960D90BC91A02DC953DF4FBF
:107C6000B983A883C75CD040AB2B11F40C94A44E0D
:107C7000C554DF4F8881CB5BD04081110C94A44E5A
:107C8000C953DF4F6881C75CD040CE0187549F4FF6
:107C90000E94A41FCF55DF4F2883C15AD040CE5534
:107CA000DF4F3883C25AD040CD55DF4F4883C35A87
:107CB000D040CC55DF4F5883C45AD040CB55DF4F0E
:107CC0006883C55AD040CA55DF4F7883C65AD04022
:107CD000C955DF4F8883C75AD040C855DF4F9883B6
:107CE000C85AD0400C94A44ED10112968D919C910B
:107CF000892B09F45CCFC953DF4FE881F981C75C58
:107D0000D0403197A1F4C654DF4F8881CA5BD04080
:107D10008F70F1E0C353DF4FF883CD5CD040811109
:107D200028C0C353DF4F1882CD5CD04022C0C95356
:107D3000DF4F08811981C75CD040012B09F044C096
:107D4000C754DF4F8881C95BD040882309F44EC0F7
:107D50008850823008F44AC0C353DF4F1882CD5C8C
:107D6000D04081E090E0C953DF4F99838883C75C9E
:107D7000D040C754DF4F1881C95BD040112309F4AC
:107D80005DC040E052E060E070E0C1010E948D29DA
:107D9000672B682B692B09F451C01C3009F44EC0C5
:107DA00064E37DE085ED91E10F94140785ED91E1A9
:107DB0000F94A805AAEFBFEFCD53DF4FB983A88377
:107DC000C35CD0400C94FF4EC953DF4F28813981EA
:107DD000C75CD0402430310509F4A3CF29303105E8
:107DE00009F49FCF2330310509F469C0C654DF4F31
:107DF0008881CA5BD0408F7009F461C040E054E0D4
:107E000060E070E0C1010E948D29672B682B692B0F
:107E100009F455C06FE17DE085ED91E10F94140701
:107E200085ED91E10F94A805EAEFFFEFCD53DF4F09
:107E3000F983E883C35CD0400C94FF4EC953DF4FF5
:107E400008811981C75CD04004301105E9F5C2539F
:107E5000DF4FE880CE5CD040C754DF4F0881C95B5C
:107E6000D040C654DF4F1881CA5BD040C554DF4FA5
:107E70002881CB5BD040C454DF4F3881CC5BD040ED
:107E8000C354DF4F4881CD5BD040C254DF4F58818F
:107E9000CE5BD040C154DF4F6881CF5BD040C0542F
:107EA000DF4F7881C05CD040C1010E94BF21CD531B
:107EB000DF4F99838883C35CD0400C94FF4EC3533B
:107EC000DF4F1882CD5CD04013E0C11212C0D10147
:107ED0001A968C91873069F461E07DE08AE792E13F
:107EE0000F9414078AE792E10F94A805E9EFFFEFDA
:107EF0009DCF88E0FE01E754FF4FDE01AF54BF4F36
:107F000001900D928A95E1F7E114F10409F451C052
:107F100064ED7FE0C7010F946F56892B09F450C0C0
:107F20006EED7FE0C7010F946F56892B09F451C0A5
:107F30006CEF7FE0C7010F946F56892B09F452C094
:107F400066E070E1C7010F946F56892B09F453C0A6
:107F500062E970E1C7010F946F56892B09F454C090
:107F60006CE970E1C7010F946F56892B09F466C064
:107F700066E570E1C7010F946F56892B09F461C063
:107F800060E670E1C7010F946F56892B09F45CC05D
:107F900066EA70E1C7010F946F56892B09F457C048
:107FA00068E870E1C7010F946F5603E110E0892B78
:107FB00069F1C553DF4F19821882CB5CD0402CC0C9
:107FC00021E030E0C553DF4F39832883CB5CD040BC
:107FD00023C082E090E0C553DF4F99838883CB5C58
:107FE000D0401AC0A5E0B0E0C553DF4FB983A883E5
:107FF000CB5CD04011C0E6E0F0E0C553DF4FF98321
:10800000E883CB5CD04008C004E110E0C553DF4FEB
:1080100019830883CB5CD040C754DF4F1881C95BFC
:10802000D040143009F4CEC2A8F4112309F47AC068
:10803000412C512C32012FEF3FEF50C325E130E0AE
:10804000C1CF8EE090E0C7CFAFE0B0E0CDCFE6E1AA
:10805000F0E0D3CF88EF810F823050F788E0FE0147
:10806000E754FF4FDE01119601900D928A95E1F7DA
:10807000C654DF4F8881CA5BD0408F7009F445C376
:10808000CE0187549F4F0E948B224B015C018114CB
:108090009104A104B10409F438C3193041F4B09437
:1080A000A09490948094811C911CA11CB11CB101DE
:1080B000CE0187549F4F0F943D3060E0CE0187542E
:1080C0009F4F0E94C61FA2962FAFA297A3963FAFC5
:1080D000A397A4964FAFA497A5965FAFA597A69632
:1080E0006FAFA697A7967FAFA797A8968FAFA897D1
:1080F000A9969FAFA997C953DF4FA881B981C75CE3
:10810000D040AA30B10509F4CFC40CF004C31097D5
:1081100009F45EC3D12C129709F45CC3412C512C95
:10812000320120C519821A821B821C821D821E8286
:108130001F8218868A81807F8A83C654DF4F888198
:10814000CA5BD0408F7009F42FC2C953DF4F08813A
:108150001981C75CD0400A30110509F4DCC18CF4E8
:1081600001151105A9F1412C512C3201D12CAA2461
:10817000AA940230110509F484C0412C512C32011B
:10818000C5C1C953DF4F28813981C75CD0402B302E
:10819000310509F45DC12C30310579F7B101CE010B
:1081A00001960F943D30CE0187549F4F0E94D622F6
:1081B000BC01CE0101960E94F72288E0FE013196B3
:1081C000DE01A754BF4F01900D928A95E1F799C146
:1081D000EF2859F06CEE7CE08AE792E10F941407E7
:1081E0008AE792E10F94A805C8CFC1010E94E95027
:1081F0001816190614F00C94034ECE0187549F4FA5
:108200000E947B21412C512C3201672B682B692B5A
:10821000A1F562E0CE0187549F4F0E94C61FC7564A
:10822000DF4F2883C959D040C656DF4F3883CA591B
:10823000D040C556DF4F4883CB59D040C456DF4F9E
:108240005883CC59D040C356DF4F6883CD59D040B6
:10825000C256DF4F7883CE59D040C156DF4F888356
:10826000CF59D040C056DF4F9883C05AD0404424E5
:10827000439460E1562E612C712CDD24D394AA2402
:10828000A394B101CE0101960F943D308A819CE008
:10829000980F9F70923058F4C654DF4F9881CA5B94
:1082A000D0409F70923019F4807F82608A83D10120
:1082B0001A969C91973069F4C654DF4F8881CA5B47
:1082C000D0408F708250843020F48A81807F826019
:1082D0008A83F101A385B485892F90E0109741F03E
:1082E000ED91FC911197008CF18DE02DCD01199548
:1082F0007C01C754DF4F0881C95BD040C654DF4FB3
:108300001881CA5BD040C554DF4F2881CB5BD04079
:10831000C454DF4F3881CC5BD040C354DF4F488119
:10832000CD5BD040C254DF4F5881CE5BD040C154AA
:10833000DF4F6881CF5BD040C054DF4F7881C05C95
:10834000D040CE0101960E943938C757DF4F2883AD
:10835000C958D040C657DF4F3883CA58D040C55798
:10836000DF4F4883CB58D040C457DF4F5883CC5899
:10837000D040C357DF4F6883CD58D040C257DF4F3E
:108380007883CE58D040C157DF4F8883CF58D04034
:10839000C057DF4F9883C059D040CE0101960E944C
:1083A0003FD6DD2041F1C654DF4F8881CA5BD04003
:1083B0008F709FE0980F9F70923020F08A5F8F70CF
:1083C0008230C8F48A818F7081508230A0F42D8170
:1083D00030E0AFEFB0E00F94DD5D2FEF6115F4E614
:1083E0007F078105910534F424E630E040E050E059
:1083F0000F94AB5D2D8388E0FE013196DE01A7541A
:10840000BF4F01900D928A95E1F708E2502AB12CF6
:108410002FEF3FEFCD53DF4F39832883C35CD0402C
:10842000D1011A968C911A97873009F035C6CF5230
:10843000DF4FE881F981C15DD040EE35F1400CF0AD
:108440000DC46CE97CE085ED91E10F941407ABCB92
:10845000B101CE0101960F943D30C254DF4F988197
:10846000CE5BD0408A81282F2F7041F0223049F016
:10847000412C512C3201BB24B39449C0807F8260CF
:108480008A83892F90E08536910514F084E690E088
:108490008E8388E0FE013196DE01A754BF4F019024
:1084A0000D928A95E1F762E0CE0187549F4F0E94BA
:1084B000A41FCF57DF4F2883C158D040CE57DF4F7E
:1084C0003883C258D040CD57DF4F4883C358D0407F
:1084D000CC57DF4F5883C458D040CB57DF4F688309
:1084E000C558D040CA57DF4F7883C658D040C957C7
:1084F000DF4F8883C758D040C857DF4F9883C8588C
:10850000D040412C48E2542E612C712CB12CD12C3E
:10851000AA24AA947DCFB101CE0101960F943D30DB
:10852000C154DF4F6881CF5BD040C054DF4F7881AA
:10853000C05CD0407170CE0101960E943123D82ECC
:10854000412C512C3201BB24B394882309F388E0D9
:10855000FE013196DE01A754BF4F01900D928A951E
:10856000E1F762E0CE0187549F4F0E94A41FEA9674
:108570002FAFEA97EB963FAFEB97EC964FAFEC97A8
:10858000ED965FAFED97EE966FAFEE97EF967FAFFC
:10859000EF97C158DF4F8883CF57D040C058DF4F87
:1085A0009883C058D040ADCF412C512C32018FEF71
:1085B0009FEFCD53DF4F99838883C35CD040B12CAC
:1085C000D12C6FC2C953DF4FA881B981C75CD0409D
:1085D000199709F469C0C1010E94E95018161906DB
:1085E00094F562E0CE0187549F4F0E94C61FE29629
:1085F0002FAFE297E3963FAFE397E4964FAFE49750
:10860000E5965FAFE597E6966FAFE697E7967FAFA3
:10861000E797E8968FAFE897E9969FAFE9974424EC
:10862000439430E1532E612C712CEFEFFFEFCD53CB
:10863000DF4FF983E883C35CD040B12CDD24D394B1
:10864000AA24A394EDCE61E0CE0187549F4F0E94EF
:10865000C61FAA962FAFAA97AB963FAFAB97AC9623
:108660004FAFAC97AD965FAFAD97AE966FAFAE978D
:10867000AF967FAFAF97E0968FAFE097E1969FAF51
:10868000E1974424439420E1522E612C712C0FEF8A
:108690001FEFCD53DF4F19830883C35CD040B12C4B
:1086A000DD24D394A12CBCCE40E051E060E070E02A
:1086B000C1010E948D29672B682B692BB1F040E026
:1086C00051E060E070E0C1010E943B2944244394E2
:1086D00090E4592E612C712C21E030E0CD53DF4F16
:1086E00039832883C35CD0406ACF40E051E060E02A
:1086F00070E0C1010E9464294424439480E4582E10
:10870000612C712C81E090E054CF05E0802E912CFB
:10871000A12CB12CC2CCC953DF4FE881F981C75CD1
:10872000D040EB30F10509F43AC23C9709F0F6CCA1
:10873000C654DF4F8881CA5BD0408F70823009F009
:1087400080C2C501B40124E630E040E050E00F945F
:10875000AB5DC054DF4F8881C05CD040869590E00F
:10876000280F391F1216130614F021E030E02536C9
:10877000310514F024E630E0220FC054DF4F888129
:10878000C05CD0408170282BC054DF4F2883C05C70
:10879000D04062E0CE0187549F4F0E94A41F2A96CA
:1087A0002FAF2A972B963FAF2B972C964FAF2C9736
:1087B0002D965FAF2D972E966FAF2E972F967FAF8A
:1087C0002F9760968FAF609761969FAF6197C5C1F5
:1087D000DD24D394D1011B968D919C911C97009719
:1087E00081F51A968C9190E0A0E54A2E512C612CCF
:1087F000712C8530910549F0412C512C3201449760
:1088000021F0412C512C32014A94C654DF4FE881AB
:10881000CA5BD040EF70E150EB3008F02BC1F0E0C4
:108820008827EA5EFB4B8F4F0D94005E2944294454
:108830003A453A453A450745D144D144D14462448A
:108840006244DC01ED91FC91008CF18DE02D1995D5
:10885000CBCFC354DF4F1881CD5BD040C501B401ED
:1088600024E630E040E050E00F94AB5DDA01C9014E
:10887000810F911DA11DB11DB7FF03C080E090E0E5
:10888000DC018F3F9105A105B10529F024F08FEFA0
:1088900090E0A0E0B0E0C354DF4F8883CD5BD040D0
:1088A00062E675E08AE792E10F94FE06CE018754F6
:1088B0009F4F0E943FD6412CF8E25F2E612C712C15
:1088C000B12CE7C0C354DF4FE880F9800A811B81D7
:1088D000CD5BD040B4E68B169104A104B104DCF565
:1088E000A4E6B0E0A80197010F94CA5D860E971E1A
:1088F000A81EB91E4114510461047104B9F0A3010A
:1089000092010F94CA5D362F272FB501A40177FF7E
:1089100003C040E050E0BA01832E922E5C0148155E
:1089200059056A057B0514F44A015B01C354DF4F06
:1089300088829982AA82BB82CD5BD040C654DF4F29
:108940008881CA5BD040807F8660C654DF4F8883B1
:10895000CA5BD040A5CFC501B40124E630E040E0B9
:1089600050E00F94AB5DE20EF31E041F151F41147F
:1089700051046104710461F017FF03C0E12CF12C74
:1089800087014E145F046006710614F483017201BE
:10899000C354DF4FE882F9820A831B83CD5BD0404A
:1089A0007FCFC354DF4F688179818A819B81CD5B02
:1089B000D0400F94115F7B018C01C501B40124E606
:1089C00030E040E050E00F94AB5DCA01B9016E0D9C
:1089D0007F1D801F911F411451046104710461F0D7
:1089E00097FF03C060E070E0CB01461657066806AB
:1089F000790614F4C301B2010F94465CC354DF4FEF
:108A0000688379838A839B83CD5BD04049CFC354ED
:108A1000DF4F88819981AA81BB81CD5BD040880ED0
:108A2000991EAA1EBB1E4114510461047104C9F0B1
:108A3000A4E6B0E0A30192010F94CA5D362F272F60
:108A4000B501A40177FF03C040E050E0BA01832ED6
:108A5000922E5C01481559056A057B0514F44A01FC
:108A60005B01C354DF4F88829982AA82BB82CD5BAF
:108A7000D04016CF88E0FE013196DE01A754BF4FEB
:108A800001900D928A95E1F7412C512C3201BB24C3
:108A9000B3940FEF1FEFCD53DF4F19830883C35CEF
:108AA000D040AA24AA94BCCCC654DF4F8881CA5BAC
:108AB000D0408F70823009F057C0C501B40124E660
:108AC00030E040E050E00F94AB5DC154DF4F88814F
:108AD000CF5BD040C054DF4F6881C05CD040962F40
:108AE0009170280F391F2E36E1E03E072CF437FF36
:108AF00005C02DE631E002C030E020E0C154DF4F78
:108B00002883CF5BD040C054DF4F8881C05CD04009
:108B100030FB80F9C054DF4F8883C05CD04062E0F6
:108B2000CE0187549F4F0E94A41F6A962FAF6A9769
:108B30006B963FAF6B976C964FAF6C976D965FAF30
:108B40006D976E966FAF6E976F967FAF6F97A0968B
:108B50008FAFA097A1969FAFA197412CE8E25E2E20
:108B6000612C712CB12C19C088E0FE013196DE0118
:108B7000A754BF4F01900D928A95E1F760EE7CE01B
:108B800085ED91E10F94140785ED91E10F94A8050F
:108B9000412C512C3201BB24B394D12C7ACFC65432
:108BA000DF4F8881CA5BD0408F708230E9F5C50104
:108BB000B40124E630E040E050E00F94AB5DC254D5
:108BC000DF4F8881CE5BD04090E0280F391F37FF00
:108BD00002C030E020E02536310514F024E630E014
:108BE000C254DF4F2883CE5BD04062E0CE01875471
:108BF0009F4F0E94A41F62962FAF629763963FAF6C
:108C0000639764964FAF649765965FAF6597669676
:108C10006FAF669767967FAF679768968FAF6897D5
:108C200069969FAF699799CF88E0FE013196DE0182
:108C3000A754BF4F01900D928A95E1F764ED7CE057
:108C40009FCF88E0FE013196DE01A754BF4F01900F
:108C50000D928A95E1F768EC7CE092CFC0FC79C078
:108C60001496ED91FC9180858F70853009F071C06C
:108C7000C153DF4FE881F981CF5CD040359709F4CB
:108C800068C0C953DF4F08811981C75CD0400130EB
:108C9000110511F00C94C54FC754DF4F8881C95B93
:108CA000D0408A50823010F00C941F4F64E87CE072
:108CB0008AE792E10F941407D1011296ED91FC918D
:108CC000608171818AE792E10F94FE068AE792E162
:108CD0000F94A805C754DF4F8881C95BD0408A3004
:108CE00079F08B30C9F030E020E040E050E460E003
:108CF00070E0C1010E94B92F01E010E00C94F94E20
:108D000040E051E060E070E0C1010E943B296AE070
:108D1000C1010E94562EE7CFC253DF4FB881CE5C0F
:108D2000D040B1110DC06BE67CE085ED91E10F9470
:108D3000140785ED91E10F94A805EBEFFFEF76C8DE
:108D400040E051E060E070E0C1010E9464296BE006
:108D5000DFCF10E0C553DF4F28813981CB5CD04095
:108D6000232B11F40C94B34FCF53DF4F1982188289
:108D7000C15CD0400C94B34F863011F40C94D44FA6
:108D8000873011F00C94C24FC1010E941D2F082F93
:108D9000863009F066C06FE37CE08AE792E10F94C9
:108DA00014074AE050E066E070E08AE792E10F9431
:108DB000B5068AE792E10F94A80562E0CE018754D8
:108DC0009F4F0E94C61F29AF3AAF4BAF5CAF6DAF4C
:108DD0007EAF8FAF21969FAF21973EC0C1010E9409
:108DE0001D2F853019F083E090E061C866E57CE0D6
:108DF0008AE792E10F9414074AE050E065E070E0E2
:108E00008AE792E10F94B5068AE792E10F94A805EC
:108E1000B101CE0187549F4F0F943D3061E0CE01E8
:108E200087549F4F0E94C61F22962FAF22972396EA
:108E30003FAF239724964FAF249725965FAF259792
:108E400026966FAF269727967FAF279728968FAFE6
:108E5000289729969FAF2997689440F854F80C9466
:108E6000C24F61E27CE08AE792E10F941407602F21
:108E700070E04AE050E08AE792E10F94B5068AE795
:108E800092E10F94A805A3E0B0E00C94DC3EA110A1
:108E90000C94EE4FB101CE0187549F4F0F943D309B
:108EA00061E0CE0187549F4F0E94C61F29AB3AABA9
:108EB0004BAB5CAB6DAB7EAB8FAB98AF689440F8BF
:108EC00054F866E0962ED301C201689440F8C55468
:108ED000DF4F2881CB5BD040223060F4C754DF4F96
:108EE0002881C95BD040222329F02C013D016894E0
:108EF00040F854F8C654DF4F8881CA5BD0408F7069
:108F000009F4BFC0689455F8112311F0E89455F89E
:108F1000A201B101CE0187549F4F0E94752EA1E09E
:108F2000B0E0CD53DF4FB983A883C35CD040B1100C
:108F300066C6D1011B968D919C91009709F407C3D9
:108F4000DC01ED91FC910488F589E02DC754DF4FD9
:108F50000881C95BD040C654DF4F1881CA5BD0403E
:108F6000C554DF4F2881CB5BD040C454DF4F3881DC
:108F7000CC5BD040C354DF4F4881CD5BD040C2545E
:108F8000DF4F5881CE5BD040C154DF4F6881CF5B4B
:108F9000D040C054DF4F7881C05CD040199581111A
:108FA000D6C265ED7AE085ED91E10F94140785ED69
:108FB00091E10F94A80556FC07C66DE87AE08AE7B0
:108FC00092E10F9414074AE050E0CD53DF4F6881DF
:108FD0007981C35CD0408AE792E10F94B50666E8D8
:108FE0007AE08AE792E10F9414070F946B3EAB018D
:108FF000BC01CD52DF4F088119812A813B81C35DBD
:10900000D040401B510B620B730B2AE030E08AE723
:1090100092E10F94C3058AE792E10F94A805EFC689
:1090200062EF7BE08AE792E10F94140703E010E01F
:10903000E0C62FEFA2120FC0C1010E94E950AA247E
:10904000A394181619064CF065ED7BE08AE792E1CF
:109050000F941407C8CEAA20B9F362E0CE0187545A
:109060009F4F0E94C61F29A73AA74BA75CA76DA7D1
:109070007EA78FA798AB689440F854F855E0952EDA
:1090800022CF40E050E2B101CE0187549F4F0E94B1
:109090002A2F811137CF38CFBFEFAB125FC0C1018C
:1090A0000E94E950AA24A394181619060CF459C07A
:1090B000A12C67EC7BE08AE792E10F9414070A2D5C
:1090C0000A2C000C110B4AE050E0B8018AE792E14B
:1090D0000F94B50660EC7BE08AE792E10F941407E9
:1090E0006D2D70E04AE050E08AE792E10F94B506FA
:1090F0008AE792E10F94A805CF53DF4FE880F9800B
:10910000C15CD040E114F104A9F1C1010E941D2FFE
:10911000882E912C8114910409F44801C553DF4F26
:10912000E881F981CB5CD040309709F44BC08E16B2
:109130009F06D1F064EA7BE08AE792E10F9414077E
:109140004AE050E0B4018AE792E10F94B5068AE75D
:1091500092E10F94A8050DEF1FEF4BC6AA2009F46A
:10916000A8CFDD24D394A5CFCF53DF4F1982188227
:10917000C15CD040C754DF4F9880C95BD040B6E196
:10918000B91508F4D0C1E92DF0E08827E553F74B75
:109190008F4F0D94005E2049514A424A5D49204953
:1091A000254AE349A14920492049904A904AA04ACA
:1091B000A04A734A734A934A934A934A734A734A3A
:1091C000734A734AD1011B968D919C91009709F4C3
:1091D000D1CFDC01ED91FC910088F189E02DC253E3
:1091E000DF4FA880CE5CD040CD2CC754DF4F088124
:1091F000C95BD040C654DF4F1881CA5BD040C5540C
:10920000DF4F2881CB5BD040C454DF4F3881CC5B2B
:10921000D040C354DF4F4881CD5BD040C254DF4FB4
:109220005881CE5BD040C154DF4F6881CF5BD040C6
:10923000C054DF4F7881C05CD04019950C94573FE3
:10924000912CC353DF4F3881CD5CD040332309F4D8
:109250006ECEC253DF4FC880CE5CD0407801CF5471
:10926000DF4F0881C15BD040CE54DF4F1881C25B15
:10927000D040CD54DF4F2881C35BD040CC54DF4F6A
:109280003881C45BD040CB54DF4F4881C55BD040B0
:10929000CA54DF4F5881C65BD040C954DF4F688144
:1092A000C75BD040C854DF4F7881C85BD040C10154
:1092B0000E941D2DE89455F83ACEC1010E941D2F41
:1092C000853009F090CD6FE87BE08AE792E10F945A
:1092D00014074AE050E065E070E08AE792E10F94FD
:1092E000B5068AE792E10F94A805B101CE01875433
:1092F0009F4F0F943D30F1018285853099F46EE0E7
:10930000CE0187549F4F0E94C61F29A33AA34BA3A7
:109310005CA36DA37EA38FA398A7689440F854F82C
:10932000912C7EC061E0CE0187549F4F0E94C61FE2
:10933000298F3A8F4B8F5C8F6D8F7E8F8F8F98A385
:10934000ECCFC1010E941D2FF82EF6E08F1328C02C
:1093500068E77BE08AE792E10F9414074AE050E067
:1093600066E070E08AE792E10F94B5068AE792E141
:109370000F94A80562E0CE0187549F4F0E94C61F3C
:10938000298B3A8B4B8B5C8B6D8B7E8B8F8B988F65
:1093900040E050E068E070E0C1010E943B29BDCF91
:1093A0006AE57BE08AE792E10F9414076F2D70E085
:1093B0004AE050E08AE792E10F94B5068AE792E12D
:1093C0000F94A80533CE40E051E060E070E0C101A9
:1093D0000E948D29672B682B692BA1F5A11023C052
:1093E000B101CE0187549F4F0F943D3061E0CE0113
:1093F00087549F4F0E94C61F29873A874B875C87F7
:109400006D877E878F87988B40E050E068E070E042
:10941000C1010E946429689440F854F846E0942EF3
:10942000DD24D3940ECF60E47BE08AE792E10F94D1
:10943000140723E030E0CD53DF4F39832883C35C2A
:10944000D040DDC46BE27BE001CEAA20A1F062E057
:10945000CE0187549F4F0E94C61F29833A834B83B6
:109460005C836D837E838F839887689440F854F87B
:1094700035E0932ED5CF6EE07BE08AE792E10F9442
:10948000140701CDC554DF4F8881CB5BD0408230BB
:1094900008F046CFC1010E941D2F853009F03DCF55
:1094A000A2CCC554DF4F8881CB5BD040823008F01E
:1094B00037CFAA20C1F065EF7AE08AE792E10F94F6
:1094C000140761E0C1010E94562ECF53DF4F28815F
:1094D0003981C15CD04040E058E160E070E0C101FA
:1094E0000E94B92F81C5C554DF4F8881CB5BD04026
:1094F000823008F015CF992009F492CFC654DF4F7F
:109500008881CA5BD0408F7031F4B101CE0187549D
:109510009F4F0F943D30689440F8F0E35F2A00CFEE
:10952000689456F8FDCEC654DF4F8881CA5BD040A0
:109530008F7019F4689454F8F3CE20E3522AF0CED9
:10954000912C412C20E4522E612C712C69CFF10119
:1095500083859485892B09F4C7C0411451046104A3
:10956000710439F0A201B101CE0187549F4F0E94CE
:10957000752ED1011B968D919C91CF53DF4FE880C2
:10958000F980C15CD040DC01ED91FC910088F1894B
:10959000E02DC253DF4FA880CE5CD040CD2CC75405
:1095A000DF4F0881C95BD040C654DF4F1881CA5BCA
:1095B000D040C554DF4F2881CB5BD040C454DF4F2F
:1095C0003881CC5BD040C354DF4F4881CD5BD04065
:1095D000C254DF4F5881CE5BD040C154DF4F688109
:1095E000CF5BD040C054DF4F7881C05CD04019952C
:1095F000CD53DF4F99838883C35CD040F1018385CD
:109600009485DC01ED91FC91008CF18DE02D199594
:10961000059711F4689440F856FCD3C2992021F0C4
:10962000692DC1010E94562EC153DF4FA881B98117
:10963000CF5CD040159709F4C0CC30E020E0B301F6
:10964000A201C1010E94B92FC353DF4FB881CD5C85
:10965000D040BB2309F4B1CCCF53DF4F888199812F
:10966000C15CD040892B09F4A8CC68E97AE08AE78C
:1096700092E10F9414078AE792E10F94A805CF5363
:10968000DF4FA880B980C15CD040812C730162019A
:10969000CF54DF4F0881C15BD040CE54DF4F1881DB
:1096A000C25BD040CD54DF4F2881C35BD040CC5447
:1096B000DF4F3881C45BD040CB54DF4F4881C55B5E
:1096C000D040CA54DF4F5881C65BD040C954DF4FE9
:1096D0006881C75BD040C854DF4F7881C85BD040F9
:1096E000C1010E94B12969CC8285863009F483C00A
:1096F00080F5843009F4B5C1853009F08FCF41146D
:1097000051046104710439F0A201B101CE01875402
:109710009F4F0E94752EC953DF4F28813981C75C46
:10972000D0402230310509F498C12330310509F4C5
:10973000EBC02130310509F071CF689440F854F83E
:1097400021E030E0CD53DF4F39832883C35CD04024
:1097500065CF883009F4E9C1893009F05FCF411441
:1097600051046104710439F0A201B101CE018754A2
:109770009F4F0E94752EDD2009F450CFAA2079F06A
:10978000C754DF4F8881C95BD040813041F4C65453
:10979000DF4F8881CA5BD0408F7009F43FCFC75438
:1097A000DF4F0881C95BD040C654DF4F1881CA5BC8
:1097B000D040C554DF4F2881CB5BD040C454DF4F2D
:1097C0003881CC5BD040C354DF4F4881CD5BD04063
:1097D000C254DF4F5881CE5BD040C154DF4F688107
:1097E000CF5BD040C054DF4F7881C05CD040C10116
:1097F0000E945D3681C1C754DF4FD880C95BD0401D
:10980000DD2009F47CCF70E060E0C1010E945C289B
:109810008C01411451046104710439F0A201B101B9
:10982000CE0187549F4F0E94752E0115110509F432
:10983000F5CEF12CE12C17FF06C011950195110909
:10984000EE24E394F12CC80101978634910508F0C9
:10985000E5CEC02E61E0802F0F94263AEFEFED0D9C
:10986000E63108F04DC0F0E08827E65CF34B8F4FFF
:109870000D94005E504C524C804C804C524C504CDD
:10988000524C804C804C804C804C804C804C504CD6
:10989000504C804C804C804C504C804C504C504C28
:1098A000F1E0EF266E2D8C2D0F94F83960ED7AE003
:1098B0008AE792E10F9414074AE050E0B8018AE782
:1098C00092E10F94B5066EEC7AE08AE792E10F948C
:1098D00014074AE050E0B7018AE792E10F94B50619
:1098E0008AE792E10F94A805689440F854F801E0E3
:1098F00010E0CD53DF4F19830883C35CD0408ECE78
:10990000EE24EA94FE2CD2CFC1010E94FA276B010B
:109910007C01892B61F56EEB7AE08DEC91E10F947F
:109920001407D1011296ED91FC91608171818DEC4B
:1099300091E10F94FE066EE675E08DEC91E10F94D7
:10994000FE062AE030E0B701A6018DEC91E10F940C
:109950006D068DEC91E10F94A805D1011296ED9161
:10996000FC916081718184E795E00F948C3FCE017A
:1099700087549F4F0E94352120E030E048EC52E4AC
:109980000F94A55C0F94115FC953DF4F68837983EF
:109990008A839B83C75CD040C953DF4FC880D9807E
:1099A000C75CD0404FEF5FEF60E070E088E00F945D
:1099B000FB25CD53DF4F688379838A839B83C35C08
:1099C000D040CD53DF4FE880F980C35CD04067EBD7
:1099D0007AE08AE792E10F941407D1011296ED9193
:1099E000FC91608171818AE792E10F94FE0663EB3E
:1099F0007AE08AE792E10F9414074AE050E0C953F5
:109A0000DF4F68817981C75CD0408AE792E10F948B
:109A1000B5066EEA7AE08AE792E10F9414074AE00D
:109A200050E0CD53DF4F68817981C35CD0408AE735
:109A300092E10F94C5058AE792E10F94A805B7015A
:109A4000A601C1010E94B927E1E0F0E0CD53DF4F4C
:109A5000F983E883C35CD040E1CD689440F855F8C1
:109A600046CF411451046104710439F0A201B101DF
:109A7000CE0187549F4F0E94752EDD2009F4CECD74
:109A8000C754DF4F8881C95BD040AA20E1F1813003
:109A900041F4C654DF4F8881CA5BD0408F7009F40F
:109AA000BDCDC754DF4F0881C95BD040C654DF4FDE
:109AB0001881CA5BD040C554DF4F2881CB5BD040B2
:109AC000C454DF4F3881CC5BD040C354DF4F488152
:109AD000CD5BD040C254DF4F5881CE5BD040C154E3
:109AE000DF4F6881CF5BD040C054DF4F7881C05CCE
:109AF000D040C1010E948934CD53DF4F99838883C0
:109B0000C35CD0408BCD813061F6CE0187549F4F2E
:109B10000F941F2A449728F6CE0187549F4F0F9425
:109B2000F029689440F855F8BCCF41145104610401
:109B3000710439F0A201B101CE0187549F4F0E94F8
:109B4000752EDD2009F46ACDAA2079F0C754DF4FC5
:109B50008881C95BD040813041F4C654DF4F888191
:109B6000CA5BD0408F7009F459CDC754DF4F0881CC
:109B7000C95BD040C654DF4F1881CA5BD040C55482
:109B8000DF4F2881CB5BD040C454DF4F3881CC5BA2
:109B9000D040C354DF4F4881CD5BD040C254DF4F2B
:109BA0005881CE5BD040C154DF4F6881CF5BD0403D
:109BB000C054DF4F7881C05CD040C1010E94423563
:109BC0009BCF81E090E098CFC153DF4FE881F981CE
:109BD000CF5CD040359709F4F0C940E050E4B101C2
:109BE000CE0187549F4F0E94752E30E020E040E068
:109BF00050E460E070E0C1010E94B92FDEC9ACEF13
:109C0000BFEF0C94DC3ECE0187549F4F0E947B2116
:109C10002B013C014114510461047104A1F161E084
:109C2000CE0187549F4F0E94C61FCF56DF4F288317
:109C3000C159D040CE56DF4F3883C259D040CD569F
:109C4000DF4F4883C359D040CC56DF4F5883C459A7
:109C5000D040CB56DF4F6883C559D040CA56DF4F3E
:109C60007883C659D040C956DF4F8883C759D04042
:109C7000C856DF4F9883C859D0404424439450E1DC
:109C8000552E612C712CDD24D394A12C0C944141D0
:109C9000C953DF4F08811981C75CD040012B09F0FF
:109CA00053C08081882311F40C94293ECE018F5338
:109CB0009F4F0E947026C953DF4F99838883C75CEA
:109CC000D040C554DF4F8881CB5BD040811132C07A
:109CD000C953DF4F6881C75CD040CE0187549F4F86
:109CE0000E94A41FC755DF4F2883C95AD040C655CC
:109CF000DF4F3883CA5AD040C555DF4F4883CB5A0F
:109D0000D040C455DF4F5883CC5AD040C355DF4FA5
:109D10006883CD5AD040C255DF4F7883CE5AD040A9
:109D2000C155DF4F8883CF5AD040C055DF4F98834D
:109D3000C05BD040C953DF4FE881F981C75CD04098
:109D4000EF2B11F40C94293E6CE67DE08AE792E15A
:109D50000F9414074AE050E0B4018AE792E10F94AF
:109D6000B50665E67DE08AE792E10F941407D1011C
:109D70001296ED91FC91608171818AE792E10F94D6
:109D8000FE066FE57DE08AE792E10F941407CF535A
:109D9000DF4F68817981C15CD0408AE792E10F94FE
:109DA000FE066DE57DE08AE792E10F941407CE018F
:109DB00087549F4F0E943FD6CF53DF4FE880F980F2
:109DC000C15CD040E114F10411F40C94743EF7012D
:109DD0008081843211F00C94743E69E47DE08AE75E
:109DE00092E10F9414078AE792E10F94A8050CEF13
:109DF0001FEFCD53DF4F19830883C35CD040CD5391
:109E0000DF4F88819981C35CD040CA52DF4F0FB6C3
:109E1000F894DEBF0FBECDBFDF91CF911F910F91A0
:109E2000FF90EF90DF90CF90BF90AF909F908F907A
:109E30007F906F905F904F903F902F9008951FEF0D
:109E4000A11212C0C1010E94E950AA24A3941816BD
:109E500019060CF0A12CC953DF4F28813981C75C4A
:109E6000D0402130310599F4C754DF4F8881C95B58
:109E7000D040863061F440E051E060E070E0C10124
:109E80000E948D29672B682B692B09F082C0CF5364
:109E9000DF4F28813981C15CD040D10114966D918A
:109EA0007C91EC2CC253DF4F0881CE5CD040AE01D8
:109EB00047545F4FC1010E94F84FC353DF4FB88131
:109EC000CD5CD04010E0BB23C1F1C253DF4FC8804E
:109ED000CE5CD040EE24EA94FE2CCF54DF4F0881B4
:109EE000C15BD040CE54DF4F1881C25BD040CD540F
:109EF000DF4F2881C35BD040CC54DF4F3881C45B37
:109F0000D040CB54DF4F4881C55BD040CA54DF4FAF
:109F10005881C65BD040C954DF4F6881C75BD040D1
:109F2000C854DF4F7881C85BD040C1010E941D2D0D
:109F3000C353DF4F1881CD5CD040CF53DF4F8881B2
:109F40009981C15CD040892B11F40C94AA46C55369
:109F5000DF4FE881F981CB5CD040EF2B11F00C94FE
:109F6000B446689440F8C754DF4F8881C95BD0403D
:109F7000853009F45EC810F00C94BC46833011F4AF
:109F80000C94EE46912C0C9463472FEFA2127FCFD6
:109F900059CFC553DF4F88819981CB5CD04010E009
:109FA000892B11F00C94B44640E051E060E070E081
:109FB000C1010E948D29672B682B692B11F00C942D
:109FC0001048BFEFAB120C944747C1010E94E95003
:109FD000A12C1816190614F00C944A4767E07CE08F
:109FE0008AE792E10F941407E3E0F0E00C94163F47
:109FF0002F923F924F925F926F927F928F929F9299
:10A00000AF92BF92CF92DF92EF92FF920F931F9386
:10A01000CF93DF93CDB7DEB7A4970FB6F894DEBF2A
:10A020000FBECDBFFC016115710509F4D0C0DB0185
:10A0300018969C919F70953009F0C9C0EBA20AA3B5
:10A0400019013A01F9A3E8A3FB01468057808091EA
:10A05000690D8F5F8093690DFE2DF160FCA34114A3
:10A06000510409F4AFC0D20118968C918F708430DE
:10A0700049F018F0873008F491C0D20112964D9043
:10A080005C90EDCFF20161857285A8A1B9A18D9197
:10A090009C910F942F294C01009779F3FC01808546
:10A0A0008F70853051F740916D0D50916E0DB40158
:10A0B000CE0101960E9409336114710419F1CE0199
:10A0C00001960E9493268823E9F0AAA0CCA07101F2
:10A0D000D3010C9111961C91119712962C91129705
:10A0E00013963C91139714964C91149715965C9186
:10A0F000159716966C91169717967C91CE0101963E
:10A100000E946B3D8B858730A9F561E0C4010F94F7
:10A11000E129EBA00AA19101A301BC0188A199A1A9
:10A120000E94F84F61147104A1F5882391F1809188
:10A13000690D81508093690DCE0101960E94D6323F
:10A1400081E0A4960FB6F894DEBF0FBECDBFDF91BD
:10A15000CF911F910F91FF90EF90DF90CF90BF9024
:10A16000AF909F908F907F906F905F904F903F90B7
:10A170002F9008956114710461F4CE0101960E943C
:10A180009326882331F0CE0101960E94E950892B55
:10A1900071F6CE0101960E94D6326FCF912C812CA0
:10A1A000B12CA12CD12CC12CF301E080F1800281D3
:10A1B000138124813581468157816FEFC2010E944E
:10A1C00019835BCF8091690D81508093690D80E088
:10A1D000B8CFCF92DF92EF92FF920F931F93CF935E
:10A1E000DF9300D000D01F921F92CDB7DEB76C0175
:10A1F00019821A821B821C821D821E821F8218866F
:10A200008A81807F8A836AEB7DE08AE792E10F94FE
:10A210001407D6011296ED91FC91608171818AE755
:10A2200092E10F94FE0668EB7DE08AE792E10F94DD
:10A230001407C6010E94932681111CC06FEA7DE0BD
:10A240008AE792E10F9414078AE792E10F94A80538
:10A250000FEF1FEFC80128960FB6F894DEBF0FBEB0
:10A26000CDBFDF91CF911F910F91FF90EF90DF90C5
:10A27000CF900895C6010E941D2FF82EF601838508
:10A280009485009791F0DC01ED91FC910288F389AF
:10A29000E02D19958C0197FD08C081E0011511058D
:10A2A00009F480E00E94281DD5CFF6018285873011
:10A2B00009F431C0EFEFEF0DE63108F02CC0F0E00B
:10A2C0008827EA59FE4A8F4F0D94005E7C518551D4
:10A2D0008B518B5185517C518B518B518B518B51B3
:10A2E0008B518B518B517C518B518B518B518B519D
:10A2F0007C517C517C517C5160E97DE08AE792E1A0
:10A300000F94140701E010E0A5CF80E00E94281D03
:10A3100010E000E09FCF40E050E2B601CE01019690
:10A320000E942A2FD6011A968C911A97873089F1AC
:10A3300060F4833009F459C0843061F060EA7DE054
:10A340008AE792E10F941407E3CF883009F44DC0F7
:10A350008930A1F760E0CE0101960E9469208C014E
:10A3600065E97DE08AE792E10F9414074AE050E046
:10A37000B8018AE792E10F94B5068AE792E10F945B
:10A38000A80591E080E0012B09F490E0092F182F37
:10A3900061CF1496ED91FC9180858F7010E000E004
:10A3A0008530F1F66DEA7DE08AE792E10F941407BB
:10A3B000F60164817581E12C00E030E020E050E09E
:10A3C00040E0C6010E94F84FF82E082F10E06AEA1C
:10A3D0007DE08AE792E10F9414078F2D0E94281DDB
:10A3E0008AE792E10F94A80535CFCE0101960E942D
:10A3F0007B218B01B5CFAF92CF92EF92FF920F935B
:10A400001F93CF93DF9300D000D01F921F92CDB740
:10A41000DEB719821A821B821C821D821E821F8255
:10A4200018861A81107FA12CC12CF12CE12C02E09E
:10A430002B813C8140E05E816F8178850E946B3D7D
:10A4400028960FB6F894DEBF0FBECDBFDF91CF9137
:10A450001F910F91FF90EF90CF90AF9008952F92A2
:10A460003F924F925F926F927F928F929F92AF92A4
:10A47000BF92CF92DF92EF92FF920F931F93CF93F1
:10A48000DF93CDB7DEB7CF55D1090FB6F894DEBF55
:10A490000FBECDBF3C016A967FAF6EAF6A9740E0BA
:10A4A00050E860E070E00E948D29672B682B692BD3
:10A4B00009F45DC019821A821B821C821D821E82D1
:10A4C0001F8218868A81807F8A8340E050E3B3012F
:10A4D000CE0101960E942A2FD3011B968D919C914B
:10A4E000892B09F42EC140E050E860E070E0C30120
:10A4F0000E943B296DE07EE08AE792E10F94140709
:10A50000F30183859485DC01ED91FC910088F1894C
:10A51000E02DA12CCC24C394F12CE12C09811A81CB
:10A520002B813C814D815E816F8178851995D301A6
:10A530001296ED91FC918F3F9807C9F0608171816F
:10A54000892B09F068C18AE792E10F94FE0660ED5D
:10A550007DE08AE792E10F94140768EC7DE08AE7DA
:10A5600092E10F9414078AE792E10F94A80565E041
:10A57000F301828193810F94E1296C969FAF8EAF96
:10A580006C97009709F485C1DC011896BC916E9612
:10A59000BFAF6E97B295BF706D96BFAF6D97FC0160
:10A5A00021843284438454840F946B3E6D96FFADB6
:10A5B0006D97FF2309F46DC1261A370A480A590A14
:10A5C00019A21AA21BA21CA21DA21EA21FA218A69B
:10A5D0008AA1807F8B608AA3F9A3B201A101CE0179
:10A5E00081960E94E81F61962FAF619762963FAFF8
:10A5F000629763964FAF639764965FAF6497659673
:10A600006FAF659766967FAF669767968FAF6797D0
:10A6100068969FAF68976A968EAD9FAD6A970497CC
:10A6200071F588248394B12CA12CC12CD12C30E15C
:10A63000E32EF12C09A11AA12BA13CA14DA15EA1F1
:10A640006FA178A5C3010E94B129C201B10128EE12
:10A6500033E040E050E00F94AB5DBA01A9012AE07D
:10A6600030E08AE792E10F946D066DE17FE08AE7C2
:10A6700092E10F9414078AE792E10F94A80557FE20
:10A6800008C192E029163104410490E859060CF4FF
:10A6900000C10E94AD7C1B01A0967FAF6EAFA0975A
:10A6A00088248394B12CA12CC12CD12C20E1E22E42
:10A6B000F12C09A11AA12BA13CA14DA15EA16FA172
:10A6C00078A5C3010E94B129A096AEADBFADA097F9
:10A6D000A83CB1050CF0ACC064E07FE085ED91E1F1
:10A6E0000F9414074AE050E0B10185ED91E10F9419
:10A6F000B50685ED91E10F94A805EFEFFFEF6A969F
:10A70000FFAFEEAF6A976A968EAD9FAD6A97C15A5A
:10A71000DF4F0FB6F894DEBF0FBECDBFDF91CF91F4
:10A720001F910F91FF90EF90DF90CF90BF90AF906F
:10A730009F908F907F906F905F904F903F902F9061
:10A740000895F3018285883009F445C0893019F1F4
:10A75000843009F00CCF8091B40C9091B50C892B0A
:10A7600009F005CF40E050E860E070E0C3010E94CE
:10A770003B2968EF7DE08AE792E10F941407098195
:10A780001A812B813C814D815E816F817885C30167
:10A790000E948934CCCE8091B40C9091B50C892B59
:10A7A00009F0E5CE40E050E860E070E0C3010E94AF
:10A7B0003B2967EE7DE08AE792E10F941407098157
:10A7C0001A812B813C814D815E816F817885C30127
:10A7D0000E945D36ACCE8091B40C9091B50C892B63
:10A7E00009F0C5CE40E050E860E070E0C3010E948F
:10A7F0003B2962ED7DE08AE792E10F94140709811D
:10A800001A812B813C814D815E816F817885C301E6
:10A810000E9442358CCE8AE792E10F94FE0666ECE8
:10A820007DE08AE792E10F94140762EC7DE097CE19
:10A830006C96AEADBFAD6C9718968C9118978F70D3
:10A8400018968C9319821A821B821C821D821E828A
:10A850001F8218868A81807F8A836D96BFAD6D972F
:10A86000B9836E968FAD6E978F70AA24A3948730AC
:10A8700009F0A12C92E0C92EF12CE12C09811A815A
:10A880002B813C814D815E816F817885C3010E945F
:10A890006B3D6A96EEADFFAD6A97319759F4D301DF
:10A8A0001A968C91843089F0893009F477C1C301FC
:10A8B0000E943430F30183859485009709F08EC49B
:10A8C0006A961FAE1EAE6A971ECF8091B40C90910F
:10A8D000B50C892BC1F4F30104811581D8011896B8
:10A8E0008C918F70853049F4C8010F94A12A282ECD
:10A8F000312CB2E02B16310454F46CE67EE08AE78A
:10A9000092E10F941407C3010E943430FCCE6A9682
:10A91000EEADFFAD6A97F093B50CE093B40C70E028
:10A9200060E0C3010E945C287C0161E070E0C3012B
:10A930000E945C282C01F5E02F1631040CF442C073
:10A9400064E0C8010F94E129DC0119960D911C9176
:10A9500026E040E855E260E070E085EE9EE00F946E
:10A960006108E0927C1085EE9EE090937B108093CE
:10A970007A1010928A1110928C1110928B1168E546
:10A980007EE08AE792E10F941407D3011296ED91CD
:10A99000FC91608171818AE792E10F94FE068AE75B
:10A9A00092E10F94A8050130110509F4C1C06CF4BF
:10A9B000012B09F4B2C06CE37EE08AE792E10F94C8
:10A9C000140723C002E010E0C3CF0230110579F074
:10A9D0000330110581F750927F1040927E1081E084
:10A9E00090E0909381108093801084E00BC050928F
:10A9F0007F1040927E1081E090E0909381108093D0
:10AA0000801083E00F94FA3F982E91109BC080E055
:10AA10000F94C7368C0167E37EE08AE792E10F94DA
:10AA20001407D3011296ED91FC91608171818AE740
:10AA300092E10F94FE0660E37EE08AE792E10F94D4
:10AA40001407C801012E000CAA0BBB0B89839A8343
:10AA5000AB83BC8380E190E09E838D83BE016F5FFA
:10AA60007F4F8AE792E10E9421330F94A805B80135
:10AA7000C3010E941A3140916D0D50916E0DE0910D
:10AA8000670DF091680D62817381CE0101960E947D
:10AA900009338091670D9091680D892BA9F1CE0142
:10AAA00001960E949326882379F18B85843061F585
:10AAB00070E060E0CE0101960E945C28E816F9067D
:10AAC00019F561E070E0CE0101960E945C284816FD
:10AAD0005906D1F4B801CE0101960E941A31E091D5
:10AAE000670DF091680D828193819093680D80933A
:10AAF000670D892B49F4D301ED91FC9186819781F3
:10AB00009093680D8093670DCE0101960E94D63216
:10AB10001092B50C1092B40CF6CE50927F10409269
:10AB20007E1081E090E090938110809380106ACF36
:10AB300050927F1040927E101093811000938010ED
:10AB400082E060CF63E27EE08AE792E10F9414072F
:10AB5000D3011296ED91FC91608171818AE792E1B7
:10AB60000F94FE066BE17EE08AE792E10F941407F2
:10AB7000892D90E0B0E0A0E089839A83AB83BC8309
:10AB800080E190E09E838D83BE016F5F7F4F8AE7F7
:10AB900092E10E9421330F94A805BACF8091B40CA2
:10ABA0009091B50C892B09F0AECE6A96EEADFFAD53
:10ABB0006A97F093B50CE093B40C0F943F102C01FE
:10ABC000009741F0DC0118968C911897807F866081
:10ABD00018968C93F20180858F70808730E020E09A
:10ABE00043E050E060E2CE0101960E942C7BD3014D
:10ABF0001296ED91FC91608171814FE150E0CE01A0
:10AC000001960F947D6263E875E0CE0101960F9482
:10AC1000576226E040E855E260E070E085EE9EE095
:10AC20000F94610870E060E0C3010E945C2880938B
:10AC30007C1085EE9EE090937B1080937A101092AA
:10AC40008A1110928C1110928B1164EF7EE08AE7CA
:10AC500092E10F941407D3011296ED91FC9160815B
:10AC600071818AE792E10F94FE068AE792E10F94E0
:10AC7000A80562E370E080E090E00F946B3C84E311
:10AC800098E090937F1080937E108AE090E09093FC
:10AC900081108093801083E00F94FA3F182F811168
:10ACA00033C267EE7EE08AE792E10F94140780E1F9
:10ACB000E82EF12C812F0F94C736092E000CAA0B19
:10ACC000BB0B89A39AA3ABA3BCA3FEA2EDA2BE01BA
:10ACD0006F5D7F4F8AE792E10E94213365EE7EE04F
:10ACE0000F9414071F5F1A3029F78AE792E10F9437
:10ACF000A80582E00F94C736BC0190E080E00F9475
:10AD0000465C20E030E048EC52E40F949F5E9B01EB
:10AD1000AC0166E976E0C2010F94533784E00F94EA
:10AD2000C7366C01F12CE12CA7019C0169E875E0A4
:10AD3000C2010F942F3785E00F94C736BC0190E015
:10AD400080E00F94465C20E030E048EC52E40F9441
:10AD50009F5E9B01AC016FEE76E0C2010F9453370A
:10AD600086E00F94C736BC0190E080E00F94465C0B
:10AD700020E030E040E251E40F949F5E9B01AC0183
:10AD80006BE875E0C2010F94533780E00F94C7362B
:10AD90009C0150E040E06DE875E0C2010F942F3750
:10ADA000CD28CE28CF2809F485C0D3011496ED9183
:10ADB000FC9190859F70953009F07CC061E0CF01D7
:10ADC0000F94E129009709F475C0FC0120852F70CC
:10ADD000243009F06FC040916D0D50916E0D61856A
:10ADE0007285CE0181960E943932CE0181960E94F1
:10ADF0009326882309F45AC024961CAE1DAE1EAEBD
:10AE00001FAE249728961CAE1DAE1EAE1FAE28970F
:10AE100022968FAD2297807F816022968FAF2297F6
:10AE20008FEF25968FAF259726965FAD26972796AD
:10AE30003FAD279728962FAD289721969FAD219754
:10AE400022967FAD229723966FAD239724964FAD20
:10AE50002497092F29969FAF29972A967FAF2A9783
:10AE60002B966FAF2B972C964FAF2C97482F2D9684
:10AE70008FAF2D972E965FAF2E972F963FAF2F97C0
:10AE800060962FAF6097A12CC12CF12CE12C172FCD
:10AE9000262F2C963FAD2C972F966FAD2F9760964F
:10AEA0007FAD6097CE0181960E946B3DCE01819669
:10AEB0000E94D63280E00F94C73683FF51C16AEBFF
:10AEC0007EE08AE792E10F941407D3011296ED9188
:10AED000FC91608171818AE792E10F94FE068AE716
:10AEE00092E10F94A80562E370E080E090E00F9497
:10AEF0006B3C8EE398E090937F1080937E1081E00E
:10AF000090E0909381108093801083E00F94FA3F3B
:10AF100081110AC00F94C7369C0150E040E060E9FF
:10AF200075E0C2010F942F371092B50C1092B40C3B
:10AF3000C3010E94E950181619061CF4C3010E94AF
:10AF4000FB5181E090E09093B50C8093B40C6AEAD9
:10AF50007EE08AE792E10F941407D3011296ED91F7
:10AF6000FC91608171818AE792E10F94FE068AE785
:10AF700092E10F94A80562E370E080E090E00F9406
:10AF80006B3C83E190E090937F1080937E1084E08F
:10AF900090E0909381108093801083E00F94FA3FAB
:10AFA000182F8111EFC06DE97EE08AE792E10F94DE
:10AFB0001407812F0F94C7364AE050E0BC018AE79E
:10AFC00092E10F94B5066BE97EE08AE792E10F9477
:10AFD00014071F5F143069F78AE792E10F94A80500
:10AFE00080E00F94C7368C010097C9F0BC01990F1F
:10AFF000880B990B0F94465C2DEE3EE94CE35EE323
:10B000000F94A55C22E538EB42E152E40F94325EE6
:10B010009B01AC016CE77AE0C2010F94533781E0E9
:10B020000F94C736BC01990F880B990B0F94465C9F
:10B030002DEE3EE94CE35EE30F94A55C22E538EB90
:10B0400042E152E40F94325E6B017C01AC019B0142
:10B050006AE176E0C2010F94533783E00F94C7365C
:10B06000181619060CF085C0BC01990F880B990BB6
:10B070000F94465C20E030E040E251E40F949F5E84
:10B080009B01AC0164E975E0C2010F94533720E0E5
:10B0900030E040E252E4C701B6010F94475F181652
:10B0A000BCF4012BA9F00F944D29882371F08091F5
:10B0B000E10E81110AC0D3011296ED91FC916081DD
:10B0C000718188E995E00F948C3FC3010E94FB5188
:10B0D000C2010F941B328C010F944D29882349F033
:10B0E0008091E10E811105C0B801CE0101960F9447
:10B0F0008C3FC8010F94CF534114510409F408CD7B
:10B10000C2010F94DB3604CD68ED7EE08AE792E160
:10B110000F941407D3011296ED91FC916081718117
:10B120008AE792E10F94FE0660ED7EE08AE792E105
:10B130000F941407812F90E0B0E0A0E089A39AA3B8
:10B14000ABA3BCA380E190E09EA38DA3BE016F5D85
:10B150007F4F8AE792E10E9421330F94A805AACE7F
:10B1600020E030E0A90160E975E0C2010F942F37BB
:10B17000EECE20E030E0A90164E975E0C2010F9451
:10B180002F3785CF6BE87EE08AE792E10F941407B2
:10B19000D3011296ED91FC91608171818AE792E171
:10B1A0000F94FE0663E87EE08AE792E10F941407AD
:10B1B000812F90E0B0E0A0E089A39AA3ABA3BCA349
:10B1C00080E190E09EA38DA3BE016F5D7F4F8AE773
:10B1D00092E10E9421330F94A8057ACFDC01ED9112
:10B1E000FC910284F385E02D1995892B09F468CB35
:10B1F000F30183859485DC01ED91FC910480F58158
:10B20000E02D6A966EAD7FAD6A9719956A969FAFED
:10B210008EAF6A9778CA6F927F928F929F92AF9209
:10B22000BF92CF92DF92EF92FF920F931F93CF9333
:10B23000DF93CDB7DEB7C854D1090FB6F894DEBF9F
:10B240000FBECDBF3C014B01FC010081118165EABD
:10B2500075E0C8010F942F295C016DE575E0C80108
:10B260000F942F296C016AEA75E0C8010F942F2909
:10B27000A114B10431F4C114D10419F4892B09F4D7
:10B28000D2C06EEA75E0C8010F942F297C0163EBF0
:10B2900075E0C8010F942F298C0164E37AE08AE7F6
:10B2A00092E10F9414074AE050E0F30163818AE7CA
:10B2B00092E10F94CB0562E37AE08AE792E10F9482
:10B2C00014074AE050E0B4018AE792E10F94B50612
:10B2D0008AE792E10F94A805C114D10409F455C07E
:10B2E000F60180858F70843009F04FC061857285CA
:10B2F00040E450E0CE0101960F949B620F944D29DB
:10B30000882309F442C08091E10E81113EC06FE2B2
:10B3100070E0CE0101960F946262892B51F4F60120
:10B320002185328543E050E060E4CE0101960E9421
:10B330002C7B8114910409F4B5C0E114F10409F0E7
:10B3400088C041E068EB75E0CE0101960F94083F9C
:10B350006CE27AE08AE792E10F941407BE016F5F16
:10B360007F4F8AE792E10F94FE0669E27AE08AE76E
:10B3700092E10F94140768EB75E08AE792E10F946D
:10B38000FE068AE792E10F94A805A114B10409F41E
:10B390004AC0F50180858F70843009F044C0409127
:10B3A0006D0D50916E0D61857285CE0101960E94E2
:10B3B0003932CE0101960E949326882381F1892893
:10B3C00009F4B7C0F701EF2809F0CCC025961CAEF0
:10B3D0001DAE1EAE1FAE259729961CAE1DAE1EAE2D
:10B3E0001FAE299723961FAD2397107FA12CC12C48
:10B3F000F12CE12C01E024962FAD249725963FAD4A
:10B40000259740E027965FAD279728966FAD289740
:10B4100029967FAD2997CE0101960E946B3DCE0102
:10B4200001960E94D632C85BDF4F0FB6F894DEBF9C
:10B430000FBECDBFDF91CF911F910F91FF90EF9085
:10B44000DF90CF90BF90AF909F908F907F906F9044
:10B450000895F70180858F70843009F096CF61855B
:10B460007285FB018081882309F48FCF41E0CE01F2
:10B4700001960F94083F63E27AE08AE792E10F9425
:10B480001407BE016F5F7F4F8AE792E10F94FE06BB
:10B4900060E27AE08AE792E10F941407F701618590
:10B4A00072856BCF01151105E9F441E06BEB75E096
:10B4B000CE0101960F94083F6AE17AE08AE792E1B3
:10B4C0000F941407BE016F5F7F4F8AE792E10F94DC
:10B4D000FE0667E17AE08AE792E10F9414076BEBCE
:10B4E00075E04BCFF80180858F70843009F04DCF27
:10B4F00061857285FB018081882309F446CF41E094
:10B50000CE0101960F94083F61E17AE08AE792E16B
:10B510000F941407BE016F5F7F4F8AE792E10F948B
:10B52000FE066EE07AE08AE792E10F941407F801D4
:10B53000B6CFF801012BB1F425961CAE1DAE1EAEA0
:10B540001FAE259729961CAE1DAE1EAE1FAE2997C5
:10B5500023961FAD2397107FA12CC12CF12CE12C39
:10B5600002E049CF80858F70843009F058CF618523
:10B570007285FB018081882309F451CFCE010196A9
:10B580000F945A324CCF2F923F924F925F927F92FC
:10B590008F929F92AF92BF92CF92DF92EF92FF92E3
:10B5A0000F931F93CF93DF93CDB7DEB7A9970FB655
:10B5B000F894DEBF0FBECDBF6C01F62E1A01490113
:10B5C000DC018D919C911197892B09F4D2C01596BD
:10B5D000ED91FC91309709F4CCC080818071BFEF70
:10B5E0006B13C9C0C9F481E0A9960FB6F894DEBF09
:10B5F0000FBECDBFDF91CF911F910F91FF90EF90C4
:10B60000DF90CF90BF90AF909F908F907F905F9092
:10B610004F903F902F9008954330510521F3F180D2
:10B62000F2942FE0F22264E07AE08AE792E10F944C
:10B6300014074AE050E0D60113966C918AE792E134
:10B640000F94CB0562E07AE08AE792E10F94140749
:10B65000D6011596ED91FC9161816F704AE050E042
:10B660008AE792E10F94CB056FEF79E08AE792E1E8
:10B670000F9414074AE050E06F2D8AE792E10F948F
:10B68000CB058AE792E10F94A805D6011596ED91B6
:10B69000FC9181818F70F81609F468C0008103FB6A
:10B6A000002700F9198E1A8E1B8E1C8E1D8E1E8E81
:10B6B0001F8E18A28A8D807F8A8FD6011596ED91F4
:10B6C000FC9181818F708F15A9F1B3E02B163104A5
:10B6D00089F16DEF79E08AE792E10F9414074AE06F
:10B6E00050E0F60163818AE792E10F94CB056BEF9E
:10B6F00079E08AE792E10F941407D6011596ED914F
:10B70000FC9161816F704AE050E08AE792E10F940A
:10B71000CB0568EF79E08AE792E10F9414074AE0DD
:10B7200050E06F2D8AE792E10F94CB058AE792E112
:10B730000F94A805BFE0BF1508F455C1EF2DF0E048
:10B740008827EA55F44A8F4F0D94005EBF5BFF5B7C
:10B750004B5CB65CC15C4B5C245C4B5CC45CD05CF9
:10B76000385CD35CDE5CF35CF35CE15C80818F7EF3
:10B77000808380E039CF882309F494CFFACFF60193
:10B78000A580B680D50111968C918F70853009F413
:10B790002AC168F48230D9F063EB75E0C4010F94DC
:10B7A0002F292C01712CEE2009F491C0A7C08730FD
:10B7B000D1F08A3089F766EC75E0C4010F942F2927
:10B7C0002C01F501708072FA772470F8ECCF60ECF0
:10B7D00075E0C4010F942F292C01F501708070FAD7
:10B7E000772470F8E0CF6FEB75E0C4010F942F2938
:10B7F0002C01D5017C9071FA772470F8D4CF6EEAD1
:10B8000075E0C4010F942F292C01D6011596ED91F6
:10B81000FC91808180FB772470F8982F9E7F80FFB9
:10B82000916090834114510409F0BDCF61E0CE01D5
:10B8300049960E94C61F298B3A8B4B8B5C8B6D8B74
:10B840007E8B8F8B988FAFCF6DEC75E0C4010F941A
:10B850002F292C01D6011596ED91FC91808181FB59
:10B86000772470F8982F9D7F81FF926090839BCF03
:10B8700063ED75E0C4010F942F292C01D6011596B4
:10B88000ED91FC91808182FB772470F8982F9B7F4B
:10B8900082FF9460EBCF63EB75E0C4010F942F2916
:10B8A0002C01892B69F462E0CE0149960E94C61FE3
:10B8B00029873A874B875C876D877E878F87988B30
:10B8C000EE2009F48EC0BFE0712CFB1217C0E3E03C
:10B8D0002E16310409F48AC0602F70E0C6010E9460
:10B8E0000B59D6011596ED91FC9180818F7E808356
:10B8F000BFE0FB1203C0EE2009F475CE65EA75E0E7
:10B90000C4010F942F298C016DE575E0C4010F94DB
:10B910002F295C016AEA75E0C4010F942F2999A7C9
:10B9200088A7A114B10481F40115110569F460E040
:10B93000CE0149960E94C61F29833A834B835C83BC
:10B940006D837E838F839887D6011596ED91FC9148
:10B950004114510409F05BC0898D811158C0BFE0CA
:10B96000FB126AC080818F7E80833DCE69ED75E0D9
:10B97000C4010F942F292C01D6011596ED91FC914D
:10B980002DCF6EED75E0F4CF64EE75E0C4010F9439
:10B990002F292C01D6011596ED91FC9170802BCFAB
:10B9A0006AEE75E0F3CF61EF75E0C4010F942F29C3
:10B9B0002C01D6011596ED91FC9104CF67EF75E04F
:10B9C000F4CF712C512C412CEE2009F480CF6EEA7B
:10B9D00075E0011102C063EB75E0C4010F942F29DB
:10B9E0002C01712C74CF512C412C6ACFD6011596A5
:10B9F000ED91FC918081806100FB83F980838181DE
:10BA00008F709F2D9295907F892B818371CF83E0DA
:10BA100028163104C9F481818F708F1509F4E3CDA4
:10BA20009FE0F91609F4DFCDF29490EFF9228F2907
:10BA300081838081806198CF9F2D9F70F92E8181B5
:10BA4000807FF82AF1828ECFAFE0FA1639F0BF2D51
:10BA5000BF70FB2E8181807FF82AF18280818F7EEA
:10BA600080836EEF75E0C2010F942F294C0100977F
:10BA700009F455C0FC0180858F70843029F0853031
:10BA800031F0823009F04BC0B401C60146C070E00D
:10BA900060E0C4010F946B256C01009709F43FC06E
:10BAA000BC0180916B0D90916C0D0F942F299AA37E
:10BAB00089A370E060E0CE0181960E94403767E084
:10BAC00076E08AE792E10F94FE06B6018AE792E1FA
:10BAD0000F94FE066CE076E08AE792E10F94FE0692
:10BAE00061E070E08EA19FA1892B11F470E060E00D
:10BAF0004AE050E08AE792E10F94B5068AE792E1C6
:10BB00000F94A8058EA19FA1892B49F061E0C40183
:10BB10000F94E129BC01CE0181960E94491D88A4A1
:10BB200099A46801E98CFA8C0B8D1C8D2D8D3E8DAE
:10BB30004F8D58A1672DC2010E94198354CD2F92B9
:10BB40003F924F925F926F927F928F929F92AF92AD
:10BB5000BF92CF92DF92EF92FF920F931F93CF93FA
:10BB6000DF93CDB7DEB7C757D1090FB6F894DEBF64
:10BB70000FBECDBFDC0115962D913C911697232B5E
:10BB800011F40C94B6675B013C01AA969FAF8EAF8F
:10BB9000AA9787EC92E0A8969FAF8EAFA897AE9633
:10BBA000BFAFAEAFAE9785EB92E0AC969FAF8EAFD6
:10BBB000AC976130710509F4C9C50CF482C06430DA
:10BBC00071050CF07EC0D30112968C91803409F47B
:10BBD0005EC308F06DC0843008F073C0873009F48C
:10BBE00070C080917D0C8F5F80937D0CF301C080CD
:10BBF000D180C114D10491F060E275E0C6010F94C8
:10BC00002F29FC01892B51F090859F70955092301F
:10BC100028F481859285009709F06C01E12C00E001
:10BC20009601A5016FEFC3010E94C35AD30112967A
:10BC30008C91129781FBFF24F0F813961C919AECDB
:10BC4000910F903118F0873009F04CC061E176E037
:10BC5000F301808191810F942F294C01009709F401
:10BC600041C0DC0118968C918F708530D9F5809198
:10BC7000B81218132AC08091B912803431F580911E
:10BC8000BA129091BB121C01990F4408550860E04C
:10BC9000C4010F94E129FC0181859285A385B485B7
:10BCA000281639064A065B060CF06AC010E043C04D
:10BCB000823409F4ECC228F090E8980F943008F42C
:10BCC0008DCF90E080E00C94B8671093B81280E4B8
:10BCD0008093B912812F0F94393B9093BB128093BC
:10BCE000BA12D1CF212F30E0F901E957FB4C8491F2
:10BCF000F901EA50FB4C1491F901E45CFA4CE49030
:10BD0000EE2009F43AC081110F949139EE2DF0E044
:10BD1000EE0FFF1FEE5DFC4CA591B491EC911E233C
:10BD200031E020E009F430E0832F922F11E0F81683
:10BD3000190609F0BBCFF3E0AF16B10409F4A6C0B1
:10BD4000D3011596ED91FC91E181EF70E150EC305B
:10BD500008F09CC0F0E08827EF54F14A8F4F0D9413
:10BD6000005ED15E5E60055F2F5F5E607B5F5E6040
:10BD7000AE5FCE5FE75F2560456090E080E0D6CFA4
:10BD800061E0C4010F94E12911E0FC0181859285F5
:10BD9000A385B48582159305A405B5050CF0CBCF1A
:10BDA00085CF0F946B3EDC01CB01AA27BB27F301A3
:10BDB00025813681F90122813381821B930BA109F0
:10BDC000B109AA27BB27883E9340A105B10508F415
:10BDD0005DC069ED75E0D3018D919C910F942F2981
:10BDE000EE24E394012F892B41F46EED75E0C6013A
:10BDF0000F942F29892B09F4ACC0960142E050E042
:10BE000063E0C3010E94C35A41C00F946B3EDC0142
:10BE1000CB01AA27BB27F30125813681F9012281B5
:10BE20003381821B930BA109B109AA27BB278C324E
:10BE30009140A105B10550F1EE24E394012F960144
:10BE400042E050E064E0C3010E94C35A0F946B3E8D
:10BE5000D3011596ED91FC917383628317C00F9403
:10BE60006B3EDC01CB01AA27BB27F301258136817C
:10BE7000F90122813381821B930BA109B109AA2701
:10BE8000BB2786399105A105B105B0F6D3011596FA
:10BE9000ED91FC91808183FB882780F9181709F4C4
:10BEA0002DC1D3011596ED91FC918081982F907E44
:10BEB00009F053C10F946B3EF301A581B68113962F
:10BEC0007C936E9312971196EC911197EF7011235A
:10BED00009F489C1E23009F452C108F045C1EE23EA
:10BEE00009F47BC1EC90E3FAEE24E0F801E096015E
:10BEF000A5016FE065C10F946B3EDC01CB01AA2761
:10BF0000BB27F30125813681F90122813381821B10
:10BF1000930BA109B109AA27BB27883E9340A1052D
:10BF2000B10508F4B3CF64EE75E0C6010F942F2974
:10BF3000EE24E394012F892B39F46AEE75E0C601F3
:10BF40000F942F29892B29F0960142E050E068E0F8
:10BF500058CF960142E050E06DE053CF0F946B3E16
:10BF6000DC01CB01AA27BB27F30125813681F9012A
:10BF700022813381821B930BA109B109AA27BB2718
:10BF80008C329140A105B10508F480CFEE24E394F2
:10BF9000012F960142E050E069E055CF0F946B3ECF
:10BFA000DC01CB01AA27BB27F30125813681F901EA
:10BFB00022813381821B930BA109B109AA27BB27D8
:10BFC00086399105A105B10508F460CFDFCF0F9444
:10BFD0006B3EDC01CB01AA27BB27F301258136810B
:10BFE000F90122813381821B930BA109B109AA2790
:10BFF000BB27883E9340A105B10508F447CF61EF08
:10C0000075E0C6010F942F29892B39F467EF75E08D
:10C01000C6010F942F29892B41F0EE24E394012FC0
:10C02000960142E050E06BE0ECCE63ED75E0C601B6
:10C030000F942F29EE24E394012F960142E050E063
:10C0400066E0892B09F088CFDCCE0F946B3EDC01D3
:10C05000CB01AA27BB27F30125813681F901228173
:10C060003381821B930BA109B109AA27BB278C320C
:10C070009140A105B10508F409CFEE24E394012F06
:10C08000960142E050E06CE0DECE0F946B3EDC01A6
:10C09000CB01AA27BB27F30125813681F901228133
:10C0A0003381821B930BA109B109AA27BB278639CB
:10C0B0009105A105B10508F4E9CEDFCF0F946B3EE1
:10C0C000DC01CB01AA27BB27F30125813681F901C9
:10C0D00022813381821B930BA109B109AA27BB27B7
:10C0E00088359240A105B10508F4D0CEEE24E39442
:10C0F000012F960142E050E060E083CE0F946B3E4A
:10C10000F301E580F680DC01CB01AA27BB27F7010C
:10C1100022813381821B930BA109B109AA27BB2776
:10C1200080339547A105B10568F020E030E0A90112
:10C1300065E176E0C6010F943625672B682B692BE5
:10C1400009F0AFCED7018C918F7180648C93809170
:10C150007D0C815080937D0CB4CD982F907E9052B1
:10C160008F71892B8083F3CFE53049F0E73009F0F8
:10C17000B9CEE12C01E09601A5016AE021C06DEC89
:10C1800075E0C6010F942F29892BA9F464EE75E0A0
:10C19000C6010F942F29892B71F46AEE75E0C60150
:10C1A0000F942F29892B39F46FEB75E0C6010F949A
:10C1B0002F29892B91F0E12C01E09601A50166E081
:10C1C000C3010E94C35A882311F2D3011596ED9141
:10C1D000FC91808110FB83F9C5CFE12C01E0960131
:10C1E000A50161E0EDCFE150ED3008F048C0F0E08E
:10C1F0008827E250FF498F4F0D94005E0B613F612D
:10C20000116111613F6117613F61396139613961C4
:10C21000396139611161E12C00E09601A50162E00C
:10C22000CFCFE12C00E09601A50165E0C9CF6DEC10
:10C2300075E0C6010F942F29892BA9F464EE75E0EF
:10C24000C6010F942F29892B71F46AEE75E0C6019F
:10C250000F942F29892B39F46FEB75E0C6010F94E9
:10C260002F29892B31F0E12C00E09601A50167E030
:10C27000A7CFE12C00E09601A50160E0A1CFEC90F2
:10C28000E3FAEE24E0F881E0E82600E030CEB3E007
:10C29000AB16B10409F415CD61E176E0F3018081BC
:10C2A00091810F942F291C01D30113968C919091A9
:10C2B000B8128913CFC09091B912903409F0CAC056
:10C2C0008091BA129091BB122C012114310409F40F
:10C2D000F1C0F10120852F70253009F0EBC0C101BC
:10C2E0000F94A12AE1968FAFE197843008F4BEC085
:10C2F00063E0C1010F94E129DC0119968D919C91B5
:10C30000FAE0FF2EF89EF001F99EF00D1124E09660
:10C31000FFAFEEAFE09762E0C1010F94E129DC01CD
:10C3200019968D919C91F89E8001F99E100D112413
:10C330006801012E000CEE08FF0861E0C1010F94B6
:10C34000E129E3969FAF8EAFE39760E0C1010F94C0
:10C35000E129FC0181849284A384B4849201052C98
:10C36000000C440B550B281939094A095B09E09662
:10C37000AEADBFADE097BD01BB0F880B990B6C193B
:10C380007D098E099F090F94795DE396EEADFFADAF
:10C39000E3972185328543855485281939094A094F
:10C3A0005B090F94AB5DC20ED31EE41EF51EE19631
:10C3B000FFADE197F53009F46CC0AA24A394B12C29
:10C3C000E096EEADFFADE097CF01FF0FAA0BBB0BE0
:10C3D0008C159D05AE05BF050CF464C0D701C601E0
:10C3E0009801012E000C440B550B82179307A407EC
:10C3F000B5070CF45CC09C01AD01E196FFADE1977F
:10C40000F23009F06CC06201550CEE08FF0860E0E4
:10C41000C1010F94E129FC0181859285A385B48532
:10C42000C816D906EA06FB060CF4BCC561E0C101DA
:10C430000F94E129FC0181859285A385B4858C1533
:10C440009D05AE05BF050CF03CCCC12CD12C76016E
:10C45000C394ABC58093B81290E49093B9120F9433
:10C46000393B9093BB128093BA122ECF8AE0849D01
:10C470006001859DD00C11240D2C000CEE08FF08E6
:10C4800010E000E020E038E2E0963FAF2EAFE0970A
:10C4900094CF64E0C1010F94E129DC011996AD90BD
:10C4A000BC908ECF44244A9473E0572E99CF512CE0
:10C4B000412CA3CF2AE0289F6001299FD00C112492
:10C4C0009601DD0C440B550B10E000E080E098E293
:10C4D000E0969FAF8EAFE097AA24A394B12CD3012E
:10C4E0001596ED91FC9162817381C201861B970BB9
:10C4F00097FF03C0919581959109A816B90674F02C
:10C500008081982F929596959770963050F49F5F02
:10C510009295990F907E8F71892B02C080818F71C7
:10C5200080838081803AB8F0C801110FAA0BBB0B41
:10C5300082179307A407B50771F0E096EEADFFAD43
:10C54000E097CF01FF0FAA0BBB0B82179307A4073D
:10C55000B50709F0B6CB4616570609F4B2CBA2963A
:10C560001CAE1DAE1EAE1FAEA297A0968FADA097BB
:10C57000807F8660A0968FAFA097A2968CAD9DAD70
:10C58000AEADBFADA29768968CAF9DAFAEAFBFAF5B
:10C590006897AAE0B0E00F94CA5D6C966CAF7DAF6F
:10C5A0008EAF9FAF6C9764E679E08AE792E10F94D3
:10C5B00014074AE050E0D30113966C918AE792E1A8
:10C5C0000F94CB0562E679E08AE792E10F941407B5
:10C5D000CE018C5A9F4F0E943FD660E275E0F30176
:10C5E000808191810F942F29912C812CB12CA12C29
:10C5F000D12CC12C6596EFAC65976696FFAC66971B
:10C6000067960FAD679768961FAD689769962FADCF
:10C6100069976A963FAD6A976B964FAD6B976C962C
:10C620005FAD6C976FEF0E941983D3010D911C9140
:10C6300065EA75E0C8010F942F297C016DE575E06E
:10C64000C8010F942F298C010097E9F1FC01808526
:10C650008F708430C1F56185728540E450E0CE0171
:10C6600001960F949B626FE270E0CE0101960F94E9
:10C670006262892B59F4D80119962D913C9143E0BF
:10C6800050E060E4CE0101960E942C7B00E020E0A7
:10C6900030E240E150E0BE016F5B7F4FCE018C5A2B
:10C6A0009F4F0E941AD40F944D29882361F08091E6
:10C6B000E10E811108C041E0BE016F5B7F4FCE01EA
:10C6C00001960F94083FE114F104C9F1F701808548
:10C6D0008F708430A1F540916D0D50916E0D618584
:10C6E0007285CE0101960E943932CE0101960E94D8
:10C6F0009326882301F1A12CC12CF12CE12C659605
:10C700000FAD659766961FAD669767962FAD6797D5
:10C7100068963FAD689769964FAD69976A965FAD29
:10C720006A976B966FAD6B976C967FAD6C97CE01E9
:10C7300001960E946B3DCE0101960E94D632D30134
:10C740001596ED91FC9153824282BBCAF30182811E
:10C75000863009F452C070F4843009F456C0853034
:10C7600009F0AFCA61E070E0CE018A599F4F0E9484
:10C770004AC8A7CA883009F40BC3803109F0A1CA9E
:10C780000F946B3E6B017C01C3010E94E01BC61A33
:10C79000D70AE80AF90A30E3C31635E7D306E104FD
:10C7A000F10408F48ECA6DE575E0D3018D919C917A
:10C7B0000F942F298C01009709F4C0C2FC018085D9
:10C7C0008F70843009F0BAC20F946B3E2AE0AE013C
:10C7D0004F5F5F4F0F9408570F944D29882309F43A
:10C7E000ADC28091E10E8111A9C2BE016F5F7F4F82
:10C7F000D80119968D919C919FC261E070E0CE01A5
:10C8000086599F4F0E94F9C95CCA0F946B3E6B0119
:10C810007C01C3010E94E01BC61AD70AE80AF90A84
:10C82000F8E9CF16FAE3DF06E104F10408F449CA97
:10C83000D30113968C9127968FAF279796E1289670
:10C840009FAF2897282F30E0F901EA50FB4CE49184
:10C850002996EFAF2997F901E45CFA4CE4912A9606
:10C86000EFAF2A9740E85EE360E070E062964CAF7D
:10C870005DAF6EAF7FAF629762E00F94263A0F9480
:10C880006B3E605D7740810991092E966CAF7DAF5C
:10C890008EAF9FAF2E9787E364968FAF6497CE01DC
:10C8A0008F5B9F4F0F940442882349F028968FADE9
:10C8B00028978C3009F473C048F48B3011F1212C87
:10C8C000312C20EC422E2FE7522E47C0855182306A
:10C8D000B0F724961FAD2497612F70E0762F66275E
:10C8E00066277F7725968FAD2597682B90E080E0AF
:10C8F0000F94445C2DEC3CEC4CEC5DE30F94A55C98
:10C900006CC024966FAD249770E090E080E00F94A7
:10C91000445C6B017C0125961FAD259717FF0AC06B
:10C92000AC019B0160E070E080E89FEB0F94325E09
:10C930006B017C011F70612F70E090E080E00F942C
:10C94000465C2DEC3CEC4CEC5DE30F94A55CA70140
:10C9500096010F94335E1B012C01CE018F5B9F4F1C
:10C960000F940442882309F404C228968FAD2897B7
:10C970008B3030F08D30D0F18551823008F4E7C132
:10C98000AF961FAEAF97E1961FAEE197F0ECE2963F
:10C99000FFAFE2972FE7E4962FAFE49751C02496BC
:10C9A0001FAD2497612F70E090E080E00F94445C0D
:10C9B0006B017C0125966FAD25976F7070E090E05C
:10C9C00080E00F94465C2DEC3CEC4CEC5DE30F9466
:10C9D000A55CA70196010F94335E1B012C0117FF84
:10C9E000BCCF57FA509457F85094B7CF23966FADF9
:10C9F000239770E090E080E00F94465C2DEC3CECD7
:10CA00004CEC5DE30F94A55C6B017C0122966FAD4D
:10CA1000229770E090E080E00F94465C9B01AC01AF
:10CA2000C701B6010F94335EAF966FAFAF97E19633
:10CA30007FAFE197E2968FAFE297E4969FAFE497DE
:10CA400061E879E08AE792E10F9414074AE050E048
:10CA5000D30113966C918AE792E10F94CB0561E7BD
:10CA600079E08AE792E10F941407B201A1018AE705
:10CA700092E10F94A42E6AE679E08AE792E10F949E
:10CA80001407AF964FADAF97E1965FADE197E29691
:10CA90006FADE297E4967FADE4978AE792E10F9459
:10CAA000A42E68E679E08AE792E10F9414078AE7FA
:10CAB00092E10F94A805F301008111816DEB7AE0FA
:10CAC000C8010F942F29E6969FAF8EAFE6976CE1D1
:10CAD00076E0C8010F942F29E8969FAF8EAFE897B4
:10CAE000A2019101C201B1010F94A75F811121C080
:10CAF00019821A821B821C828A81807F8760F82EAD
:10CB00008A83222D2D823E824F825886912C812C41
:10CB1000B12CA12CD12CC12CE9800B811C813E8130
:10CB20004F8158856FEFE6968EAD9FADE6970E94D8
:10CB30001983AF962FADAF97E1963FADE197E2969F
:10CB40004FADE297E4965FADE497AF966FADAF97C8
:10CB5000E1967FADE197E2968FADE297E4969FADC7
:10CB6000E4970F94A75F81112DC019821A821B824E
:10CB70001C828A81807F8760F82E8A83AF962FADD2
:10CB8000AF97822FE1969FADE197E296AFADE29726
:10CB9000E496BFADE4978D839E83AF83B887912CD5
:10CBA000812CB12CA12CD12CC12CE9800B811C81B2
:10CBB0003E814F8158856FEFE8968EAD9FADE89727
:10CBC0000E9419836DE575E0D3018D919C910F94BE
:10CBD0002F297C01009709F4B1C0FC0180858F707A
:10CBE000843009F0ABC020E030E0A901C201B101FE
:10CBF0000F943F5C882309F4A1C020E030E0A90134
:10CC0000AF966FADAF97E1967FADE197E2968FADAE
:10CC1000E297E4969FADE4970F943F5C882309F474
:10CC20008DC0A2019101C201B1010F943F5C81113D
:10CC300085C0AF962FADAF97E1963FADE197E296F5
:10CC40004FADE297E4965FADE497AF966FADAF97C7
:10CC5000E1967FADE197E2968FADE297E4969FADC6
:10CC6000E4970F943F5C811169C01A821982FE011A
:10CC700033968EE3DF011D928A95E9F7F70161850E
:10CC8000728540E450E08E010F5F1F4FC8010F9482
:10CC90009B626FE270E0C8010F946262892B51F4CD
:10CCA000D70119962D913C9143E050E060E4C80112
:10CCB0000E942C7B6BEE7AE0C8010F945762B201A0
:10CCC000A101CE018C5A9F4F0E94547C0F944D2994
:10CCD000882351F08091E10E811106C0BE016C5A8B
:10CCE0007F4FC8010F948C3FF80101900020E9F7B5
:10CCF0003197E01BF10BEC0FFD1F88E48083AF96AA
:10CD00004FADAF97E1965FADE197E2966FADE297D9
:10CD1000E4967FADE497CE018C5A9F4F0E94547CDD
:10CD20000F944D29882351F08091E10E811106C0A6
:10CD3000BE016C5A7F4FC8010F948C3F0F946B3E1D
:10CD4000AB01BC01C3010E94B91B0C94615E239628
:10CD50006EAD7FAD239776276727762790E080E03A
:10CD60000F94445C2DEC3CEC4CEC5DE30F94A55C23
:10CD70005BCEAF961FAEAF97E1961FAEE197B0ECDA
:10CD8000E296BFAFE297EFE7E496EFAFE49758CEB5
:10CD90000F946B3E6B017C01C3010E94E01BC61A1D
:10CDA000D70AE80AF90AB8E9CB16BAE3DB06E104C8
:10CDB000F10410F40C94615ED3011596ED91FC9191
:10CDC0001697818113961C91811158C0163008F076
:10CDD0003FC08CE0ECE4F2E0DE01119601900D9290
:10CDE0008A95E1F7E12FF0E0EE0FFF1F21E030E040
:10CDF0002C0F3D1FE20FF31F60E080810F94263A55
:10CE000060E37CE183E01330C9F070F468E37CE117
:10CE100081E0113099F064E37CE182E0123071F03E
:10CE20006CE37CE180E00AC06CE27CE184E01430D9
:10CE300029F068E27CE185E0153091F70F9419360E
:10CE4000D3011596ED91FC9181E081830C94615E94
:10CE500069ED79E08AE792E10F9414074AE050E027
:10CE6000F30163818AE792E10F94CB056CEA79E0E4
:10CE70008AE792E10F9414070C94615E24E0129FFC
:10CE8000F0011124E258F34FC080D180E280F3809A
:10CE900068EA79E08AE792E10F9414074AE050E0EB
:10CEA000D30113966C918AE792E10F94CB0564E964
:10CEB00079E08AE792E10F9414072AE030E0B701A5
:10CEC000A6018AE792E10F946D066DE575E0F30126
:10CED000808191810F942F298C01009709F443C020
:10CEE000DC0118968C9118978F708430E1F51996B3
:10CEF0006D917C9140E450E0CE0101960F949B62CD
:10CF00006FE270E0CE0101960F946262892B51F4BA
:10CF1000F8012185328543E050E060E4CE010196BE
:10CF20000E942C7BFF92EF92DF92CF9280E296E0FC
:10CF30009F938F938E010F5B1F4F1F930F930F943F
:10CF4000F2620F944D290FB6F894DEBF0FBECDBF2D
:10CF5000882309F4F3CE8091E10E8111EFCEB80160
:10CF6000CE010196E9CE65E879E082CF8FEF9FEFA1
:10CF7000C958DF4F0FB6F894DEBF0FBECDBFDF91AB
:10CF8000CF911F910F91FF90EF90DF90CF90BF90C6
:10CF9000AF909F908F907F906F905F904F903F9059
:10CFA0002F900895C12CD12C7601D3011596ED91C7
:10CFB000FC9182819381092E000CAA0BBB0B8C156E
:10CFC0009D05AE05BF0511F40C94615EB601C30169
:10CFD0000E940B59D3011596ED91FC91D382C28228
:10CFE0000C94615EAF92CF92DF92EF92FF920F931B
:10CFF0001F93CF93DF93CDB7DEB7C754D1090FB6D8
:10D00000F894DEBF0FBECDBF8091790C90917A0C61
:10D01000A0917B0CB0917C0C892B8A2B8B2B09F473
:10D0200001C10F946B3E0091790C10917A0C209104
:10D030007B0C30917C0C601B710B820B930B6C3260
:10D0400071408105910508F4EDC01092790C1092A1
:10D050007A0C10927B0C10927C0C8091C10C90E0A9
:10D06000959587959595879510E000E0E1E0F0E0D3
:10D070008017910709F4A6C09F01002E02C0220F5D
:10D08000331F0A94E2F7C090750CD090760CE090B4
:10D09000770CF090780CA901032E000C660B770B2F
:10D0A0004C215D216E217F21452B462B472B09F416
:10D0B0003DC14091750C5091760C6091770C709148
:10D0C000780C20953095C901330FAA0BBB0B842334
:10D0D0009523A623B7238093750C9093760CA09389
:10D0E000770CB093780C8091C40C9091C50C00978C
:10D0F00009F468C0FC0120852F70253009F062C05A
:10D10000602F0F94E129FC0190859F70943009F005
:10D1100059C0618572856115710509F453C0E091AC
:10D12000C20CF091C30C000F111F000F111FE00F74
:10D13000F11F13810281F180E08040916D0D5091CB
:10D140006E0DCE0101960E943932E1107CC0F110C3
:10D150007AC0011178C0111176C018A619A61AA6B6
:10D160001BA61CA61DA61EA61FA689A5807F89A793
:10D1700062E0CE0188960E94C61F28A339A34AA365
:10D180005BA36CA37DA38EA39FA361E0CE018096D9
:10D190000E94A41F28AB39AB4AAB5BAB6CAB7DAB39
:10D1A0008EAB9FABA12CC12CF12CE12C89019A01F3
:10D1B000AB01BC01CE0101960E946B3DCE010196F0
:10D1C0000E94D63267E579E08AE792E10F9414076E
:10D1D00001E010E080912E0290912F0280179107BC
:10D1E00008F0A7C080912E0290912F02E091610D6E
:10D1F000F091620DE80FF91F4AE050E060818AE784
:10D2000092E10F94CB0564E276E08AE792E10F9415
:10D21000FE060F5F1F4F01311105E1F68AE792E12B
:10D220000F94A805C95BDF4F0FB6F894DEBF0FBEA1
:10D23000CDBFDF91CF911F910F91FF90EF90DF90C5
:10D24000CF90AF90089518A619A61AA61BA689A577
:10D25000807F856089A7EEA6FDA60CA71FA78CA5D9
:10D260009DA5AEA5BFA548A559A56AA57BA548A3C0
:10D2700059A36AA37BA38CA39DA3AEA3BFA362E023
:10D28000CE0180960E94A41F28AF39AF4AAF5BAF92
:10D290006CAF7DAF8EAF9FAFA12CC12CF12CE12CD8
:10D2A00089019A01AB01BC01CE0101960E946B3D40
:10D2B00018A619A61AA61BA61CA61DA61EA61FA662
:10D2C00089A5807F89A761E0CE0188960E94C61F4C
:10D2D00028A339A34AA35BA36CA37DA38EA39FA31A
:10D2E00061E0CE0180960E94A41F022F21962FAFED
:10D2F0002197132F22963FAF2297242F23964FAFCB
:10D300002397352F24965FAF2497462F25966FAF2E
:10D310002597572F26967FAF2697682F27968FAF92
:10D320002797792F28969FAF289744CF0F5F1F4FDD
:10D330009FCEC8015BCFAF92BF92DF92EF92FF9278
:10D340000F931F93CF93DF9300D000D0CDB7DEB7FC
:10D350008C017B01D42EFB0184819581892BF9F00E
:10D36000A080B1806FE370E0C5010F946262009706
:10D37000B1F09C012A193B0937FD11C050E040E093
:10D38000B701CE0101960F944F03BE016F5F7F4F2F
:10D39000C7010F948502CE0101960F942D03F7016A
:10D3A00084819581892BD9F1E080F18066E276E075
:10D3B000C7010F946D62892B01F5F801128A118A59
:10D3C00080E090E19587848784E890E0948B838B5C
:10D3D00081E08687D58A81E090E026960FB6F894A2
:10D3E000DEBF0FBECDBFDF91CF911F910F91FF9098
:10D3F000EF90DF90BF90AF90089563E376E0C701B0
:10D400000F946D62892B59F4F801128A118A148ADB
:10D41000138A84E890E0958784871686DBCF90E0B6
:10D4200080E0DBCF90E080E00895DC01ED91FC919D
:10D430000284F385E02D1994DF92EF92FF920F930F
:10D440001F93CF93DF93EC010C891D890115110502
:10D4500059F01D8A1C8AC801DF91CF911F910F914D
:10D46000FF90EF90DF900895EC85FD858E859F8578
:10D47000DF01A80FB91F2C91243209F055C0119675
:10D480002C912B3709F050C00296E80FF91FF12CB0
:10D49000E12CDF01D190DD2009F446C08DE7D816DC
:10D4A000E9F08FEFE81AF80AF4CF198A188A2C8568
:10D4B0003D852115310579F08E859F85280F391F0F
:10D4C000F9012081222321F001969F878E873EC09B
:10D4D0001D861C86C0CF0FEF1FEFBDCFE114F104F6
:10D4E00019F11C928E859F8502966C857D85680F4B
:10D4F000791FE881F9810684F785E02DCE01199521
:10D50000998B888B1B8A1A8AEC85FD858E859F8571
:10D51000E80FF91FEE0DFF1DD2828E859F850396C1
:10D52000E80EF91EFF86EE86288939892115310516
:10D5300009F4BDCF8A899B89280F391FF901208101
:10D54000222309F4B2CF01969B8B8A8B022F220FE4
:10D55000110B81CFDC011C96ED91FC911D971E965D
:10D560008D919C91E80FF91F8081082E000C990B7A
:10D570000895FC01A581B681109769F0948180918E
:10D580003102891740F0ED91FC9111970190F081E3
:10D59000E02DCD01199581E090E00895DC0115960C
:10D5A0008D919C91009739F0DC01ED91FC91068002
:10D5B000F781E02D19940895FC01838594859C01E1
:10D5C00044E0359527954A95E1F756E0959587957E
:10D5D0005A95E1F72817390719F081E090E008958E
:10D5E00082E090E0089583E090E00895DC011296D7
:10D5F000ED91FC9113973097B9F016968D919C910F
:10D600008430910541F08530910541F0039749F44C
:10D6100082E090E0089581E090E0089581E190E05B
:10D620000895828590E0089590E080E0089585E077
:10D6300090E008951F93CF93DF930097A1F0FC0132
:10D640001085212F2F70223071F4EC0161857285D5
:10D65000838594850F94465C69877A878B879C873E
:10D66000107F13601887DF91CF911F9108958EE08E
:10D6700090E008950D94CF530D94CF530D94CF5354
:10D680000D94CF530D94CF53EF92FF920F931F93AE
:10D69000CF93DF938C0161E276E18AE792E10F9408
:10D6A00014078AE792E10F94A805D8011496ED912A
:10D6B000FC91309749F1C681D781209729F1E88103
:10D6C000F9813097E9F080818823D1F06FE376E02B
:10D6D000CE010F942F297C01009791F0FC018185E8
:10D6E0009285A385B4850097A105B10549F00F94F3
:10D6F000CF53D70119961D921D921D921C921C9713
:10D700000A80DB81C02DD9CFD801ED91FC91048432
:10D71000F585E02D60E0C801199581E090E0DF918A
:10D72000CF911F910F91FF90EF9008950D94CF53DB
:10D730000D94CF53EF92FF920F931F93CF93DF93EC
:10D74000EC018B018091B80C9091B90C0097A9F075
:10D75000FC0120852F70263081F40F942F29FC01C5
:10D7600090859F70943049F481859285DF91CF91A7
:10D770001F910F91FF90EF900895EE88FF88C701E9
:10D7800001970D97D0F463E476E0C8010F946D62C1
:10D79000892B99F48FE2888F85E08E9DB0018F9D53
:10D7A000700D11246354754E46E050E0CE01499649
:10D7B0000F94A656CE014896D9CF90E080E0D6CF00
:10D7C0002F923F924F925F926F927F928F929F9291
:10D7D000AF92BF92CF92DF92EF92FF920F931F937F
:10D7E000CF93DF93CDB7DEB7AA970FB6F894DEBF1D
:10D7F0000FBECDBF5C010E8F1F8F28A339A34AA394
:10D800005BA36CA37DA31C8A1B8ADC0118968D91F7
:10D810009C9101979E8B8D8BE114F104D1F0CE0188
:10D8200045969F938F9302979F938F9387E496E0FB
:10D830009F938F93FF92EF920F9422630FB6F89409
:10D84000DEBF0FBECDBF019721F48B899C899E8BD3
:10D850008D8B6B897C894AE050E08AE792E10F94D6
:10D86000B5066BEB7AE18AE792E10F9414076D89B4
:10D870007E894AE050E08AE792E10F94B50665EBB5
:10D880007AE18AE792E10F941407FE8DFAA74AE045
:10D8900050E06F2F8AE792E10F94CB058AE792E17F
:10D8A0000F94A80519861A861B861C861D861E865F
:10D8B0001F86188A8A85807F84608A87D50118969A
:10D8C0008D919C912D893E89281739071CF001976D
:10D8D0009E8B8D8B8B899C8997FF02C01C8A1B8A2B
:10D8E0008B889C885401312C212C8D899E898A1526
:10D8F0009B050CF46AC1BAA5B13091F1B23009F4BC
:10D9000053C1EE24EA94FE2C0E8D1F8D28A139A15F
:10D910004AA15BA16CA17DA1CE0109960E94393874
:10D9200029833A834B835C836D837E838F839887BF
:10D930008091BE0C9091BF0CFC0122813381A21614
:10D94000B30608F088C06F852E8530E050E040E0D7
:10D95000542F432F322F2227462B6D85262B33C180
:10D96000E090BE0CF090BF0CF70182819381A81665
:10D97000B90608F070C096855385018512854084EC
:10D98000A92FB0E06484712C658570E09401220DAC
:10D99000331D951372C0A901440F551F240F351F65
:10D9A000200F311FA20FB31F9C91F301E20FF31F51
:10D9B0001081260F371FD9010C91442009F452C061
:10D9C000512C712C612C692F70E0762F6627072E61
:10D9D000000C880B990BA30192010F94895DC9017A
:10D9E000772766276EA37FA388A799A7612F70E08A
:10D9F000762F6627072E000C880B990BA301920146
:10DA00000F94895D542F432F322F22278EA19FA17F
:10DA1000A8A5B9A5822B932BA42BB52B8EA39FA3CE
:10DA2000A8A7B9A7602F70E0762F6627072E000CF5
:10DA3000880B990BA30192010F94895D6EA17FA1C0
:10DA400088A599A5262B372B482B592B232B242B24
:10DA5000252B09F4A0C0FFEFAF1ABF0A2FEF221A3F
:10DA6000320A43CF212F30E050E040E0542F432FC3
:10DA7000322F2227492B202BE9CFC901880F991F6C
:10DA8000880F991F800F911FA80FB91F3C91DC01CF
:10DA9000A50FB11D0C91F301E80FF91FD080860F7F
:10DAA000971FDC011C91442009F463C0512C712C98
:10DAB000612C632F70E0762F6627072E000C880BF1
:10DAC000990BA30192010F94895D922F88277727E4
:10DAD00066276EA37FA388A799A7602F70E0762F93
:10DAE0006627072E000C880B990BA30192010F9457
:10DAF000895DA901332722278EA19FA1A8A5B9A5D9
:10DB0000822B932BA42BB52B8EA39FA3A8A7B9A7D9
:10DB1000612F70E0762F6627072E000C880B990B7B
:10DB2000A30192010F94895D6EA17FA188A599A59B
:10DB3000622B732B842B952B6EA37FA388A799A7A9
:10DB40006D2D70E0762F6627072E000C880B990B41
:10DB5000A30192010F94895D542F432F322F222766
:10DB60008EA19FA1A8A5B9A5282B392B4A2B5B2BE9
:10DB70006DCF802F90E0B0E0A0E0DC0199278827EE
:10DB8000B32BAC01412B8A019D011D29012B022BD6
:10DB9000032B09F060CF2FEF3FEF4FEF50E0B501BF
:10DBA000C7010F949D0B57CF8091BE0C9091BF0C75
:10DBB000DC0112962D913C91A216B30608F04BCFD2
:10DBC00020E030E0A901B501ECCFCC2009F488C0F9
:10DBD0000091BE0C1091BF0CD80119968D919C91AB
:10DBE000892B09F473C00F94563BF801C784D08881
:10DBF000E188F2886C157D058E059F0520F4678706
:10DC0000708B818B928BF801C784D088E188F28871
:10DC10006C197D098E099F096C327140810591054F
:10DC200010F3F894D80114968D919C9115979A8BC6
:10DC3000898B1996ED91FC917F01BFEFEB1AFB0ADE
:10DC400080818D8FF80190810388F489E02DD801BF
:10DC500055968C91992309F45EC09081982B9C8FE6
:10DC60009081809589238B8F8B8D888F88E08F8B17
:10DC70005C8D6B8D4D8D3F89288D89899A89D7015F
:10DC8000508347FD252F3A952083262F39F0441FD6
:10DC900000C000006083000000C0F2CF38E04D916A
:10DCA00060830000019761F7D8015496FC93EE93CE
:10DCB00053974D8F3F8B288F9A8B898B78940F9435
:10DCC000563BF8016787708B818B928B60EB7AE112
:10DCD0008AE792E10F9414078AE792E10F94A8056E
:10DCE00081E090E0AA960FB6F894DEBF0FBECDBFDC
:10DCF000DF91CF911F910F91FF90EF90DF90CF9028
:10DD0000BF90AF909F908F907F906F905F904F905B
:10DD10003F902F9008959081982B9C8F90818095B3
:10DD200089238B8F8B8D8A8F88E0898F5C8D6B8D9B
:10DD30004D8D398D2A8D89899A89D701508347FD68
:10DD4000252F00C000C0208300C000C000C000C05C
:10DD500000C060830000262F3A9541F0441F000068
:10DD600000C000C000C000C000C0E8CF38E04D9146
:10DD700000C0608300C0019709F7D8015496FC9356
:10DD8000EE9353974D8F398F2A8F96CFCF93DF9392
:10DD9000EC0160E27AE18AE792E10F94140764E112
:10DDA0007AE18AE792E10F9414076C817D814AE061
:10DDB00050E08AE792E10F94B5066EE07AE18AE7D7
:10DDC00092E10F9414078AE792E10F94A80560E0AE
:10DDD0008C810F94263AE881F9810484F585E02D41
:10DDE00060E0CE01199581E090E0DF91CF91089538
:10DDF0000F931F93CF93DF938C016DE476E08AE756
:10DE000092E10F94AC05C091BE0CD091BF0C4C8137
:10DE10005D8170E060E089859A850F949A5B209718
:10DE200071F089859A850F94CF538E819F8197FDDC
:10DE300003C060E00F94263ACE010F94CF53D8016F
:10DE4000ED91FC910484F585E02D60E0C801199501
:10DE500081E090E0DF91CF911F910F910895CF93D2
:10DE6000DF93EC016DE576E08AE792E10F94AC0573
:10DE700040E050E0BA018A819B810E94B927E88185
:10DE8000F9810484F585E02D60E0CE0119956D855A
:10DE90008C810F94F8396D858D810F94F83981E06C
:10DEA00090E0DF91CF910895FC01828193810E94DF
:10DEB0001D2F21E030E0823011F430E020E0C90174
:10DEC0000895FF920F931F93CF93DF93CDB7DEB7E3
:10DED00064970FB6F894DEBF0FBECDBF8C01F62E4F
:10DEE000DC0116966C91FF2011F081E06827F801A3
:10DEF00084810F94F839F80187819085A185B285D6
:10DF0000883E9340A105B10508F463C060E67AE15C
:10DF10008AE792E10F9414076BE57AE18AE792E1D0
:10DF20000F941407D80114966D917C914AE050E04B
:10DF30008AE792E10F94B50666E57AE18AE792E115
:10DF40000F9414076F2D70E04AE050E08AE792E1E9
:10DF50000F94B5068AE792E10F94A8058FE290E04E
:10DF60009C878B87FE013D9688E0DF011D928A9594
:10DF7000E9F76FE47AE1CE010B960F946456F8014D
:10DF8000828193810E941D2FFF2079F167E47AE15D
:10DF9000853151F060E47AE1863131F064E37AE171
:10DFA0008F3011F46CE37AE1CE0101960F9478562C
:10DFB000D8011296ED91FC910280F381E02DAE0123
:10DFC000455F5F4FBE016F5F7F4F808191810F94EE
:10DFD000263F64960FB6F894DEBF0FBECDBFDF912B
:10DFE000CF911F910F91FF90089560E37AE1823005
:10DFF000D9F26BE27AE1D8CFAF92BF92CF92EF9293
:10E00000FF920F931F93CF93DF9300D000D01F9206
:10E010001F92CDB7DEB75C0109831A832B833C8343
:10E020004D835E836F83788765EA7AE18AE792E1C0
:10E030000F941407CE0101960E943FD6E114F1041B
:10E0400039F06EE97AE1C7010F946F56009759F1E4
:10E05000F501028113810115110519F189818111E1
:10E0600065C08B81813009F469C078F1823059F143
:10E07000082F10E06BE77AE18AE792E10F9414072A
:10E080006BE67AE18AE792E10F9414074AE050E0E8
:10E09000B8018AE792E10F94B5068AE792E10F94FE
:10E0A000A80590E080E028960FB6F894DEBF0FBE7A
:10E0B000CDBFDF91CF911F910F91FF90EF90CF9047
:10E0C000BF90AF900895CC20D9F060E0CE010196CA
:10E0D0000E946920892B09F450C0C8010E94FA27C8
:10E0E000672B682B692BF9F44FEF5FEFBA0180E0E3
:10E0F0000F94FB25AB01BC01C8010E94B92713C0D6
:10E10000C8010E941D2F8E3019F050F4813059F44F
:10E1100060E0CE0101960E946920892B21F0DDCFBD
:10E1200083518430A8F381E090E0BDCF803100F5C9
:10E130008E3098F6813089F28230F9F063E97AE125
:10E140008AE792E10F94140766E87AE18AE792E1A0
:10E150000F9414074AE050E069818AE792E10F9436
:10E16000CB058AE792E10F94A80501E010E082CF89
:10E170008351843008F4B1CFE1CF40E050E0BA01E0
:10E18000C8010E94B92760E0C5010E94616FCBCF32
:10E190004F925F926F927F928F929F92AF92BF92B7
:10E1A000CF92DF92FF920F931F93CF93DF9300D014
:10E1B00000D01F921F92CDB7DEB76130710509F410
:10E1C00082C0FC01628173816115710509F47BC015
:10E1D0008C0119821A821B821C821D821E821F8260
:10E1E00018868A81807F8A8340E050E2CE010196C2
:10E1F0000E942A2F60E0CE0101960E9469206C01E6
:10E20000F801828193810E94FA272B013C01F801D9
:10E210002781308541855285D6010F94D55D2FEF3A
:10E2200030E040E050E00F94895D49015A010F94BD
:10E230006B3EFF24F39481149104A104B10461F0B6
:10E240006419750986099709FF24F39468157905FF
:10E250008A059B0508F4F12C4114510461047104F2
:10E2600091F1F80187809084A184B2840F946B3E71
:10E27000F80181149104A104B10451F064197509E5
:10E2800086099709681579058A059B0508F449C030
:10E29000A280B3804FEF5FEFBA0180E00F94FB25BF
:10E2A000AB01BC01C5010E94B927CD2861F0F8017E
:10E2B00084810F94E425F8019681891304C061E0FC
:10E2C000C8010E94616F90E080E028960FB6F89434
:10E2D000DEBF0FBECDBFDF91CF911F910F91FF9099
:10E2E000DF90CF90BF90AF909F908F907F906F9076
:10E2F0005F904F900895FF20D9F060E0C8010E9420
:10E30000616FF801828193810E94E950892BD9F6CF
:10E3100040E050E0BA01F801828193810E94B92760
:10E32000D2CF84810F94E425F80196818913E3CF3D
:10E33000CD2849F2F80184810F94E425F8019681F3
:10E340008913C1CFF110BFCFBACFAF92BF92CF9296
:10E35000DF92EF92FF920F931F93CF93DF93CDB78E
:10E36000DEB768970FB6F894DEBF0FBECDBFFC01D5
:10E37000098B1A8B2B8B3C8B4D8B5E8B6F8B788F25
:10E3800082819381009709F4A1C024813581232BD8
:10E3900009F49CC0CC2009F499C06F0170E060E0E2
:10E3A0000E945C28192FD601ED91FC91008CF18D13
:10E3B000E02DC60119955C018230910509F47AC0FF
:10E3C000039709F445C095E0F1E0AF16B10409F0F8
:10E3D00091E019861A861B861C861D861E861F865E
:10E3E000188A8A85807F892B8A87EE24EA94FE2CFE
:10E3F00009891A892B893C894D895E896F89788DB5
:10E40000CE0109960E943938F1E0AF16B10409F443
:10E4100053C082E0A816B10409F049C06F8570E0CE
:10E42000D60114968C910F94623A61E070E0C601B7
:10E430000E94A4376E8570E00F94623A62E070E04B
:10E44000C6010E94A4376D8570E00F94623A2FC018
:10E45000612F661F6627661FCE0141960E946920C4
:10E460005C01BC01D60114968C910F94623A63EF63
:10E4700079E18AE792E10F941407F60164817581CE
:10E480004AE050E08AE792E10F94B50661EF79E146
:10E490008AE792E10F9414074AE050E0B5018AE759
:10E4A00092E10F94B5068AE792E10F94A80581E006
:10E4B00090E00EC094E08DCF63E070E0C6010E9452
:10E4C000A437688970E00F94623AA8CF90E080E0AA
:10E4D00068960FB6F894DEBF0FBECDBFDF91CF9127
:10E4E0001F910F91FF90EF90DF90CF90BF90AF9072
:10E4F0000895CF93DF93EC0167EE79E18AE792E12B
:10E500000F9414076C817D814AE050E08AE792E124
:10E510000F94B50665EE79E18AE792E10F9414074E
:10E52000EA81FB810280F381E02D608171818AE7BD
:10E5300092E10F94FE066FED79E18AE792E10F9484
:10E5400014078AE792E10F94A805E881F981008C0D
:10E55000F18DE02DCE0119958130910529F00297BA
:10E5600059F060E08C811AC063E070E0CE010E9437
:10E57000A43760E00F94263A60E08C810F94263A2D
:10E5800061E070E0CE010E94A43760E00F94263A6B
:10E5900062E070E0CE010E94A43760E00F94263A5A
:10E5A000E881F9810484F585E02D60E0CE011995BC
:10E5B00081E090E0DF91CF910895CF92DF92FF92BA
:10E5C0000F931F93CF93DF9300D000D01F921F9221
:10E5D000CDB7DEB76C01F02E1A83022F10E0FF20BA
:10E5E00029F00115110511F401E010E040E050E0C0
:10E5F00061E070E0F601828193810E94642901301C
:10E600001105A9F10230110541F0012BB1F56DEDB5
:10E6100075E18AE792E10F9414078A818F70B9F14E
:10E62000F60102811381C8010E94FA27672B682B2B
:10E63000692B89F401E010E0C80128960FB6F89420
:10E64000DEBF0FBECDBFDF91CF911F910F91FF9025
:10E65000DF90CF9008954FEF5FEFBA0180E00F9405
:10E66000FB25AB01BC01C8010E94B927E3CFF1E053
:10E67000FF1681F082E0F81669F061ED75E18AE736
:10E6800092E10F9414078AE792E10F94A80510E035
:10E6900000E0D2CFF601C280D380C6010E94FA27E3
:10E6A000672B682B692B31F24FEF5FEFBA0180E0E7
:10E6B0000F94FB25AB01BC01C6010E94B927BCCF5A
:10E6C000CF92DF92EF92FF920F931F93CF93DC01D3
:10E6D0001296ED91FC9160E0848195810F94E1297F
:10E6E0008C01009729F0FC0180858F708530D1F076
:10E6F00060E379E185ED91E10F94140785ED91E1F7
:10E700000F94A805C12CD12C90E8E92E9FEBF92E8F
:10E71000C701B601CF911F910F91FF90EF90DF904D
:10E72000CF900895C8010F94A12A813040F186301E
:10E73000A8F1893020F565E0C8010F94E129FC01BA
:10E7400090859F709330F9F4C184D284E384F4847B
:10E75000C1E060E0C8010F94E129FC0190859F7041
:10E76000933009F5618572858385948520E030E0DA
:10E77000A9010F943F5C87FF1FC0C111C9CFC12CF5
:10E78000D12C7601C5CF923049F46185728583859D
:10E7900094850F94465C6B017C01DACFC0E0C12CFC
:10E7A000D12C7601D6CF923039F46185728583857C
:10E7B00094850F94465CDACFC111AACFC12CD12C1D
:10E7C0008FE7E82E83E4F82EA3CFCF93DF93EC01FD
:10E7D0006EEF78E18AE792E10F941407EA81FB81FA
:10E7E0000280F381E02D608171818AE792E10F94CC
:10E7F000AC05EC81FD81309721F0808191810F94EF
:10E80000CF538C819D810F94CF5370E060E08A815B
:10E810009B810E9476271D821C8281E090E0DF911F
:10E82000CF910895CF93DF93EC016CE676E08AE711
:10E8300092E10F94FE06EA81FB810280F381E02DD4
:10E84000608171818AE792E10F94AC058C819D8192
:10E85000009711F00F94CF5370E060E08A819B81A4
:10E860000E9476271D821C8281E090E0DF91CF918B
:10E870000895CF93DF93DC011496ED91FC913097CE
:10E8800041F1C681D781209721F1E881F981309744
:10E89000E1F080818823C9F020E030E0A90161E83F
:10E8A0007AE0CE010F943625603171054CF46E305C
:10E8B00071051CF46130710541F481E090E00BC0FA
:10E8C0006351710964307105C0F30A80DB81C02D8A
:10E8D000DACF90E080E0DF91CF9108951F93CF933E
:10E8E000DF93142F0F94A624EC01892BF9F088856F
:10E8F000982F9F70923039F0933071F0911116C0BB
:10E90000807F82608887412F50E070E060E0498717
:10E910005A876B877C870AC0612F70E090E080E0A7
:10E920000F94445C69877A878B879C87CE01DF913F
:10E93000CF911F910895CF92DF92EF92FF92CF93E4
:10E94000DF9369017A010F94A624EC01892BC9F0A9
:10E950008885982F9F70923039F0933051F0911143
:10E9600010C0807F82608887C986DA86EB86FC8645
:10E9700008C0C701B6010F94465C69877A878B8708
:10E980009C87CE01DF91CF91FF90EF90DF90CF90E9
:10E990000895CF92DF92EF92FF92CF93DF936901B8
:10E9A0007A010F94A624EC01892BC9F08885982F51
:10E9B0009F70923039F0933071F0911110C0807FC8
:10E9C00082608887C701B6010F94115F69877A87D3
:10E9D0008B879C8704C0C986DA86EB86FC86CE01CD
:10E9E000DF91CF91FF90EF90DF90CF9008950F933C
:10E9F0001F93CF93DF938A010F94A624EC01892BF8
:10EA0000F9F08885982F9F70923039F0933071F02B
:10EA1000911116C0807F82608887012E000C220B26
:10EA2000330B09871A872B873C870AC0B801110F5F
:10EA3000880B990B0F94465C69877A878B879C8734
:10EA4000CE01DF91CF911F910F910895CF92DF9268
:10EA5000EF92FF920F931F93CF93DF93009701F1F3
:10EA6000DC011896EC91EF70E630D1F469017A017F
:10EA70008B01EC010F942F290097A1F4A7019601B7
:10EA8000B801CE010F945337B801CE01DF91CF9179
:10EA90001F910F91FF90EF90DF90CF900D942F2951
:10EAA00090E080E0DF91CF911F910F91FF90EF9068
:10EAB000DF90CF900895CF92DF92EF92FF920F9365
:10EAC0001F93CF93DF93009701F1DC011896EC912F
:10EAD000EF70E630D1F469017A018B01EC010F94FB
:10EAE0002F290097A1F4A7019601B801CE010F9438
:10EAF0002F37B801CE01DF91CF911F910F91FF9079
:10EB0000EF90DF90CF900D942F2990E080E0DF917F
:10EB1000CF911F910F91FF90EF90DF90CF900895CC
:10EB20002F923F924F925F926F927F928F929F921D
:10EB3000AF92BF92EF92FF920F931F93CF93DF9309
:10EB4000CDB7DEB72C970FB6F894DEBF0FBECDBFA2
:10EB50006130710509F463C18C01FC01E280F3802E
:10EB600040E050E061E070E0C7010E948D29672B12
:10EB7000682B692B09F453C140E050E062E070E07B
:10EB8000C7010E948D29672B682B692B89F480911E
:10EB90000002882309F443C140E050E062E070E0E5
:10EBA000C7010E9464298091000281508093000275
:10EBB000F801E280F380C7010E94FA274B015C0153
:10EBC00019821A821B821C821D821E821F82188655
:10EBD0008A81807F8A8340E050E2B701CE010196AE
:10EBE0000E942A2F60E0CE0101960E9469207C01DC
:10EBF000F801828193810E941D2F823011F08530AF
:10EC000011F4F12CE12CF80186819AEC980F9031E7
:10EC100008F0B7C121853285A90170E060E049871D
:10EC20005A876B877C8743845484712C612C0F94A2
:10EC3000393B9C01990F440B550B241935094609A2
:10EC40005709AFEFB0E00F94CA5D29853A854B852F
:10EC50005C8524193509460957090F94AB5D3901C4
:10EC600037FDB9C15FEF6516710411F00CF0B6C144
:10EC700081149104A104B10409F08BC1E618F708CE
:10EC800056EFE5165FEFF5060CF0F6C0F801658566
:10EC900085810F94F839F801A280B380C5010E94E4
:10ECA000FA27672B682B692B59F44FEF5FEFBA01F6
:10ECB00080E00F94FB25AB01BC01C5010E94B92780
:10ECC000F801B48065858EEF8B0D8C3028F084EDD3
:10ECD0008B0D833008F070C0AA27BB27AE19BF097F
:10ECE000662309F45CC09D01A1E0BFEF0F940F5EA5
:10ECF00029E130E040E050E00F94AB5DBA01A9019A
:10ED000041505F4F6F4F7F4F942F852F692F782F82
:10ED10006F3F710519F014F06FEF70E06634710504
:10ED200014F466E470E08B2D78C062EC75E18AE73C
:10ED300092E10F9414078AE792E10F94A8056BE71C
:10ED400076E08AE792E10F94AC05F801658584814D
:10ED50000F94F839F801658585810F94F83940E002
:10ED600050E0BA01F801828193810E94B92740E006
:10ED700050E061E070E0F801828193810E943B29BC
:10ED800040E050E062E070E0F801828193810E94EF
:10ED90003B29809100028F5F8093000240C02FEFDB
:10EDA00030E00F94175E29E130E040E050E00F942E
:10EDB000AB5D922F832FAACF858191E069279EEFCB
:10EDC000980F9C3020F08C52833008F0D6C08B2DE9
:10EDD0000F94F839AA27BB27AE19BF09F80185851A
:10EDE0008823B1F12FEF30E00F94175E29E130E076
:10EDF00040E050E00F94AB5D922F832F692F782F66
:10EE00006F3F710519F014F06FEF70E06634710513
:10EE100014F466E470E0F80185810F94623A90E0A2
:10EE200080E02C960FB6F894DEBF0FBECDBFDF9109
:10EE3000CF911F910F91FF90EF90BF90AF909F9057
:10EE40008F907F906F905F904F903F902F9008959C
:10EE50009D01A1E0BFEF0F940F5E29E130E040E09B
:10EE600050E00F94AB5DBA01A90141505F4F6F4F65
:10EE70007F4F942F852FC2CFFBE0EF16F1040CF4E7
:10EE80005ECFF801658584810F94F839F801A2807E
:10EE9000B380C5010E94FA27672B682B692B59F4B0
:10EEA0004FEF5FEFBA0180E00F94FB25AB01BC018F
:10EEB000C5010E94B927F801B58065858EEF8B0DDD
:10EEC0008C3020F084ED8B0D8330B0F4662351F04C
:10EED0009701A1E0BFEF0F940F5E23E330E040E025
:10EEE00050E00ACF2FEF30E0D7010F94175E23E3F5
:10EEF00030E040E050E05BCF848191E069279EEFF5
:10EF0000980F9C3018F08C528330B8F58B2D0F94ED
:10EF1000F839F80185858823E1F02FEF30E0D7013B
:10EF20000F94175E29E130E040E050E00F94AB5DB4
:10EF3000922F832F692F782F77FF02C070E060E057
:10EF40006F3F710519F014F06FEF70E0F8018481E4
:10EF500064CF9701A1E0BFEF0F940F5E29E130E08D
:10EF600040E050E00F94AB5DBA01A90141505F4F02
:10EF70006F4F7F4F942F852FDDCF8B2D0F94F83956
:10EF80004ECF66246A94762C81149104A104B104B6
:10EF9000F1F0F80127803084032C000C4408550858
:10EFA0000F946B3E211431044104510409F4BDCE89
:10EFB000681979098A099B09621573058405950505
:10EFC00008F0B3CEFFEF6F167F0609F057CE4FE77C
:10EFD000E41AF10855CE712C612C4ACE66246A944D
:10EFE000712C46CE5F926F927F928F929F92AF92DA
:10EFF000BF92CF92DF92EF92FF920F931F93CF9326
:10F00000DF93CDB7DEB760970FB6F894DEBF0FBEC3
:10F01000CDBFE986FA860B871C872D873E874F87F1
:10F02000588B6115710511F0011103C090E080E06B
:10F03000D7C04B018C01DB01AD90BC9019821A82C4
:10F040001B821C821D821E821F8218868A81807FFD
:10F050008A8366E375E0C4010F942F296C0161E196
:10F0600076E0C4010F942F297C0169E876E0C401A1
:10F070000F942F294C01C114D10471F1F601808540
:10F080008F70843049F5818592850E9449D0782E11
:10F09000F9E08F17D1F1F8173CF081E07816F4F41D
:10F0A000C12CD12C76016AC0AAE08A13F9CFB7012E
:10F0B000CE0109960E94C82329833A834B835C833F
:10F0C0006D837E838F8398873F7009F4AFCFCE0125
:10F0D00001960E948B2216C077247394B701CE014B
:10F0E00009960E94C82329833A834B835C836D83EE
:10F0F0007E838F8398873F7009F498CFCE01019665
:10F100000E947B216B017C0139C0B701CE010996B9
:10F110000E94C82329833A834B835C836D837E835B
:10F120008F8398873F7009F481CF31503B3008F0CE
:10F13000B7CFE32FF0E08827EF55F7488F4F0D94B6
:10F14000005EB578B5785078AC78AC7813790679EC
:10F1500006790679AC78AC782D813E814F8158854F
:10F16000AAE0B0E00F94CA5DCDCFCD80BAE0CB9ECF
:10F17000600111240D2C000CEE08FF088091310273
:10F18000893020F4809130028930E8F060E975E13F
:10F190008AE792E10F941407B5018AE792E10F9490
:10F1A000FE0669E875E18AE792E10F9414072AE008
:10F1B00030E0B701A6018AE792E10F946D068AE775
:10F1C00092E10F94A805D8011296ED91FC9162E0AE
:10F1D000848195810F94E129009791F581E090E079
:10F1E00060960FB6F894DEBF0FBECDBFDF91CF9112
:10F1F0001F910F91FF90EF90DF90CF90BF90AF9055
:10F200009F908F907F906F905F90089520E030E006
:10F2100040E251E46D817E818F8198850F94A55CD9
:10F220000F94115F6FCF6D817E818F8198852AE069
:10F2300030E040E050E00F94AB5D69017A019ECF71
:10F24000FC0120852F70263049F6B5010F942F2937
:10F250008C01009719F2DC0118968C9118978F7029
:10F260009BEF980F923008F0B9CF502E612E853069
:10F2700029F416965C90169717966C9065E976E0DF
:10F28000852D962D0F942F295C01852D962D0F9499
:10F290003F39A114B104F9F081149104E1F0F401B3
:10F2A00020852F702130B9F421852223A1F0009709
:10F2B00049F1DC0119964D915D916D917C911C97FE
:10F2C0004C155D056E057F0531F418968C91807F95
:10F2D00068E976E071F1D80118968C9118978068EA
:10F2E00018968C93A114B10469F1F501C186D286F8
:10F2F000E386F486729490EF792280858F70782A65
:10F3000070866CCFF50181859285A385B4858C15B7
:10F310009D05AE05BF05F9F6208522952F70872D36
:10F320008F70082E000C990B28171906A1F669EBAF
:10F3300076E08AE792E10F94FE068AE792E10F9465
:10F34000A8054CCF60E875E18AE792E10F941407B5
:10F35000D8016D917C918AE792E10F94FE068AE7CD
:10F3600092E10F94A805A701960165E976E0852D45
:10F37000962D0F942F3765E976E0852D962D0F9405
:10F380002F29FC01892B09F429CF729480EF782270
:10F3900090859F70792AB4CF2F923F924F925F92BF
:10F3A0007F928F929F92AF92BF92CF92DF92EF9215
:10F3B000FF920F931F93CF93DF9300D000D01F9243
:10F3C0001F92CDB7DEB709831A832B833C834D830D
:10F3D0005E836F837887DC011496ED91FC910FEFCB
:10F3E0001FEF3097F9F057014C01C288D388E11420
:10F3F000F10489F1F7018081882369F1C114D104F6
:10F4000089F1B701C6010F942F29E980FA800B8199
:10F410001C812D813E814F815885BC01C4010E9411
:10F42000F2778C01C80128960FB6F894DEBF0FBEA4
:10F43000CDBFDF91CF911F910F91FF90EF90DF90A3
:10F44000CF90BF90AF909F908F907F905F904F90A4
:10F450003F902F900895C114D10421F0D601169643
:10F46000CD90DC907B80F12C0FEF1FEF272C312CFF
:10F47000512C412CC114D10449F160E476E0C6015D
:10F480000F942F290097E9F0FC0120852F7022307E
:10F49000C1F481859285A385B48582159305A40561
:10F4A000B50579F4E980FA800B811C812D813E81BC
:10F4B0004F815885B601C4010E94F2778C01FF2468
:10F4C000F394D6011296CD90DC90D4CFF110AACF50
:10F4D0006BEA75E185ED91E10F941407B50185EDB7
:10F4E00091E10F94FE066FE975E185ED91E10F94CE
:10F4F0001407672D70E04AE050E085ED91E10F942C
:10F50000B50685ED91E10F94A8058CCF1F93CF939D
:10F51000DF9300D000D0CDB7DEB76130710509F4BC
:10F520006BC05CF4672B09F45DC06FE273E18AE79E
:10F5300092E10F94140780E04BC06230710571F0C6
:10F540006330710591F790937F1080937E1055275B
:10F55000509381104093801084E009C090937F10F5
:10F5600080937E10509381104093801083E00F941D
:10F57000FA3F182F4FEF5FEFBA0180E00F94FB25A1
:10F580006093BA0C7093BB0C8093BC0C9093BD0C31
:10F590001123D9F06AE173E185ED91E10F9414072D
:10F5A000812F90E0B0E0A0E089839A83AB83BC8395
:10F5B00080E190E09E838D83BE016F5F7F4F85ED7C
:10F5C00091E10E9421330F94A80581E01111B3CF7E
:10F5D00026960FB6F894DEBF0FBECDBFDF91CF9158
:10F5E0001F91089590937F1080937E105093811007
:10F5F0004093801081E0BBCF90937F1080937E106A
:10F60000509381104093801082E0B1CFCF93DF936D
:10F61000EC01EC81FD8140815181052E000C660BCF
:10F62000770B228185EE9EE00F94610870E060E028
:10F630008A819B810E945C28EAE7F0E1828385EE63
:10F640009EE09183808310928A1110928C11109207
:10F650008B11DF91CF9108958F929F92AF92BF92BD
:10F66000CF92DF92EF92FF920F931F93CF93DF938E
:10F670007C014A015901C091B80CD091B90C062FF8
:10F68000660F110B209709F45CC088858F70863057
:10F6900009F055C06AED76E0CE010F942F296C0178
:10F6A00082E08816910449F06FED76E0E3E08E1673
:10F6B000910429F0D0E0C0E006C063EE76E0CE0110
:10F6C0000F942F29EC01C114D104D9F1F6018085E2
:10F6D0008F708430B1F561857285A801C7010F94E0
:10F6E0009B62A8016AED7BE0C7010F947D622097C1
:10F6F00079F188858F70843059F569857A85A801FC
:10F70000C7010F947D62A8016AED7BE0C7010F94E9
:10F710007D62A114B10429F0A801B501C7010F94BD
:10F720007D62C701DF91CF911F910F91FF90EF9004
:10F73000DF90CF90BF90AF909F908F900895D0E0D2
:10F74000C0E0A80160E17BE1C7010F94A656C9CFD4
:10F75000F2E08F16910481F083E08816910429F07D
:10F760006091B60C7091B70CCACFA8016AE07BE13A
:10F77000C7010F948856C7CFA80167E07BE1F8CF97
:10F78000AF92BF92CF92DF92EF92FF921F93CF93EF
:10F79000DF9300D000D0CDB7DEB76C017C0110E064
:10F7A0008AE0A82EB12C133061F1F701828190E03C
:10F7B000B0E0A0E089839A83AB83BC83BE82AD8234
:10F7C000BE016F5F7F4F8DEC91E10E94213365E0B8
:10F7D0007BE10F9414071F5FFFEFEF1AFF0A14304D
:10F7E00011F726960FB6F894DEBF0FBECDBFDF919E
:10F7F000CF911F91FF90EF90DF90CF90BF90AF908F
:10F800000895F601858190E0B0E0A0E089839A83B5
:10F81000AB83BC83BE82AD82BE016F5F7F4F8DEC38
:10F8200091E10E94213363E07BE1D3CFFC01DC0155
:10F830008D918111FDCF30E020E050E040E08AE082
:10F840009191992301F1443051055CF59E3271F498
:10F850002F3F310509F02CF5DB01A40FB51F1296DF
:10F860002C934F5F5F4F30E020E0EACF829FD001C2
:10F87000839FB00D1124292F990F330B2053310989
:10F880002A0F3B1FDDCF2F3F310509F054F44430E0
:10F8900051053CF4640F751FFB01228381E090E069
:10F8A000089590E080E00895CF92DF92EF92FF926A
:10F8B0000F931F93CF93DF93EC016A017B01CB0180
:10F8C000BA010F94115F8B011F936F938DE29BE040
:10F8D0009F938F93DF93CF930F94F2620F900F90CB
:10F8E0000F900F900F900F9020E030E0A901C7011A
:10F8F000B6010F94475F181624F0F7FAF094F7F862
:10F90000F09409900020E9F721978EE28883B801EE
:10F9100017FF03C0719561957109072E000C880BC4
:10F92000990B0F94465C9B01AC01C701B6010F9483
:10F93000325E20E030E040E251E40F94A55C0F9489
:10F94000115F605D69831A82DF91CF911F910F91E2
:10F95000FF90EF90DF90CF900895CF93DF931F92A9
:10F960001F92CDB7DEB780919C1390919D130097A5
:10F9700011F488EA93E1BE016F5F7F4F681B790B3A
:10F98000072E000C880B990B0F900F90DF91CF91F1
:10F9900008954F925F926F927F929F92AF92BF9223
:10F9A000CF92DF92EF92FF920F931F93CF93DF934B
:10F9B000CDB7DEB768970FB6F894DEBF0FBECDBFE8
:10F9C000FC01198A1A8A1B8A1C8A1D8A1E8A1F8AB0
:10F9D000188E8A89807F8A8BA081B181109709F463
:10F9E0007AC08C91882309F476C000811181D801F6
:10F9F0009C91992309F443C09D3209F4DAC09053D5
:10FA00009A3028F00F5F1F4F11830083EECFC8019B
:10FA1000912CDC016D01C81AD90A2D91022E000C1F
:10FA2000330B205331092A303105A0F37F016EE2F8
:10FA300070E0C8010F946262FC01009709F448C0AD
:10FA4000DC015D01AE1ABF0A11968C911197082E48
:10FA5000000C990BC09711960A9798F38181282F73
:10FA6000082E000C330B205331092A30310518F4CD
:10FA700080330CF057C020E030E0A90108C0912C81
:10FA8000D12CC12CD3CF29E030E040E050E0AAE0F7
:10FA9000B0E00F94CA5D2B013C012281822F022E1F
:10FAA000000C990BC0978A30910570F420330CF448
:10FAB00041C02A330CF042C0092E000CAA0BBB0B2C
:10FAC000480E591E6A1E7B1EA114B10409F088C09D
:10FAD000CD2809F073C088E0FE017196DE01199609
:10FAE00001900D928A95E1F729853A854B855C85D1
:10FAF0006D857E858F85988968960FB6F894DEBFF0
:10FB00000FBECDBFDF91CF911F910F91FF90EF906E
:10FB1000DF90CF90BF90AF909F907F906F905F905D
:10FB20004F9008958A330CF0AECF032E000C440B97
:10FB3000550BADCF80E090E0DC01C2CF89E090E0D2
:10FB4000A0E0B0E0BDCFB8E0CB16D1040CF04DC0C2
:10FB5000C8010F9421569B01AC01A4E6B0E00F94BC
:10FB6000CA5D992041F07094609450944094411C77
:10FB7000511C611C711C2A89207F26602A8B460E2D
:10FB8000571E681E791E4D8A5E8A6F8A788E6CE2D7
:10FB900070E0F701808191810F946262009721F4F7
:10FBA000D7011D921C9297CF0196F7019183808314
:10FBB00092CFC8010196992493942BCFC8010F943A
:10FBC0002156AB01BC01CE0141960E94E81F29835A
:10FBD0003A834B835C836D837E838F839887D7CFF3
:10FBE000F3E0AF16B1040CF4AECFC8010F94FF558B
:10FBF0002A89207F27602A8B6D8B7E8B8F8B988F35
:10FC0000C6CFCF92DF92EF92FF920F931F93CF93C5
:10FC1000DF93EC01A881B981109781F18C91882341
:10FC200069F108811981F8019081992351F09D3281
:10FC300041F090539A3028F00F5F1F4F19830883CB
:10FC4000F0CFC8010F9421566B017C016CE270E08B
:10FC5000C8010F946262009769F419821882C70183
:10FC6000B601DF91CF911F910F91FF90EF90DF9040
:10FC7000CF900895019699838883F1CFC12CD12C20
:10FC80007601EDCF0097B1F1FC01DB01AC01405FE3
:10FC90005F4F80E090812FE9290F263098F4975527
:10FCA0009295907F9C9321813FE9320F3630B0F4DA
:10FCB0002755922B9D933296E417F50759F791E05B
:10FCC000892708952FEB290F263010F49753E8CF9A
:10FCD00090539A3028F381E090E0E2CF3FEB320F6F
:10FCE000363010F42753E5CF20532A3010F381E04B
:10FCF00020E0DFCF80E008950097D1F0DC01169678
:10FD0000ED91FC913097A1F080858F70843021F4C3
:10FD100081859285009771F40680F781E02D3097F8
:10FD200039F080858F70843019F48185928508952B
:10FD300090E080E0089508950F931F93CF93DF9391
:10FD4000EC010A811B8170E060E0C8010E945C2820
:10FD50001816D4F48A8761E070E0C8010E945C281C
:10FD6000181619069CF49987888762E070E0C8012C
:10FD70000E945C281816190664F49C878B87DF9113
:10FD8000CF911F910F91089583E0E4CF8BE290E033
:10FD9000EACF88E590E0F1CF089508950895089599
:10FDA00008950F931F93CF93DF93EC011D860A8173
:10FDB0001B8170E060E0C8010E945C2887FD44C0A0
:10FDC0008C838C818150853410F080E28C8361E0DB
:10FDD00070E0C8010E945C2887FD3BC08D838D8147
:10FDE0008150853410F081E28D8362E070E0C801BB
:10FDF0000E945C28863490F58E8363E070E0C80131
:10FE00000E945C289C01215031092115344040F5A5
:10FE10009A87898764E070E0C8010E945C2881307D
:10FE200024E0920700F59C878B8765E070E0C801AD
:10FE30000E945C2818161906CCF498878F83DF91EE
:10FE4000CF911F910F91089581958C8381E08D87CB
:10FE5000B8CF81958D8381E08D87C1CF1E82CDCFB4
:10FE60001A861986D7CF80E094E0DDCF80E197E253
:10FE7000E4CFCF93DF93EC0163E07AE18AE792E18C
:10FE80000F9414076EEF79E18AE792E10F9414075B
:10FE90006C817D814AE050E08AE792E10F94B506DB
:10FEA00068EF79E18AE792E10F9414078AE792E11B
:10FEB0000F94A80561E08C810F94263A6E818C81A5
:10FEC0000F94F8398A819B81009729F040E050E037
:10FED000BA010E94B927E881F9810484F585E02DF3
:10FEE00062E0CE0119958A819B81009799F00E946A
:10FEF000E9501816190674F40A80DB81C02D4FEF03
:10FF00005FEFBA0180E00F94FB25AB01BC01CE018D
:10FF10000E94B92781E090E0DF91CF910895CF93BF
:10FF2000DF93EC0165ED79E18AE792E10F94140724
:10FF30006C817D814AE050E08AE792E10F94B5063A
:10FF400063ED79E18AE792E10F941407EA81FB817E
:10FF50000280F381E02D608171818AE792E10F9444
:10FF6000FE066DEC79E18AE792E10F9414078AE7C7
:10FF700092E10F94A8058A819B81892B09F451C0D5
:10FF80008C819D81892B09F04CC0E881F981008C1E
:10FF9000F18DE02DCE0119958130910529F0029760
:10FFA00059F061E08C811AC063E070E0CE010E94DC
:10FFB000A43761E00F94263A61E08C810F94263AD1
:10FFC00061E070E0CE010E94A43761E00F94263A10
:10FFD00062E070E0CE010E94A43761E00F94263AFF
:10FFE0008091A100887F8093A10080919100887FFB
:10FFF000809391008091A10082608093A100809104
:020000021000EC
:100000009100826080939100E881F9810484F585F4
:10001000E02D62E0CE01199581E090E0DF91CF9173
:10002000089590E080E0FACF2F923F924F925F9236
:100030006F927F928F929F92AF92BF92CF92DF92F8
:10004000EF92FF920F931F93CF93DF93CDB7DEB75D
:100050006A970FB6F894DEBF0FBECDBF9C878B8723
:10006000DC011496ED91FC91309709F48FC2268043
:1000700037802114310409F450C2D101ED91FC9173
:10008000309709F445C28081882309F441C22FEFDB
:100090003FEFA90165E079E0C1010E945B7522E0B4
:1000A00030E040E050E061E87AE0C1010E945B7519
:1000B0002FEF3FEFA9016FED76E0C1010E945B7564
:1000C0006FE376E0C1010F942F299A83898300970B
:1000D00009F41EC2FC0180858F70853009F018C2BA
:1000E000CF010F94A12A833008F412C220E030E03F
:1000F00040EA51E46CE77AE0C1010E9426755C0198
:100100000E941A6B20E030E040EC5FE762E375E0AC
:10011000C1010E9426756C010E941A6B20E030E03C
:1001200040E050EC68EE76E0C1010E9426757C014B
:100130000E941A6B00E010E020E83FE350E040E04E
:100140006BEE76E089819A810F94F9242B013C01B2
:1001500020E030E0A9010F943F5C912C812C87FFB7
:1001600007C077FA709477F8709488248394912C60
:1001700000E010E0980141E050E06EEE76E0898109
:100180009A810F94F9246B837C838D839E8300E096
:1001900010E0980142E050E061EF76E089819A81B9
:1001A0000F94F9246F83788789879A8700E010E09D
:1001B00020EA30E443E050E064EF76E089819A8100
:1001C0000F94F924698B7A8B8B8B9C8B00E010E069
:1001D00020EF32E444E050E067EF76E0C1010F9495
:1001E000F9246D877E878F87988B00E010E0980157
:1001F00045E050E061E077E0C1010F94F9246D8B98
:100200007E8B8F8B988F88E490E00F9433539A8F76
:10021000898FF9E0EF0EF11CDC015F96FC92EE9203
:100220005E97B9E0CB0ED11CFC01D58EC48EF9E0EF
:10023000AF0EB11CDC019196BC92AE929097FC017E
:10024000EA5BFF4F1082389710821182128213826C
:10025000349680E090E0AFE7B3E480839183A2839B
:10026000B38384E690E0A0E0B0E0E98DFA8D82AF40
:1002700093AFA4AFB5AFB401CF010F94C30820E092
:1002800030E0A901C301B2010F943F5C87FD9FC01C
:1002900020E030E0A9016B817C818D819E810F94EB
:1002A0003F5C87FD94C020E030E0A9016F81788534
:1002B00089859A850F943F5C87FD89C081E090E035
:1002C000A98DBA8D5B969C938E935A97FD01E95B3D
:1002D000FF4FB1E0B083E98DFA8D40825182628296
:1002E00073828B819C81AD81BE8184839583A6833B
:1002F000B7838F819885A985BA8580879187A287E2
:10030000B38762AD73AD84AD95AD0F94445C20E0CE
:1003100030E04AE754E40F949F5E6B017C01A98DA5
:10032000BA8D1C964D925D926D927C921F97AC0196
:100330009B016B817C818D819E810F94A55C4B011B
:100340005C01E98DFA8D808A918AA28AB38AA7011D
:1003500096016F81788589859A850F949F5E6B01E0
:100360007C01A98DBA8D5496CD92DD92ED92FC92CE
:10037000579758968D919C91019749F5A301920149
:1003800060E070E0CB010F94325EE98DFA8D6487F6
:10039000758786879787A501940160E070E0CB019F
:1003A0000F94325EA98DBA8D50966D937D938D9387
:1003B0009C935397A701960160E070E0CB010F94E6
:1003C000325EE98DFA8D648B758B868B978B20E07E
:1003D00030E04AE754E46D857E858F8598890F94D7
:1003E000A55C0F94185F6B017C010F946B3EA98D87
:1003F000BA8DDA968D909D90AD90BC90DD9768197E
:1004000079098A099B09FD0166A377A380A791A7B3
:100410009E96CD92DD92ED92FC92D1978D899E8928
:10042000AF89B88D82A393A3A4A3B5A312A613A6E4
:1004300014A615A6CD28CE28CF2859F0048CF58D0A
:10044000E02D80E090E0A0ECBFE780839183A28361
:10045000B383E98DFA8DC2A0D3A0E4A0F5A0A701D3
:100460009601C701B6010F94A75F811109C0A98D3C
:10047000BA8D5E96ED91FC91C082D182E282F382C8
:10048000E98DFA8DCF01FF0FAA0BBB0BE981FA8131
:1004900081879287A387B48720E030E04AE754E45D
:1004A00069897A898B899C890F94A55C0F94115F67
:1004B000898D9A8D0F94500B64E176E18AE792E181
:1004C0000F941407B301A2018AE792E10F94A42EBE
:1004D0006CE077E08AE792E10F94FE064B815C8145
:1004E0006D817E818AE792E10F94A42E60E177E02E
:1004F0008AE792E10F94FE064F81588569857A85D7
:100500008AE792E10F94A42E8AE792E10F94A8055E
:10051000D10112962D903C90ACCD69E076E18AE74E
:1005200092E10F9414078AE792E10F94A80540E046
:1005300050E0BA01EB85FC85828193810E94B92746
:10054000AB85BC85ED91FC9111970484F585E02D78
:1005500062E0CD01199581E090E06A960FB6F894BB
:10056000DEBF0FBECDBFDF91CF911F910F91FF90E6
:10057000EF90DF90CF90BF90AF909F908F907F9043
:100580006F905F904F903F902F90089565EF75E1C9
:100590008AE792E10F9414078AE792E10F94A80585
:1005A00090E080E0DACFCF93DF93EC010E94D17E20
:1005B00064E177E08AE792E10F94AC0561E08C8119
:1005C0000F94263A61E08D810F94263A6D858C81D7
:1005D0000F94F8396D858D810F94F83960E08E8124
:1005E0000F94263A40E050E0BA018A819B810E9434
:1005F000B92740E050E061E070E08A819B810E9471
:100600003B2940E050E062E070E08A819B810E94DB
:100610003B29E881F9810484F585E02D62E0CE0173
:10062000199582E08093000281E090E0DF91CF9104
:1006300008952F923F924F925F926F927F928F9286
:100640009F92AF92BF92CF92DF92EF92FF920F9361
:100650001F93CF93DF93CDB7DEB7CB57D1090FB63A
:10066000F894DEBF0FBECDBFE296EFAEE297E39601
:10067000FFAEE397E4960FAFE497E5961FAFE597DB
:10068000E6962FAFE697E7963FAFE797E8964FAF2E
:10069000E897E9965FAFE9970097B9F124012B2C11
:1006A000EC96AFAEEC97EB96DFAEEB97EA96CFAE5B
:1006B000EA97362E8C0180913102893020F48091A6
:1006C00030028930C0F0C8010F941B327C01892BA5
:1006D00091F060E277E08AE792E10F94FE06B701BD
:1006E0008AE792E10F94FE068AE792E10F94A8054B
:1006F000C7010F94CF53F80180858F70843009F4BF
:1007000061C128F4882309F466C180E02FC08530D8
:1007100009F446C08630C9F760E275E0C8010F945D
:100720002F293C01009709F476C0912C812CB12C23
:10073000A12CD12CC12CE296EFACE297E396FFAC52
:10074000E397E4960FADE497E5961FADE597E6963F
:100750002FADE697E7963FADE797E8964FADE89760
:10076000E9965FADE997632D0E941983C558DF4F65
:100770000FB6F894DEBF0FBECDBFDF91CF911F91B2
:100780000F91FF90EF90DF90CF90BF90AF909F9030
:100790008F907F906F905F904F903F902F90089533
:1007A0008091690D8F5F8093690D668077806114F9
:1007B000710459F14201EC96AFACEC97B22CEA9679
:1007C000CFACEA97EB96DFACEB97E296EFACE29713
:1007D000E396FFACE397E4960FADE497E5961FAD83
:1007E000E597E6962FADE697E7963FADE797E89653
:1007F0004FADE897E9965FADE997632DC3010E947D
:100800001983F30162807380D2CF8091690D81508A
:100810008093690D7ACF65EA75E0C8010F942F299E
:100820002C016DE575E0C8010F942F297C016AEA5F
:1008300075E0C8010F942F29332039F0F1E03F16FD
:1008400009F4A1C0D12CC12C0CC066E277E0C8012C
:100850000F942F293C0166E577E0C8010F942F29FA
:100860006C016114710409F43801C114D10409F454
:1008700068014114510431F4EA964FACEA97EB96C3
:100880005FACEB97E114F10421F4EC96EFACEC973C
:10089000F22C6114710409F4A7C0F30180858F70F4
:1008A000843009F0A1C061847284C114D10409F4B8
:1008B0009EC0F60180858F70843009F098C0C18495
:1008C000D28410E000E04114510409F4F5C0611431
:1008D000710409F4B3C06DE57BE18AE792E10F94FE
:1008E0001407F201618572858AE792E10F94FE0692
:1008F00068E57BE18AE792E10F941407B3018AE788
:1009000092E10F94FE068AE792E10F94A805CE01CA
:100910008F589F4F0E943FD6E114F10409F0D5C0D3
:10092000F20180858F70843009F085C140916D0D92
:1009300050916E0D61857285CE0101960E9439320B
:10094000CE0101960E9493268823C1F00E94AD7CBF
:100950006B01683C71050CF085C067E17BE185EDBA
:1009600091E10F9414074AE050E0B60185ED91E162
:100970000F94B50685ED91E10F94A805CE0101967F
:100980000E94D63258C16BE277E0C8010F942F293C
:100990003C0160E377E0C8010F942F296C016114DA
:1009A000710409F04AC166E277E0C8010F942F296B
:1009B0003C01C114D10409F44ECF892B09F059CF61
:1009C000380157CFD12CC12C712C612CF12CE12C8A
:1009D000512C412C46CFD12CC12C712C612CF12CE7
:1009E000E12C512C412C45CF712C612C5ECF00E0C5
:1009F00020E030E340E150E0BE016F597F4FCE016F
:100A00008F589F4F0E941AD46C01E4960FADE49763
:100A100010E00115110509F056CFE2968FADE2976F
:100A2000811109C0E3968FADE3978F7009F44BCF26
:100A300002E010E048CF01E010E045CF6EE47BE13A
:100A40008AE792E10F941407F201618572858AE7C3
:100A500092E10F94FE0669E47BE18AE792E10F944C
:100A6000140755CF6114710431F0B301CE01019622
:100A70000F945A3283CFA12CC12CF12CE12CE29699
:100A80000FADE297E3961FADE397E4962FADE497A1
:100A9000E5963FADE597E6964FADE697E7965FADF5
:100AA000E797E8966FADE897E9967FADE997CE01B5
:100AB00001960E946B3D62CFE114F10409F4BBC0C2
:100AC000C114D10409F4B7C004C0C114D10409F49D
:100AD00027CFF70180858F70843009F0A8C0818509
:100AE000928525961FAE1EAE259748EE53E060E036
:100AF00070E029964CAF5DAF6EAF7FAF29972CE5C4
:100B000032E023963FAF2EAF23972F969FAF8EAF45
:100B10002F9761961FAE1EAE619763961FAE1EAEF5
:100B2000639765961FAE1EAE659767961FAE1EAEA5
:100B3000679769961FAF0EAF69976A961FAE6A975F
:100B400040E450E0BE016F5F7F4FCE018F5B9F4F4F
:100B50000F94062B21E030E02C0F3D1F820F931FD6
:100B6000FC01108261E47BE18AE792E10F941407B3
:100B7000F701618572858AE792E10F94FE0665E3CD
:100B800077E08AE792E10F94FE06BE016F5F7F4F28
:100B90008AE792E10F94FE066CE37BE18AE792E13B
:100BA0000F941407B6018AE792E10F94FE068AE7D4
:100BB00092E10F94A8050F944D298823C1F18091EB
:100BC000E10E811134C06FE270E0CE0101960F9406
:100BD0006262892B51F4F7012185328543E050E0B0
:100BE00060E4CE0101960E942C7B65E37BE18AE7FD
:100BF00092E10F941407BE016F5F7F4F8AE792E185
:100C00000F94FE0660E37BE18AE792E10F941407FC
:100C1000B6018AE792E10F94FE068AE792E10F940B
:100C2000A80541E0B601CE0101960F94083F41149A
:100C3000510409F075CE81E099CD892B09F019CEC8
:100C40000ACE8F929F92AF92BF92CF92DF92EF9295
:100C5000FF920F931F93CF93DF9300D000D01F928A
:100C60001F92CDB7DEB7DC011296ED91FC91309763
:100C700009F468C024813581232B09F463C08C01F9
:100C8000662309F472C00E946073E62EB72E6C01D1
:100C9000D8011296ED91FC910280F381E02D6081E4
:100CA000718185ED91E10F94FE0666E579E185EDB0
:100CB00091E10F94140785ED91E10F94A80520E0D0
:100CC00030E0A9016E2D7B2DC6010F94475F87FD93
:100CD00039C06AE479E185ED91E10F9414074E2D56
:100CE0005B2DB60185ED91E10F94A42E85ED91E188
:100CF0000F94A805D8011296ED91FC9161E08481D2
:100D000095810F94E12919821A821B821C822A8103
:100D1000207F2760F22E2E2D4E2D5B2DB6014D83A8
:100D20005E836F837887912C812CB12CA12CD12CE0
:100D3000C12CE9800B811C813E814F8158856FEF6A
:100D40000E94198328960FB6F894DEBF0FBECDBF60
:100D5000DF91CF911F910F91FF90EF90DF90CF9097
:100D6000BF90AF909F908F9008950280F381E02D07
:100D7000608171818DEC91E10F94FE0663E679E16B
:100D80008DEC91E10F9414078DEC91E128960FB64C
:100D9000F894DEBF0FBECDBFDF91CF911F910F91B1
:100DA000FF90EF90DF90CF90BF90AF909F908F908B
:100DB0000D94A8054F925F926F927F928F929F92AF
:100DC000AF92BF92CF92DF92EF92FF920F931F9359
:100DD000CF93DF93CDB7DEB7E8970FB6F894DEBFB9
:100DE0000FBECDBF09AB1AAB2BAB3CAB4DAB5EAB73
:100DF0006FAB78AFDC011496ED91FC91309719F44C
:100E000090E080E0CBC020813181232BC9F33C01ED
:100E1000DC01ED91FC910284F385E02D1995029798
:100E200079F78BA9E82EF12C19A9112321F0E114EF
:100E3000F10409F433C1823009F4D9C0A0F481303F
:100E4000B9F066E779E18AE792E10F9414074AE086
:100E500050E0B7018AE792E10F94B5068AE792E184
:100E60000F94A805CDCF833009F44AC0893049F7E3
:100E7000D3011296ED91FC9161E0848195810F94EC
:100E8000E1292C0119A61AA61BA61CA61DA61EA6A2
:100E90001FA618AA8AA5807F8AA719A761E0CE019C
:100EA00089960E94A41F29A33AA34BA35CA36DA318
:100EB0007EA38FA398A71150193108F013C2E12F18
:100EC000F0E08827E959F8478F4F0D94005E948829
:100ED000528872897289728972897289728972895B
:100EE000C3882389728972899488948872897289E7
:100EF00072899488948894889488728972895F89A9
:100F00008AA98F7009F47CCFCE01C1960E94352149
:100F1000D3011496ED91FC91668377838087918746
:100F200067EC79E18AE792E10F941407D3011296F6
:100F3000ED91FC910280F381E02D608171818AE75F
:100F400092E10F94FE0669EB79E18AE792E10F9452
:100F50001407D3011496ED91FC9146815781608569
:100F600071858AE792E10F94A42E8AE792E10F94AB
:100F7000A805F301E480F5800F946B3ED7015296EB
:100F80006D937D938D939C935597D3011496ED911A
:100F9000FC918689811119C081E090E0E8960FB636
:100FA000F894DEBF0FBECDBFDF91CF911F910F919F
:100FB000FF90EF90DF90CF90BF90AF909F908F9079
:100FC0007F906F905F904F900895168A60E0C30104
:100FD0000E942186D3011496ED91FC9180E090E06F
:100FE000A0E0B0EC86879787A08BB18BD5CF8AA97C
:100FF0008F7009F405CFCE01C1960E943521D3012F
:101000001496ED91FC91628773878487958763EBD3
:1010100079E18AE792E10F941407D3011296ED91DA
:10102000FC910280F381E02D608171818AE792E179
:101030000F94FE0668EA79E18AE792E10F941407BB
:10104000D3011496ED91FC91428553856485758595
:101050008AE792E10F94A42E8AE792E10F94A80503
:10106000D3011296ED91FC9162E0848195810F94F9
:10107000E129009709F490CF912C812CB12CA12C5F
:10108000D12CC12CE9A8FAA80BA91CA92DA93EA90D
:101090004FA958AD6FEF0E9419837ECFEE24E394E1
:1010A000F12CE6CE8091E20E9091E30E0597F1F0DF
:1010B00019821A821B821C821D821E821F82188640
:1010C0008A81807F8A836BE0CE0101960E94C61FD1
:1010D000912C812CB12CA12CD12CC12C79018A010D
:1010E0009B01AC016FEFC2010E941983912C812CEE
:1010F000B12CA12CD12CC12CE9A4FAA40BA51CA5C0
:101100002DA53EA54FA558A96FEFC2010E941983D6
:1011100030E020E040E050E460E070E0F3018281E4
:1011200093810E94B92F38CF19821A821B821C82A8
:101130001D821E821F8218868A81807F8A8340E0FA
:1011400051E060E070E0D30112968D919C910E9475
:101150008D29672B682B692BA1F06BE0CE010196DE
:101160000E94C61F912C812CB12CA12CD12CC12CFA
:1011700079018A019B01AC016FEFC2010E941983C2
:10118000BBCF6AE0EBCF8091E20E9091E30E059722
:1011900091F061E0D30112968D919C910E94562EA0
:1011A00030E020E040E050E160E070E0F301828157
:1011B00093810E94B92F40E050E061E070E0D301DC
:1011C00012968D919C910E946429912C812CB12CB6
:1011D000A12CD12CC12CE9A4FAA40BA51CA52DA5EA
:1011E0003EA54FA558A96FEFC2010E941983D301F4
:1011F000ED91FC910288F389E02DC3011995892BAB
:1012000009F4E8CE19821A821B821C821D821E827A
:101210001F8218868A81807F8A8361E0CE010196D1
:101220000E94C61F29873A874B875C876D877E8718
:101230008F87988B79018A019B01AC016FEFC20106
:101240000E941983C7CE912C812CB12CA12CD12CBA
:10125000C12CE9A4FAA40BA51CA52DA53EA54FA55C
:1012600058A96FEFC2010E941983D301ED91FC913F
:101270000288F389E02DC3011995892B09F08CCEE2
:1012800019861A861B861C861D861E861F86188A4E
:101290008A85807F8A8762E0CE0109960E94C61FF8
:1012A00029833A834B835C836D837E838F83988706
:1012B00079018A019B01AC016FEFC201ECCED30131
:1012C0001496ED91FC91808191810F9402096DE952
:1012D00079E18AE792E10F9414078AE792E10F948B
:1012E000A8055ACE6BE879E18AE792E10F941407DA
:1012F0004AE050E069A98AE792E10F94CB058AE7BA
:1013000092E10F94A8059DCD2F923F924F925F924C
:101310006F927F928F929F92AF92BF92CF92DF9205
:10132000EF92FF920F931F93CF93DF93CDB7DEB76A
:1013300068970FB6F894DEBF0FBECDBF1C01DC016D
:1013400014968D919C911597892B99F41296ED9195
:10135000FC91FA83E98389E190E00F943353BC0157
:1013600089819A810E947627D10115969C938E934C
:101370001497F1010480F581E02DFE83ED83EF2BBE
:1013800069F46BEE78E185ED91E10F94140785ED3A
:1013900091E10F94A80590E080E089C4AD81BE8101
:1013A0001D921C92F1010280F381E02DF88FEF8BEA
:1013B000309791F0848195819A838983009761F0B9
:1013C000DC0118968C9118978F70853029F4CD0127
:1013D0000F94A12A811190C061EB78E185ED91E134
:1013E0000F94140761E070E0F10184819581892BED
:1013F00011F470E060E04AE050E085ED91E10F9477
:10140000B5066FEA78E185ED91E10F94140761E08C
:1014100070E0D10112968D919C91892B11F470E0AE
:1014200060E04AE050E085ED91E10F94B5066DEA89
:1014300078E185ED91E10F941407D1011296ED91B9
:10144000FC9161E070E084819581892B11F470E05A
:1014500060E04AE050E085ED91E10F94B5066BEA5B
:1014600078E185ED91E10F941407D1011296ED9189
:10147000FC910480F581E02D80858F7061E070E043
:10148000853011F470E060E04AE050E085ED91E1D4
:101490000F94B50669EA78E185ED91E10F941407A0
:1014A000D1011296ED91FC91848195810F94A12A2E
:1014B00061E070E0823010F070E060E04AE050E0FF
:1014C00085ED91E10F94B50685ED91E10F94A805A6
:1014D00065EC78E185ED91E10F94140785ED91E1DC
:1014E0000F94A805D101ED91FC910484F585E02DC0
:1014F00061E0C10119954FCF60E089819A810F9415
:10150000E1299E8B8D8B009729F0FC0180858F70DF
:10151000853039F06FE878E185ED91E10F9414079B
:10152000D3CF8D899E890F94A12A8150883008F0ED
:1015300099C1E82FF0E08827EF55F5478F4F0D94BC
:10154000005E048CD88BAB8B2B8B138B138BFE8A9A
:10155000A98A67E08D899E890F94E129FC01908515
:101560009F70933009F03FC0418452846384748437
:1015700011E066E08D899E890F94E129FC01908538
:101580009F70933009F042C081859285A385B48510
:1015900089839A83AB83BC8311E064E08D899E8943
:1015A0000F94E129FC0180858F70833009F04CC0D5
:1015B00061857285838594850F94185F4B0163E084
:1015C0008D899E890F94E129FC0180858F7083307D
:1015D00009F05CC081859285A385B485898B9A8B3F
:1015E000AB8BBC8B60C0923049F46185728583857A
:1015F00094850F94465C2B013C01BACF412C512CB1
:101600001FE7612E13E4712E10E0B3CF9230B9F4CE
:1016100061857285838594850F94465C69837A839E
:101620008B839C83B9CF412C512CBFE76B2EB3E445
:101630007B2E19821A821B821C8210E0AECF198287
:101640001A821B821C82A9CF8230C1F481849284C9
:10165000A384B484B4CFF0EC8F2EF7E29F2EF9E090
:10166000AF2EB12C412C512CAFE76A2EA3E47A2E79
:1016700019821A821B821C8210E0A1CFE0EC8E2E10
:10168000E7E29E2EE9E0AE2EB12C99CF823009F030
:101690007DC061857285838594850F94465C698BD6
:1016A0007A8B8B8B9C8B62E08D899E890F94E129CC
:1016B000FC0180858F70833009F06DC08185928533
:1016C000A385B48589879A87AB87BC8761E08D89BC
:1016D0009E890F94E129FC0180858F70833009F089
:1016E00086C081859285A385B4858D879E87AF87C7
:1016F000B88B60E08D899E890F94E129FC0190856B
:101700009F70933009F0A3C0C184D284E384F48431
:1017100020E030E0A901C701B6010F943F5C87FFCC
:10172000CCC0F7FAF094F7F8F094A1E0B0E0BE8BEB
:10173000AD8BAF89B88D1696ED91FC9180858F7039
:10174000823009F4BDC0833009F4CAC280E090E061
:10175000A0EAB1E4C9C260EC862E67E2962E69E089
:10176000A62EB12C80E090E0A0EAB0E4898B9A8BA1
:10177000AB8BBC8B412C512C7FE7672E73E4772E0B
:1017800019821A821B821C8210E08DCF80E090E0CB
:10179000A0EAB0E423CF823029F561857285838584
:1017A00094850F94465C69877A878B879C878ECF58
:1017B00040EC842E47E2942E49E0A42EB12C80E028
:1017C00090E0A0EAB0E4898B9A8BAB8BBC8B412C68
:1017D000512C5FE7652E53E4752E19821A821B8205
:1017E0001C8210E019861A861B861C866FCF8230F9
:1017F00049F561857285838594850F94465C6D8774
:101800007E878F87988B75CF20EC822E27E2922ED1
:1018100029E0A22EB12C80E090E0A0EAB0E4898B10
:101820009A8BAB8BBC8B412C512C3FE7632E33E45E
:10183000732E19821A821B821C8210E019861A8666
:101840001B861C861D861E861F86188A52CF9230E4
:1018500089F561857285838594850F94465C6B015B
:101860007C0156CF80EC882E87E2982E89E0A82E46
:10187000B12C80E090E0A0EAB0E4898B9A8BAB8B2E
:10188000BC8B412C512C9FE7692E93E4792E198251
:101890001A821B821C8210E01E8A1D8A19861A86F3
:1018A0001B861C861D861E861F86188AC12CD12C7D
:1018B00076013FCF1E8A1D8AF9CF1E8A1D8A39CF35
:1018C00061857285838594850F94465CED81FE81E8
:1018D0006287738784879587AD81BE8116961D9236
:1018E0001D921D921C921997FD011282138214827F
:1018F00015820F946B3EAD81BE8152966D937D93A0
:101900008D939C935597D1011496ED91FC9101E034
:10191000068B908E878A61E0C1010E942186F101C9
:10192000A480B580D5018D919C9166E778E1892BE3
:1019300009F0F2CD88E490E00F943353988F8F8BA9
:10194000C5010296EF89F88D978F868F0496958F43
:10195000848FFAE0AF0EB11CAF89B88D9196BC921E
:10196000AE929097FD01EA5BFF4F1082389710828C
:10197000118212821382349680E090E0AFE7B3E4E4
:1019800080839183A283B38384E690E0A0E0B0E0FB
:10199000EF89F88D82AF93AFA4AFB5AF6D897E8923
:1019A000CF010F94C30820E030E0A901C701B601C0
:1019B0000F943F5C87FDA1C020E030E0A9016D8558
:1019C0007E858F8598890F943F5C87FD96C020E0C7
:1019D00030E0A90169857A858B859C850F943F5CF1
:1019E00087FD8BC081E090E0AF89B88D5B969C93BA
:1019F0008E935A97FD01E95BFF4F0083FD01C08282
:101A0000D182E282F3828D859E85AF85B8898483F9
:101A10009583A683B78389859A85AB85BC858087A6
:101A20009187A287B38762AD73AD84AD95AD0F94F6
:101A3000445C20E030E04AE754E40F949F5E4B01A1
:101A40005C01AF89B88D1C96CD92DD92ED92FC922F
:101A50001F97AC019B016D857E858F8598890F94BA
:101A6000A55C6D837E838F839887EF89F88D608B6B
:101A7000718B828B938BA501940169857A858B8507
:101A80009C850F949F5E4B015C01AF89B88D549685
:101A90008D929D92AD92BC92579758968D919C9144
:101AA000019759F5A701960160E070E0CB010F9412
:101AB000325EEF89F88D64877587868797872D81D9
:101AC0003E814F81588560E070E0CB010F94325E1B
:101AD000AF89B88D50966D937D938D939C9353975A
:101AE000A501940160E070E0CB010F94325EEF89B4
:101AF000F88D648B758B868B978B0F946B3EAF89BB
:101B0000B88DDA96CD90DD90ED90FC90DD976C1954
:101B10007D098E099F09FD0166A377A380A791A780
:101B20009E961D921D921D921C92D19780E090E08E
:101B3000A0ECBFE782A393A3A4A3B5A312A613A608
:101B400014A615A6D1011496ED91FC918F89988D5C
:101B500091838083009709F4BBCC7C0196E4E90E65
:101B6000F11CD7018C91811104C08F89988D0F943D
:101B7000020981E0F7018083D1011496ED91FC9177
:101B8000808191819E838D83112309F452C0A3012A
:101B9000920169817A818B819C810F94475F87FFD5
:101BA00048C0ED81FE81FE9689819A81AB81BC811E
:101BB00080839183A283B383ED81FE81EE5BFF4F2F
:101BC0004082518262827382ED81FE81EA5BFF4F27
:101BD0008081882371F1AD81BE815E96ED90FC908D
:101BE000F70180809180A280B380A5019401C30198
:101BF000B2010F943F5C87FF7EC0D7014D925D928A
:101C00006D927C921397AD81BE81D296CD90DD907E
:101C1000ED90FC90D597A7019601C301B2010F94F6
:101C20003F5C87FF7DC0ED81FE8142AA53AA64AA72
:101C300075AA20E030E04AE754E469897A898B8903
:101C40009C890F94A55C0F94115F8D819E810F94E8
:101C5000500B67ED78E18DEC91E10F941407D10101
:101C60001296ED91FC910280F381E02D60817181EB
:101C70008DEC91E10F94FE068DEC91E10F94A80597
:101C8000D1011496ED91FC9180E090E0A0E0B0ECE1
:101C900086879787A08BB18BD101ED91FC9104844D
:101CA000F585E02D62E0C101199581E090E068962C
:101CB0000FB6F894DEBF0FBECDBFDF91CF911F915D
:101CC0000F91FF90EF90DF90CF90BF90AF909F90DB
:101CD0008F907F906F905F904F903F902F900895DE
:101CE00081859285A385B485ED81FE818287938766
:101CF000A487B587F1CDA501940169817A818B8193
:101D00009C810F94475F18160CF07DCF89819A81D2
:101D1000AB81BC81F70180839183A283B38373CFAE
:101D2000A701960169817A818B819C810F94475F1D
:101D300018160CF07ECF89819A81AB81BC81ED8130
:101D4000FE8182AB93ABA4ABB5AB73CF4F925F92E6
:101D50006F927F928F929F92AF92BF92CF92DF92BB
:101D6000EF92FF920F931F93CF93DF93CDB7DEB720
:101D700060970FB6F894DEBF0FBECDBF613071051E
:101D800009F4DDC1DC011496ED91FC913097C9F4A2
:101D900081E090E060960FB6F894DEBF0FBECDBF35
:101DA000DF91CF911F910F91FF90EF90DF90CF9037
:101DB000BF90AF909F908F907F906F905F904F906B
:101DC000089520813181232B19F33C01DC01ED9131
:101DD000FC910284F385E02D19950297C9F6F30171
:101DE000E280F380E114F10499F2C7010E941D2FF3
:101DF000823071F240E051E060E070E0C7010E9483
:101E00008D29672B682B692B19F6D3011496ED9158
:101E1000FC9180819181FC01EA5BFF4F20812223AC
:101E200009F455C10F945C09882309F450C1D3010A
:101E30001496ED91FC9186898823A1F0C3010E943C
:101E400060736B017C0120E030E0A9010F94475FD3
:101E500087FD08C0D3011496ED91FC91C282D38214
:101E6000E482F5826AE279E18AE792E10F9414074D
:101E7000D3011296ED91FC910280F381E02D6081F7
:101E800071818AE792E10F94FE0664E279E18AE7C4
:101E900092E10F941407D3011496ED91FC914285C1
:101EA0005385648575858AE792E10F94A42E6FE1CE
:101EB00079E18AE792E10F941407D3011496ED912A
:101EC000FC9146815781608571858AE792E10F9484
:101ED000A42E68E377E08AE792E10F94FE06D3012F
:101EE0001496ED91FC9142815381648175818AE75A
:101EF00092E10F94A42E6BE179E18AE792E10F94CD
:101F00001407D3011496ED91FC910190F081E02D1E
:101F100040815181628173818AE792E10F94A42EFE
:101F200067E179E18AE792E10F941407D3011496EF
:101F3000ED91FC910190F081E02D44815581668105
:101F400077818AE792E10F94A42E63E179E18AE731
:101F500092E10F941407D3011496ED91FC91019036
:101F6000F081E02D40855185628573858AE792E195
:101F70000F94A42ED3011496ED91FC9186898823A9
:101F800031F06CE079E18AE792E10F9414078AE777
:101F900092E10F94A805F301E480F580D7015696ED
:101FA0008C918111F5CE0281138161E0F801848169
:101FB00095810F94E1292C0120E030E0A901D7019F
:101FC0001E966D917D918D919C9151970F943F5CE0
:101FD00081110CC020E030E0A901F701628173811A
:101FE000848195810F94475F18165CF040E050E0C3
:101FF00061E070E0C8010E948D29672B682B692B76
:1020000031F119861A861B861C861D861E861F8640
:10201000188A8A85807F8A8761E0CE0109960E94AE
:10202000C61F29833A834B835C836D837E838F83B2
:102030009887912C812CB12CA12CD12CC12C790109
:102040008A019B01AC016FEFC2010E94198340E03D
:1020500050E061E070E0D30112968D919C910E9456
:102060003B29D3011496ED91FC9132816381548117
:10207000458119861A861B861C868A85807F876023
:10208000F82E8A87232F832F962FA52FB42F8D8785
:102090009E87AF87B88B912C812CB12CA12CD12C91
:1020A000C12CE9840B851C853E854F8558896FEFCF
:1020B000C2010E941983D3011496ED91FC91828193
:1020C0009381A481B58186879787A08BB18BD3013B
:1020D0001496ED91FC91868981115ACE8789908D55
:1020E000009709F455CE28EE33E0829F2001839FAC
:1020F000500C929F500C11240F946B3ED3011496F8
:10210000ED91FC914114510499F06201F12CE12C04
:102110000289138924893589AB01BC01401B510B0D
:10212000620B730B4C155D056E057F0508F430CE10
:1021300081E0868B61E0C3010E94218629CE90E078
:1021400080E028CE2F923F924F925F926F927F92C3
:102150008F929F92AF92BF92CF92DF92EF92FF92B7
:102160000F931F93CF93DF93CDB7DEB7EF970FB6E3
:10217000F894DEBF0FBECDBF09AB1AAB2BAB3CABA7
:102180004DAB5EAB6FAB78AFFC01068117810115DB
:10219000110509F4DDC11C012FE030E040E050E002
:1021A0006EE377E0C8010F9436252B01D9A8DD2016
:1021B00009F495C020E030E0A90166E477E0C801A9
:1021C0000F9436257B0120E030E0A9016FE477E031
:1021D000C8010F943625CB01892B79F0F2E0DF1688
:1021E00061F0CE01C1960E94C61F29A73AA74BA74E
:1021F0005CA76DA77EA78FA798AB89A98E151F0432
:1022000031F4C20184709927892B09F068C06BE50D
:1022100077E08AE792E10F94FE06CE01C1960E9414
:102220003FD68AE792E10F94A80519861A861B8685
:102230001C868A85807F8A8789A9898789859A856E
:10224000AB85BC85898B9A8BAB8BBC8B1D8A1E8A18
:102250001F8A188E61E0CE0141960E94A41F298F2B
:102260004B8F5C8F6D8F7E8F8F8F98A3307F3A8FCF
:1022700088E0FE017996DE01119601900D928A9513
:10228000E1F788E0FE013196DE01919601900D9212
:102290008A95E1F7912C812CB12CA12CD12CC12C49
:1022A000E9A0FAA00BA11CA12DA13EA14FA158A508
:1022B0006FEFF101868197810E94198349A966E435
:1022C00077E0F101868197810E946E744FEF5FEF96
:1022D00061E777E0F101868197810E94F7748AA90E
:1022E0008F70D9F481E090E0EF960FB6F894DEBFDE
:1022F0000FBECDBFDF91CF911F910F91FF90EF9057
:10230000DF90CF90BF90AF909F908F907F906F9015
:102310005F904F903F902F900895F10106811781B3
:102320002FEF3FEFA90161E777E0C8010F94362551
:102330006B017FAF6EAF20E030E0A9016AE777E084
:10234000C8010F94CD244B015C012FEF3FEFA90191
:1023500063EC7AE0C8010F9436256AAF7BAF8CAF8F
:102360009DAF8AAD9BAD8230910519F0019609F0C1
:1023700068C021E029AF8EAD9FAD181619060CF08C
:1023800019AE8BA9823009F479C0873009F0CAC030
:10239000E1E04E225524452869F0CE01C1960E9405
:1023A0007B210D2C000CEE08FF08C616D706E806A8
:1023B000F90619F163E877E08AE792E10F94FE06E7
:1023C000CE01C1960E943FD68AE792E10F94A805FC
:1023D00060E0CE01C1960E94C61F912C812CB12CC9
:1023E000A12CD12CC12C79018A019B01AC016FEF8A
:1023F000F101868197810E941983CE01C1960E94C6
:102400007B219B01AC0161E777E0F1018681978137
:102410000E949B74CE01C1960E947B2161157105BB
:102420008105910589F4F9ADFF2309F45BCF4AAD2D
:102430005BAD69E977E0F101868197810E94F774CD
:1024400051CF91E099AF9DCF1616170618061906C1
:102450000CF048CFF9ADF11145CFF101068117819C
:102460002FE030E040E050E069E977E0C8010F94E8
:102470003625AB0166E477E0C801E0CFF2E04F22F9
:1024800055244528B1F0CE01C1960E9435216B013B
:102490007C01C501B4010F94115F072E000C880B5D
:1024A000990B0F94465CA70196010F943F5C88231B
:1024B00059F161EA77E08AE792E10F94FE06CE01D6
:1024C000C1960E943FD68AE792E10F94A80560E08A
:1024D000CE01C1960E94C61F298B3A8B4B8B5C8B19
:1024E0006D8B7E8B8F8B988F912C812CB12CA12C96
:1024F000D12CC12C79018A019B01AC016FEFF10154
:10250000868197810E941983CE01C1960E94352150
:102510009B01AC016AE777E0F101868197810E9417
:10252000C974E0CE60E0CE01C1960E94C61F912C16
:10253000812CB12CA12CD12CC12C79018A019B01B9
:10254000AC016FEFF101868197810E941983CACE99
:1025500090E080E0C9CEEF92FF920F931F93CF934C
:10256000DF9300D000D01F921F92CDB7DEB7098352
:102570001A832B833C834D835E836F837887DC01D2
:102580001696ED91FC91309709F445C020852F7087
:10259000263031F4418552856385748560FD3BC0EA
:1025A0007C0167EB77E08AE792E10F94FE068AE709
:1025B00092E10F94A805F7010681178125E130E02B
:1025C00040E050E06CE77AE0C8010F943625AB019B
:1025D00066EC77E0C8010E94F77409811A812B81AB
:1025E0003C814D815E816F817885C7010E94A290F8
:1025F000D7011696ED91FC91309769F080858F7028
:10260000863049F481859285A385B485A160818750
:102610009287A387B48728960FB6F894DEBF0FBEC3
:10262000CDBFDF91CF911F910F91FF90EF90089553
:102630006F927F928F929F92AF92BF92CF92DF92D2
:10264000EF92FF920F931F93CF93DF93CDB7DEB737
:1026500060970FB6F894DEBF0FBECDBFE986FA864D
:102660000B871C872D873E874F87588B009731F14A
:10267000FC0120852F70263009F50F942F293C018D
:10268000892BE1F090E080E0CC2029F061E176E058
:10269000C3010F942F29BC01CE0109960E9444D892
:1026A000912C812CB12CA12CD12CC12C79018A0127
:1026B0009B01AC016FEFC3010E94198360960FB6B6
:1026C000F894DEBF0FBECDBFDF91CF911F910F9168
:1026D000FF90EF90DF90CF90BF90AF909F908F9042
:1026E0007F906F9008952F923F924F925F926F92DA
:1026F0007F928F92AF92BF92CF92DF92EF92FF9232
:102700000F931F93CF93DF93CDB7DEB7AA970FB682
:10271000F894DEBF0FBECDBF8C013B01342E20E00C
:1027200030E0A9016EEC77E0C3010F94362521E07B
:10273000672B682B692B09F420E0231509F4B4C03A
:1027400064ED77E0C3010F942F292C016FE276E14D
:102750008AE792E10F941407632D70E04AE050E09D
:102760008AE792E10F94B5068AE792E10F94A805F3
:102770006EEC77E0C3010F94A6245C01009711F181
:10278000FC018085982F9F70923039F0933079F05A
:10279000911118C0807F82608087832D90E0B0E027
:1027A000A0E0F50181879287A387B4870BC0632DD2
:1027B00070E090E080E00F94445CF50161877287DF
:1027C00083879487332009F487C08091E20E90912B
:1027D000E30E059799F1F80122803380F301A08080
:1027E000B18019821A821B821C821D821E821F8266
:1027F00018868A81807F8A836EE0CE0101960E94CE
:10280000C61F29873A874B875C876D877E878F87AE
:10281000988B67E0CE0109960E94A41F022F242FF7
:1028200088248394C12CE0E1DE2EE12CF12C132FBF
:10283000352FAB01BC01C1010E94B12919821A8256
:102840001B821C821D821E821F8218868A81807FC5
:102850008A836EE0CE0101960E94C61F298B3A8BB7
:102860004B8B5C8B6D8B7E8B8F8B988F67E0CE0153
:1028700041960E94A41F29873A874B875C876D8702
:102880007E878F87988BC12C79018A019B01AC01CF
:1028900065E079E0C2010E94189350E040E065E0F5
:1028A00079E0C3010E94F774AA960FB6F894DEBFD0
:1028B0000FBECDBFDF91CF911F910F91FF90EF9091
:1028C000DF90CF90BF90AF908F907F906F905F9090
:1028D0004F903F902F90089565E079E0C3010F94E9
:1028E0002F291C01009701F3FC0180858F70823035
:1028F000D9F68091E20E9091E30E059709F442C05B
:102900006185728583859485F8010280F381E02DCD
:10291000FAA7E9A7F301A080B18019821A821B826D
:102920001C821D821E821F8218862A81207F2A8394
:10293000CE0101960E94112029873A874B875C8738
:102940006D877E878F87988B67E0CE0109960E94FE
:10295000A41F022F242F098F3A8F4B8F5C8F6D8F0E
:102960007E8F8F8F98A388248394C12C40E2D42E2D
:10297000E12CF12C132F352FAB01BC0189A59AA5B1
:102980000E94B12919861A861B861C861D861E8602
:102990001F86188A8A85807F8A87F1016185728502
:1029A000CE0109960E941120298B3A8B4B8B5C8BB0
:1029B0006D8B7E8B8F8B988F67E0CE0141960E9446
:1029C000A41F29833A834B835C836D837E838F832B
:1029D0009887CC24C39479018A019B01AC0165E0FE
:1029E00079E0C2010E9418935FCF2F923F924F92DD
:1029F0005F926F927F928F929F92AF92BF92CF928F
:102A0000DF92EF92FF920F931F93CF93DF93CDB797
:102A1000DEB7C550D1400FB6F894DEBF0FBECDBFB4
:102A2000C752DF4F0883C95DD040C652DF4F1883BD
:102A3000CA5DD040C552DF4F2883CB5DD040C45221
:102A4000DF4F3883CC5DD040C352DF4F4883CD5D2C
:102A5000D040C252DF4F5883CE5DD040C152DF4FCD
:102A60006883CF5DD040C052DF4F7883C05ED040D6
:102A7000DC0114962D913C911597232B09F476C611
:102A800016962D913C91232B09F470C6202F2A50C5
:102A9000223008F46BC6CB5FDE4FC882C550D140F0
:102AA000C650DF4FF982E882CA5FD040CF51DF4F76
:102AB00099838883C15ED040C552DF4F8881CB5D4A
:102AC000D040E82FF0E0CB51DF4FF983E883C55EBB
:102AD000D04068ED77E08AE792E10F94FE06C65099
:102AE000DF4F68817981CA5FD0408AE792E10F9415
:102AF000FE0664E67AE08AE792E10F94FE06CE01D4
:102B000087529F4F0E943FD6C752DF4F1881C95D41
:102B1000D040112381F0CB51DF4F28813981C55E30
:102B2000D040232B41F441E050E0CB51DF4F59839B
:102B30004883C55ED04020E030E0A90164EE77E034
:102B4000CF51DF4FA881B981C15ED04016968D91DB
:102B50009C910F943625CE5FDE4F6883C250D140E2
:102B6000CA50DF4F6883C65FD040C950DF4F7883BB
:102B7000C75FD040C552DF4F8881CB5DD0408730E2
:102B800009F066C0113109F452C1123109F4ADC126
:102B9000103109F008C26FEF70E0CE0187529F4FED
:102BA0000E941120CF52DF4F2883C15DD040CE520A
:102BB000DF4F3883C25DD040CD52DF4F4883C35DC5
:102BC000D040CC52DF4F5883C45DD040CB52DF4F52
:102BD0006883C55DD040CA52DF4F7883C65DD04060
:102BE000C952DF4F8883C75DD040C852DF4F9883FA
:102BF000C85DD04060E0CE0187529F4F0E94C61F43
:102C0000C753DF4F2883C95CD040C653DF4F38839A
:102C1000CA5CD040C553DF4F4883CB5CD040C4531F
:102C2000DF4F5883CC5CD040C353DF4F6883CD5C0B
:102C3000D040C253DF4F7883CE5CD040C153DF4FCA
:102C40008883CF5CD040C053DF4F9883C05DD040B5
:102C5000C650DF4FE881F981CA5FD040EF2BA1F465
:102C6000CB51DF4F28813981C55ED04023303105FB
:102C700009F466C20CF0D2C12130310509F417C540
:102C80002230310509F418C3CF51DF4FA881B98133
:102C9000C15ED0401496ED91FC91309711F40C94E4
:102CA00058A226803780C050DF4F19821882C0504A
:102CB000D140CC50DF4F19821882C45FD040C2513E
:102CC000DF4F19821882CE5ED040C551DF4F198286
:102CD0001882CB5ED040CE50DF4F19821882C25F7F
:102CE000D0402114310411F40C9470A265E079E015
:102CF000C1010F942F29C751DF4F99838883C95E83
:102D0000D04061E87AE0C1010F942F29CD51DF4F07
:102D100099838883C35ED04064ED77E0C1010F944E
:102D20002F29C850DF4F99838883C85FD0406FE355
:102D300076E0C1010F942F295C01C751DF4FE88174
:102D4000F981C95ED040309711F40C949BA1CD510C
:102D5000DF4F28813981C35ED0402115310511F440
:102D60000C949BA180858F70823011F00C949BA1F4
:102D7000D90118968C918F70823011F00C949BA120
:102D80002CE330E040E050E066E976E0C1010F94CA
:102D90003625C450DF4F688379838A839B83CC5F59
:102DA000D04020E030E0A9016EEC77E0C1010F9443
:102DB00036256B017C01B1E0C351DF4FB883CD5E96
:102DC000D040C114D104E104F10429F4C351DF4F10
:102DD0001882CD5ED040C650DF4FE881F981CA5FCE
:102DE000D040309711F40C941FA1BF01D1018D91F7
:102DF0009C910F946D62892B11F00C941FA1CB5103
:102E0000DF4FE881F981C55ED040E230F10511F471
:102E10000C9407A00CF07DC4412C512C3201319749
:102E200009F44BC6412C512C32010C94679F60E889
:102E300070E0CE0187529F4F0E941120CF53DF4F89
:102E40002883C15CD040CE53DF4F3883C25CD04072
:102E5000CD53DF4F4883C35CD040CC53DF4F588302
:102E6000C45CD040CB53DF4F6883C55CD040CA53AD
:102E7000DF4F7883C65CD040C953DF4F8883C75C7F
:102E8000D040C853DF4F9883C85CD04060E0CE018B
:102E900087529F4F0E94C61FC754DF4F2883C95BCC
:102EA000D040C654DF4F3883CA5BD040C554DF4F93
:102EB0004883CB5BD040C454DF4F5883CC5BD040B9
:102EC000C354DF4F6883CD5BD040C254DF4F78835B
:102ED000CE5BD040C154DF4F8883CF5BD040C0541D
:102EE000DF4F9883C05CD040B3CE60E470E0CE0189
:102EF00087529F4F0E941120CF54DF4F2883C15B20
:102F0000D040CE54DF4F3883C25BD040CD54DF4F2A
:102F10004883C35BD040CC54DF4F5883C45BD04060
:102F2000CB54DF4F6883C55BD040CA54DF4F7883F2
:102F3000C65BD040C954DF4F8883C75BD040C854BC
:102F4000DF4F9883C85BD04060E0CE0187529F4F2F
:102F50000E94C61FC755DF4F2883C95AD040C655A7
:102F6000DF4F3883CA5AD040C555DF4F4883CB5A0C
:102F7000D040C455DF4F5883CC5AD040C355DF4FA3
:102F80006883CD5AD040C255DF4F7883CE5AD040A7
:102F9000C155DF4F8883CF5AD040C055DF4F98834B
:102FA000C05BD04055CEC652DF4F8881CA5DD0404D
:102FB0008F7009F44DCECE0187529F4F0E947B2126
:102FC000CE0187529F4F0E941120CF55DF4F28839B
:102FD000C15AD040CE55DF4F3883C25AD040CD556C
:102FE000DF4F4883C35AD040CC55DF4F5883C45A73
:102FF000D040CB55DF4F6883C55AD040CA55DF4F0C
:103000007883C65AD040C955DF4F8883C75AD0400D
:10301000C855DF4F9883C85AD0401ACECB51DF4FE6
:1030200048815981C55ED0404730510509F4D7C069
:103030004830510509F028CEC752DF4F8881C95D5D
:10304000D040882309F483C069E477E18AE792E1FC
:103050000F9414076FE377E18AE792E10F94140766
:103060004AE050E0C752DF4F6881C95DD0408AE72F
:1030700092E10F94CB058AE792E10F94A805CF5116
:10308000DF4FE881F981C15ED040068117810115CB
:10309000110509F443C0C752DF4FF880C95DD04025
:1030A0006F2C712C20E030E0A90166E477E0C801C4
:1030B0000F9436254B0120E030E0A90163EC7AE063
:1030C000C8010F9436251B012FEF3FEFA90161E7DF
:1030D00077E0C8010F943625232809F01EC261E667
:1030E00078E08AE792E10F94FE064AE050E0B301EF
:1030F0008AE792E10F94B5068AE792E10F94A8055A
:10310000A30166E477E0CF51DF4FA881B981C15EAA
:10311000D04016968D919C910E94F774C752DF4F54
:103120004881C95DD04063EC7AE0CF51DF4FE88140
:10313000F981C15ED040868197810E946E7407C07C
:10314000C652DF4F8881CA5DD0408F7029F4662453
:103150006A94762C0C947AA268E977E18AE792E186
:103160000F9414076AE877E18AE792E10F94140755
:10317000CE0187529F4F0E943521AB01BC018AE7E7
:1031800092E10F94A42E8AE792E10F94A805CF5103
:10319000DF4FA881B981C15ED04012960D911C917C
:1031A0004FEF5FEFBA0180E00F94FB25AB01BC014C
:1031B000C8010E94B927CE0187529F4F0E94352136
:1031C0009B01AC0162E375E0CF51DF4FE881F981EB
:1031D000C15ED040868197810E94C974B8CFC65223
:1031E000DF4F8881CA5DD0408F7009F4B0CF63E8AB
:1031F00077E18AE792E10F9414076AE777E18AE7BB
:1032000092E10F941407CE0187529F4F0E947B21B9
:10321000AB01BC012AE030E08AE792E10F946D0631
:103220008AE792E10F94A805CE0187529F4F0E9432
:103230007B216B01CF51DF4FA881B981C15ED040A6
:1032400016968D919C91009711F120E030E0A90134
:1032500065E079E00F943625C616D706C1F06EEE0C
:1032600077E08AE792E10F94FE068AE792E10F94F5
:10327000A8054FEF5FEF61E777E0CF51DF4FE881BF
:10328000F981C15ED040868197810E94F774CE019A
:1032900087529F4F0E947B219B01AC0165E079E042
:1032A000CF51DF4FA881B981C15ED04016968D9174
:1032B0009C910E949B744BCFC652DF4F8881CA5DA0
:1032C000D0408F7009F443CF63E777E18AE792E15A
:1032D0000F9414076AE677E18AE792E10F941407E6
:1032E000CE0187529F4F0E943521AB01BC018AE776
:1032F00092E10F94A42E8AE792E10F94A805CE01E3
:1033000087529F4F0E943521CF51DF4FE881F981CD
:10331000C15ED040E680F780E114F10481F10F94A2
:10332000115F1B012FEF3FEFA9016AE777E0C701AB
:103330000F9436256B01CB016F3F760709F06EC005
:1033400063E178E08AE792E10F94FE064AE050E0FC
:10335000B1018AE792E10F94B5068AE792E10F94F2
:10336000A805A1016AE777E0CF51DF4FA881B981B5
:10337000C15ED04016968D919C910E94F774CE014B
:1033800087529F4F0E9435219B01AC016CE77AE088
:10339000CF51DF4FE881F981C15ED04086819781AE
:1033A0000E94C974CE0187529F4F0E9435216B0144
:1033B0007C0120E030E040EF51E40F943F5C882333
:1033C00051F020E030E048E851E4C701B6010F9425
:1033D0003F5C8111BCCECF51DF4FA881B981C15E66
:1033E000D0401696ED91FC91309769F080858F70F2
:1033F000863049F481859285A385B485A160818753
:103400009287A387B48760E577E18AE792E10F941A
:1034100014078AE792E10F94A80599CE892B09F445
:10342000AECF2616370609F4AACF64E378E08AE720
:1034300092E10F94FE064AE050E0B6018AE792E17D
:103440000F94B5066BE175E08AE792E10F94FE06F2
:103450004AE050E0B1018AE792E10F94B5068AE7AD
:1034600092E10F94A80568E578E0CF51DF4FE8813D
:10347000F981C15ED040868197810F942F293C014C
:10348000892B09F46ECF198A1A8A1B8A1C8A1D8A15
:103490001E8A1F8A188E8A89807F8A8BA101032C3D
:1034A000000C660B770BCE0141960E94E81F29871E
:1034B0003A874B875C876D877E878F87988B62E022
:1034C000CE0109960E94A41F29833A834B835C8313
:1034D0006D837E838F83988761E176E0C3010F94CB
:1034E0002F29BC01CE0101960E9444D8298F3A8F22
:1034F0004B8F5C8F6D8F7E8F8F8F98A3912C812C3B
:10350000B12CA12CD12CC12C79018A019B01AC01D9
:103510006FEFC3010E94198324CF8114910409F431
:10352000FDCD6814790409F4F9CDB2E06B1671048D
:1035300019F4672B09F49DC063E878E08AE792E10B
:103540000F94FE064AE050E0B4018AE792E10F943E
:10355000B5066BE175E08AE792E10F94FE064AE05A
:1035600050E0B3018AE792E10F94B5068AE792E151
:103570000F94A805CF51DF4FE881F981C15ED0409B
:1035800084819581F2E0FF1286C0892B41F0CF51F2
:10359000DF4F88819981C15ED0400E94B5AE68E559
:1035A00078E0CF51DF4FA881B981C15ED040169637
:1035B0008D919C910F942F292C01892B09F459C0CE
:1035C00019A61AA61BA61CA61DA61EA61FA618AAEB
:1035D0008AA5807F8AA76F2DCE0189960E94C61F7B
:1035E00029A33AA34BA35CA36DA37EA38FA398A7A3
:1035F00061E0CE0181960E94A41F298F4B8F5C8FC2
:103600006D8F7E8F8F8F98A3307F3A8F88E0FE0179
:103610007996DE01199601900D928A95E1F788E07E
:10362000FE013996DE01519601900D928A95E1F7DF
:1036300088E0FE017196DE01119601900D928A9547
:10364000E1F761E176E0C2010F942F29BC01CE01C0
:1036500001960E9444D8912C812CB12CA12CD12C04
:10366000C12C79018A019B01AC016FEFC2010E945C
:103670001983A30166E477E0CF51DF4FE881F98138
:10368000C15ED040868197810E94F7744FEF5FEF53
:1036900061E777E038CD892B09F481CFCF51DF4F37
:1036A00088819981C15ED0400E942AAE78CFC752EE
:1036B000DF4F8881C95DD0408031C0F48E30D0F4B6
:1036C0008130C1F0823009F042CDCF51DF4FA88167
:1036D000B981C15ED04014968D919C911597892B2C
:1036E00009F435CDCD010E94B5AE31CD8351843082
:1036F00008F02DCDCF51DF4FE881F981C15ED04078
:1037000084819581892B09F422CDCF010E942AAEB4
:103710001ECDCB51DF4F28813981C55ED04023308B
:10372000310509F40EC62730310509F07BCBD101F4
:1037300018968C9118978F708630E9F419968D91B0
:103740009D910D90BC91A02D88279670AA27BB272C
:10375000892B8A2B8B2B79F06DE277E18AE792E156
:103760000F9414078AE792E10F94A8059EEF692E43
:1037700077247A94BFC6C652DF4F8881CA5DD04095
:103780008F7009F406C1CE0187529F4F0E947B21A2
:103790009B01AC01CB5FDE4FB881C550D140B11168
:1037A00031C068EA78E0C1010E949B746FEA78E05A
:1037B0008AE792E10F94FE06CE0187529F4F0E9446
:1037C0007B21AB01BC012AE030E08AE792E10F9453
:1037D0006D068AE792E10F94A805A114B10491F057
:1037E000F50181859285A385B4850097A105B10572
:1037F00049F08A5B9F4FDC018C91882319F06BE0C4
:1038000077E1ACCFCE0187529F4F0E947B21CD51F3
:10381000DF4FE881F981C35ED040018512852385A1
:103820003485672B682B692B09F471C002301105B0
:103830002105310509F051C0CA50DF4F2881398177
:10384000C65FD040232B09F448C0CE5FDE4F6881AD
:10385000C250D140CE0187529F4F0E94C61FC7560B
:10386000DF4F2883C959D040C656DF4F3883CA5925
:10387000D040C556DF4F4883CB59D040C456DF4FA8
:103880005883CC59D040C356DF4F6883CD59D040C0
:10389000C256DF4F7883CE59D040C156DF4F888360
:1038A000CF59D040C056DF4F9883C05AD04061ED09
:1038B00078E08AE792E10F94FE064AE050E0CA50B1
:1038C000DF4F68817981C65FD0408AE792E10F942B
:1038D000B5068AE792E10F94A805CE0187529F4F63
:1038E0000E947B21C751DF4FA881B981C95ED040BA
:1038F00019966D937D938D939C931C97CD28CE281C
:10390000CF2809F40FC1412C512C3201B9C002302B
:1039100011052105310509F3CA50DF4F488159814E
:10392000C65FD040452BC9F262E0CE0187529F4F5F
:103930000E94C61FCF56DF4F2883C159D040CE56B4
:10394000DF4F3883C259D040CD56DF4F4883C3592B
:10395000D040CC56DF4F5883C459D040CB56DF4FB0
:103960006883C559D040CA56DF4F7883C659D040C6
:10397000C956DF4F8883C759D040C856DF4F988358
:10398000C859D0406FEE78E08AE792E10F94FE06C6
:10399000A0CFC752DF4F8881C95DD0408E3009F07B
:1039A000ABC041E0B101CF51DF4F88819981C15E49
:1039B000D0400E94739362E0CE0187529F4F0E94D5
:1039C000C61FC757DF4F2883C958D040C657DF4F9F
:1039D0003883CA58D040C557DF4F4883CB58D040B2
:1039E000C457DF4F5883CC58D040C357DF4F68834C
:1039F000CD58D040C257DF4F7883CE58D040C15702
:103A0000DF4F8883CF58D040C057DF4F9883C059CD
:103A1000D04061E0CE0187529F4F0E94A41FCF5734
:103A2000DF4F2883C158D040CE57DF4F3883C2586C
:103A3000D040CD57DF4F4883C358D040CC57DF4FDD
:103A40005883C458D040CB57DF4F6883C558D04007
:103A5000CA57DF4F7883C658D040C957DF4F888395
:103A6000C758D040C857DF4F9883C858D040412C22
:103A7000512C3201B1E0C351DF4FB883CD5ED0404D
:103A8000C752DF4F8881C95DD040882309F41FC227
:103A900069E079E08AE792E10F94FE064AE050E09F
:103AA000C752DF4F6881C95DD0408AE792E10F9429
:103AB000CB058AE792E10F94A805C752DF4F8881B2
:103AC000C95DD040882309F402C2813009F0EEC0FC
:103AD000F10180858F70863059F581859285A385A7
:103AE000B48588279670AA27BB27892B8A2B8B2B16
:103AF000F9F069EF76E132CE823009F004CF40E090
:103B0000B101CF51DF4F88819981C15ED0400E94C1
:103B10007393412C512C3201C351DF4F1882CD5E7B
:103B2000D040AECF412C10E2512E612C712CF4CF3D
:103B3000CD51DF4FE881F981C35ED0408185928508
:103B4000A385B48582309105A105B10529F00597BB
:103B5000A105B10509F0BBC1C751DF4FA881B981EB
:103B6000C95ED04019966D917C91CE0187529F4FCE
:103B70000E941120EA962FAFEA97EB963FAFEB97A2
:103B8000EC964FAFEC97ED965FAFED97EE966FAF7B
:103B9000EE97EF967FAFEF97C158DF4F8883CF57EF
:103BA000D040C058DF4F9883C058D04067E0CE0166
:103BB00087529F4F0E94A41FE2962FAFE297E39691
:103BC0003FAFE397E4964FAFE497E5965FAFE59795
:103BD000E6966FAFE697E7967FAFE797E8968FAFE9
:103BE000E897E9969FAFE9972FE030E040E050E09A
:103BF0006BE379E0C1010F943625CD51DF4FE881A9
:103C0000F981C35ED040618772878387948763E4BC
:103C100079E08AE792E10F94FE06CD51DF4FA8814B
:103C2000B981C35ED04019964D915D916D917C91A3
:103C30001C972AE030E08AE792E10F946D068AE74C
:103C400092E10F94A805CD51DF4FE881F981C35E61
:103C5000D0406185CE0187529F4F0E94C61FAA9611
:103C60002FAFAA97AB963FAFAB97AC964FAFAC9741
:103C7000AD965FAFAD97AE966FAFAE97AF967FAF95
:103C8000AF97E0968FAFE097E1969FAFE19740E066
:103C9000B101CF51DF4F88819981C15ED0400E9430
:103CA0007393412CB0E35B2E612C712CC752DF4F14
:103CB000E881C95DD040E150E63108F0C7C0F0E0CE
:103CC0008827EA59F1468F4F0D94005EAF9F7C9E86
:103CD000269F269F269F269F269F269F269F269FBC
:103CE000269F799F699F02A0BC9F269F269F269FA3
:103CF000B99FB29F8A9F8A9FD10118968C9118977D
:103D00008F70863089F419968D919D910D90BC919C
:103D1000A02D88279670AA27BB27892B8A2B8B2B4F
:103D200019F067EE76E11ACDCD51DF4FE881F981C8
:103D3000C35ED040218532854385548522303105CC
:103D40004105510529F06BE379E0C1010E949B74A4
:103D500070E060E0CE0187529F4F0E941120A29632
:103D60002FAFA297A3963FAFA397A4964FAFA49768
:103D7000A5965FAFA597A6966FAFA697A7967FAFBC
:103D8000A797A8968FAFA897A9969FAFA99767E026
:103D9000CE0187529F4F0E94A41F6A962FAF6A9749
:103DA0006B963FAF6B976C964FAF6C976D965FAF0E
:103DB0006D976E966FAF6E976F967FAF6F97A09669
:103DC0008FAFA097A1969FAFA1976AE579E08AE7A8
:103DD00092E10F94FE06CD51DF4FA881B981C35EF9
:103DE000D04019964D915D916D917C911C972AE080
:103DF00030E08AE792E10F946D068AE792E10F9432
:103E0000A805689454F8C351DF4FB881CD5ED04007
:103E1000B11105C0412CA0E35A2E612C712C22E077
:103E200030E040E050E0CD51DF4FA881B981C35E62
:103E3000D04019962D933D934D935C931C974FEF73
:103E40005FEF70E060E0C5010F945639912C8091CE
:103E5000E20E9091E30E0597D1F1992009F4F2C09A
:103E6000C751DF4FE881F981C95ED04081859285D5
:103E7000A385B4854497A105B1054CF52EE130E04A
:103E800040E050E021873287438754876EE170E03D
:103E9000CE0187529F4F0E94112022962FAF22976A
:103EA00023963FAF239724964FAF249725965FAF75
:103EB000259726966FAF269727967FAF2797289648
:103EC0008FAF289729969FAF2997689455F8912C22
:103ED000B9C0F10180858F70863009F038C98185BD
:103EE0009285A385B485966081879287A387B487DE
:103EF0002EC9D10118968C9118978F70863009F0D1
:103F000026C919968D919D910D90BC91A02D997FF8
:103F1000F101EACF41E050E061E070E0C5010F94AB
:103F20005639689454F8C752DF4F8881C95DD04034
:103F300090E0B0E0A0E0CD51DF4FE881F981C35EB1
:103F4000D04081879287A387B48740E0B101CF51E9
:103F5000DF4F88819981C15ED0400E94739399247C
:103F6000939475CF50E040E061E070E0C5010F949C
:103F700056394FEF5FEFD0CF689455F8C751DF4FF8
:103F8000A881B981C95ED04019966D917C91CE010E
:103F900087529F4F0E94112062962FAF62976396BF
:103FA0003FAF639764964FAF649765965FAF659731
:103FB00066966FAF669767967FAF679768968FAF85
:103FC000689769969FAF699767E0CE0187529F4FC8
:103FD0000E94A41F2A962FAF2A972B963FAF2B97AC
:103FE0002C964FAF2C972D965FAF2D972E966FAFD7
:103FF0002E972F967FAF2F9760968FAF6097619621
:104000009FAF61974FEF5FEF70E060E087CFC652E0
:10401000DF4F8881CA5DD0408F7009F498C8CE0107
:1040200087529F4F0E9435219B01AC016CE77AE0DB
:10403000C1010E94C974412CF0E25F2E612C712CE9
:10404000992493948091E20E9091E30E059709F4E0
:104050008EC054FE4DC0CF51DF4FE881F981C15E63
:10406000D0400280F381E02DCD5FDE4FF983E883FD
:10407000C350D140D101AD90BC9019861A861B86E1
:104080001C868A85807F8A87C752DF4F8881C95DF9
:10409000D040898789859A85AB85BC85898B9A8B29
:1040A000AB8BBC8B1D8A1E8A1F8A188E61E0CE01E5
:1040B00041960E94A41F29AF3AAF4BAF5CAF6DAFE2
:1040C0007EAF8FAF21969FAF219788248394C12C18
:1040D000E0E1DE2EE12CF12C89019A01AB01BC015B
:1040E000CD5FDE4F88819981C350D1400E94B129B4
:1040F00055FE3DC0F101A080B18088248394C12C7D
:1041000020E2D22EE12CF12CC752DF4F0881C95D8D
:10411000D040C652DF4F1881CA5DD040C552DF4F34
:104120002881CB5DD040C452DF4F3881CC5DD04078
:10413000C352DF4F4881CD5DD040C252DF4F58811E
:10414000CE5DD040C152DF4F6881CF5DD040C052BC
:10415000DF4F7881C05ED040CF51DF4FA881B98159
:10416000C15ED04012968D919C910E94B129C85099
:10417000DF4FE881F981C85FD040EF2B09F45CC0C4
:1041800054FE4DC019861A861B861C868A85807F40
:104190008A87C752DF4F8881C95DD040898789856A
:1041A0009A85AB85BC85898B9A8BAB8BBC8B1D8A22
:1041B0001E8A1F8A188E61E0CE0141960E94A41FBC
:1041C000298F4B8F5C8F6D8F7E8F8F8F98A3307F61
:1041D0003A8F88E0FE017996DE01119601900D92EA
:1041E0008A95E1F788E0FE013196DE01999601900B
:1041F0000D928A95E1F7CC24C394E9A4FAA40BA507
:104200001CA52DA53EA54FA558A961E87AE0C85088
:10421000DF4F88819981C85FD0400E94189355FE76
:104220000BC0C552DF4F8881CB5DD040823009F48E
:10423000E5C0873009F413C191100C94A798CD51B3
:10424000DF4FE881F981C35ED04081859285A385E7
:10425000B48582309105A105B10529F08F3F9F4FAC
:10426000AF4FBF4F41F4C351DF4F2881CD5ED040E7
:10427000222309F44CC0C751DF4FE881F981C95EA0
:10428000D04081859285A385B485C450DF4F488195
:104290005981CC5FD040849F9001859F300D949FC1
:1042A000300D1124CE50DF4FE881F981C25FD0403C
:1042B000E20FF31FCE50DF4FF983E883C25FD04097
:1042C000C050DF4FE881F981C050D140AF01FF0FEE
:1042D000660B770B481759076A077B07C4F4C05071
:1042E000DF4F99838883C050D140CC50DF4F398352
:1042F0002883C45FD040C450DF4F28813981CC5F10
:10430000D040C251DF4F39832883CE5ED040C551A3
:10431000DF4F48815981CB5ED040C450DF4F888148
:104320009981CC5FD040480F591FC551DF4F598349
:104330004883CB5ED040D10112962D903C900C94D6
:104340007196C652DF4F8881CA5DD0408F7011F4DC
:104350000C94A798A114B10411F40C94A798F5013A
:104360000185128523853485011511052105310547
:1043700011F40C94A798CE0187529F4F0E943521CB
:10438000D8015C96ED91FC91608371838283938365
:104390000F946B3E611571058105910529F1F801B6
:1043A00062A773A784A795A765ED76E18AE792E1F6
:1043B0000F941407D1016D917C918AE792E10F94DB
:1043C000FE0662EC76E18AE792E10F941407CE01D3
:1043D00087529F4F0E943521AB01BC018AE792E1D1
:1043E0000F94A42E0C94099A81E090E0A0E0B0E034
:1043F000F80182A793A7A4A7B5A7D6CFCC24C394CE
:10440000C752DF4FE880C95DD040C652DF4FF88009
:10441000CA5DD04002E0C452DF4F1881CC5DD0406D
:10442000C352DF4F2881CD5DD040C252DF4F38816B
:10443000CE5DD040C152DF4F4881CF5DD040C052E9
:10444000DF4F5881C05ED0406CE77AE0C850DF4F44
:1044500088819981C85FD0400E941893EDCECC240A
:10446000C394C752DF4FE880C95DD040C652DF4FCA
:10447000F880CA5DD04007E0C452DF4F1881CC5DA0
:10448000D040C352DF4F2881CD5DD040C252DF4FB4
:104490003881CE5DD040C152DF4F4881CF5DD040E2
:1044A000C052DF4F5881C05ED04065E079E0CECF8A
:1044B000CC50DF4F19821882C45FD040C251DF4F09
:1044C00019821882CE5ED040C551DF4F1982188202
:1044D000CB5ED040CE50DF4F19821882C25FD040F1
:1044E000C551DF4FE881F981CB5ED040EF2BE9F475
:1044F000712C612CC301CB5FDE4F0FB6F894DEBF89
:104500000FBECDBFDF91CF911F910F91FF90EF9024
:10451000DF90CF90BF90AF909F908F907F906F90E3
:104520005F904F903F902F900895CE50DF4F88813D
:104530009981C25FD040C551DF4F68817981CB5EE0
:10454000D0400F94EC5D3B0163EB76E18AE792E1AA
:104550000F9414074AE050E0C551DF4F688179811C
:10456000CB5ED0408AE792E10F94B50668EA76E127
:104570008AE792E10F9414070FEF10E0CE50DF4F5F
:1045800088819981C25FD040B8010F94EC5D4AE008
:1045900050E08AE792E10F94B50661EA76E18AE796
:1045A00092E10F9414074AE050E0B3018AE792E1E8
:1045B0000F94B50667E976E18AE792E10F94140754
:1045C000CC50DF4F88819981C45FD040B8010F94EF
:1045D000EC5D4AE050E08AE792E10F94B50660E9AD
:1045E00076E18AE792E10F9414074AE050E0C25165
:1045F000DF4F68817981CE5ED0408AE792E10F94E7
:10460000B5066CE876E18AE792E10F9414078AE731
:1046100092E10F94A8056114710409F469CFCF5198
:10462000DF4FA881B981C15ED0401496ED91FC9115
:10463000309709F45FCF26813781CF51DF4F39831F
:104640002883C15ED040C251DF4F88819981CE5E00
:10465000D040092E000CAA0BBB0BC251DF4F888340
:104660009983AA83BB83CE5ED040CC50DF4F288194
:104670003981C45FD040032E000C440B550BCB5145
:10468000DF4F288339834A835B83C55ED040CF5197
:10469000DF4F48815981C15ED040452B09F42ACFB4
:1046A0002CE330E040E050E066E976E0CF51DF4FA8
:1046B00088819981C15ED0400F9436256B016FEDE2
:1046C00076E0CF51DF4F88819981C15ED0400F9451
:1046D0002F29CD51DF4F99838883C35ED04065E099
:1046E00079E0CF51DF4F88819981C15ED0400F942E
:1046F0002F295C0161E87AE0CF51DF4F88819981F1
:10470000C15ED0400F942F294C0120E030E0A90178
:104710006EEC77E0CF51DF4F88819981C15ED04048
:104720000F9436251B012C01CD51DF4F88819981D3
:10473000C35ED040009709F4EAC0A114B10409F4A3
:10474000E6C08114910409F4E2C0DC0118968C9152
:104750008F70823009F0DBC0F50180858F70823068
:1047600009F0D5C0D40118968C9118978F708230BB
:1047700009F0CDC0C114D10409F4C9C019968D91B6
:104780009D910D90BC91A02D82309105A105B105A0
:1047900029F08F3F9F4FAF4FBF4F31F421143104A9
:1047A0004104510409F46DC0CC50DF4F2881398198
:1047B000C45FD040212C312C2101232B09F461C08E
:1047C000D50119968D919C918C9D50018D9DB00CB9
:1047D0009C9DB00C11242FEF30E0D5010F94175E93
:1047E0009601DD0C440B550B0F94AB5DC251DF4FAE
:1047F000688179818A819B81CE5ED0400F94795DFA
:10480000CB51DF4F288139814A815B81C55ED04021
:104810000F94AB5D19012A0165E876E18AE792E120
:104820000F941407CF51DF4FE881F981C15ED0406A
:10483000608171818AE792E10F94FE066FE776E16D
:104840008AE792E10F941407C5016FEF70E00F94AF
:10485000EC5D4AE050E08AE792E10F94B50669E723
:1048600076E18AE792E10F9414072AE030E0B20182
:10487000A1018AE792E10F946D068AE792E10F9415
:10488000A805CD51DF4FE881F981C35ED040818515
:104890009285A385B48582159305A405B505B9F164
:1048A00019861A861B861C861D861E861F86188AF8
:1048B0008A85807F8A87B101CE0109960E941120E6
:1048C00029A33AA34BA35CA36DA37EA38FA398A7B0
:1048D000912C812CB12CA12CD12CC12C79018A01D5
:1048E0009B01AC016FEFCF51DF4F88819981C15E91
:1048F000D0400E941983CD51DF4FA881B981C35E9A
:10490000D04019962D923D924D925C921C97CF51BA
:10491000DF4FE881F981C15ED0400280F381E02D54
:10492000CF51DF4FF983E883C15ED040B0CE2F92E4
:104930003F924F925F926F927F928F929F92AF922F
:10494000BF92CF92DF92EF92FF920F931F93CF937C
:10495000DF93CDB7DEB7C459D1090FB6F894DEBFE7
:104960000FBECDBF1C0161307105B9F5DC01129697
:104970008D919C910E94FA27672B682B692B69F116
:104980004FEF5FEFBA0180E00F94FB256B017C01D4
:10499000F10102811381C8010E94FA27C61AD70AC1
:1049A000E80AF90AF0E6CF16FAEEDF06E104F104B0
:1049B000A0F040E050E0BA01C8010E94B92762E3CC
:1049C00075E0D10116968D919C910F942F29009737
:1049D00021F0FC012085207F2087D1011696ED90E3
:1049E000FC9020E030E040EC5FE762E375E0C70157
:1049F0000F94CD244B015C0120E030E0A90163EC71
:104A00007AE0C7010F9436252B01C657DF4F798313
:104A10006883CA58D04026EE30E040E050E067E8B6
:104A200079E0C7010F943625C057DF4F688379833B
:104A30008A839B83C059D04020E030E040EF51E4AE
:104A4000C501B4010F94475F18160CF491C120E022
:104A500030E040E751E4C501B4010F943F5C87FDAD
:104A600090C1EFE0F0E0C158DF4FF983E883CF5702
:104A7000D040A5019401C501B4010F94A75F88231C
:104A800071F0C657DF4FA881B981CA58D040AB2B0F
:104A900031F0C158DF4F59824882CF57D040D10101
:104AA0001496ED91FC9126813781EB963FAF2EAFA6
:104AB000EB978FEF9FEFEF969FAF8EAFEF97C157BA
:104AC000DF4F1882CF58D040CC56DF4F1882C459E0
:104AD000D040C257DF4F1882CE58D040C757DF4F63
:104AE0001882C958D040CB57DF4F19821882C55859
:104AF000D040EB96AEADBFADEB97109709F44CC626
:104B0000ED91FC911197309709F411C480818823AD
:104B100009F40DC420E030E0A90161E87AE0CD019C
:104B20000F9436256B01C957DF4F79836883C758C7
:104B3000D04020E030E0A9016CE77AE0EB968EAD42
:104B40009FADEB970F94CD244B015C0120E030E04A
:104B5000A90162E375E0EB968EAD9FADEB970F94E4
:104B6000CD242B013C0120E030E0A90165E079E093
:104B7000EB968EAD9FADEB970F943625C957DF4F5F
:104B8000E881F981C758D040EF30F10509F4AEC192
:104B90000CF000C1E230F10509F40BC13E9709F4B5
:104BA000B0C110E0ED961FAE1EAEED9720E030E0F4
:104BB000A9016EEC77E0EB968EAD9FADEB970F946D
:104BC00036252B013C016FE376E0EB968EAD9FAD71
:104BD000EB970F942F29C457DF4F99838883CC58C4
:104BE000D04068EE76E0EB968EAD9FADEB970F94DC
:104BF0002F29CF57DF4F99838883C158D04062E374
:104C000075E0EB968EAD9FADEB970F942F29FC01CD
:104C1000C457DF4F28813981CC58D0402115310548
:104C200009F485C3D90119968D909D90AD90BC90E3
:104C30001C9781149104A104B10409F478C3CF57DF
:104C4000DF4F28813981C158D0402115310509F441
:104C50006EC3D90118969C919F70933009F067C379
:104C6000309709F464C380858F70833009F05FC387
:104C7000CD57DF4F99828882C358D040F401EA5B58
:104C8000FF4FC158DF4F28813981CF57D0402431A1
:104C9000310509F45CC12531310509F498C141148D
:104CA00051046104710449F4111107C0ED968EADF1
:104CB0009FADED97029709F061C18081882309F4C7
:104CC0005DC1108266E478E18AE792E10F941407EF
:104CD000EB96AEADBFADEB976D917C918AE792E11B
:104CE0000F94FE068AE792E10F94A805EB96EEADCD
:104CF000FFADEB97E080F18019861A861B861C8633
:104D00001D861E861F86188A8A85807F8A8720E0F6
:104D100030E0A90168EA78E0CF010F943625CE0192
:104D200009960E94112029833A834B835C836D830B
:104D30007E838F83988767E0CE0101960E94A41F2F
:104D400029A33AA34BA35CA36DA37EA38FA398A72B
:104D5000CC24C39489019A01AB01BC01C1010E941A
:104D6000F59497FD0BC1EF969FAF8EAFEF9706C1FD
:104D700024E130E0C158DF4F39832883CF57D0403A
:104D800078CE85E190E0C158DF4F99838883CF5773
:104D9000D0406FCEC957DF4F28813981C758D040E6
:104DA0002331310561F00CF4FCCE263131050CF0D5
:104DB000F8CEED96DFAECEAEED9710E0F7CEC6574B
:104DC000DF4F88819981CA58D0408431910581F1A3
:104DD000459709F458C020E030E040E85FE3C301A4
:104DE000B2010F94335E9B01AC01C501B4010F9475
:104DF000475F18160CF473C0ED961FAE1EAEED970C
:104E000020E030E040E85FE3C301B2010F94325E7E
:104E10009B01AC01C501B4010F943F5C10E087FF1A
:104E2000C5CE85E190E0ED969FAF8EAFED97BECEFB
:104E3000A3019201C501B4010F94475F1816E4F075
:104E4000ED961FAE1EAEED9720E030E040E85FE348
:104E5000C301B2010F94325E9B01AC01C501B401E4
:104E60000F943F5C10E087FFA1CEE5E1F0E0ED9606
:104E7000FFAFEEAFED979ACEA4E1B0E0ED96BFAFF5
:104E8000AEAFED97E1CFA3019201C501B4010F943C
:104E90003F5C87FD1DC0ED961FAE1EAEED9720E076
:104EA00030E040E85FE3C301B2010F94335E9B0141
:104EB000AC01C501B4010F94475F10E018160CF067
:104EC00075CE24E130E0ED963FAF2EAFED976ECE7C
:104ED000E5E1F0E0ED96FFAFEEAFED97E0CF24E136
:104EE00030E0ED963FAF2EAFED978ACF161617063E
:104EF00094F08FE090E0ED969FAF8EAFED9711E0CC
:104F000055CE16161706ACF0AEE0B0E0ED96BFAF8A
:104F1000AEAFED97F4CFAFE0B0E0ED96BFAFAEAF80
:104F2000ED9711E0B1E0C757DF4FB883C958D040C3
:104F30003DCEEEE0F0E0ED96FFAFEEAFED9711E085
:104F4000F1E0C257DF4FF883CE58D0402FCE111179
:104F500005C0411451046104710459F0808181112C
:104F600003C0C4010F94020981E0F401EA5BFF4F22
:104F7000808370E060E0C4010F94C308CD57DF4F19
:104F8000A881B981C358D0405C96ED91FC916081B5
:104F90007181828193817401B6E4EB0EF11CF701FB
:104FA00010819B01AC010F94A75F811125C0ED9684
:104FB0008EAD9FADED9744970297F0F4112309F45D
:104FC000ABC3CC56DF4F1883C459D04018C0111161
:104FD00005C0411451046104710459F080818111AC
:104FE00003C0C4010F94020981E0F401EA5BFF4FA2
:104FF000808361E070E0BFCF112309F48DC3C40149
:105000000F945C09D82E882309F486C36FE378E1F6
:105010008AE792E10F941407D1011296ED91FC9169
:105020000280F381E02D608171818AE792E10F9423
:10503000FE066AED7BE08AE792E10F94FE06EB96AE
:10504000EEADFFADEB97608171818AE792E10F943D
:10505000FE066AE378E18AE792E10F941407CD57E0
:10506000DF4FA881B981C358D0405C96ED91FC9187
:1050700040815181628173818AE792E10F94A42E6D
:1050800064E378E18AE792E10F941407CD57DF4F8C
:10509000A881B981C358D0409096ED91FC91408190
:1050A0005181628173818AE792E10F94A42E6EE2AE
:1050B00078E18AE792E10F941407CD57DF4FA8817A
:1050C000B981C358D0405E96ED91FC9140815181E9
:1050D000628173818AE792E10F94A42E6DE879E0F2
:1050E0008AE792E10F94FE06CD57DF4FE881F98100
:1050F000C358D04040815181628173818AE792E137
:105100000F94A42E61E979E08AE792E10F94FE06FC
:10511000CD57DF4FA881B981C358D04014964D9127
:105120005D916D917C9117978AE792E10F94A42E7F
:1051300065E979E08AE792E10F94FE06CD57DF4FEB
:10514000E881F981C358D0404085518562857385D7
:105150008AE792E10F94A42ECD57DF4FA881B98141
:10516000C358D04058968D919C9169E779E0892B7E
:1051700011F46FE779E08AE792E10F94FE06B6E456
:105180008B0E911CF40180816BE875E0882311F08F
:1051900065E879E08AE792E10F94FE06CD57DF4F8C
:1051A000A881B981C358D0405C96ED91FC91608193
:1051B0007181828193819B01AC010F94A75F882349
:1051C00031F067E278E18AE792E10F9414078AE709
:1051D00092E10F94A805CF57DF4FE881F981C158BC
:1051E000D04081849284A384B484A5019401C50134
:1051F000B4010F94A75F81119AC0ED962EAD3FAD1B
:10520000ED972431310519F12531310509F4BAC082
:10521000C158DF4F28813981CF57D0402431310523
:1052200009F449C12531310509F4E5C12F303105B3
:1052300009F07DC0C457DF4FA881B981CC58D04058
:105240001996ED91FC91EA5BFF4F108270C0EB96CE
:10525000AEADBFADEB97ED90FC90C158DF4FE8814C
:10526000F981CF57D04019861A861B861C861D8669
:105270001E861F86188A8A85807F8A87759709F01F
:1052800063C070E060E0CE0109960E94112029837E
:105290003A834B835C836D837E838F83988767E03B
:1052A000CE0101960E94A41F29A73AA74BA75CA78D
:1052B0006DA77EA78FA798ABCC24C39489019A01D0
:1052C000AB01BC01C1010E94F5947C0197FF04C0B1
:1052D000EF96EEACFFACEF97CB57DF4F28813981CB
:1052E000C558D040B901330F880B990B0F94465C19
:1052F000CF57DF4FA881B981C158D04019962D9161
:105300003D914D915C911C970F94335E0F94115F0A
:10531000CB57DF4F79836883C558D040EF96FFAEF7
:10532000EEAEEF97C157DF4FD882CF58D040EB9603
:10533000AEADBFADEB9712960D90BC91A02DEB9644
:10534000BFAFAEAFEB97D5CBC501B4010F94115FE2
:10535000CE0109960E94112029833A834B835C83F6
:105360006D837E838F83988767E0CE0101960E94CC
:10537000A41F29AB3AAB4BAB5CAB6DAB7EAB8FAB39
:1053800098AF9ACFEB96EEADFFADEB97E080F18052
:10539000C158DF4F28813981CF57D04019861A86EE
:1053A0001B861C861D861E861F86188A8A85807F1E
:1053B0008A872431310509F046C070E060E0CE01F3
:1053C00009960E94112029833A834B835C836D8365
:1053D0007E838F83988767E0CE0101960E94A41F89
:1053E00029AF3AAF4BAF5CAF6DAF7EAF8FAF2196B9
:1053F0009FAF2197CC24C39489019A01AB01BC01D2
:10540000C1010E94F5947C0197FF04C0EF96EEACB9
:10541000FFACEF97CB57DF4FA881B981C558D0407B
:10542000BD01BB0F880B990B0F94465CCF57DF4F24
:10543000E881F981C158D040218532854385548562
:105440000F94325E63CFC501B4010F94115FCE019A
:1054500009960E94112029833A834B835C836D83D4
:105460007E838F83988767E0CE0101960E94A41FF8
:10547000022F22962FAF2297132F23963FAF239709
:10548000242F24964FAF2497352F25965FAF25976D
:10549000462F26966FAF2697572F27967FAF2797D1
:1054A000682F28968FAF2897792F29969FAF299735
:1054B000CC24C394A5CF61E178E18AE792E10F940F
:1054C0001407D1011296ED91FC910280F381E02D39
:1054D000608171818AE792E10F94FE066AED7BE0BC
:1054E0008AE792E10F94FE06EB96EEADFFADEB97E7
:1054F000608171818AE792E10F94FE066BE078E1AA
:105500008AE792E10F941407CF57DF4FA881B98142
:10551000C158D04019964D915D916D917C911C9729
:105520008AE792E10F94A42E8AE792E10F94A805EE
:10553000C957DF4FE881F981C758D040329729F425
:1055400045284628472809F4F2CEEB96AEADBFAD0C
:10555000EB97ED90FC9019861A861B861C861D869B
:105560001E861F86188A8A85807F8A87CF57DF4FDD
:10557000E881F981C158D040618572858385948521
:105580000F94115FCE0109960E94112029833A835E
:105590004B835C836D837E838F83988767E0CE0126
:1055A00001960E94A41F2A962FAF2A972B963FAFF1
:1055B0002B972C964FAF2C972D965FAF2D972E964D
:1055C0006FAF2E972F967FAF2F9760968FAF609714
:1055D00061969FAF6197CC24C39489019A01AB0176
:1055E000BC01C1010E94F59497FDA1CEEF969FAF3B
:1055F0008EAFEF979CCE65EF77E18AE792E10F944B
:105600001407D1011296ED91FC910280F381E02DF7
:10561000608171818AE792E10F94FE066AED7BE07A
:105620008AE792E10F94FE06EB96EEADFFADEB97A5
:10563000608171818AE792E10F94FE066FEE77E157
:105640008AE792E10F941407CF57DF4FA881B98101
:10565000C158D04019964D915D916D917C911C97E8
:105660008AE792E10F94A42E8AE792E10F94A805AD
:10567000C957DF4FE881F981C758D040329729F4E4
:1056800045284628472809F452CEEB96AEADBFAD6B
:10569000EB97ED90FC9019861A861B861C861D865A
:1056A0001E861F86188A8A85807F8A87CF57DF4F9C
:1056B000E881F981C158D0406185728583859485E0
:1056C0000F94115FCE0109960E94112029833A831D
:1056D0004B835C836D837E838F83988767E0CE01E5
:1056E00001960E94A41F62962FAF629763963FAF08
:1056F000639764964FAF649765965FAF65976696BC
:105700006FAF669767967FAF679768968FAF68971A
:1057100069969FAF69975FCFF7018081882309F46D
:1057200006CECF57DF4FA881B981C158D040199616
:10573000CD90DD90ED90FC901C97A7019601C701DC
:10574000B6010F94A75F8111F2CDCD57DF4FE881ED
:10575000F981C358D040808D918D892B21F0F7FAC3
:10576000F094F7F8F094CB57DF4F28813981C55872
:10577000D040B901330F880B990B0F94465CA701F9
:1057800096010F94335E0F94115FCB57DF4F7983EF
:105790006883C558D040CBCDC157DF4FB881CF58B3
:1057A000D040BB2309F484C0C057DF4F0881198162
:1057B000C059D0406BED77E18AE792E10F9414076E
:1057C0004AE050E0CB57DF4F68817981C558D0401F
:1057D0008AE792E10F94B50660ED77E18AE792E1FE
:1057E0000F9414074AE050E0C057DF4F6881798179
:1057F000C059D0408AE792E10F94B5068AE792E15A
:105800000F94A805CB57DF4FE881F981C558D040E8
:105810000E171F070CF094C0198A1A8A1B8A1C8A5B
:105820001D8A1E8A1F8A188E8A89807F8A8B64E16E
:10583000CE0141960E94C61F29873A874B875C8715
:105840006D877E878F87988B4EE150E060E070E037
:10585000CE0109960E94E81F29833A834B835C831B
:105860006D837E838F83988762E0CE0101960E94CC
:10587000A41F6A962FAF6A976B963FAF6B976C9693
:105880004FAF6C976D965FAF6D976E966FAF6E97DB
:105890006F967FAF6F97A0968FAFA097A1969FAF9F
:1058A000A19789019A01AB01BC01C1010E94AB9291
:1058B000CC56DF4FB881C459D040BB2309F49FC0F8
:1058C000C757DF4F1882C958D040EF968EAD9FADB5
:1058D000EF97181619060CF4C8C0EF96AEADBFAD21
:1058E000EF97AB2B89F4C158DF4F88819981CF574F
:1058F000D0404497029708F0B8C0C757DF4FB8812F
:10590000C958D040B111B1C081E090E0CC56DF4F12
:105910000FB6F894DEBF0FBECDBFDF91CF911F91C0
:105920000F91FF90EF90DF90CF90BF90AF909F903E
:105930008F907F906F905F904F903F902F90089541
:10594000CB57DF4F88819981C558D040919581957B
:105950009109081719070CF046C0198A1A8A1B8A80
:105960001C8A1D8A1E8A1F8A188E8A89807F8A8BCC
:1059700065E1CE0141960E94C61F29873A874B8771
:105980005C876D877E878F87988B41E150E060E070
:1059900070E0CE0109960E94E81F29833A834B8369
:1059A0005C836D837E838F83988762E0CE0101964E
:1059B0000E94A41FA2962FAFA297A3963FAFA397D2
:1059C000A4964FAFA497A5965FAFA597A6966FAF85
:1059D000A697A7967FAFA797A8968FAFA897A996E7
:1059E0009FAFA9975ECFCB57DF4F68817981C558AC
:1059F000D040675F7F4F6331710508F059CFD10107
:105A00001696ED91FC91309709F060C0C257DF4FB8
:105A1000B881CE58D040BB2309F4D4C0EF96EEAD88
:105A2000FFADEF971E161F060CF0FBC019861A86F5
:105A30001B861C861D861E861F86188A8A85807F87
:105A40008A876EE0CE0109960E94C61F298B3A8B89
:105A50004B8B5C8B6D8B7E8B8F8B988F89019A0122
:105A6000AB01BC01C1010E94A290AD961CAE1DAE5F
:105A70001EAE1FAEAD97E1961CAE1DAE1EAE1FAEA4
:105A8000E197AB968FADAB97807FAB968FAFAB971F
:105A9000EF966EAD7FADEF97CE0187599F4F0E9475
:105AA000112029873A874B875C876D877E878F8790
:105AB000988B67E0CE0109960E94A41F89019A0184
:105AC000AB01BC01C1010E94A2901ECF80858F70E6
:105AD000863009F09BCF81859285A385B485A0FF90
:105AE00095CF69E979E08AE792E10F94FE068AE7AB
:105AF00092E10F94A80525E130E040E050E066EC2B
:105B000077E0F101868197810F9436256B01CB01F7
:105B100042970C9728F085E1C82ED12CE12CF12C6E
:105B200019861A861B861C861D861E861F86188A65
:105B30008A85807F8A8760E0CE0109960E94C61F11
:105B4000298B3A8B4B8B5C8B6D8B7E8B8F8B988FDD
:105B5000A601DD0C660B770BCE0141960E94E81F73
:105B6000298F3A8F4B8F5C8F6D8F7E8F8F8F98A38D
:105B700062E0CE0149960E94A41F29833A834B8399
:105B80005C836D837E838F83988789019A01AB0143
:105B9000BC01C1010E94A290D1011696ED91FC9129
:105BA000309709F433CF80858F70863009F02ECF7F
:105BB00081859285A385B485AE7F81879287A387EF
:105BC000B48724CFC757DF4FF881C958D040FF238F
:105BD00009F1EF962EAD3FADEF97121613060CF0BC
:105BE0007CCE19861A861B861C861D861E861F86FD
:105BF000188A8A85807F8A876FE0CE0109960E9485
:105C0000C61F298F3A8F4B8F5C8F6D8F7E8F8F8F42
:105C100098A324CF31E0C757DF4F3883C958D0400D
:105C200054CEC257DF4F9881CE58D040C757DF4F70
:105C30009883C958D04051CEFC0126813781232B4F
:105C400031F024813581232B11F00C9497A490E03E
:105C500080E008958F929F92AF92BF92CF92EF9281
:105C6000FF920F931F93CF93DF93CDB7DEB7689763
:105C70000FB6F894DEBF0FBECDBF4C0166EB77E1E7
:105C80008AE792E10F9414078AE792E10F94A8053E
:105C9000D4011496ED91FC91A680B780A114B104B3
:105CA00009F451C0F501E080F180E114F10409F438
:105CB00046C0D7018C91882309F441C022E030E02E
:105CC00040E050E069EA79E0C5010F9436259B0178
:105CD0002D7F232B69F119861A861B861C861D864B
:105CE0001E861F86188A2A85207F2A87CE0109965C
:105CF0000E94C61F29833A834B835C836D837E8316
:105D00008F83988761E0CE0101960E94A41F298BA2
:105D10003A8B4B8B5C8B6D8B7E8B8F8B988FCC24CF
:105D2000C39489019A01AB01BC01C4010E94F5949E
:105D300050E040E069EA79E0C5010E94F774F5019E
:105D4000A280B380ABCF68960FB6F894DEBF0FBECB
:105D5000CDBFDF91CF911F910F91FF90EF90CF902A
:105D6000BF90AF909F908F9008958F929F92AF9227
:105D7000BF92CF92EF92FF920F931F93CF93DF9337
:105D8000CDB7DEB768970FB6F894DEBF0FBECDBFB4
:105D90004C016FE977E18AE792E10F9414078AE7F3
:105DA00092E10F94A805D4011496ED91FC91A68080
:105DB000B780A114B10409F45EC0D501ED91FC9146
:105DC000309709F453C08081882309F44FC020E044
:105DD00030E0A90161E87AE0C5010F9436259B0106
:105DE00060317105F4F56E3071051CF46130710598
:105DF000E9F5AB0169EA79E0C5010E94F774F501A4
:105E0000E080F18019861A861B861C861D861E86F8
:105E10001F86188A8A85807F8A8762E0CE0109966C
:105E20000E94C61F29833A834B835C836D837E83E4
:105E30008F83988761E0CE0101960E94A41F298B71
:105E40003A8B4B8B5C8B6D8B7E8B8F8B988FCC249E
:105E5000C39489019A01AB01BC01C4010E94F5946D
:105E600005C0235131092430310518F2D5011296AD
:105E7000AD90BC909ECF68960FB6F894DEBF0FBE73
:105E8000CDBFDF91CF911F910F91FF90EF90CF90F9
:105E9000BF90AF909F908F900895AF92BF92CF9296
:105EA000EF92FF920F931F93CF93DF93CDB7DEB79F
:105EB000A0970FB6F894DEBF0FBECDBF5C01C12C1A
:105EC0000E94F5947C0197FD4EC062E676E18AE778
:105ED00092E10F9414074AE050E0B7018AE792E19B
:105EE0000F94B5068AE792E10F94A80519861A86E1
:105EF0001B861C861D861E861F86188A8A85807FC3
:105F00008A87B701CE0109960E941120298B3A8B0E
:105F10004B8B5C8B6D8B7E8B8F8B988F67E0CE016C
:105F200041960E94A41F89019A01AB01BC01C501E1
:105F30000E94A29081E090E02EEFE2162FEFF20691
:105F400011F490E080E0A0960FB6F894DEBF0FBE8B
:105F5000CDBFDF91CF911F910F91FF90EF90CF9028
:105F6000BF90AF9008956EE476E18AE792E10F94D6
:105F7000140764E476E12FEFE216F20611F46BE405
:105F800076E18AE792E10F9414078AE792E10F9491
:105F9000A805D0CF2F923F924F925F926F927F923F
:105FA0008F929F92AF92BF92CF92DF92EF92FF9229
:105FB0000F931F93CF93DF93CDB7DEB7CF56D109A1
:105FC0000FB6F894DEBF0FBECDBF3C011A01A496F8
:105FD0002FAFA497AE961FAF0EAFAE97E096FFAE71
:105FE000EEAEE097A896CFAEA897A796BFAEAEAE9E
:105FF000A797DC011496ED91FC910288F389E02DBE
:1060000086809780AB2839F4FE01EE59FF4FA796A2
:10601000FFAFEEAFA79781E0A796AEADBFADA79754
:106020008C936B01F12CE12C8114910409F450C57F
:10603000A496BFADA497B13009F482C008F479C02A
:10604000B23041F0B33009F471C0D40112968D9092
:106050009C90EACF65EB79E0C4010F942F2911E001
:10606000009799F3FC0181859285A385B4858C15F1
:106070009D05AE05BF0549F760E476E0C4010F94C5
:106080002F29AA969FAF8EAFAA97D3011296ED91B2
:10609000FC9162E0848195810F94E129AC969FAFD9
:1060A0008EAFAC97822D0F94C7367C01A2961FAE9F
:1060B000A297198A1A8A1B8A1C8A1D8A1E8A1F8A1D
:1060C000188E8A89807F8A8B66E375E0C4010F94FD
:1060D0002F296C0161E176E0C4010F942F295C0146
:1060E000C114D10451F0F60180858F70843029F4F9
:1060F000818592850E9449D0182FEFEFE10FEB3098
:1061000008F06BC10E2E000CFF0B8827E557FF44EB
:106110008F4F0D94005EA3B02DB10BB152B1EDB114
:10612000EDB18CB177B1A0B1B1B1C9B169EB79E092
:1061300093CF6CEB79E0C4010F942F291BE090CF33
:1061400061EC79E0F8CF1701512C412CA701FF0C2D
:10615000660B770BCE0141960E94E81F6A962FAF1F
:106160006A976B963FAF6B976C964FAF6C976D9637
:106170005FAF6D976E966FAF6E976F967FAF6F97AD
:10618000A0968FAFA097A1969FAFA1978091310263
:10619000893020F4809130028930B8F167E074E1F1
:1061A0008AE792E10F94140700E020E030E340E139
:1061B00050E0BE016F5F7F4FCE0141960E941AD41E
:1061C000BC018AE792E10F94FE066BEF73E18AE768
:1061D00092E10F941407612F110F770B4AE050E002
:1061E0008AE792E10F94B50669EF73E18AE792E1DD
:1061F0000F941407D4016D917C918AE792E10F947A
:10620000FE068AE792E10F94A805A114B10409F0F3
:10621000E8C0D12CF7C21701512C412CB201A701C3
:10622000CE0141960E94E81F62962FAF6297639657
:106230003FAF639764964FAF649765965FAF65977E
:1062400066966FAF669767967FAF679768968FAFD2
:10625000689769969FAF699799CFFE24EF24FE2433
:106260001701512C412CB201A101CE0141960E948F
:10627000E81F2A962FAF2A972B963FAF2B972C9685
:106280004FAF2C972D965FAF2D972E966FAF2E9711
:106290002F967FAF2F9760968FAF609761969FAFD5
:1062A000619774CFFE24EF24FE241701512C412C5A
:1062B000B201A101CE0141960E94E81F22962FAFA4
:1062C000229723963FAF239724964FAF2497259686
:1062D0005FAF259726966FAF269727967FAF2797B4
:1062E00028968FAF289729969FAF29974FCFFF24E5
:1062F0001701512C412CB201A701CE0141960E94F9
:10630000E81F29AF3AAF4BAF5CAF6DAF7EAF8FAF39
:1063100021969FAF21973ACFEF2CFF241701512CE4
:10632000412CB201A701CE0141960E94E81F29AB82
:106330003AAB4BAB5CAB6DAB7EAB8FAB98AF26CFC4
:106340001701512C412C8A89807F86608A8B2AE034
:1063500030E0D7010F94175E6D8B7E8B8F8B988FFB
:1063600015CF1701512C412C8A89807F87608A8B39
:10637000B701FF0C880B990B0F94465C20E030E0CE
:1063800048EC52E40F949F5E6D8B7E8B8F8B988FC1
:10639000FDCEC10124E0969587952A95E1F70F94EB
:1063A000C736FFE02F22332402C0969587952A94A2
:1063B000E2F7817099271C01512C412CB201AC01EC
:1063C000CE0141960E94E81F29A73AA74BA75CA7D8
:1063D0006DA77EA78FA798ABD9CE212C312C210198
:1063E000D5CEF50180858F708550823008F011CFB1
:1063F000B501CE0141960E9444D8298B3A8B4B8B34
:106400005C8B6D8B7E8B8F8B988F211102C03F70C0
:1064100009F180913102893008F470C264E773E1B8
:106420008AE792E10F94140700E020E030E340E1B6
:1064300050E0BE016F5F7F4FCE0141960E941AD49B
:10644000BC018AE792E10F94FE068AE792E10F947D
:10645000A805DFCE65EC79E0C5010F942F297C01FA
:10646000009709F4D6CEDC0118968C918F7082309B
:1064700009F4F3C0843009F0CCCE80913102893028
:1064800020F480913002893090F06AEA73E18AE763
:1064900092E10F941407D70119966D917C918AE7C8
:1064A00092E10F94FE068AE792E10F94A805AC965C
:1064B000EEADFFADAC97309709F41BC380858F70AC
:1064C000863009F014C3D7011996CD90DC90C11421
:1064D000D10409F40CC3D3011296ED91FC9162E052
:1064E000848195810F94E129B6010F942F290F948F
:1064F0003F396C01892B09F4FAC28091310289304D
:1065000020F4809130028930A8F068E973E18AE7CD
:1065100092E10F941407F6014185528563857485D5
:106520002AE030E08AE792E10F946D068AE792E173
:106530000F94A805D70119966D917C91D3011496FB
:10654000ED91FC91828993890F942F297C0100970A
:1065500009F4CDC266E375E00F942F29009749F046
:10656000FC0120852F70243021F4818592850E94C2
:1065700049D0D60119964D915D916D917C911C97F2
:10658000CE0141960E94E81F29A33AA34BA35CA326
:106590006DA37EA38FA398A761E176E0C7010F9456
:1065A0002F29BC01009791F0FC0190859F709550B8
:1065B000923060F4CE0141960E9444D8298B3A8BE8
:1065C0004B8B5C8B6D8B7E8B8F8B988F8091310288
:1065D000893020F4809130028930D8F063E873E18B
:1065E0008AE792E10F94140700E020E030E340E1F5
:1065F00050E0BE016F5F7F4FCE0141960E941AD4DA
:10660000BC018AE792E10F94FE068AE792E10F94BB
:10661000A805D60118968C911897982F92959F707F
:1066200090FD65C221E0A2962FAFA297916092954E
:10663000907F8F70892B18968C93DD24D394A89625
:10664000BFADA897BB2309F4F0C0AA964EAD5FADCD
:10665000AA97452B09F4E9C05AC2809131028930CA
:1066600020F4809130028930A8F063EE73E18AE76C
:1066700092E10F941407F701418552856385748573
:106680002AE030E08AE792E10F946D068AE792E112
:106690000F94A805D70119966D917D918D919C91CC
:1066A0001C97AE96EEADFFADAE978F0130E020E0C7
:1066B00060177107820793070CF44DC0E0964EAD4A
:1066C0005FADE0978A0130E020E006171707280742
:1066D00039070CF440C0AB014E1B5F0BDE01AF5914
:1066E000BF4F5D01C12CE096EEACFFACE0978F018F
:1066F000A4962FADA497C3010E94CAAF298B3A8BF1
:106700004B8B5C8B6D8B7E8B8F8B988F8091310246
:10671000893020F4809130028930D0F069EC79E042
:106720008AE792E10F94FE0666EE79E08AE792E14D
:106730000F94FE06A2966FADA29770E04AE050E07B
:106740008AE792E10F94B5068AE792E10F94A805D3
:10675000DD24D39457C069ED73E18AE792E10F9489
:106760001407F70141855285638574852AE030E07E
:106770008AE792E10F946D066AEB73E18AE792E192
:106780000F9414078AE792E10F94A80581E08093A3
:106790007D10CE0149969093031180930211A49627
:1067A000FFADA4976F2F70E041E050E0D70119963C
:1067B0008D919C910E94867AD82E8823D1F0F70182
:1067C000618572859E012F593F4F5901C12C7B0174
:1067D0008B01A4962FADA49750E040E0C3010E9426
:1067E000CAAF298B3A8B4B8B5C8B6D8B7E8B8F8BDF
:1067F000988F80E480937D1082E890E1909303115C
:1068000080930211A896BFADA897BB2339F0AA9632
:10681000EEADFFADAA97EF2B09F079C1AC96EEADC6
:10682000FFADAC97EF2B09F43EC0AC96AEADBFAD5B
:10683000AC9718968C9118978F708630A1F5F4015B
:1068400060817181CD010F942F293C01009759F18E
:106850000F943F397C01009709F4C8C0FC01818581
:106860009285A385B48582159305A405B50509F025
:1068700089C0808582958F7081FD84C0A896FFAD08
:10688000A897F1114BC080FD49C091E0A796AEAD2D
:10689000BFADA7979C9381608295807FF70190851B
:1068A0009F70892B808788E0FE017196DE015996E2
:1068B00001900D928A95E1F7298D3A8D4B8D5C8D73
:1068C0006D8D7E8D8F8D98A1C159DF4F0FB6F894D5
:1068D000DEBF0FBECDBFDF91CF911F910F91FF9013
:1068E000EF90DF90CF90BF90AF909F908F907F9070
:1068F0006F905F904F903F902F900895809130025D
:10690000893008F486CC8ACDF3016281738140E03E
:1069100050E1CE0141960E94752E80CFA796AEAD74
:10692000BFADA7971C92DD2009F4BDCFA896BFADDF
:10693000A897BB2309F4B7CFA2968FADA297811178
:1069400008C0A796AEADBFADA7978C91882309F478
:10695000AACF912C812CB12CA12CD12CC12CE9884F
:10696000FA880B891C892D893E894F89588D6FEFD4
:10697000C3010E94198381E0A796EEADFFADA797F2
:10698000808391CF80913102893020F48091300250
:106990008930F8F06BEE79E08AE792E10F94FE0619
:1069A0002AE030E0B201A1018AE792E10F94C30529
:1069B00069EF79E08AE792E10F94FE06F4016081C5
:1069C00071818AE792E10F94FE068AE792E10F94C3
:1069D000A805C101032C000CAA0BBB0BF701818792
:1069E0009287A387B48780858F708087D1109ECFD0
:1069F000A796AEADBFADA7978C91882309F453CF6E
:106A0000A896BFADA897BB2309F44DCFF3018085AD
:106A10008F708530B1F58681978165E976E00F94B6
:106A20002F29A5969FAF8EAFA597009761F1DC0146
:106A300018968C9118978F70823029F519968D9140
:106A40009D910D90BC91A02D82159305A405B505CF
:106A5000D1F480913102893020F480913002893064
:106A600050F06DE473E18AE792E10F9414078AE72E
:106A700092E10F94A805A796EEADFFADA7971082FF
:106A800012CFC301CACF912C812CB12CA12CD12CB7
:106A9000C12CE988FA880B891C892D893E894F8988
:106AA000588D6FEFC3010E941983A5962EAD3FAD9F
:106AB000A5972115310509F4F6CED30118968C91CE
:106AC00087FDF1CEF9012186328643865486EBCECE
:106AD00019821A821B821C828A81807F8A831D828E
:106AE0001E821F82188688E0FE013196DFCED12CEF
:106AF000A6CDA896EFADA897EE2309F4D4CEAA961A
:106B00002EAD3FADAA97D12C232B09F4CCCEAA965B
:106B1000AEADBFADAA9718968C9118978F70823042
:106B200009F07CCE19968D919D910D90BC91A02D70
:106B300081309105A105B10509F4E6CE0297A105C2
:106B4000B10509F06BCED30112966D917C9140E0B6
:106B500050E2DFCE2F923F924F925F926F927F92E0
:106B60008F929F92AF92BF92CF92DF92EF92FF925D
:106B70000F931F93CF93DF93CDB7DEB768970FB610
:106B8000F894DEBF0FBECDBF6115710509F491C049
:106B90005E8B498B9D8B8C8BFB018680978081144B
:106BA000910409F486C0F40180858F70823031F041
:106BB000853031F1F40182809380F1CF6184728459
:106BC00041E050E069897E89C3010E94867A88236A
:106BD00089F3B12CA12CCC24C3947301830129899E
:106BE00050E040E0B3018C899D890E94CAAF29879B
:106BF0003A874B875C876D877E878F87988BDACF44
:106C0000C4010F94A12A8230A9F660E0C4010F9458
:106C1000E129FC01C184D284E384F48461E0C401ED
:106C20000F94E129FC012184328443845484388EFA
:106C30002F8ADB8ACA8AA1014C195D094F5F5F4F19
:106C400069897E89C6010E94867A882309F4B2CFB9
:106C500080913102893020F480913002893020F017
:106C60008AE792E10F94A805712C612C6A897B89CF
:106C7000660D771D8F89988D861797070CF49ACF2C
:106C8000B12CA12CCC24C39471010A891B892989B8
:106C9000A3018C899D890E94CAAF29833A834B83C3
:106CA0005C836D837E838F8398879FEF691A790A4F
:106CB000DDCF68960FB6F894DEBF0FBECDBFDF9173
:106CC000CF911F910F91FF90EF90DF90CF90BF90E9
:106CD000AF909F908F907F906F905F904F903F907C
:106CE0002F9008952F923F924F925F926F927F92D2
:106CF0008F929F92AF92BF92CF92DF92EF92FF92CC
:106D00000F931F93CF93DF9300D01F921F92CDB7A5
:106D1000DEB761307105D1F490E080E00F900F9004
:106D20000F900F900F90DF91CF911F910F91FF90D7
:106D3000EF90DF90CF90BF90AF909F908F907F901B
:106D40006F905F904F903F902F9008952091B40CDA
:106D50003091B50C232B01F78C01DC01ED91FC91F6
:106D60000284F385E02D19950297B1F68091BA0C53
:106D70009091BB0CA091BC0CB091BD0C892B8A2BBF
:106D80008B2B79F4D8011296ED91FC9162E084810D
:106D900095810F94E1299C838B83892BB1F4B12CCD
:106DA0000EC40F946B3EC090BA0CD090BB0CE09018
:106DB000BC0CF090BD0C6C197D098E099F09683CD4
:106DC000710581059105F0F6A7CFEB81FC818085E7
:106DD0008F70863021F7C680D7801D82B12CC114F8
:106DE000D10409F4E8C3D60118968C91982F9F70AE
:106DF0002BEF290F223008F0DEC3BD81B111DBC3B8
:106E0000282F22952F7087FF7DC522FD7BC59530E9
:106E100009F0A7C0F6018681978165E976E00F94B5
:106E20002F291C01892B09F46DC581E090E0909316
:106E3000B50C8093B40CB11003C0C8010E94067B4E
:106E4000D10119964D905C9064E07AE08AE792E176
:106E50000F94FE06D8011296ED91FC910280F38109
:106E6000E02D608171818AE792E10F94FE066AED60
:106E70007BE08AE792E10F94FE06F6016081718162
:106E80008AE792E10F94FE0662E177E08AE792E1F9
:106E90000F94FE06D10119964D915D916D917C91F3
:106EA0001C972AE030E08AE792E10F946D068AE7AA
:106EB00092E10F94A805F60180809180D801149684
:106EC000ED91FC916BEE74E1309759F0B401828939
:106ED00093890F942F297C01009709F044C068EC36
:106EE00074E185ED91E10F94140785ED91E10F9424
:106EF000A805EE24EA94FE2C4201550CAA08BB0812
:106F0000D10119964D905D906D907C901C978414E2
:106F10009504A604B70409F4AAC48091BA0C909110
:106F2000BB0CA091BC0CB091BD0C892B8A2B8B2B78
:106F300009F486CF0F946B3E2091BA0C3091BB0CB4
:106F40004091BC0C5091BD0C621B730B840B950BD4
:106F5000683C71058105910508F072CF0E9488FD9B
:106F6000D6CFC6015ACF65EB79E00F942F293C01AB
:106F7000892B79F46CEB79E0C7010F942F293C0140
:106F800065EA74E1892B69F0F10180858F70806B6F
:106F90008087D30118968C918F70823079F06FE8DA
:106FA00074E185ED91E10F94140785ED91E10F9463
:106FB000A805EEEFEE2EFF24FA949ECF60E17AE072
:106FC000C7010F942F297C01009709F442C1FC01ED
:106FD00080858F70813009F061C18185882309F433
:106FE0005DC1D10118968C91807FF12CE12C803B02
:106FF00019F072E0E72EF12C64E874E18AE792E17F
:107000000F941407B4018AE792E10F94FE0661E839
:1070100074E18AE792E10F941407F30141855285E8
:10702000638574852AE030E08AE792E10F946D066B
:1070300069E17AE08AE792E10F94FE064AE050E0C7
:10704000B7018AE792E10F94B50664E67AE08AE731
:1070500092E10F94FE06F1E0F0937D1081E090E064
:107060008C0F9D1F909303118093021141E050E01B
:10707000B701D30119968D919C910E94867AF82EC2
:107080004FEF5FEFBA0180E00F94FB256093BA0CDD
:107090007093BB0C8093BC0C9093BD0CFF2009F443
:1070A000FAC0D8011296ED91FC9162E0848195813D
:1070B0000F94E1297C01009709F4C2C0FC0180858E
:1070C0008F70863009F0E7C0B401C7010F942F29F3
:1070D0007C01009709F4B4C00F943F397C01892BDF
:1070E00009F4AEC080913102893020F480913002E1
:1070F000893028F16AE774E18AE792E10F94140776
:10710000D70119964D915D916D917C911C972AE064
:1071100030E08AE792E10F946D0664E774E18AE754
:1071200092E10F94140769817A814AE050E08AE77E
:1071300092E10F94C5058AE792E10F94A805F70143
:10714000418552856385748589819A81B0E0A0E08C
:10715000481759076A077B0719F16EE674E18AE759
:1071600092E10F941407B4018AE792E10F94FE06AE
:1071700060E674E18AE792E10F9414078AE792E1EE
:107180000F94A805F0E4F0937D1082E890E19093CD
:107190000311809302116DEFE62EFF24FA94ACCE1A
:1071A000F10181859285A385B485481759076A073F
:1071B0007B0789F56AE574E18AE792E10F94140789
:1071C000B4018AE792E10F94FE0668E574E18AE76C
:1071D00092E10F94140769817A814AE050E08AE7CE
:1071E00092E10F94C50567E474E18AE792E10F9498
:1071F00014078AE792E10F94A805F0E4F0937D105C
:1072000082E890E190930311809302115CEFE52EE8
:10721000FF24FA9471CE61E474E18AE792E10F945D
:107220001407B4018AE792E10F94FE0666E274E166
:107230008AE792E10F9414078AE792E10F94A80578
:1072400090E490937D10A2E8B0E1B0930311A09375
:107250000211D1011896EC91E295EF70E150AA2449
:10726000AA94BA2CEB3008F066C0F0E0D30119966E
:107270002D913C918827E05CF6448F4F0D94005E81
:1072800051B966B951B966B913BA0EBA13BA0EBA82
:1072900051B951B91FBAF12CE12CD2CFF12CE12C0C
:1072A000D8CFF10181859285309305112093041187
:1072B00010920711109206119093091180930811F2
:1072C00086E00F94FA3FA82EB12C35C0D101199653
:1072D0008D919C91982789279827309305112093A9
:1072E00004111092071110920611909309118093C6
:1072F000081186E00F94FA3FA82EB12CF101818588
:107300009285A385B4853A2F2B2FD30119968D91A1
:107310009C9101969093051180930411109207118E
:1073200010920611309309112093081186E00F94F2
:10733000FA3FA80EB11C4FEF5FEFBA0180E00F9447
:10734000FB256093BA0C7093BB0C8093BC0C90939C
:10735000BD0C6BE174E18AE792E10F9414074AE0F7
:1073600050E0B5018AE792E10F94B50669E174E156
:107370008AE792E10F941407B4018AE792E10F942F
:10738000FE0660E27AE08AE792E10F94FE06F301DE
:1073900041855285638574852AE030E08AE792E171
:1073A0000F946D0663E174E18AE792E10F9414078C
:1073B000D10119964D915D916D917C911C972AE0B8
:1073C00030E08AE792E10F946D068AE792E10F942C
:1073D000A805A114B104D1F4F10180858F70823029
:1073E000A9F4E114F10491F0D70118968C918F70F3
:1073F000823061F441855285052E000C660B770BB7
:10740000F7014187528763877487808791E080E026
:10741000AB2809F090E0E92EF82E6ECDF1018185C0
:107420009285992741CFF10181859285A385B48505
:10743000892F9A2FAB2FBB27A7FDBA95F2CFD10189
:1074400019968C913093051120930411882341F0F3
:1074500080E09FEF909307118093061185E031CF74
:1074600090E080E0F7CFD60118968C911897806451
:1074700018968C9368E775E185ED91E10F941407F8
:10748000D8011296ED91FC910280F381E02D60818C
:10749000718185ED91E10F94FE066AED7BE085ED4B
:1074A00091E10F94FE06F6016081718185ED91E115
:1074B0000F94FE066AE675E185ED91E10F941407DD
:1074C000D60118968C911897982F92959F70292F16
:1074D0002370233039F09F5F9295907F8F70892BB6
:1074E00018968C9362E675E185ED91E10F9414078F
:1074F000D8011296ED91FC910280F381E02D60811C
:10750000718185ED91E10F94FE066AED7BE085EDDA
:1075100091E10F94FE06F6016081718185ED91E1A4
:107520000F94FE0666E27AE085ED91E10F94FE0687
:10753000D60118966C916295637070E04AE050E055
:1075400085ED91E10F94B50685ED91E10F94A805C5
:10755000D7C164E575E185ED91E10F941407D80179
:107560001296ED91FC910280F381E02D6081718192
:1075700085ED91E10F94FE066AED7BE085ED91E1EA
:107580000F94FE06F6016081718185ED91E10F9403
:10759000FE0661E475E185ED91E10F94140785ED38
:1075A00091E10F94A805D60118968C9118978F70C9
:1075B00018968C93A5C11092B50C1092B40CD801FA
:1075C0001496ED91FC91C480D580F12CE12C0F94A0
:1075D0006B3EC114D104E104F10491F0D80114967A
:1075E000ED91FC914680578060847184641975091F
:1075F000860997096C157D058E059F0508F4C3C0A3
:107600008091BA0C9091BB0CA091BC0CB091BD0CB8
:10761000892B8A2B8B2B09F0A2C0EB81FC81EF2BED
:1076200009F0B8C0D8011496ED91FC91828593853C
:10763000892B69F484859585892B49F486859785FE
:10764000892B29F480899189892B09F4FFC08091C5
:107650003102893020F4809130028930B8F06BE13A
:1076600075E18AE792E10F941407D8011296ED9123
:10767000FC910280F381E02D608171818AE792E1C3
:107680000F94FE068AE792E10F94A80581E090E04E
:107690009093B50C8093B40CB11003C0C8010E9444
:1076A000067BD8011496ED91FC916285738542E0CA
:1076B00050E0C8010E94AAB5D8011496ED91FC9142
:1076C0006485758543E050E0C8010E94AAB5D801E1
:1076D0001496ED91FC916685778550E040E0C801F5
:1076E0000E94AAB5D8011496ED91FC916089718928
:1076F00041E050E0C8010E94AAB580913102893072
:1077000020F4809130028930B8F06BE075E18AE7AF
:1077100092E10F941407D8011296ED91FC9102802A
:10772000F381E02D608171818AE792E10F94FE067A
:107730008AE792E10F94A8050F946B3E6B017C01E0
:107740000F946B3E6C197D098E099F096233710598
:107750008105910508F076C00E9488FDF1CF0F9455
:107760006B3EC090BA0CD090BB0CE090BC0CF0907B
:10777000BD0C6C197D098E099F09683C7105810556
:10778000910508F04ACFD8011496ED91FC918481BF
:107790009581C4CAAB81BC8118968C9118978F7063
:1077A000863009F03FCF1696ED90FC90E114F1047D
:1077B00009F438CFF7018085982F9F702BEF290FA0
:1077C000223008F02FCF82958F7082FF05C08B701A
:1077D0008295807F892B8087D70118968C9182951E
:1077E0008370833059F561E37AE085ED91E10F9480
:1077F000FE06D8011296ED91FC910280F381E02DF6
:107800006081718185ED91E10F94FE066AED7BE068
:1078100085ED91E10F94FE06F7016081718185EDA0
:1078200091E10F94FE0685ED91E10F94A805D70133
:1078300018968C9118978F7018968C93F701E280A8
:10784000F380B4CF1092B50C1092B40CF801E48020
:10785000F5804FEF5FEFBA0180E00F94FB25D70171
:1078600016966D937D938D939C9319978CCFBDEF56
:10787000EB16BFEFFB0609F46CCEACF5FCEFEF1690
:10788000FFEFFF06B9F163E375E185ED91E10F9438
:107890001407D8011296ED91FC910280F381E02D3E
:1078A0006081718185ED91E10F94FE066AED7BE0C8
:1078B00085ED91E10F94FE06F6016081718185ED01
:1078C00091E10F94FE0668E275E185ED91E10F9478
:1078D000140785ED91E10F94A805D60118968C91B7
:1078E00018978F7765CEE114F10409F4BCCDEA94C2
:1078F000EF2849F6F60180858F708087F1E0FD83DF
:10790000BB24B394F601C280D38069CA0F931F933E
:10791000CF93DF93EC010E949C7E64E47AE08AE7D7
:1079200092E10F94AC058091BE0C9091BF0C892B15
:1079300019F586E190E00F9433538C012B853C853B
:107940004A85042E000C550B688579850F94F90B38
:107950001093BF0C0093BE0CF8018681978197FDB0
:107960001AC061E00F94263A60E0F80186810F9416
:10797000F83981E0F8018183E881F9810484F58593
:10798000E02D62E0CE01199581E090E0DF91CF918A
:107990001F910F9108951182EFCFCF93DF93FC01D8
:1079A000C681D78180858F70853079F08630E1F48B
:1079B0002097D1F0E881F981309719F080818F7B91
:1079C00079F40A80DB81C02DF3CF209769F0CE01D6
:1079D0000E94CDBC811105C00A80DB81C02DF5CF8E
:1079E00081E0DF91CF91089580E0FBCF089584E19D
:1079F00090E00895DC01ED91FC910484F585E02D83
:107A000060E0199581E090E00895DC011496ED9115
:107A1000FC9180E0309711F085A1817090E008958D
:107A2000E5E0F1E080818F7980830895E5E0F1E081
:107A300080818066808308958FE090E09093E30ECC
:107A40008093E20E88EC90E00895FC01848195819A
:107A5000089566E778E2811102C068E778E28DEC6C
:107A600091E10D9414076DE074E28DEC91E10F94B7
:107A70001407F0E0E0E0199584EF91E0089580911B
:107A80003C0D8823B1F0E0913D0DF0913E0D309713
:107A900031F08681978190933B0D80933A0D62E699
:107AA00071E28DEC91E10F9414078DEC91E10D944E
:107AB000A8050895CF93DF93EC016BEE7FE28AE790
:107AC00092E10F941407EA81FB810280F381E02D9B
:107AD000608171818AE792E10F94FE068AE792E164
:107AE0000F94A805E881F9810484F585E02D60E014
:107AF000CE01199581E090E0DF91CF910895CF9369
:107B0000DF936115710589F0EB01DC011296ED91AF
:107B1000FC9162E0848195810F94E129BE010F946C
:107B20002F29DF91CF910D94FA3890E080E0DF911A
:107B3000CF9108950D94CF530D94CF530D94CF53FF
:107B4000CF93DF93FC0122813381232B59F1EC0188
:107B500067E57EE28AE792E10F9414074AE050E07D
:107B60006E818AE792E10F94CB058AE792E10F9448
:107B7000A8058C819D810F94CF5370E060E08A81CD
:107B80009B810E9476271D821C82E881F9810484F2
:107B9000F585E02D60E0CE01199581E090E0DF9160
:107BA000CF91089590E080E0FACFCF92DF92EF92EC
:107BB000FF920F931F93CF93DF93EC01EC81FD8134
:107BC000309709F4A4C08A819B81892B09F49FC056
:107BD0008081882309F49BC07A016B01E881F981D7
:107BE0000284F385E02DCE0119950397D9F4EC8139
:107BF000FD8180A591A5A2A5B3A5892B8A2B8B2BEE
:107C000089F00F946B3EEC81FD8100A511A522A5A2
:107C100033A5601B710B820B930B663971058105CF
:107C2000910528F38F81988521E0E21AF108DC01A3
:107C3000ED91FC910280F381E02DA701B601199529
:107C40008F819885DC01ED91FC910190F081E02D10
:107C5000D601129660E09D012C193D092E153F05B5
:107C600018F42D91620FF7CF19950C811D814FEFFC
:107C70005FEFBA0180E00F94FB25F80160A771A7C0
:107C800082A793A76DEF7DE28AE792E10F94140734
:107C90004AE050E06E818AE792E10F94CB0568EFED
:107CA0007DE28AE792E10F9414078601C8018C19DE
:107CB0009D098E159F05B8F4D8016C9140E150E004
:107CC0006A3050F461E57AE08AE792E10F94FE06AB
:107CD00040E150E0F80160818AE792E10F94CB0522
:107CE0000F5F1F4FE3CF8AE792E10F94A805E88169
:107CF000F9810484F585E02D63E0CE01DF91CF9119
:107D00001F910F91FF90EF90DF90CF901994DF912A
:107D1000CF911F910F91FF90EF90DF90CF9008953A
:107D20008F929F92AF92BF92CF92DF92EF92FF928B
:107D30000F931F93CF93DF9300D000D01F921F9219
:107D4000CDB7DEB76D7F6130710509F4BDC0FC01B0
:107D5000E280F380E114F10409F4B6C08C01C7019C
:107D60000E94FA274B015C0161E070E0C7010E94AC
:107D7000162881149104A104B10409F4A5C020E0DF
:107D800030E04AE754E40F94A55C0F94185F6B0150
:107D90007C01C114D104E104F10409F495C00F94ED
:107DA0006B3E681979098A099B096C157D058E055A
:107DB0009F0508F489C0F801A280B38070E060E0FC
:107DC000C5010E94162820E030E048EC52E40F94F0
:107DD000A55C0F94185F6B017C014FEF5FEFBA0158
:107DE00080E00F94FB25AB01BC01C5010E94B927BF
:107DF00019821A821B821C821D821E821F82188693
:107E00008A81807F8A83F8016281738140E050E338
:107E1000CE0101960E942A2FCE0101960E948B224C
:107E20004B015C0163E57AE08AE792E10F94FE067C
:107E30002AE030E0B501A4018AE792E10F94C3057E
:107E400062E67AE08AE792E10F94FE062AE030E0EB
:107E5000B701A6018AE792E10F94C3058AE792E190
:107E60000F94A805C80CD91CEA1CFB1C8A81807FD2
:107E700086608A83CD82DE82EF82F886F801628195
:107E8000738140E050E2CE0101960E94752E66E6B5
:107E90007AE08AE792E10F94FE062AE030E0B7012B
:107EA000A6018AE792E10F94C3058AE792E10F9455
:107EB000A80530E020E040E050E260E070E0F8012A
:107EC000828193810E94B92F90E080E028960FB6BE
:107ED000F894DEBF0FBECDBFDF91CF911F910F9100
:107EE000FF90EF90DF90CF90BF90AF909F908F90DA
:107EF0000895CF92DF92EF92FF920F931F93CF934B
:107F0000DF93CDB7DEB762970FB6F894DEBF0FBE32
:107F1000CDBF6C010B871C872D873E874F87588B01
:107F2000698B7A8B60EB7FE2C7010F946F56EEE0AE
:107F3000F0E0892BF1F06AEA7FE2C7010F946F56F7
:107F4000E0E1F0E0892BA9F064EA7FE2C7010F9439
:107F50006F56EFE0F0E0892B61F01D8560EA7FE26B
:107F6000C7010F946F56E12FF0E0892B11F4EDE07B
:107F7000F0E09B85992341F0309731F4EF2809F424
:107F80005CC08FEF9FEFCAC0E131F10508F037C048
:107F90008827E253F0448F4F0D94005EC1BF1DC08F
:107FA000DFBFFFBFFFBFFFBFFFBFCFC086C1FFBFA7
:107FB000FFBFFFBFFFBFFFBF90C1C9C19EC1CE01C0
:107FC0000B960E947B2120EF260F2931D0F6D60197
:107FD0001496ED91FC91159723A39B01AC013327D7
:107FE000442755271296ED91FC910280F381E02DF4
:107FF000608171810BE71AE0C6010E940E38D6013C
:108000001496ED91FC911597118A1496ED91FC91BF
:10801000159781E081871496ED91FC9115978DE479
:1080200082871496ED91FC9115978FE583871496BE
:108030006D917C9145E250E04CC0F60104811581C0
:108040004FEF5FEFBA0180E00F94FB25D8019896BF
:108050006D937D938D939C939B97D601ED91FC91AD
:108060000484F585E02D64E0C6011995EB85E150A7
:10807000E63128F6F0E0D60114962D913C91159743
:108080008827EA5BFF438F4F0D94005E5CC06DC094
:10809000FFBFFFBF6DC05CC0FFBFFFBFFFBFFFBF23
:1080A000FFBFFFBFFFBF9DC0B5C0FFBFFFBFFFBF8A
:1080B000FFBFB1C0ADC0B3C0F90185A1858F1496D3
:1080C000ED91FC91858D8160858F4DE050E06BE1F5
:1080D00072E0C6010E94D5BD1FC0F90185A1858F40
:1080E0001496ED91FC91858D8E7F858F4DE050E04B
:1080F0006EE072E0C6010E94D5BDD6011296ED91E8
:10810000FC910280F381E02D40E85AE06BEB75E0D2
:10811000808191810F94263F81E090E062960FB6B6
:10812000F894DEBF0FBECDBFDF91CF911F910F91AD
:10813000FF90EF90DF90CF900895F901178AD60154
:108140001496ED91FC91159785A1858F1496ED916C
:10815000FC91858D8160858F52CF81E0F901878BFD
:10816000EECF82E0FBCF84E0F9CF83E0F901878B8B
:108170001496ED91FC91159785A1858F1496ED913C
:10818000FC911597858D8160858F1496ED91FC91FA
:10819000818D833009F033CF82E0818F30CF198217
:1081A000F601048115819031C1F190F4923009F407
:1081B00040C09E30B9F0CE010B960E947B21611524
:1081C00071058105910509F058C0F80117A243C057
:1081D000913141F1923179F782E0F801818F60E5C8
:1081E0007FE206C083E0D80159968C9368E27FE273
:1081F000CE0101960F947856D6011296ED91FC911E
:108200000280F381E02D45E85AE0BE016F5F7F4FA9
:10821000808191810F94263FF2CEF801118E6CE39C
:108220007FE2E6CF81E0D80159968C9366E47FE245
:10823000DFCFD80197961C92048115814FEF5FEF35
:10824000BA0180E00F94FB25D80198966D937D9339
:108250008D939C939B97D6011496ED91FC91159765
:1082600085A1858F1496ED91FC91858D8E7F858FEC
:108270004DE050E06EE072E02CCFD80197961C9252
:108280006150710981099109660F771F881F991F35
:108290002EEF30E040E050E00F94AB5DDA01C90111
:1082A0000196A11DB11D813071F0A8F2823029F133
:1082B000833009F0A1CFD6011496ED91FC91118E77
:1082C0006CE37FE208C0D6011496ED91FC9182E048
:1082D000818F60E57FE2CE0101960F947856D6013A
:1082E0001496ED91FC91159785A1858F1496ED91CB
:1082F000FC91858D8160858F7FCFD6011496ED919D
:10830000FC9181E0818F66E47FE2E5CFCE010B96A0
:108310000E947B21D6011496ED91FC91678B6FCE64
:10832000D6011496ED91FC91913029F0923009F02C
:1083300066CE148E64CE80E5848F61CEF601048112
:108340001581913049F09230B1F0CE010B960E9428
:108350007B21F801638F53CE83E0D8015B968C9329
:108360000280F381E02D0280F381E02D4AE85AE09B
:1083700068EB75E04DCFF801138ED6011296ED91A2
:10838000FC910280F381E02D4AE85AE06BEB75E046
:108390003FCFD6011496ED91FC91913031F092309F
:1083A00009F02DCE858D877FD6CE858D8860D3CE82
:1083B000CF93C1E068EE73E080E090E00F946B3CF7
:1083C0004AE050E06C2F8DEC91E10F94CB05CF5F2C
:1083D000C43181F784EF91E0CF9108958F929F92FD
:1083E000AF92BF92CF92DF92EF92FF920F931F93C3
:1083F000CF93DF9300D000D01F921F92CDB7DEB78E
:10840000E982FA820B831C832D833E834F83588736
:10841000DC011296ED91FC91309791F10481158168
:108420000115110569F1F80180858F70853041F5DE
:108430007B01C8010F94A12A823010F161E0C801CC
:108440000F94E1290097E1F0DC0118962C912F7030
:108450002630B1F4B7010F942F29009789F0912CA1
:10846000812CB12CA12CD12CC12CE980FA800B815C
:108470001C812D813E814F8158856FEF0E941983A9
:1084800028960FB6F894DEBF0FBECDBFDF91CF9117
:108490001F910F91FF90EF90DF90CF90BF90AF9022
:1084A0009F908F9008953F924F925F926F927F922C
:1084B0008F929F92AF92BF92CF92DF92EF92FF92F4
:1084C0000F931F93CF93DF93CDB7DEB7C75AD10970
:1084D0000FB6F894DEBF0FBECDBFDC0114962D9110
:1084E0003C911597232B09F4D2C58B016C01ED91BA
:1084F000FC910284F385E02D19958230910509F4F1
:1085000018C1C4F597FFC3C5F60187819085DC01CA
:10851000ED91FC910084F185E02D199585970CF47F
:10852000F4C045E250E0BE016F5F7F4FF6018781E6
:1085300090850F942A05D60117968D919C91DC01A8
:10854000ED91FC910084F185E02D1995892B09F4BA
:1085500037C162E070E080E090E00F946B3CF60180
:1085600087819085DC01ED91FC910284F385E02DFB
:108570001995E1CF8430910509F474C0C4F10597D1
:1085800019F60130110509F000C165E87EE28AE7BD
:1085900092E10F9438074DE050E061E072E0C601CF
:1085A0000E94D5BDF601048115814FEF5FEFBA013E
:1085B00080E00F94FB25D80198966D937D938D9361
:1085C0009C939B97D601ED91FC910484F585E02D59
:1085D00062E0C6011995D6011496ED91FC911597AC
:1085E0008FEF80831496ED91FC9181838DCFD6011E
:1085F0001496ED91FC9180A591A5A2A5B3A5892B18
:108600008A2B8B2B09F480CF0F946B3ED6011496E6
:10861000ED91FC91159700A511A522A533A5601B2E
:10862000710B820B930B663971058105910508F476
:108630006BCFED91FC910484F585E02D62E0C601DD
:108640001995F601048115814FEF5FEFBA0180E0C3
:108650000F94FB25D80198966D937D938D939C93F1
:108660009B9752CFD6011496ED91FC9180A591A5D0
:10867000A2A5B3A5892B8A2B8B2BD9F10F946B3E26
:10868000D6011496ED91FC9100A511A522A533A564
:10869000601B710B820B930B683873418105910548
:1086A00040F1D601ED91FC910484F585E02D65E063
:1086B000C6011995F601048115814FEF5FEFBA01EC
:1086C00080E00F94FB25D80198966D937D938D9350
:1086D0009C939B97D6011496ED91FC9117A261E9AA
:1086E0007EE28AE792E10F9414078AE792E10F9401
:1086F000A805F60187819085DC01ED91FC9100844D
:10870000F185E02D1995892B19F481E090E03FC0A7
:1087100062E070E080E090E00F946B3CF6018781AE
:108720009085DC01ED91FC910284F385E02D199593
:10873000E0CFD6011496ED91FC9180A591A5A2A55C
:10874000B3A5892B8A2B8B2BE1F00F946B3ED601BE
:108750001496ED91FC9140A451A462A473A46419F1
:10876000750986099709683873418105910548F0B4
:10877000D601ED91FC910484F585E02D65E0C601FC
:1087800019950130110509F4BFCE90E080E0C9557C
:10879000DF4F0FB6F894DEBF0FBECDBFDF91CF9194
:1087A0001F910F91FF90EF90DF90CF90BF90AF900F
:1087B0009F908F907F906F905F904F903F90089523
:1087C00061E87EE28AE792E10F9414074AE050E004
:1087D000F60166818AE792E10F94CB056CE77EE2B1
:1087E0008AE792E10F9414078E010F5F1F4F7E01FD
:1087F000F5E2EF0EF11CD8016D918D0140E150E0E2
:108800006A3058F461E57AE08AE792E10F94FE0657
:1088100040E150E0F801319760818AE792E10F94DE
:10882000CB05E016F10639F76EE28AE792E10F9484
:1088300066068AE792E10F94A805FE01339680E070
:108840000E171F0719F09191890FFACF9DA1981368
:1088500013C465E77EE28AE792E10F9414078AE782
:1088600092E10F94A8058DA1D6011496ED91FC918B
:10887000159797A1891709F448CF87A314960D90EF
:10888000BC91A02D85E2FE01319601900D928A9552
:10889000E1F7D6011496ED91FC91C056DF4F188296
:1088A00019821A821B82C05AD040CC55DF4F1882E1
:1088B00019821A821B82C45AD040CF55DF4F88815B
:1088C000C15AD040807FCF55DF4F8883C15AD040F6
:1088D00083A190E04C01B0E18B0E911C499708F008
:1088E00014CF3584878986A3118D738CD601149695
:1088F0002D913C91858DD90195968C93E48CF12C2A
:10890000878DD6011296ED91FC910280F381E02DC6
:1089100041E95AE068EB75E080FD02C06BEB75E061
:10892000808191810F94263FB0E8EB16F10409F0A5
:1089300086C0D6011296ED91FC910280F381E02D64
:1089400048E95AE068EB75E0808191810F94263FF9
:108950006EE97AE08AE792E10F94FE06D60114965A
:10896000ED91FC914AE050E065A18AE792E10F9415
:10897000CB058AE792E10F94A805D6011496ED91F4
:10898000FC91159785A11296ED91FC910280F381DF
:10899000E02D49EA5AE068EB75E083FD02C06BEB1D
:1089A00075E0808191810F94263FD6011296ED915A
:1089B000FC9113970280F381E02D808191811496C0
:1089C000ED91FC9125A140EB5AE068EB75E021FDAB
:1089D00002C06BEB75E00F94263F1EA2113009F424
:1089E000F8C1E0F1123009F429C2133009F45BC276
:1089F00065E67EE2CE0186960F94785660E0CE0161
:108A000080569F4F0E94C61FE9962FAFE997EA96BE
:108A10003FAFEA97EB964FAFEB97EC965FAFEC97D3
:108A2000ED966FAFED97EE967FAFEE97EF968FAF27
:108A3000EF97C158DF4F9883CF57D04043C0EF28FE
:108A400009F086CFD6011296ED91FC910280F38158
:108A5000E02D48E95AE06BEB75E076CF6CE37FE2FE
:108A6000CE0186960F94785660E1CE0180569F4FD6
:108A70000E94C61FC856DF4F2883C859D040C7562A
:108A8000DF4F3883C959D040C656DF4F4883CA5993
:108A9000D040C556DF4F5883CB59D040C456DF4F26
:108AA0006883CC59D040C356DF4F7883CD59D0402E
:108AB000C256DF4F8883CE59D040C156DF4F9883CE
:108AC000CF59D040D6011296ED91FC910280F381EE
:108AD000E02D45E85AE0BE016A5D7F4F80819181BB
:108AE0000F94263FC056DF4FE880C05AD040CF5584
:108AF000DF4FF880C15AD040CE55DF4F0881C25AAF
:108B0000D040CD55DF4F1881C35AD040CC55DF4FF0
:108B10002881C45AD040CB55DF4F3881C55AD04048
:108B2000CA55DF4F4881C65AD040C955DF4F5881DA
:108B3000C75AD04065E079E0C6010E94EEC1D60177
:108B40001296ED91FC910280F381E02D4AE85AE003
:108B50006BEB75E0772011F068EB75E08081918117
:108B60000F94263F092C000CAA08BB08D6011296C8
:108B7000ED91FC910280F381E02D608171810BE722
:108B80001AE0A5019401C6010E940E38432C512C15
:108B9000712C612CBFEF3B1681F0D6011296ED913E
:108BA000FC910280F381E02D608171810CEB1AE071
:108BB000A3019201C6010E940E3818AA19AA1AAA86
:108BC0001BAA1CAA1DAA1EAA1FAA89A9807F89AB5D
:108BD000B501A401CE01C0960E94E81FE1962FAF17
:108BE000E197E2963FAFE297E3964FAFE397E496C3
:108BF0005FAFE497E5966FAFE597E6967FAFE697B0
:108C0000E7968FAFE797E8969FAFE89779018A01DB
:108C10009B01AC016CE77AE0C6010E94EEC118AA84
:108C200019AA1AAA1BAA1CAA1DAA1EAA1FAA89A9A8
:108C3000807F89ABB301A201CE01C0960E94E81FDC
:108C400028AF39AF4AAF5BAF6CAF7DAF8EAF9FAF90
:108C500063E0CE01C8960E94A41FA9962FAFA997E2
:108C6000AA963FAFAA97AB964FAFAB97AC965FAFC4
:108C7000AC97AD966FAFAD97AE967FAFAE97AF9610
:108C80008FAFAF97E0969FAFE09779018A019B0184
:108C9000AC016DEB7AE0C6010E94EEC11EA2D601C6
:108CA0001496ED91FC9186A1811132C168E27FE2B8
:108CB000CE0186960F9478566EE0CE0180569F4F77
:108CC0000E94C61FA1962FAFA197A2963FAFA29771
:108CD000A3964FAFA397A4965FAFA497A5966FAF47
:108CE000A597A6967FAFA697A7968FAFA797A896AA
:108CF0009FAFA897D6011496ED91FC91159726A1E8
:108D000030E050E040E01296ED91FC910280F3815A
:108D1000E02D6081718102EC1AE0C6010E940E38DC
:108D2000D6011496ED91FC9185A180FD14C060EBF5
:108D30007EE2CE0186960F94785662E0CE01805690
:108D40009F4F0E94C61F28AB39AB4AAB5BAB6CABE5
:108D50007DAB8EAB9FABD6011296ED91FC9102805C
:108D6000F381E02D40E85AE0BE016A5D7F4F8081CB
:108D700091810F94263FC056DF4FE880C05AD04003
:108D8000CF55DF4FF880C15AD040CE55DF4F088114
:108D9000C25AD040CD55DF4F1881C35AD040CC5570
:108DA000DF4F2881C45AD040CB55DF4F3881C55A98
:108DB000D040CA55DF4F4881C65AD040C955DF4F11
:108DC0005881C75AD04061E87AE0C6010E94EEC1DE
:108DD0009CCC66E47FE2CE0186960F94785661E1E2
:108DE000CE0180569F4F0E94C61FC057DF4F288379
:108DF000C059D040CF56DF4F3883C159D040CE56EE
:108E0000DF4F4883C259D040CD56DF4F5883C359F6
:108E1000D040CC56DF4F6883C459D040CB56DF4F8B
:108E20007883C559D040CA56DF4F8883C659D04091
:108E3000C956DF4F9883C759D04044CE60E57FE2E2
:108E4000CE0186960F94785662E1CE0180569F4FF0
:108E50000E94C61FC857DF4F2883C858D040C75745
:108E6000DF4F3883C958D040C657DF4F4883CA58B0
:108E7000D040C557DF4F5883CB58D040C457DF4F41
:108E80006883CC58D040C357DF4F7883CD58D0404B
:108E9000C257DF4F8883CE58D040C157DF4F9883E9
:108EA000CF58D0400FCE68E27FE2CE0186960F9475
:108EB00078566EE0CE0180569F4F0E94C61FC05864
:108EC000DF4F2883C058D040CF57DF4F3883C15879
:108ED000D040CE57DF4F4883C258D040CD57DF4FE8
:108EE0005883C358D040CC57DF4F6883C458D04014
:108EF000CB57DF4F7883C558D040CA57DF4F8883A0
:108F0000C658D040C957DF4F9883C758D040DACDF4
:108F1000813029F56EE67FE2CE0186960F94785671
:108F200065E1CE0180569F4F0E94C61F69962FAF04
:108F300069976A963FAF6A976B964FAF6B976C963F
:108F40005FAF6C976D966FAF6D976E967FAF6E97B4
:108F50006F968FAF6F97A0969FAFA097CBCE8230C2
:108F600029F564E67FE2CE0186960F94785664E197
:108F7000CE0180569F4F0E94C61F61962FAF61970A
:108F800062963FAF629763964FAF639764965FAF09
:108F9000649765966FAF659766967FAF669767969D
:108FA0008FAF679768969FAF6897A4CE833029F5F7
:108FB00062E37FE2CE0186960F9478566FE0CE0191
:108FC00080569F4F0E94C61F29962FAF29972A9639
:108FD0003FAF2A972B964FAF2B972C965FAF2C97CE
:108FE0002D966FAF2D972E967FAF2E972F968FAF22
:108FF0002F9760969FAF60977DCE843029F568E704
:109000007FE2CE0186960F94785666E1CE018056B7
:109010009F4F0E94C61F21962FAF219722963FAFE8
:10902000229723964FAF239724965FAF24972596D8
:109030006FAF259726967FAF269727968FAF2797F6
:1090400028969FAF289756CE8D3609F053CE65E609
:109050007EE2CE0186960F94785660E0CE0180566F
:109060009F4F0E94C61F28AF39AF4AAF5BAF6CAFAE
:109070007DAF8EAF9FAF3ECE69E67EE28AE792E19A
:109080000F9414078AE792E10F94A8053ECB8FEF67
:109090009FEF7DCB2F923F924F925F926F927F9284
:1090A0008F929F92AF92BF92CF92DF92EF92FF92F8
:1090B0000F931F93CF93DF93CDB7DEB768970FB6AB
:1090C000F894DEBF0FBECDBF3C0180914D0D61EE27
:1090D0007DE2882309F46AC161E070E080E090E0FD
:1090E0000F946B3CBE016F5F7F4F80E00F9478352B
:1090F000892B09F059C1898183FF56C144E0BE0123
:109100006F5F7F4F82E00F947236009791F4298150
:109110003A81322723273227309347102093461075
:109120002B813C813227232732273093451020930F
:1091300044100F94453560EC7DE28AE792E10F948C
:109140001407609146107091471090E080E00F94F2
:10915000445C562E798B8A8B492E462F572F682FC9
:10916000792F8AE792E10F94A42E68EB7DE28AE7DB
:1091700092E10F941407609144107091451090E0B3
:1091800080E00F94445C6B8B7C8B8D8B9E8BAB0152
:10919000BC018AE792E10F94A42E6CEA7DE28AE793
:1091A00092E10F94140742E0BE016F5F7F4F81E1AF
:1091B0000F94723649815A81542745275427892BA9
:1091C00011F050E040E070E060E04093490D5093B2
:1091D0004A0D60934B0D70934C0D2AE030E08AE706
:1091E00092E10F946D0620E030E44CE156E4652DE9
:1091F00079898A89942D0F943F5C87FF7AC0D301C7
:109200001296ED91FC912080318068EC7AE0C101EA
:109210000F942F29988F8F8B6CEC7AE0C1010F94FB
:109220002F291C0119821A821B821C828A81807F4D
:109230008760F82E8A83252D852D9989AA89B42DDA
:109240008D839E83AF83B887912C812CB12CA12C68
:10925000D12CC12CE9800B811C813E814F81588526
:109260006FEF8F89988D0E94198319821A821B8251
:109270001C828A81807F8760F82E8A832B89822FC7
:109280009C89AD89BE898D839E83AF83B887E98031
:109290000B811C813E814F8158856FEFC1010E9477
:1092A000198321ED3AE0452D59896A89742DC3014E
:1092B0000E94E63726ED3AE04B895C896D897E890C
:1092C000C3010E94E6376091490D70914A0D80916B
:1092D0004B0D90914C0D2AE0AE014F5F5F4F0F9404
:1092E00008574CED5AE0BE016F5F7F4FC3010E94EB
:1092F000BC3762EE7AE08AE792E10F94AC05BE01DA
:109300006F5F7F4F80EE0F947835892B19F41981A8
:109310001F3F49F463E87DE285ED91E10F94380742
:1093200081E090E04DC0112331F064E77DE285EDEE
:1093300091E10F94140715FF06C067E67DE285ED05
:1093400091E10F94140714FF06C06BE57DE285EDF3
:1093500091E10F94140713FF06C06DE47DE285EDE3
:1093600091E10F94140712FF06C06DE37DE285EDD5
:1093700091E10F94140711FF06C06EE27DE285EDC6
:1093800091E10F94140710FF0BC063E27DE285EDBD
:1093900091E10F94140785ED91E10F94A805C0CFDA
:1093A000112309F4BDCFF7CF66EC7DE28AE792E1A5
:1093B0000F9414078AE792E10F94A80590E080E0EB
:1093C00068960FB6F894DEBF0FBECDBFDF91CF9188
:1093D0001F910F91FF90EF90DF90CF90BF90AF90D3
:1093E0009F908F907F906F905F904F903F902F90C5
:1093F00008952F923F924F925F926F927F928F9239
:109400009F92AF92BF92CF92DF92EF92FF920F9313
:109410001F93CF93DF93CDB7DEB760970FB6F89465
:10942000DEBF0FBECDBF6130710579F42C01809194
:10943000480D811125C06AE07DE285ED91E10F9430
:10944000140785ED91E10F94A80590E080E0609607
:109450000FB6F894DEBF0FBECDBFDF91CF911F9145
:109460000F91FF90EF90DF90CF90BF90AF909F90C3
:109470008F907F906F905F904F903F902F900895C6
:1094800069EF7CE28AE792E10F94140782E00F947F
:109490009E3C692E712C40E150E0B3018AE792E1D5
:1094A0000F94B5068FEF6816710409F42DC164EEB0
:1094B0007AE08AE792E10F94FE0680E00F949E3CEA
:1094C000BC0190E080E00F94445C20E030E040E894
:1094D00057E30F94A55C20E030E045E253E40F949D
:1094E000A55C20E030E040E252E40F94325E762E3C
:1094F000272E382E692E462F572F682F792F8AE76F
:1095000092E10F94A42E62EF7CE28AE792E10F943D
:10951000140781E00F949E3CBC0190E080E00F9422
:10952000445C20E030E040E857E30F94A55C20E085
:1095300030E048EC52E40F94A55C69877A878B870A
:109540009C87AB01BC018AE792E10F94A42E68EEE0
:109550007AE08AE792E10F94AC05D2011296ED9180
:10956000FC91E080F1806DEB7AE0C7010F942F2928
:109570009E878D876CE176E0C7010F942F29988B29
:109580008F87272D322D432D562D672D722D832D3C
:10959000962D0F94A75F811140C019821A821B82F9
:1095A0001C828A81807F8760F82E8A83272D872DF1
:1095B000922DA32DB62D8D839E83AF83B887912CDA
:1095C000812CB12CA12CD12CC12CE9800B811C81C8
:1095D0003E814F8158856FEF8D859E850E9419834E
:1095E00019821A821B821C828A81807F8760F82EF2
:1095F0008A832985822F9A85AB85BC858D839E833E
:10960000AF83B887E9800B811C813E814F815885EB
:109610006FEF8F8598890E9419832AEE3AE0472DD3
:10962000522D632D762DC2010E94E6372DEE3AE0D1
:1096300049855A856B857C85C2010E94E6378091F9
:109640004D0D882309F45DC020E030E048EC51EC7A
:10965000672D722D832D962D0F943F5C87FD51C091
:1096600020E030E048E452E4672D722D832D962DE2
:109670000F94475F18160CF444C020E030E048EC2B
:1096800052E469857A858B859C850F94475F18160F
:10969000C4F120E030E04AE754E469857A858B859F
:1096A0009C850F94A55C0F94185F66507F4F8F4F79
:1096B0009F4F24EFC22EDD24D394E12CF12CA7017F
:1096C00096010F94895D29831A8220E030E04AE7F1
:1096D00054E4672D722D832D962D0F94A55C0F9465
:1096E000185F6E557D498F4F9F4FA70196010F94CC
:1096F000895D2B831C82BE016F5F7F4F85E00F94D5
:10970000C83588EE93E0A3CE8AE792E10F94A805CE
:109710000F948125F6CFEF92FF920F931F93CF9373
:10972000DF93CDB7DEB760970FB6F894DEBF0FBEFC
:10973000CDBF8091480D8823C9F06EE87CE28AE7AE
:1097400092E10F9414078AE792E10F94A80590E044
:1097500080E060960FB6F894DEBF0FBECDBFDF91FC
:10976000CF911F910F91FF90EF90089562EE7CE2F0
:109770008AE792E10F9414070F94023680E48093F5
:1097800050100F94023610E01B7F809150100F9400
:109790006E3562E08DE290E10F94FF00612F8DE263
:1097A00090E10F94FF0060E08DE290E10F94FF00E4
:1097B0008DE290E10F947D216AE070E080E090E01E
:1097C0000F946B3C6FEC7CE28AE792E10F941407F4
:1097D0008EEF0F949E3C40E150E0BC018AE792E19D
:1097E0000F94C50561EC7CE28AE792E10F941407BF
:1097F0008FEF0F949E3C40E150E0BC018AE792E17C
:109800000F94C5058AE792E10F94A8056BEA7CE204
:109810008DEC91E10F9414078BEF0F949E3C182F61
:10982000092F8CEF0F949E3CF82EE92E8DEF0F94AC
:109830009E3C9F938F93EF92FF920F931F9380EF25
:109840009AE09F938F938E010F5F1F4F1F930F938B
:109850000F94F262B8018DEC91E10F94AC0581E0B8
:109860008093480D0FB6F894DEBF0FBECDBF81E0E8
:1098700090E06FCF0F931F93CF93DF9300D000D072
:109880001F92CDB7DEB780914D0D882369F061E559
:109890007CE285ED91E10F94140785ED91E10F9441
:1098A000A80590E080E0B0C061E87CE28DEC91E139
:1098B0000F9438070F94023680916C0290916D02DC
:1098C000A0916E02B0916F0289839A83AB83BC83AF
:1098D0008DE290E190933A10809339101E8280E1DE
:1098E00097E22E812F5F2E830197D9F71D82BE014B
:1098F0006B5F7F4F80E20F9478358C01892BF1F4F8
:109900008D8101E010E08138C9F4BE016F5F7F4FA7
:109910008FEF0F94C8351F8280E89EE32F812F5F61
:109920002F830197D9F7BE016B5F7F4F80E00F94C3
:1099300078358D8180FF0CC003E010E06DE67CE29D
:1099400085ED91E10F941407C8010F944535A9CF17
:10995000BE016B5F7F4F80E00F947835892B61F7F4
:109960008D8184FFE9CF80913B100F946E358091FB
:10997000391090913A10DC01ED91FC910190F08149
:10998000E02D64EF19958091391090913A100F9461
:109990007D21882319F002E010E0D0CFBE016B5F7B
:1099A0007F4F81E00F9478358C01892B39F61D812A
:1099B0001F7810611D8380913B100F946E3580914C
:1099C000391090913A10DC01ED91FC910190F081F9
:1099D000E02D61E019958091391090913A10DC01E9
:1099E000ED91FC910190F081E02D612F199580910E
:1099F000391090913A100F947D218111CCCF81E0E4
:109A000080934D0D81E090E027960FB6F894DEBF6D
:109A10000FBECDBFDF91CF911F910F910895CF93CE
:109A2000DF9300D000D01F921F92CDB7DEB7E7EBD7
:109A3000F1E1128A118A80E090E19587848784E8B9
:109A400090E0948B838B81E0868787E7858B1C82EF
:109A50001B828FEE92E09A838983FE83ED838FEFE2
:109A60009FEF98878F8367E37CE28DEC91E10F9401
:109A700014076091C60C7091C70CCE0101960F942B
:109A8000D43087EB91E10E94321D67E27CE28DECDD
:109A900091E10F9414078DEC91E10F94A8050F94B8
:109AA000DC4728960FB6F894DEBF0FBECDBFDF911E
:109AB000CF910895892B71F0FB01828193810F94DE
:109AC000302B6FE578E28DEC91E10F94140788EC70
:109AD00090E0089590E080E0F2CF0F931F93CF9332
:109AE000DF93EB0102970CF49FC00A811B816AE3AC
:109AF00077E2C8010F945156892B61F40F94962D8B
:109B00007E7F0F94F02D88EC90E0DF91CF911F9134
:109B10000F91089564E477E2C8010F945156892BA0
:109B200021F40F94962D7160ECCF60E177E28DEC1B
:109B300091E10F9414070F94962D672F6095617033
:109B40004AE050E070E08DEC91E10F94B5068DECA9
:109B500091E10F94A8058091A9119091AA11892BE8
:109B600009F452C00A811B810F94B12A882309F499
:109B70004BC0F80101900020E9F73197E01BF10B91
:109B8000B09708F041C0A091A911B091AA115296C6
:109B90001C921E92519754961C921E92539784E8E1
:109BA00090E01D969C938E931C971E961C921E9778
:109BB00082E755968C935597ED91FC91119700880B
:109BC000F189E02D60E270E0CD011995B801809136
:109BD000A9119091AA110F94FE068091A91190915C
:109BE000AA11DC01ED91FC910190F081E02D60E083
:109BF00019958091A9119091AA11DC01ED91FC9128
:109C00000488F589E02D19956A817B818DEC91E1BD
:109C10000F94FE0669E077E28DEC91E10F94140752
:109C20008DEC91E10F94A8058091E20E9091E30EE6
:109C300002973CF080EF9FEF9093E30E8093E20E4B
:109C400062CF6CEF76E285ED91E10F94140785ED1C
:109C500091E10F94A80584EF91E057CFCF93DF9364
:109C6000EB010297BCF16AE377E28A819B810F9452
:109C70005156892B29F40F94962D7D7F0F94F02D4A
:109C800064E477E28A819B810F945156892B29F4F1
:109C90000F94962D72600F94F02D65E976E28DECAD
:109CA00091E10F9414070F94962D71FB662760F9CC
:109CB00071E0672770E04AE050E08DEC91E10F948D
:109CC000B5068DEC91E10F94A80588EC90E0DF914A
:109CD000CF9108950E940FCDF8CF892B71F0FB0131
:109CE000828193810F94912B66EE76E28DEC91E167
:109CF0000F94140788EC90E0089590E080E0F2CF94
:109D0000EF92FF920F931F93CF93DF93CDB7DEB700
:109D10002C970FB6F894DEBF0FBECDBF8C017B0130
:109D200089E195E09A8389831B821C821D821E82B1
:109D300098878F8319861A861B861C860530110525
:109D4000ECF0BE01695F7F4FF701808591850E942D
:109D5000167C892B99F0CE0107960F945B2CBE01DF
:109D6000695F7F4FF701868197810E94167C892B5E
:109D700061F0CE0107960F942D2D0EC0CE010196F5
:109D80000F945B2C0430110554F7CE0101960F940B
:109D90002D2D03301105A4F1BE01695F7F4FF7013E
:109DA000848195810E94167C892B51F1CE01079602
:109DB0000F94C42CBE01695F7F4FF70182819381AC
:109DC0000E94167C892B19F1CE0107960F94F22B75
:109DD0006FEC76E28DEC91E10F94140780E00F9424
:109DE000542E88EC90E02C960FB6F894DEBF0FBE90
:109DF000CDBFDF91CF911F910F91FF90EF9008950C
:109E0000CE0101960F94C42C023011059CF6CE01B0
:109E100001960F94F22B01301105D1F6CE01019677
:109E20000F94F22B66ED76E28DEC91E10F9414071E
:109E3000CFCF0F931F93CF93DF938C01EB0102974A
:109E4000C4F08A819B810F94035680933102992735
:109E50000F945D2E0230110549F08C819D810F9485
:109E600003568093300299270F94672EC8ECD0E0F8
:109E700002C0C0E9D1E06BEB76E28DEC91E10F948A
:109E800014074AE050E0609131028DEC91E10F94AB
:109E9000CB0566EA76E28DEC91E10F9414074AE077
:109EA00050E0609130028DEC91E10F94CB058DEC88
:109EB00091E10F94A805CE01DF91CF911F910F91F1
:109EC0000895CF92DF92EF92FF920F931F93CF935B
:109ED000DF93CDB7DEB769970FB6F894DEBF0FBE3C
:109EE000CDBFE091650DF091660D309709F483C008
:109EF00080916F0D9091700D892B09F47CC08FEFCC
:109F00008387148613821482158216821782108624
:109F1000118612866EE274E28DEC91E10F941407C3
:109F20008DEC91E10F94A8058E010F5E1F4FBE01CD
:109F30006E5E7F4F8091650D9091660D0F940424A5
:109F400018160CF058C0A895DE0111969E012E5EE1
:109F50003F4F7D01F90141919F01842F90E054E032
:109F6000959587955A95E1F780569D4FFC01808124
:109F70008C93E42FEF70F0E0E056FD4F8081119656
:109F80008C9311971296A017B10721F7198AB70180
:109F900080916F0D9091700D0F942F296C0169E2E3
:109FA00074E28DEC91E10F941407B7018DEC91E10F
:109FB0000F94FE06C114D104B9F0C6010E947C7E44
:109FC0007C01892B09F4B3CF64E274E28DEC91E15A
:109FD0000F941407B7018DEC91E10F94FE068DEC00
:109FE00091E10F94A805A3CF6FE174E28DEC91E1AC
:109FF0000F941407F4CF88EC90E069960FB6F894AC
:10A00000DEBF0FBECDBFDF91CF911F910F91FF90AB
:10A01000EF90DF90CF900895CF92DF92EF92FF9272
:10A020000F931F93CF93DF93CDB7DEB7C154D10900
:10A030000FB6F894DEBF0FBECDBF6C01AB0130E0B0
:10A0400020E060E4CE0101967C010E942C7BF701A8
:10A0500001900020E9F731978F010E191F09A8011F
:10A06000B701C6010F948D62892B11F010E000E05A
:10A07000C801CF5BDF4F0FB6F894DEBF0FBECDBF78
:10A08000DF91CF911F910F91FF90EF90DF90CF90D4
:10A0900008950F931F93CF93DF938C01D0E0C0E01E
:10A0A00001151105B1F0BE01615F7F4CC8010F942D
:10A0B0006F56892B51F4FE01ED5EFF4C849190E0C8
:10A0C000DF91CF911F910F9108952596C233D1054D
:10A0D00039F781E090E0F4CF0895EF92FF921F935B
:10A0E000CF93DF93192F7B01C82FD92FD7FF03C040
:10A0F000D195C195D10961E08C2F0F94263A82E069
:10A10000E816F10499F460E08C2F0F94F8396FE1B0
:10A110007CE28AE792E10F9414078AE792E1DF91EB
:10A12000CF911F91FF90EF900D94A805612FEF281C
:10A1300051F46095661F6627661F8C2F0F94F839BF
:10A140006BE17CE2E6CF661F6627661F8C2F0F94BB
:10A15000F83966E17CE2DDCFAF92BF92DF92EF92F9
:10A16000FF920F931F93CF93DF93CDB7DEB72E9758
:10A170000FB6F894DEBF0FBECDBF20916B0D3091AE
:10A180006C0D232B09F4B8C020916A0D2111B4C0C5
:10A190007C0180916A0D8F5F80936A0D8091690DBB
:10A1A0008F5F8093690D0F946B3E0091440D109169
:10A1B000450D2091460D3091470D601B710B820BB0
:10A1C000930B6B3071058105910508F48BC083E01A
:10A1D000E816F104A9F00F946B3E0091400D109128
:10A1E000410D2091420D3091430D601B710B820B8C
:10A1F000930BDD24D394643671058105910508F431
:10A20000D12CE0916B0DF0916C0D06811781011539
:10A21000110509F449C0F80180858F70863009F076
:10A220003FC01987088770E060E0CE0108960E9461
:10A230004037B701CE0108960E949F5DDD2031F0C6
:10A2400064E070E0CE0108960E949F5D60E275E0D8
:10A25000C8010F942F29FC01892B11F190859F7063
:10A2600095509230E8F4A680B780A114B104C1F0F3
:10A27000BA82A982B801CE0101960E944037B70187
:10A28000CE0101960E949F5DDD2031F064E070E018
:10A29000CE0101960E949F5DF501A280B380E5CFBB
:10A2A000F80102811381B3CFF3E0EF16F10451F00E
:10A2B0000F946B3E6093440D7093450D8093460D53
:10A2C0009093470DDD2051F00F946B3E6093400D4D
:10A2D0007093410D8093420D9093430D1092B812EC
:10A2E0001092B9128091690D81508093690D80910F
:10A2F0006A0D815080936A0D2E960FB6F894DEBFDA
:10A300000FBECDBFDF91CF911F910F91FF90EF90C6
:10A31000DF90BF90AF900895A89582E090E00C94F4
:10A32000ACD08091E10E8F5F8093E10EA89583E021
:10A3300090E00E94ACD00F943B0E8091E10E8150D2
:10A340008093E10E089564EF7BE28DEC91E10F9430
:10A35000140761EE7BE28DEC91E10F94140763ED3D
:10A360007BE28DEC91E10F9414076BEC7BE28DECBA
:10A3700091E10F9414078DEC91E10F94A8056BEB1C
:10A380007BE28DEC91E10F9414076FEA7BE28DEC98
:10A3900091E10F94140767E87BE28DEC91E10F9453
:10A3A000140767E77BE28DEC91E10F9414076AE6EE
:10A3B0007BE28DEC91E10F94140765E57BE28DEC77
:10A3C00091E10F94140766E47BE28DEC91E10F9428
:10A3D00014076EE37BE28DEC91E10F9414076DE2BC
:10A3E0007BE28DEC91E10F94140767E07BE28DEC4A
:10A3F00091E10F9414076AEF7AE28DEC91E10F94EA
:10A40000140760EF7AE28DEC91E10F94140761EE8E
:10A410007AE28DEC91E10F94140769ED7AE28DEC0C
:10A4200091E10F9414076DEC7AE28DEC91E10F94B9
:10A43000140763EB7AE28DEC91E10F94140764E961
:10A440007AE28DEC91E10F9414076FE77AE28DECDC
:10A4500091E10F94140767E67AE28DEC91E10F9495
:10A46000140769E57AE28DEC91E10F9414076DE42D
:10A470007AE28DEC91E10F94140765E47AE28DECB9
:10A4800091E10F9414076AE37AE28DEC91E10F9465
:10A4900014076DE27AE28DEC91E10F94140765E206
:10A4A0007AE28DEC91E10F9414076AE17AE28DEC87
:10A4B00091E10F9414076BE07AE28DEC91E10F9437
:10A4C000140762E07AE28DEC91E10F94140764EFD7
:10A4D00079E28DEC91E10F94140766EE79E28DEC50
:10A4E00091E10F9414076AED79E28DEC91E10F94FC
:10A4F00014076CEC79E28DEC91E10F94140764EC95
:10A5000079E28DEC91E10F94140761EB79E28DEC27
:10A5100091E10F94140767EA79E28DEC91E10F94D1
:10A5200014078DEC91E10D94A8050F931F93CF9321
:10A53000DF9300D000D0CDB7DEB70E94A3D169E78A
:10A5400071E28DEC91E10F941407CE0101960F9406
:10A55000A837CE0101960E94C07B09E115E01A835D
:10A5600009838091271090912810A0912910B09113
:10A570002A108B839C83AD83BE83CE0101960E94FB
:10A58000C07B1A8309831B821C821D821E8280E588
:10A5900090E00F94773744E050E0BE016D5F7F4F4D
:10A5A00081E090E00F9428110F941F12CE010196C4
:10A5B0000E94C07B1A8309831B821C821D821E821B
:10A5C00080E590E00F94773744E050E0BE016D5F86
:10A5D0007F4F85E090E00F9428110F941F12CE0159
:10A5E00001960E94C07B6FE971E28DEC91E10F94BE
:10A5F000140788EC90E026960FB6F894DEBF0FBEE5
:10A60000CDBFDF91CF911F910F910895CF92DF922F
:10A61000EF92FF921F93CF93DF9300D000D0CDB77E
:10A62000DEB767E57DE18DEC91E10F94140781EBD6
:10A63000E82E81E1F82E10E090E1C92ED12CF7012F
:10A6400081917F01803130F461E57AE08DEC91E118
:10A650000F94FE06153041F1F7013197808190E0AB
:10A66000B0E0A0E089839A83AB83BC83DE82CD8295
:10A67000BE016F5F7F4F8DEC91E10E94213365E554
:10A680007DE10F9414071F5F1630C9F626960FB6AA
:10A69000F894DEBF0FBECDBFDF91CF911F91FF9029
:10A6A000EF90DF90CF9008958091B61190E0B0E0E8
:10A6B000A0E089839A83AB83BC83DE82CD82BE0116
:10A6C0006F5F7F4F8DEC91E10E9421330F94A805BD
:10A6D000DACFEF92FF920F931F93CF93DF9300D0C7
:10A6E00000D01F92CDB7DEB77B01CE0107969F93B6
:10A6F0008F9301979F938F9301979F938F930197C8
:10A700009F938F9301979F938F9301979F938F931D
:10A710008E010F5F1F4F1F930F938FEF9AE09F9350
:10A720008F93DB0113968C9113978F9312968C91D4
:10A730008F930F9422630FB6F894DEBF0FBECDBF88
:10A740000697ECF464E378E285ED91E10F94140749
:10A75000D70112966D917C9185ED91E10F94FE06E3
:10A7600080E991E027960FB6F894DEBF0FBECDBF0B
:10A77000DF91CF911F910F91FF90EF9008958091FD
:10A78000A9119091AA11892B09F449C00F94B12AFB
:10A79000882309F444C0A091A911B091AA1152963E
:10A7A0001C921E92519754961C921E92539784E8C5
:10A7B00090E01D969C938E931C971E961C921E975C
:10A7C00082E755968C935597ED91FC9111970088EF
:10A7D000F189E02D64E070E0CD0119958091A91117
:10A7E0009091AA11DC01ED91FC910280F381E02DA2
:10A7F00046E050E0B801199586E0F801A1EBB1E11F
:10A8000001900D928A95E1F78091A9119091AA117A
:10A81000DC01ED91FC910488F589E02D19950E94E9
:10A8200006D366E478E28DEC91E10F94140788EC8E
:10A8300090E098CF2F923F924F925F926F927F92CB
:10A840008F929F92AF92BF92CF92DF92EF92FF9240
:10A850000F93CF93DF9300D01F92CDB7DEB77C016B
:10A860007A8369835C834B836901DB011C92FC0161
:10A8700060818FEF860F893108F04FC034FF4DC0E3
:10A88000FAE06F9FB00111246C59744ECD010F9402
:10A89000A656D70111968C918F7051F0D5FE08C045
:10A8A0004B815C8164E67AE089819A810F947D62B4
:10A8B000E981FA8101900020E9F7319729813A81F5
:10A8C000E21BF30B19012E0E3F1E4B815C814E1BC8
:10A8D0005F0B415051095C834B83D7011196EC917A
:10A8E0001197EF7009F4F7C0D5FEF5C0E150EC30D8
:10A8F00008F0F1C0F0E08827EF57FB428F4F0D942E
:10A90000005E90D433D5A0D5FFD51AD6DED4B0D50D
:10A91000B0D5B0D5CCD4B4D436D629803A80DDCFEA
:10A92000F7018481282F30E050E040E0002359F007
:10A9300030E0A4E6B0E00F94DD5D2FEF30E040E0C2
:10A9400050E00F94AB5D5F934F933F932F9383E160
:10A950009BE09F938F93FC81FF932B812F933F92DA
:10A960002F920F94B562B2C017968C9117978F9360
:10A9700016968C9116978F9315968C9115978F93A9
:10A9800014968C918F9386E19BE09F938F93BC816B
:10A99000BF93EB81EF93E3CF17968C9117978F932B
:10A9A00016968C9116978F9315968C9115978F9379
:10A9B00014968C918F9380E296E0E7CF1496CD9019
:10A9C000DD90ED90FC901797F7FE34C084E6882E5A
:10A9D000912CA12CB12CC701B601A50194010F94B3
:10A9E000AB5D9B01AC0188279927DC01821B930B8F
:10A9F000A40BB50BBF93AF939F938F9366277727D5
:10AA0000CB016C197D098E099F09A50194010F9452
:10AA1000AB5D5F934F933F932F938AE19BE09F93AE
:10AA20008F933C813F934B814F933F922F920F9492
:10AA3000B5624CC0C701B60124E630E040E050E00A
:10AA40000F94AB5D9F938F937F936F935F934F931F
:10AA50003F932F938BE19BE09F938F939C819F93D8
:10AA6000AB81AF93E2CFC7010E94D622BC01D701D0
:10AA70001696CC9016971796DC901797D0FADD248F
:10AA8000D0F814969C9114971596FC90EB80BC809E
:10AA9000292F30E050E040E077FD35C0011135C08E
:10AAA0007F936F931F921F921F929F931F92FF920B
:10AAB000DF92CF9284E29BE09F938F93FC81FF9380
:10AAC0002B812F933F922F920F94B5620FB6F8947B
:10AAD000DEBF0FBECDBF89819A810F900F900F907E
:10AAE0000F90DF91CF910F91FF90EF90DF90CF907B
:10AAF000BF90AF909F908F907F906F905F904F909E
:10AB00003F902F900895002361F0292F30E0A4E6B4
:10AB1000B0E00F94DD5D2FEF30E040E050E00F94A7
:10AB2000AB5D5F934F933F932F931F92FF92DF9202
:10AB3000CF9287E29BE09F938F93BF92EF9275CF66
:10AB400015968C9115971F928F9316969C91169738
:10AB500017968C9181708F939F938AE29BE015CF1B
:10AB600014968D909D90AD90BC90179720E030E0AA
:10AB7000A901C501B4010F943F5C2401350187FF91
:10AB800004C077FA709477F87094C301B2010F94FF
:10AB9000115F6B01072E000C880B990B0F94465C1C
:10ABA0009B01AC01C301B2010F94325E20E030E0A2
:10ABB0004AE754E40F94A55C0F949C5F0F94115FD7
:10ABC000062F772E20E030E0A901C501B4010F94D3
:10ABD0003F5C87FF07C07F920F93DF92CF9280E3A5
:10ABE0009BE0D3CE7F920F93DF92CF9281E39BE0E5
:10ABF0009F938F933C813F934B814F93B0CE14969C
:10AC00008C9114971F928F9315968C9115971F9284
:10AC10008F9316968C911F928F9387E29BE09F9360
:10AC20008F93BC81BF93EB81EF933F922F920F9450
:10AC3000B5624CCF17968C9117971F928F931496ED
:10AC40008C9114971F928F9315968C9115971F9244
:10AC50008F9316968C911F928F9384E29BE09F9323
:10AC60008F93BC81BF93EB81EF93DFCE14966D91F0
:10AC70007C914B815C81C1010F949B622CCFEF9240
:10AC8000FF920F93CF93DF93CDB7DEB7A0970FB6A8
:10AC9000F894DEBF0FBECDBF7C0100E020E030E3C2
:10ACA00040E250E0BE016F5F7F4F0E941AD4BE01A8
:10ACB0006F5F7F4F8AE792E10F94FE066FE67CE1BB
:10ACC0008AE792E10F941407F70161816F704AE0FF
:10ACD00050E08AE792E10F94CB0568E67CE18AE7D1
:10ACE00092E10F9414074AE050E0F70162818AE78D
:10ACF00092E10F94CB058AE792E10F94A805A09604
:10AD00000FB6F894DEBF0FBECDBFDF91CF910F918C
:10AD1000FF90EF9008954F925F926F927F928F9283
:10AD20009F92AF92BF92CF92DF92EF92FF920F93DA
:10AD30001F93CF93DF93CDB7DEB768970FB6F89424
:10AD4000DEBF0FBECDBF098B1A8B2B8B3C8B4D8B7F
:10AD50005E8B6F8B788FDC0112962D913C9113974F
:10AD6000232B09F4DEC0CC2009F4DBC06C01ED918B
:10AD7000FC91008CF18DE02D19955C0164E070E38D
:10AD80008AE792E10F941407CE0141960E943FD6C4
:10AD9000A114B10471F460E0CE0141960E946920D3
:10ADA000682FF601848195810F94AA1F81E090E0BD
:10ADB000BAC0CE0141960E94D6224C0194E0F2E046
:10ADC000AF16B10459F081E1A816B10409F445C0E9
:10ADD00091E0A1E0AA16B10409F495E019861A865B
:10ADE0001B861C861D861E861F86188A8A85807F84
:10ADF000892B8A87EE24EA94FE2C09891A892B89EB
:10AE00003C894D895E896F89788DCE0109960E94B3
:10AE100039386AEF7FE28AE792E10F941407CE0196
:10AE200009960E943FD6B2E0AB16B10489F0E1E189
:10AE3000AE16B104B1F0AA94AB2809F0B7CF1889C7
:10AE400063E070E0C6010E94A437612F0F94AA1F2F
:10AE50006F85F6018481958151C0888D8170888FBE
:10AE6000BCCF0FE710E08FEF88169806A9F0092CE9
:10AE7000000CAA08BB08A501940129593109410910
:10AE80005109AFEFB0E00F94CA5D2BE531E040E02F
:10AE900050E00F94AB5D890163E070E0C6010E9451
:10AEA000A4375C01288930E0D8010F94175E412C4B
:10AEB000512C32014A94A30192010F94AB5D622F91
:10AEC000C5010F94AA1F64E070E0C6010E94A43778
:10AED0005C01AFEFB0E0A01BB10B288930E00F940C
:10AEE000175EA30192010F94AB5D622FC5010F9411
:10AEF000AA1F6F85D60114968D919C910F94AA1F5D
:10AF00001E8561E070E0C6010E94A437612F0F9496
:10AF1000AA1F1D8562E070E0C6010E94A437612F60
:10AF200043CF90E080E068960FB6F894DEBF0FBE86
:10AF3000CDBFDF91CF911F910F91FF90EF90DF90E8
:10AF4000CF90BF90AF909F908F907F906F905F90C9
:10AF50004F900895CF92EF92FF920F931F93CF934C
:10AF6000DF9300D000D01F921F92CDB7DEB77C01D7
:10AF700009831A832B833C834D835E836F83788799
:10AF800062ED7FE28AE792E10F941407CE01019609
:10AF90000E943FD6898181112DC00B81013091F132
:10AFA00030F010E0023009F040C0CC2001F160E048
:10AFB000CE0101960E946920F70102811381892B3D
:10AFC00081F0C8010E94FA27672B682B692B79F45E
:10AFD0004FEF5FEFBA0180E00F94FB25AB01BC019E
:10AFE00003C040E050E0BA01C8010E94B92781E0E7
:10AFF00090E02EC08031D0F58E30D8F58130C9F187
:10B000008230D9F165EC7FE28AE792E10F94140770
:10B010004AE050E069818AE792E10F94CB058AE724
:10B0200092E10F94A80501E010E065EB7FE28AE76A
:10B0300092E10F9414074AE050E0B8018AE792E1E8
:10B040000F94B5068AE792E10F94A80590E080E09E
:10B0500028960FB6F894DEBF0FBECDBFDF91CF911B
:10B060001F910F91FF90EF90CF90089583518430FE
:10B0700048F6F70102811381A4CF40E050E0BA0105
:10B08000F70182819381B1CF2F923F924F925F92CD
:10B090006F927F928F929F92AF92BF92CF92DF92E8
:10B0A000EF92FF920F931F93CF93DF93CDB7DEB74D
:10B0B000A2970FB6F894DEBF0FBECDBF6115710524
:10B0C00049F528E0FC01DE01119601900D922A95C8
:10B0D000E1F729813A814B815C816D817E818F818D
:10B0E0009885A2960FB6F894DEBF0FBECDBFDF9154
:10B0F000CF911F910F91FF90EF90DF90CF90BF9075
:10B10000AF909F908F907F906F905F904F903F9007
:10B110002F9008956B018C0161E87AE0C6010F94CD
:10B120002F29FC01892B09F413C180858F7084308D
:10B1300009F457C0853009F00BC1E680F780E114AF
:10B14000F10409F405C1D70118968C9118978F70F6
:10B15000823019F41296ED90FC90E114F10409F498
:10B16000F7C0F70180858F70853011F0D701F2CFDD
:10B17000C7010F94A12A8230C9F760E0C7010F947C
:10B18000E1295C010E94922361E0C7010F94E1294B
:10B190004C01FC0180858F70823041F7C8010E940C
:10B1A0007B21D40119964D905D906D907C901C97F9
:10B1B0006415750586059705C9F6A114B10409F44F
:10B1C000C7C019821A821B821C821D821E821F82A6
:10B1D00018868A81807F8A83F5016185CE01019678
:10B1E0004EC065E079E0818592850F946D62892B70
:10B1F00009F0AEC0C8010E947B216115710581056F
:10B20000910509F48BC0660F771F881F991F2FEFD8
:10B2100030E040E050E00F94AB5D57FD15C02330A7
:10B220003105410551050CF05FC0DA01C9010196F5
:10B23000A11DB11D82309105A105B105D9F103977A
:10B24000A105B10509F450C019821A821B821C8223
:10B250001D821E821F8218868A81807F8A8367E012
:10B26000CE0101960E94A41F29873A874B875C87ED
:10B270006D877E878F87988B62E1CE0109960E9449
:10B28000C61F298B3A8B4B8B5C8B6D8B7E8B8F8B88
:10B29000988F49895A896B897C898D899E89AF8964
:10B2A000B88D49835A836B837C838D839E83AF8360
:10B2B000B8870FCF19821A821B821C821D821E82C0
:10B2C0001F8218868A81807F8A8367E0CE0101967B
:10B2D0000E94A41F29873A874B875C876D877E87EA
:10B2E0008F87988B61E1C9CF19821A821B821C82D9
:10B2F0001D821E821F8218868A81807F8A8367E072
:10B30000CE0101960E94A41F29873A874B875C874C
:10B310006D877E878F87988B60E1AFCF19821A8205
:10B320001B821C821D821E821F8218868A81807F5A
:10B330008A8367E0CE0101960E94A41F29873A877D
:10B340004B875C876D877E878F87988B62E095CF70
:10B3500062E375E0C6010F942F297C01009709F480
:10B36000F6C0DC0118968C918F70853009F0ECC026
:10B37000C7010F94A12A843008F4E9C060E0C70136
:10B380000F94E1295C0161E0C7010F94E1293C01C0
:10B3900062E0C7010F94E129DC0119962D913D91DE
:10B3A0004D915C911C97298F3A8F4B8F5C8F63E096
:10B3B000C7010F94E1294C0165E0C7010F94E12911
:10B3C0006C0167E0C7010F94E1297C01C8010E946C
:10B3D0007B21298D3A8D4B8D5C8D62177307840715
:10B3E000950794F4D601CD28E9F419821A821B82BC
:10B3F0001C828A81807F8A8349815A816B817C810A
:10B4000080E090E0DC014DCFF4012184328443845C
:10B410005484261637064806590604F5E114F1044B
:10B4200021F3D70118968C9118978F708230E9F626
:10B4300019821A821B821C821D821E821F8218861C
:10B440008A81807F8A8319964D915D916D917C915F
:10B450001C97CE0101960E94E81F13CFF5010184CD
:10B46000F285E02DFE8FED8FD30119966D907C90C3
:10B4700019821A821B821C821D821E821F821886DC
:10B480008A81807F8A839301072C000C440B550B23
:10B490002F8F38A349A35AA36F01FF0FEE08FF08AF
:10B4A000498D5A8D4A01550FAA08BB08C8010E9450
:10B4B0007B219B01AC01281939094A095B096F8D71
:10B4C00078A189A19AA16C197D098E099F090F9411
:10B4D000795D9101032C000C440B550B2819390997
:10B4E0004A095B090F94AB5DC20ED31EE41EF51E24
:10B4F000C301AD8DBE8D8A1B9B0BB101E98DFA8D09
:10B500006E1B7F0B0F94EC5D77FF02C06F5F7F4F68
:10B5100075956795CB01770FAA0BBB0B8C0D9D1D05
:10B52000AE1DBF1D40E050E0BA01B7FD92CF4F8D78
:10B5300058A169A17AA184179507A607B7070CF04F
:10B5400088CFAC01BD0185CF882309F44ECFD80147
:10B550004D915D916D917C91139714968D919D9174
:10B560000D90BC91A02D9DCE6F927F928F929F9255
:10B57000AF92BF92CF92DF92EF92FF920F931F9301
:10B58000CF93DF933C01DC0114968D919C9115972C
:10B59000892B71F41296CD91DC9184E190E00F94A7
:10B5A0003353BC01CE010E947627E3019D838C8337
:10B5B000F301C481D581209769F463E971E385EDD6
:10B5C00091E10F94140785ED91E10F94A80590E0A7
:10B5D00080E0C6C24FEF5FEFBA0180E00F94FB2519
:10B5E0006E837F8388879987D3011496ED90FC90B2
:10B5F0001597E114F104D1F01296ED91FC9130977A
:10B60000A9F0C481D581209789F088858F70853015
:10B6100069F4CE010F94A12A823040F000914E0DC2
:10B6200010914F0D0115110509F096C066E571E303
:10B6300085ED91E10F94140761E070E0E3018C81E6
:10B640009D81892B11F470E060E04AE050E085EDC7
:10B6500091E10F94B50664E571E385ED91E10F94F6
:10B66000140761E070E0F30182819381892B11F46A
:10B6700070E060E04AE050E085ED91E10F94B5069E
:10B6800062E571E385ED91E10F941407D301129601
:10B69000ED91FC9161E070E084819581892B11F43A
:10B6A00070E060E04AE050E085ED91E10F94B5066E
:10B6B00060E571E385ED91E10F941407E301EA8100
:10B6C000FB810480F581E02D80858F7061E070E062
:10B6D000853011F470E060E04AE050E085ED91E1E2
:10B6E0000F94B5066EE471E385ED91E10F941407B4
:10B6F000D3011296ED91FC91848195810F94A12A3A
:10B7000061E070E0823010F070E060E04AE050E00C
:10B7100085ED91E10F94B50685ED91E10F94A805B3
:10B720006BE671E385ED91E10F94140785ED91E1EE
:10B730000F94A805D301ED91FC910484F585E02DCB
:10B7400061E0C3011995E301E881F9810084F18585
:10B75000E02DC30119953BCF61E0CE010F94E129A3
:10B76000EC0188858F70843029F469857A856115AC
:10B77000710539F466E371E385ED91E10F941407E7
:10B78000CBCFC8010F942F298C01009769F464E195
:10B7900071E385ED91E10F94140769857A8585ED54
:10B7A00091E10F94FE06B8CF69E37BE00F942F2957
:10B7B000009709F4D8C0EC0128852F70243009F0D7
:10B7C000D2C0C984DA84D0E0C0E0C114D10409F445
:10B7D000BDC0BE01625A7F4CC6010F946F56892BC3
:10B7E00009F0AFC0FE01EE59FF4C25913491922F24
:10B7F000832FF7019283838360E47BE0C8010F9479
:10B800002F29E301EC81FD81009709F4B4C0DC012C
:10B8100018962C9118972F70223009F0ACC0199609
:10B820008D919D910D90BC91A02D0097A105B10522
:10B8300009F4A1C09183808340815181052E000CC1
:10B84000660B770B228185EE9EE00F94610865E41C
:10B850007BE0C8010F942F297C01F301C481D581BD
:10B86000009709F48EC0DC0118968C918F70863099
:10B8700009F087C06AE47BE0C7010F942F299B87FA
:10B880008A876FE47BE0C7010F942F299D878C87FF
:10B8900063E57BE0C7010F942F299F878E8769E5B9
:10B8A0007BE0C7010F942F29998B888B6EE57BE095
:10B8B000C7010F942F29009709F460C0FC0181850E
:10B8C00092859D838C8364E67BE0C8010F942F29C9
:10B8D0009B8B8A8B892B09F421C16EE071E38AE787
:10B8E00092E10F94140768EF70E38AE792E10F94F6
:10B8F00014078AE792E10F94A805D3011496ED91FD
:10B90000FC910288F389E02DC681D781209709F444
:10B9100041C060E17AE0CE010F942F29009769F0D1
:10B92000FC0120852F70213041F48185882329F086
:10B9300068817981C3010E947FBD0A80DB81C02DAF
:10B94000E5CF2696C834D10509F03FCF61E470E316
:10B950008AE792E10F9414078AE792E10F94A80511
:10B9600096E080E046CF86E090E0D70113969C9366
:10B970008E93129741CF80E895E25CCF88EE93E0FA
:10B98000A0CF1B861A8688EE93E09D838C831D864C
:10B990001C8699CF62EF70E38AE792E10F94140757
:10B9A0006CED70E38AE792E10F9414078AE792E165
:10B9B0000F94A805D3011496ED91FC910288F389A8
:10B9C000E02DE680F780E114F10409F47BC061E129
:10B9D00076E0C7010F942F29009709F468C065EC41
:10B9E00079E00F942F298C01009709F460C0EC01D5
:10B9F00088858F70823009F04EC0C984DA84D30103
:10BA00001496ED91FC910288F389E02D309709F4AA
:10BA100056C0C681D78146010D2C000CAA08BB0870
:10BA2000209709F44CC065EB79E0CE010F942F29E3
:10BA3000009709F440C0FC0120852F702230D9F511
:10BA400081859285A385B48588159905AA05BB05CE
:10BA500091F565EB70E38AE792E10F941407688132
:10BA600079818AE792E10F94FE0666EA70E38AE73D
:10BA700092E10F9414074AE050E0B6018AE792E1A0
:10BA80000F94B5068AE792E10F94A8056881798141
:10BA9000C3010E947FBDF80180858F70843039F426
:10BAA000D80119966D917C91C3010E947FBDE70179
:10BAB000EA80FB8088CF0A80DB81C02DB1CF70E0A7
:10BAC00060E0E6CF66ED70E38AE792E10F94140739
:10BAD0006CEB70E38AE792E10F9414078AE792E136
:10BAE0000F94A805D3011296ED91FC9162E0848138
:10BAF00095810F94E129009789F0FC01C681D781D7
:10BB0000209761F0CE010E94CDBC882319F0CE01B0
:10BB10000F94FA380A80DB81C02DF2CF6EE771E313
:10BB20008DEC91E10F941407D3011296ED91FC91E5
:10BB30000280F381E02D608171818DEC91E10F94A1
:10BB4000FE068DEC91E10F94A805E301E881F981EF
:10BB50000484F585E02D62E0C301199581E090E051
:10BB6000DF91CF911F910F91FF90EF90DF90CF90D9
:10BB7000BF90AF909F908F907F906F900895CF93DC
:10BB8000DF93EC016CED7FE28AE792E10F941407FA
:10BB9000EA81FB810280F381E02D608171818AE777
:10BBA00092E10F94FE068AE792E10F94A805E881DE
:10BBB000F9810484F585E02D62E0CE01199581E0DC
:10BBC00090E0DF91CF910895DC01ED91FC91048428
:10BBD000F585E02D62E0199581E090E008950F93DE
:10BBE0001F93CF93DF93DC0112962D913C91232B71
:10BBF00081F1EC016CE47EE28AE792E10F94140794
:10BC00004AE050E06E818AE792E10F94CB058AE723
:10BC100092E10F94A8058C819D81892B61F40A81A2
:10BC20001B818CE290E00F943353BC01C8010E9449
:10BC300076279D838C83EC81FD81309769F46AE3DC
:10BC40007EE285ED91E10F94140785ED91E10F946B
:10BC5000A80590E080E04BC085E2DF011D928A9547
:10BC6000E9F7EC81FD8182E28283EC81FD8116A2FD
:10BC7000EC81FD8115A2EC81FD8117A20C811D8153
:10BC80004FEF5FEFBA0180E00F94FB25F80160A74A
:10BC900071A782A793A78E81811116C062E00F94CD
:10BCA000263A61E07EE28DEC91E10F9414078DEC71
:10BCB00091E10F94A8058DED91E10E94AAFE1092EA
:10BCC000310281E08093510D26E040E855E260E0CA
:10BCD00070E08F8198850F946108E881F981048470
:10BCE000F585E02D62E0CE01199581E090E0DF91CD
:10BCF000CF911F910F910895FF920F931F93CF93B0
:10BD0000DF9300D000D0CDB7DEB78C01BC01CE01EF
:10BD100001960F943503BE016F5F7F4F8AE792E172
:10BD20000F9406078AE792E10F94A805CE010196C9
:10BD30000F942D031A8219821C821B821E821D827F
:10BD40006AE778E2CE0101960F94D002F8012481CF
:10BD500035818D819E81F12C2817390738F0BE017D
:10BD60006F5F7F4FC8010F949C38F82ECE0101966B
:10BD70000F942D03FF2069F0B801CE0101960F94B6
:10BD80003503CE0101960F945B47CE0101960F94C7
:10BD90002D0326960FB6F894DEBF0FBECDBFDF9100
:10BDA000CF911F910F91FF9008950F931F93CF9301
:10BDB000DF9300D000D0CDB7DEB7A091A911B0912C
:10BDC000AA11109709F478C052961C921E925197AE
:10BDD00054961C921E92539784E890E01D969C9373
:10BDE0008E931C971E961C921E9787E755968C93F0
:10BDF0005597ED91FC9111970088F189E02D70E045
:10BE000060E0CD01199510E000E08091A9119091BA
:10BE1000AA11DC01ED91FC9111971C962D913C919A
:10BE20000217130740F40190F081E02D60E01995AE
:10BE30000F5F1F4FEACF0088F189E02D70E060E0CE
:10BE4000199500E914E08091A9119091AA11F801C7
:10BE500061918F01DC01ED91FC910190F081E02D69
:10BE60001995B4E004391B0771F78091A9119091DD
:10BE7000AA11DC01ED91FC910488F589E02D19955A
:10BE800064EE7BE0CE0101960F943E03CE01019655
:10BE90000F945B47CE0101960F942D0387E090E04D
:10BEA0000F945D2E87E090E00F94672E6FE478E2A8
:10BEB0008DEC91E10F9414071092C9111092C811E2
:10BEC00080E090E19093C4118093C31184E890E0E6
:10BED0009093CB118093CA1181E08093C51182E7C2
:10BEE0008093CC1187EB91E10E94801C87EB91E15C
:10BEF0000E94321D88EC90E026960FB6F894DEBFC3
:10BF00000FBECDBFDF91CF911F910F9108956F921A
:10BF10007F928F929F92AF92BF92CF92DF92EF92D9
:10BF2000FF920F931F93CF93DF93CDB7DEB7AE97FA
:10BF30000FB6F894DEBF0FBECDBF8091C60C9091B6
:10BF4000C70C892B09F473C68091690D81116FC6E6
:10BF50008091690D8F5F8093690D6FE176E28DECC2
:10BF600091E10F9414078DEC91E10F94A8050091D5
:10BF7000C60C1091C70C68E67BE0C8010F942F290E
:10BF800090936E0D80936D0D6EE67BE0C8010F946B
:10BF90002F299093B90C8093B80C6CEA78E0C80113
:10BFA0000F942F2990936C0D80936B0D65E77BE0C8
:10BFB000C8010F942F2990933E0D80933D0D00975B
:10BFC00049F1DC011696ED91FC91309719F120852D
:10BFD0002F702530F9F46BE076E28DEC91E10F944F
:10BFE000140780913D0D90913E0D0F94A12A8093EE
:10BFF0003C0D4AE050E0682F8DEC91E10F94CB05A9
:10C000008DEC91E10F94A805E0913D0DF0913E0D6E
:10C010008681978190933B0D80933A0D6AE77BE090
:10C020008091C60C9091C70C0F942F299093C50C4A
:10C030008093C40C009709F4B2C00F94A12A082F72
:10C0400010E00115110509F4AAC0000F111F000F1F
:10C05000111F8091C20C9091C30C892B09F08EC0E6
:10C060007801013811051CF040E8E42EF12CC701DD
:10C070000F9433539093C30C8093C20CE092C10C85
:10C0800010925E0D10925D0D1092390D1092380DC8
:10C0900010925C0D1092600D10925F0DC701019619
:10C0A0000F9433539093620D8093610D90935B0DC9
:10C0B00080935A0D8E0D9F1D9093550D8093540DB6
:10C0C0000F946B3E6093560D7093570D8093580DEF
:10C0D0009093590D90E080E0E091610DF091620D38
:10C0E000E80FF91F10820196E816F906ACF782E016
:10C0F00090E090935E0D80935D0D8091380D90914E
:10C10000390D009741F061E00F94263A60E080918C
:10C11000380D0F94F83980E98093C9001092C80057
:10C120001092CD0083E08093CC008EE08093CA0013
:10C13000F0922F02E0922E022091610D3091620D5B
:10C1400080912E0290912F02820F931F9093550D94
:10C150008093540D232B09F45FC06BE975E28AE7E5
:10C1600092E10F941407B7018AE792E10F94722EBF
:10C170008CED9EE19093530D8093520D61EF75E22B
:10C180008DEC91E10F9414074AE050E0B8018DEC7A
:10C1900091E10F94B5068DEC91E10F94A80560E84C
:10C1A0007BE08091C60C9091C70C0F942F298C01D5
:10C1B000009709F471C00F94A12A882309F46CC078
:10C1C0006FEF680FC8010F94E129FC01E184F2844C
:10C1D0009091500D992359F0809170008E7F80933B
:10C1E00070001092500D10922A021092290282E1E2
:10C1F0008093280291110F944E1FC7010F94761F50
:10C2000001E010E0E016F10674F060E0C8010F9460
:10C21000AA1F0F5F1F4FF6CF64E875E28AE792E12D
:10C220000F943807A5CF66E775E28AE792E10F948D
:10C2300014070E94AD7CAB01BC012AE030E08AE724
:10C2400092E10F94C3058AE792E10F94A80565ED8A
:10C2500075E28DEC91E10F9414074AE050E0B701CC
:10C260008DEC91E10F94B5068DEC91E10F94A8054A
:10C270006FEC75E28AE792E10F9414070E94AD7C9F
:10C28000AB01BC012AE030E08AE792E10F94C305DC
:10C290008AE792E10F94A8050091C60C1091C70C93
:10C2A00064E87BE0C8010F942F2990934F0D809391
:10C2B0004E0D6BE87BE0C8010F942F299093700D11
:10C2C00080936F0D892B09F448C08091710D811105
:10C2D00044C08091650D9091660D892B09F0DFC1F6
:10C2E00060E575E28AE792E10F9414078AE792E12C
:10C2F0000F94A8058FE090E00F9433538C0188E1F0
:10C30000D80111968C93119712961C9212971C9239
:10C310001E961C921E921D970F9402361093660D66
:10C320000093650D012B09F08CC061E475E285ED89
:10C3300091E10F94140785ED91E10F94A80580E039
:10C3400081708093710D8091710D882331F06FEBB6
:10C3500075E28DEC91E10F9414071092680D109224
:10C36000670DE0916D0DF0916E0D309709F4CCC220
:10C37000C680D78000916D0D10916E0D01151105CD
:10C3800009F4BBC2C114D10409F4B7C2F601808517
:10C390008F70853099F7C6010F94A12A823070F30F
:10C3A000A801B601CE0101960E940933CE01019683
:10C3B0000E9493268823E1F18C859D85009709F4DE
:10C3C0000DC2DC01ED91FC910284F385E02D1995FD
:10C3D000892B49F08C859D85DC01ED91FC910084D1
:10C3E000F185E02D19958C859D85DC01ED91FC9101
:10C3F0000680F781E02D1995892BD1F0CE010196A9
:10C400000E941D2F882341F040E050E160E070E081
:10C41000CE0101960E9464298F819885892B41F075
:10C4200040E050E260E070E0CE0101960E94642995
:10C43000D6011296CD90DC90CE0101960E94D632A4
:10C4400099CF0F9402368091650D9091660D0F94EF
:10C45000D81F8DE290E10F947D21811189C062E2A5
:10C4600075E28DEC91E10F9438078091650D909104
:10C47000660D0F941C23E091650DF091660D81E02F
:10C4800080838091650D9091660D0F942A236EE054
:10C4900075E2811102C069EF74E28AE792E10F94BC
:10C4A000380780916F0D9091700D892B09F447CF5B
:10C4B0008091630D9091640D892B09F0E2C083E1B6
:10C4C00090E00F9433538C018091650D9091660D2F
:10C4D00027E93DEFF801328B218B96838583148207
:10C4E000108289E0818381E0828383831093640DCD
:10C4F0000093630D0F946B3E6B017C01F0E1CF0E56
:10C50000F7E2DF1EE11CF11CD8011596ED91FC91BC
:10C5100016978FEF838714861382148215821682F2
:10C52000178210861186128614961C92BB24B3942F
:10C53000BE01605E7F4FF801858196810F940424CF
:10C5400018160CF099C00F946B3E6C157D058E0586
:10C550009F0508F091C0DE01909698E080E0915030
:10C5600039F1ED91E827F0E0EB50FE4C8491F7CFE4
:10C570000F9481258091650D9091660D0F94D81FC1
:10C580008DE290E10F947D2181110BC06CED74E27E
:10C590008DEC91E10F9414078DEC91E10F94A805B7
:10C5A00080CF60EC74E285ED91E10F943807C7CE3F
:10C5B0009FA19813BDCFD8018C91811138C01596D9
:10C5C0008D919C910F942A23BE01605E7F4FF801EC
:10C5D000858196810F94FD2240E064EBD801159689
:10C5E0008D919C910F94D722F80185809680C4018B
:10C5F0000F945B22C4010F94D81F67E88DE290E18D
:10C600000F94FF0060E88DE290E10F94FF000F941B
:10C610006E36C4010F945B22A82ED80115968D9119
:10C620009C910F942A23A5FC02C0F801B082AE01B0
:10C630004F5F5F4FBE01605E7F4FC8010F946B2359
:10C64000D8011196AC9088A1803109F4F2C2BE01E4
:10C65000605E7F4FC8010F94DA238A1510F5F80148
:10C660008181D80111968C93119714968C9114970F
:10C670008F5F14968C935CCFE091630DF091640D05
:10C680001282E0916F0DF091700DE680F7803FE728
:10C69000D32E80916F0D9091700D892B71F481E0F4
:10C6A0004FCE88A1803111F48CE0DBCFBE01605EFB
:10C6B0007F4FC8010F94DA23D4CFE114F10479F34A
:10C6C000BE01605E7F4FF701808191810E94427EB2
:10C6D000882329F369EA74E28AE792E10F94140748
:10C6E000D7016D917C918AE792E10F94FE068AE76B
:10C6F00092E10F94A8050091630D1091640DAE01B5
:10C700004F5F5F4FBE01605E7F4FC8010F94C02333
:10C71000882309F45EC088A1803109F45AC0DD8203
:10C72000F801858196810F942A23BE01605E7F4FB8
:10C73000D80115968D919C910F94FD2240E06EE4F6
:10C74000F801858196810F94D72240E06B81D80152
:10C7500015968D919C910F94D72240E06C81F80141
:10C76000858196810F94D72288A1803141F040E0E5
:10C770006D81D80115968D919C910F94D722F80167
:10C78000858196810F942A23BE01605E7F4FD80178
:10C7900015968D919C910F94FD22F801408168E4DB
:10C7A000858196810F94D72264E170E080E090E06B
:10C7B0000F946B3CD8018C91882331F06AE070E0D3
:10C7C00080E090E00F946B3CF801858196810F9496
:10C7D0002A23D7011296ED90FC905BCF70E060E0C9
:10C7E000CE0101960E945C288C01912C812C97FF30
:10C7F00006C011950195110988248394912CCE01CE
:10C8000001960E941D2FE82EF12C8B85853091F02A
:10C81000863009F00DCEB02E61E0802F0F94263ABD
:10C8200061E0892809F443C0EA94EF2809F043C085
:10C8300060E041C0EF2829F462E0CE0101960E9439
:10C84000562E40E050E160E070E0CE0101960E947B
:10C8500064298F819885892B41F040E050E260E0A7
:10C8600070E0CE0101960E94642961E0802F0F9450
:10C87000263A60E0802F0F94F83967EB75E28AE77B
:10C8800092E10F9414074AE050E0B8018AE792E180
:10C890000F94B50662EB75E28AE792E10F941407F4
:10C8A00060EB75E28AE792E10F941407C1CDEA9438
:10C8B000EF2809F0BDCFE62EF12C8B2D0F94F8391F
:10C8C0006BEA75E28AE792E10F9414074AE050E0C0
:10C8D000B8018AE792E10F94B50669EA75E28AE742
:10C8E00092E10F9414074AE050E0B7018AE792E121
:10C8F0000F94B50667EA75E2D5CFF8018681978176
:10C900009093680D8093670D8AE792E10F94A805D4
:10C9100065E974E28DEC91E10F9414078DEC91E1DF
:10C920000F94A805E0916B0DF0916C0D309709F410
:10C93000CFC08091690D8F5F8093690D068117814B
:10C940005E01F8E2AF0EB11C87EC682E82E0782E13
:10C9500095EB892E92E0992E0115110509F4B3C0CB
:10C96000D80118968C918F70863009F07CC019A779
:10C9700008A770E060E0C5010E9440378DA59EA524
:10C98000892B09F470C08091C60C9091C70C892B3B
:10C9900009F469C0E8A4F9A4E114F104B9F1F701BC
:10C9A00080858F70863091F5F9A2E8A270E060E092
:10C9B000CE0180960E944037EDA1FEA11082118227
:10C9C0001282138260E275E0C7010F942F29FC01E7
:10C9D000892BE1F090859F7095509230B8F4C68015
:10C9E000D780C114D10491F0DA82C982B701CE0197
:10C9F00001960E944037EE81FF81108211821282DF
:10CA00001382D6011296CD90DC90EBCF60E974E2F0
:10CA10008AE792E10F9414074AE050E06BA58AE799
:10CA200092E10F94CB056EE874E28AE792E10F94ED
:10CA300014074AE050E06AA58AE792E10F94CB051B
:10CA40008AE792E10F94A805EDA5FEA51082118258
:10CA5000128213828AA5853069F148F48230F0F0A1
:10CA600060E08430E0F0F8010281138175CF8032FC
:10CA7000A9F058F48630B9F7BC82AB829A828982D9
:10CA8000CE0101960E948BCBEECF803489F060E01E
:10CA9000823449F78BA50F94263AE5CF62E08BA547
:10CAA0000F94263AEDA5FEA58181807F8183DBCF9F
:10CAB00062E0F0CFBC82AB827A826982CE010196BD
:10CAC0000E943ACCD0CF8091690D81508093690D3E
:10CAD00061E874E28DEC91E10F94140769E774E268
:10CAE0008DEC91E10F94140781E020916D0D309150
:10CAF0006E0D232B09F480E00E9429BD60E774E2EB
:10CB00008DEC91E10F94140781E020916B0D309131
:10CB10006C0D232B09F480E00E9429BD61E674E2CC
:10CB20008DEC91E10F94140766E574E28DEC91E1D0
:10CB30000F94140781E020914E0D30914F0D232B5F
:10CB400009F480E00E9429BD6FE474E28DEC91E16C
:10CB50000F94140781E020913A0D30913B0D232B67
:10CB600009F480E00E9429BD66E474E28DEC91E155
:10CB70000F94140781E020916F0D3091700D232BDD
:10CB800009F480E00E9429BD8DEC91E10F94A80585
:10CB900061E474E28DEC91E10F9414070E94AD7C86
:10CBA000AB01BC012AE030E08DEC91E10F94C305AC
:10CBB0008DEC91E10F94A80581E080933F0D8CE905
:10CBC00091E10F94A716882351F08CE991E10F941D
:10CBD0005F1D84E090E09093E30E8093E20E8091DD
:10CBE000E20E9091E30E079731F484E090E0909389
:10CBF000E30E8093E20E8091690D81508093690D60
:10CC000080913F0DAE960FB6F894DEBF0FBECDBF3C
:10CC1000DF91CF911F910F91FF90EF90DF90CF9018
:10CC2000BF90AF909F908F907F906F90089580E01D
:10CC3000E9CFFCE0FA1508F412CD36CD8F929F9221
:10CC4000AF92BF92CF92DF92EF92FF920F931F931A
:10CC5000CF93DF93CDB7DEB7CF55D1090FB6F89498
:10CC6000DEBF0FBECDBF8C016B016115710519F0E0
:10CC70004115510579F563E57DE18AE792E10F946D
:10CC800014076AE47DE18AE792E10F941407B80182
:10CC90008AE792E10F94FE0668E47DE18AE792E17B
:10CCA0000F9414078AE792E10F94A805C15ADF4F49
:10CCB0000FB6F894DEBF0FBECDBFDF91CF911F91AD
:10CCC0000F91FF90EF90DF90CF90BF90AF909F902B
:10CCD0008F900895460F571FDA011C920E94AD7C79
:10CCE0004B0162E47DE18AE792E10F9414074AE088
:10CCF00050E0B4018AE792E10F94B5066FE37DE15D
:10CD00008AE792E10F941407B8018AE792E10F9441
:10CD1000FE066CE37DE18AE792E10F941407BAE323
:10CD20008B16B1E09B064CF46FE27DE185ED91E15D
:10CD30000F94140785ED91E1B7CF6DE27DE18AE7AD
:10CD400092E10F941407B6018AE792E10F94FE0670
:10CD50006BE27DE18AE792E10F9414078AE792E1A2
:10CD60000F94A8051A821982FE0133968EE3DF0123
:10CD70001D928A95E9F78091E20E9091E30E059756
:10CD800091F563E070E0C8010E940CD07C01892B12
:10CD9000D1F5E0915710F0915810808180FF86CF37
:10CDA00061E070E0C8010E940CD0892B09F47ECFAD
:10CDB00064E270E0C8010F94AA62892B09F076CF73
:10CDC0006DE07DE18AE792E10F941407B8018AE7EC
:10CDD00092E10F94FE068AE792E10F94A805C8013C
:10CDE0000F94B13863CF61E070E0C8010E940CD0AD
:10CDF0007C01892B09F465C04FE350E0B801CE01F6
:10CE000001960F949B62A12CBB24B394E00EF11EFB
:10CE100064E07DE1C7010F946F56892B09F45EC071
:10CE200064E270E0C8010F94AA62892B09F03ECF3A
:10CE3000B11003C0AA2009F439CF40916D0D509173
:10CE40006E0DB701CE018F5B9F4F0E943932CE012C
:10CE50008F5B9F4F0E949326182F882359F0B601AD
:10CE6000CE018F5B9F4F0F945A3211E018161906AE
:10CE70000CF010E0CE018F5B9F4F0E94D632112341
:10CE800009F414CF8981882309F410CF8091E20E30
:10CE90009091E30E059709F409CF66EE7CE18AE7ED
:10CEA00092E10F941407BE016F5F7F4F8AE792E112
:10CEB0000F94FE068AE792E10F94A805CE01019631
:10CEC0008FCF62E070E0C8010E940CD07C01892BFA
:10CED00009F4ECCEAA24A394B12C98CFF6010190CA
:10CEE0000020E9F73197EC19FD09329708F498CF43
:10CEF000C8010F94B138B11003C0AA2009F4D6CEEE
:10CF0000F6018081882309F4D1CEC6010F94CB0DA0
:10CF1000CDCE0F931F93CF93DF93CDB7DEB76F972F
:10CF20000FB6F894DEBF0FBECDBF2091C60C309176
:10CF3000C70C232B09F415C12091690D022E000C9A
:10CF4000330B82179307B4F46FEC7CE185ED91E12C
:10CF50000F94140785ED91E10F94A80580E06F967A
:10CF60000FB6F894DEBF0FBECDBFDF91CF911F91FA
:10CF70000F91089569EB7CE18AE792E10F94140721
:10CF80008AE792E10F94A8058091C90C8F5F809386
:10CF9000C90C64E77CE18DEC91E10F9414078DECF2
:10CFA00091E10F94A805E0916B0DF0916C0D309715
:10CFB00009F18091690D8F5F8093690D068117815A
:10CFC0000115110591F0D80118968C918F7086305B
:10CFD00041F41A83098370E060E0CE0101960E945B
:10CFE0004037F80102811381EBCF8091690D8150A8
:10CFF0008093690DE0916D0DF0916E0D3097A1F168
:10D000000681178101151105C9F1D80118968C9177
:10D010008F70853029F5C8010F94A12A882301F16A
:10D0200040916D0D50916E0DF80160817181CE01BE
:10D0300001960E943932CE0101960E9493268823E0
:10D0400059F08C859D85009739F0DC01ED91FC91BC
:10D050000084F185E02D1995CE0101960E94D6320B
:10D06000F80102811381CECF69EA7CE18AE792E17F
:10D070000F9414078AE792E10F94A8051092680DA7
:10D080001092670D61EA7CE18AE792E10F94140740
:10D090008AE792E10F94A80564E670E080E090E0F2
:10D0A0000F946B3C10923F0D69E87CE18AE792E1B6
:10D0B0000F9414070E94AD7CAB01BC012AE030E064
:10D0C0008AE792E10F94C3058091C60C9091C70C3A
:10D0D000009711F00F94DB361092C70C1092C60C1B
:10D0E00010926C0D10926B0D10926E0D10926D0DD2
:10D0F0001092B90C1092B80C10923E0D10923D0D8A
:10D1000010923B0D10923A0D1092B70C1092B60C83
:10D1100010923C0D1092C50C1092C40C1092700D20
:10D1200010926F0D10924F0D10924E0D64E87CE13D
:10D130008AE792E10F9414070E94AD7CAB01BC0119
:10D140002AE030E08AE792E10F94C3058AE792E192
:10D150000F94A8051092360D8091C90C81508093D0
:10D16000C90C81E0FCCE4F925F926F927F928F92BA
:10D170009F92AF92BF92CF92DF92EF92FF920F9366
:10D180001F93CF93DF93CDB7DEB7C659D1090FB642
:10D19000F894DEBF0FBECDBF8E010F5B1F4FD801CD
:10D1A0001D921C92FE01ED5BFF4F8EE1DF011D928F
:10D1B0008A95E9F78091A9119091AA11892B09F418
:10D1C000FEC10F94B12A882309F4F9C1A091A911D5
:10D1D000B091AA1152961C921E92519754961C928D
:10D1E0001E92539784E890E01D969C938E931C9713
:10D1F0001E961C921E9782E755968C935597ED913B
:10D20000FC9111970088F189E02D60E270E0CD017A
:10D2100019954FE150E0B8018091A9119091AA11A0
:10D220000F94062B7C018091A9119091AA11DC0129
:10D23000ED91FC910488F589E02D1995E114F10434
:10D2400009F4BDC1F801EE0DFF1D10828091B611E9
:10D250001F928F938091B5111F928F938091B4117B
:10D260001F928F938091B3111F928F938091B2116F
:10D270001F928F938091B1111F928F938EE89BE044
:10D280009F938F931F9280E48F93FE0131966F01DD
:10D29000FF93EF930F94B56269E679E28DEC91E12B
:10D2A0000F941407B8018DEC91E10F94FE06B601BE
:10D2B0008DEC91E10F94FE068DEC91E10F94A805A1
:10D2C0007E01F1E6EF0EF11CD70113961C921E921F
:10D2D000129788EE93E0A0E0B0E0F7018483958395
:10D2E000A683B78384E0848789EC94E0918380836C
:10D2F00016861586108B0787128A118A80E590E0C2
:10D30000948B838B178A61E878E28AE792E10F9425
:10D3100014076BEA71E1CE0187589F4F0F943503D4
:10D32000BE0167587F4F8AE792E10F9406078AE7AC
:10D3300092E10F94A805CE0187589F4F0F942D03BB
:10D340006DEB7BE0CE0185579F4F0F943E036DEB55
:10D350007BE0CE0187589F4F0F943E03BE01675874
:10D360007F4FCE018D579F4F0F9435034091AF11E2
:10D370005091B0116091AB117091AC11CE018D57ED
:10D380009F4F0F9459020FB6F894DEBF0FBECDBF6A
:10D39000811105C0CE018D579F4F0F94BE02C1571A
:10D3A000DF4F48815981CF58D040C557DF4F688142
:10D3B0007981CB58D040CE018D579F4F0F945902A1
:10D3C000811105C0CE018D579F4F0F94BE02BE0143
:10D3D0006D577F4FCE018F569F4F0F943503CE016F
:10D3E0008D579F4F0F942D03CE0187589F4F0F9459
:10D3F0002D03CE0185579F4F0F942D038FEB9BE09C
:10D40000CD57DF4F99838883C358D040C957DF4F2A
:10D4100019821882C758D040C757DF4F1982188227
:10D42000C958D040CF56DF4F88819981C159D0402B
:10D43000CB57DF4F99838883C558D04063E679E2A4
:10D440008AE792E10F9414070E94AD7CAB01BC0106
:10D450002AE030E08AE792E10F94C3058AE792E17F
:10D460000F94A80564E670E080E090E00F946B3CB8
:10D470008CE79EEDD7011E969C938E931D976BE0D3
:10D4800074E089E491E00F9454578C01892B09F4DE
:10D49000EEC083E090E00F943353F80195878487C2
:10D4A000DC011196FC92EE9212961C92C7010F9429
:10D4B000A716882319F0C7010F945F1DF701618932
:10D4C0007289A388B4886115710509F48FC0CE01F3
:10D4D00087589F4F0F945907A501BE0167587F4F8A
:10D4E000C7010F940F1E181619060CF0BDC0D70106
:10D4F0001F96BC901F975096AC90DF92CF928CED08
:10D5000098E29F938F931F930F930F94DB57DF92B3
:10D51000CF9287ED98E29F938F931F930F930F9471
:10D52000DB57D8011C96ED91FC9181E08283DF925C
:10D53000CF9284ED98E29F938F931F930F930F9454
:10D54000DB57D8011C96ED91FC911282AF92BF92ED
:10D550008EE998E29F938F931F930F930F94DB575D
:10D560000FB6F894DEBF0FBECDBFB12C85E9C82E33
:10D5700088E2D82EBB2D24E0B202F001112483E80A
:10D5800090E08C0F9D1FE80FF91F8081918100971B
:10D59000A1F12281338121153105C9F33F932F93E6
:10D5A0009F938F93DF92CF921F930F930F94DB572C
:10D5B000B3940FB6F894DEBF0FBECDBFDBCF40E211
:10D5C00050E06BE979E2C8010F94A6566DE779E265
:10D5D0008DEC91E10F941407B8018DEC91E10F945B
:10D5E000FE068DEC91E10F94A80530CE6785708919
:10D5F000A501C7010F945A1A76CF89ED98E29F933F
:10D600008F931F930F930F94DB57F701168A158A98
:10D61000D8011C96ED91FC91C080D1800F900F90A5
:10D620000F900F9043E3A42EB12CD601ED91FC9105
:10D630000084F185E02DC601199541975CF4B1E0B5
:10D64000AB1AB10839F064E170E080E090E00F942B
:10D650006B3CEBCFD601ED91FC910084F185E02D80
:10D66000C6011995419734F4C8010F944B1010E08E
:10D6700000E065C064EE7BE0CE0185579F4F0F94BC
:10D680003E03912CA12CD601ED91FC910688F789DF
:10D69000E02DC6011995882309F446C0BDE0AB1200
:10D6A00001C0A92CD601ED91FC910688F789E02DE7
:10D6B000C60119958111C5C0D601ED91FC91008478
:10D6C000F185E02DC6011995892B09F4CCC0D6014E
:10D6D000ED91FC910284F385E02DC6011995B82ED9
:10D6E000BAE08B1709F4C1C0EDE08E1709F4BDC094
:10D6F000FFEF8F1709F4B7C0EA968FAFEA97EB9662
:10D700001FAEEB9741E050E0BE0167587F4FCE015E
:10D7100085579F4F0F9459029A2CAB2CB4CFBAE087
:10D72000BB12FACFAB12F8CFCC24C394D12CCE01CC
:10D7300085579F4F0F942D03CD2809F498CFD7011B
:10D740005596ED90FC9065E579E28AE792E10F94B9
:10D7500014074AE050E0B7018AE792E10F94B5065A
:10D760008AE792E10F94A80564E670E080E090E01B
:10D770000F946B3C0115110509F47DC1B8ECEB1653
:10D78000F10409F054C169E479E28DEC91E10F9460
:10D79000140764EF71E080E090E00F946B3CED962D
:10D7A0001FAE1EAEED97EF961FAE1EAEEF978FEF3A
:10D7B0009FEFC158DF4F99838883CF57D04089EDC1
:10D7C00092E0EB969FAF8EAFEB97CF57DF4F198369
:10D7D0000883C158D040F89490E080E00E9489E727
:10D7E0008111E6C06DE379E285ED91E10F941407B4
:10D7F00085ED91E10F94A805C8010F944B1024EF1B
:10D80000E22EFF24F394CE018F569F4F0F942D03E9
:10D81000C701CA56DF4F0FB6F894DEBF0FBECDBFAB
:10D82000DF91CF911F910F91FF90EF90DF90CF90FC
:10D83000BF90AF909F908F907F906F905F904F9030
:10D840000895D601ED91FC910084F185E02DC6018B
:10D850001995892B09F030CF64E670E080E090E004
:10D860000F946B3C1FCFBB24BA946DEC7BE08DED25
:10D8700091E10F94FE06BE0165577F4F8DED91E15A
:10D880000F9406078DED91E10F94A805EB961FAE5E
:10D890001EAEEB97ED961FAE1EAEED97EF961FAE48
:10D8A0001EAEEF976CE878E2CE0187589F4F0F9439
:10D8B000D002C157DF4F28813981CF58D040EF9631
:10D8C0008EAD9FADEF97912C2817390748F0BE0118
:10D8D00067587F4FCE0185579F4F0F949C38982EE5
:10D8E000CE0187589F4F0F942D03992079F1C1578E
:10D8F000DF4F28813981CF58D04049E050E0BE0148
:10D9000065577F4FCE0187589F4F0F944F03EB967B
:10D910008EAD9FADEB97412C512C3201009719F041
:10D920000F9421562B014201CE0187589F4F0F942F
:10D930002D034114510429F0D70156965C924E9262
:10D940005597B4018DED91E10F94722EF701858406
:10D95000968481149104D1F0C157DF4F8881998159
:10D96000CF58D040892B91F0BE0165577F4FCE0133
:10D9700087589F4F0F943503CE0187589F4FF4016E
:10D980001995CE0187589F4F0F942D0350E040E02A
:10D9900064EE7BE0CE0185579F4F0F94F502FFEFB9
:10D9A000BF12BDCEC8010F944B10D12CC12CBFCEDD
:10D9B000CE0187589F4F0F948A379093C70C80935E
:10D9C000C60C7894C8010F944B108091C60C9091AE
:10D9D000C70C892BD1F464EE7BE0CE0185579F4FB5
:10D9E0000F943E03CE0185579F4F0F945B47CE01A6
:10D9F00085579F4F0F942D0366E279E285ED91E103
:10DA00000F941407F12CE12CFECE0E9487DF809149
:10DA10003F0D882329F00F94962D71FF0E940FCDA2
:10DA20006FE179E28DEC91E10F941407ECCEE0E325
:10DA3000EE16E1E0FE0651F46BE079E28DEC91E147
:10DA40000F941407C8010F944B10DDCE63EF78E2FA
:10DA500085ED91E10F941407C8010F944B104AE033
:10DA600050E0B70185ED91E10F94B50685ED91E1A8
:10DA70000F94A805C8CE60EE78E28AE792E10F9491
:10DA80001407EE24EA94FE2CBECE0F931F93CF937F
:10DA9000DF93CDB7DEB760970FB6F894DEBF0FBE49
:10DAA000CDBF8091690D811143C18091690D8F5F58
:10DAB0008093690D6AE776E28DEC91E10F9414078B
:10DAC0008DEC91E10F94A8051092C9111092C81124
:10DAD00080E090E19093C4118093C31184E890E0BA
:10DAE0009093CB118093CA1181E08093C51182E796
:10DAF0008093CC1187EB91E10E94401E8B379105FA
:10DB000009F0EDC06CE676E28AE792E10F94140723
:10DB10008AE792E10F94A8058091C60C9091C70CFA
:10DB2000892B21F081E090E00E9489E71C821B8212
:10DB30008FEE92E09A83898387EB91E19E838D83B8
:10DB40008FEF9FEF98878F83CE0101960F948A37CE
:10DB50009093C70C8093C60C87EB91E10E94321D15
:10DB60008091C60C9091C70C892B01F560E676E296
:10DB700085ED91E10F94140785ED91E10F94A805CF
:10DB800064EE7BE0CE0109960F943E03CE01099628
:10DB90000F945B47CE0109960F942D038091690D78
:10DBA00081508093690D90E080E019C06DE476E2C9
:10DBB0008DEC91E10F9414078DEC91E10F94A80581
:10DBC0008091690D81508093690D0E9487DF80915B
:10DBD000A9119091AA11892B69F481E090E06096D7
:10DBE0000FB6F894DEBF0FBECDBFDF91CF911F916E
:10DBF0000F9108950F94B12A882379F3A091A91168
:10DC0000B091AA1152961C921E92519754961C9252
:10DC10001E92539784E890E01D969C938E931C97D8
:10DC20001E961C921E9782E755968C935597ED9100
:10DC3000FC9111970088F189E02D60E670E0CD013C
:10DC400019950091A9111091AA1164EE7BE0CE0103
:10DC500009960F943E03C8010F94FC041816190688
:10DC600064F48F87188A41E050E0BE01615F7F4F06
:10DC7000CE0109960F945902EECFBE01675F7F4F28
:10DC80008BEA91E10F948502CE0109960F942D0342
:10DC90008091A9119091AA11DC01ED91FC91048869
:10DCA000F589E02D19956FE276E28AE792E10F940B
:10DCB00014076BEA71E1CE0109960F943503BE019A
:10DCC000675F7F4F8AE792E10F9406078AE792E148
:10DCD0000F94A805CE0109960F942D037ECF87EBF4
:10DCE00091E10E94561C892BA1F087EB91E10E94E3
:10DCF000801C64EE7BE0CE0101960F943E03CE01C2
:10DD000001960F945B47CE0101960F942D030F945B
:10DD1000DC4787EB91E10E94321D6CE376E28DECEB
:10DD200091E10F9414078DEC91E10F94A80536CF83
:10DD30008FEF9FEF54CF4F925F926F927F928F92AF
:10DD40009F92AF92BF92CF92DF92EF92FF920F938A
:10DD50001F93CF93DF93CDB7DEB7C357D1400FB634
:10DD6000F894DEBF0FBECDBF2091E20E3091E30EDE
:10DD7000F9017196E532F10508F095C58827EC5355
:10DD8000F1418F4F0D94005E1DFD08FD53F453F4D7
:10DD900053F453F45FFC4BFC53F453F453F453F437
:10DDA00053F453F453F453F453F4E9EECEF2F3F393
:10DDB00007F488F532F942FC53F453F453F453F466
:10DDC00053F47AFC8DFCC9FCA4FC53F453F453F4D3
:10DDD000B2FC80913F0D89E195E0C259DE4F9983F5
:10DDE0008883CE56D140C059DE4F188219821A82DC
:10DDF0001B82C057D140C859DE4F99838883C856CB
:10DE0000D140C659DE4F188219821A821B82CA5627
:10DE1000D140CE59DE4F99838883C256D140CC5928
:10DE2000DE4F188219821A821B82C456D140CE5B03
:10DE3000DE4F99838883C254D140CC5BDE4F188279
:10DE400019821A821B82C454D14061E17EE18DECBB
:10DE500091E10F9414078DEC91E10F94A805809146
:10DE6000A9119091AA11892B09F471C00F94B12ABC
:10DE7000882309F46CC0A091A911B091AA115296FF
:10DE80001C921E92519754961C921E92539784E8AE
:10DE900090E01D969C938E931C971E961C921E9745
:10DEA00082E755968C935597ED91FC9111970088D8
:10DEB000F189E02D60E170E0CD01199544E050E07A
:10DEC000BE016F5F7F4F8091A9119091AA110F94AD
:10DED0002A0589819A81AB81BC81C059DE4F888334
:10DEE0009983AA83BB83C057D1408091A911909197
:10DEF000AA11DC01ED91FC910488F589E02D1995BA
:10DF0000C059DE4F8881C057D140882301F18F3F2F
:10DF1000A9F4CF58DE4F8881C157D1408F3F71F4AB
:10DF2000CE58DE4F8881C257D1408F3F39F4CD584B
:10DF3000DE4F8881C357D1408F3F49F00F94962D13
:10DF400072FF0FC18091310D833008F00AC165E086
:10DF50007EE18DEC91E10F9414070FB6F894A8952B
:10DF600080916000886180936000109260000FBE15
:10DF70008091280D81112AC01092100D10920F0D62
:10DF800088EE93E0A0E0B0E08093110D9093120D25
:10DF9000A093130DB093140D8BE093E090930E0DAE
:10DFA00080930D0D89E195E090931C0D80931B0DDE
:10DFB00010921D0D10921E0D10921F0D1092200D2B
:10DFC00084E08093250D81E08093280D8AEC9CE00D
:10DFD00090932C1080932B100F94CA3C80E590E016
:10DFE0000F94773746E050E061EB71E189E090E013
:10DFF0000F94581189E195E09A8389831B821C82D2
:10E000001D821E82CE0103960F940A120F941F12D6
:10E0100080912B1090912C10FC0112A213A214A23B
:10E0200015A2DC0116A217A210A611A612A613A60D
:10E0300014A615A640EE5EE260E070E046AB57AB7A
:10E0400060AF71AF40EA5FE060E070E042AF53AFB5
:10E0500064AF75AF189626E0FD01322F11923A9504
:10E06000E9F7AC01425F5F4F34E1FA0111923A9552
:10E07000E9F7E1EBF1E101900D922A95E1F7FC015E
:10E08000EE5BFF4F10820F94DB1B8C01019709F0B0
:10E0900046C080E590E00F94773760912B10709127
:10E0A0002C10625F7F4FCE0101960F945907CE016D
:10E0B00003960F940A1260912B1070912C106A5ED7
:10E0C0007F4FCE0101960F945907CE0103960F940E
:10E0D000181260912B1070912C106E5E7F4FCE0144
:10E0E00001960F945907CE0103960F9411120F94C5
:10E0F0001F1260912B1070912C10625E7F4FCE0129
:10E1000001960F9459078B819C81AD81BE818093CC
:10E11000271090932810A0932910B0932A1088E11B
:10E1200099E20FB6F894A895809360000FBE909383
:10E130006000A895012B09F0C4C26BE97DE185ED73
:10E1400091E10F9414076CE67DE185ED91E10F9468
:10E1500014078091310D8F5F8093310D86EF9FEF13
:10E160001FC26FEE7DE18DEC91E10F94140789E100
:10E1700095E09A838983C059DE4F88819981AA816D
:10E18000BB81C057D1408B839C83AD83BE83CE01BE
:10E1900001960E94C07B8091A9119091AA11892BB0
:10E1A00009F47AC20F94B12A882309F475C2A091A8
:10E1B000A911B091AA1152961C921E925197549691
:10E1C0001C921E92539784E890E01D969C938E9328
:10E1D0001C971E961C921E9782E755968C93559716
:10E1E000ED91FC9111970088F189E02D64E170E0D8
:10E1F000CD01199544E050E0BE016F5F7F4F8091E3
:10E20000A9119091AA110F942A0589819A81AB8155
:10E21000BC81C659DE4F88839983AA83BB83CA56C3
:10E22000D1408091A9119091AA11DC01ED91FC914E
:10E230000488F589E02D1995C659DE4F8881CA56A4
:10E24000D140882309F428C28F3FB1F4C559DE4F6D
:10E250008881CB56D1408F3F79F4C459DE4F8881F5
:10E26000CC56D1408F3F41F4C359DE4F8881CD5603
:10E27000D1408F3F09F410C269EE7DE18DEC91E150
:10E280000F94140789E195E09A838983C659DE4F7C
:10E2900088819981AA81BB81CA56D1408B839C8396
:10E2A000AD83BE83CE0101960E94C07B8091A911EF
:10E2B0009091AA11892B09F4C0C10F94B12A882327
:10E2C00009F4BBC1A091A911B091AA1152961C9258
:10E2D0001E92519754961C921E92539784E890E098
:10E2E0001D969C938E931C971E961C921E9782E7F8
:10E2F00055968C935597ED91FC9111970088F18973
:10E30000E02D68E170E0CD01199544E050E0BE01D8
:10E310006F5F7F4F8091A9119091AA110F942A05E8
:10E3200089819A81AB81BC81CC59DE4F88839983E6
:10E33000AA83BB83C456D1408091A9119091AA11A0
:10E34000DC01ED91FC910488F589E02D1995CC59FB
:10E35000DE4F8881C456D140882309F46EC18F3FB7
:10E36000B1F4CB59DE4F8881C556D1408F3F79F447
:10E37000CA59DE4F8881C656D1408F3F41F4C959F2
:10E38000DE4F8881C756D1408F3F09F456C164EEF5
:10E390007DE18DEC91E10F94140789E195E09A837A
:10E3A0008983CC59DE4F88819981AA81BB81C4566B
:10E3B000D1408B839C83AD83BE83CE0101960E94A6
:10E3C000C07B8091A9119091AA11892B09F4EDC00D
:10E3D0000F94B12A882309F4E8C0A091A911B09143
:10E3E000AA1152961C921E92519754961C921E92FC
:10E3F000539784E890E01D969C938E931C971E96ED
:10E400001C921E9782E755968C935597ED91FC913F
:10E4100011970088F189E02D6CE170E0CD0119952C
:10E4200044E050E0BE016F5F7F4F8091A911909151
:10E43000AA110F942A0589819A81AB81BC81CC5B9A
:10E44000DE4F88839983AA83BB83C454D1408091D3
:10E45000A9119091AA11DC01ED91FC910488F58934
:10E46000E02D1995CC5BDE4F8881C454D1408823C0
:10E4700009F49BC08F3FB1F4CB5BDE4F8881C5545C
:10E48000D1408F3F79F4CA5BDE4F8881C654D140BA
:10E490008F3F41F4C95BDE4F8881C754D1408F3F25
:10E4A00009F483C06DED7DE18DEC91E10F941407CB
:10E4B00009E115E01A830983CC5BDE4F88819981DD
:10E4C000AA81BB81C454D1408B839C83AD83BE831E
:10E4D000CE0101960E94C07B1A830983CC5BDE4F7C
:10E4E00088819981AA81BB81C454D1408B839C834C
:10E4F000AD83BE83CF57DF4F19830883C158D04007
:10E50000CC59DE4F88819981AA81BB81C456D14004
:10E51000CD57DF4F88839983AA83BB83C358D040EC
:10E52000CE53DF4F19830883C25CD040C659DE4FFB
:10E5300088819981AA81BB81CA56D140CC53DF4FD3
:10E5400088839983AA83BB83C45CD040CE5FDE4FAF
:10E5500019830883C250D140C059DE4F8881998108
:10E56000AA81BB81C057D140CC5FDE4F888399839D
:10E57000AA83BB83C450D1409E012F5F3F4FAE01A1
:10E580004F575F4FBE016E537F4FCE018E5F9E4F40
:10E590000F945A3D8DEC91E10F94A80582E090E034
:10E5A0009093E30E8093E20E7EC189E195E09A8319
:10E5B0008983CC59DE4F488159816A817B81C45659
:10E5C000D1404B835C836D837E83CF57DF4F99832C
:10E5D0008883C158D040C659DE4F488159816A812D
:10E5E0007B81CA56D140CD57DF4F488359836A8318
:10E5F0007B83C358D040CE53DF4F99838883C25C5E
:10E60000D040C059DE4F88819981AA81BB81C05713
:10E61000D140CC53DF4F88839983AA83BB83C45CEA
:10E62000D040AE014F5F5F4FBE016F577F4FCE01AD
:10E630008E539F4F0F94973DADCF89E195E09A831C
:10E640008983C659DE4F488159816A817B81CA56C8
:10E65000D1404B835C836D837E83CF57DF4F99839B
:10E660008883C158D040C059DE4F88819981AA81E2
:10E67000BB81C057D140CD57DF4F88839983AA8390
:10E68000BB83C358D040BE016F5F7F4FCE018F5711
:10E690009F4F0F94E93D7ECF89E195E09A8389836E
:10E6A000C059DE4F88819981AA81BB81C057D14072
:10E6B0008B839C83AD83BE83CE0101960F94343E41
:10E6C00069CF6CE57DE18DEC91E10F941407CE01EB
:10E6D00001960F94A8378B819C81AD81BE81C05972
:10E6E000DE4F88839983AA83BB83C057D14009E159
:10E6F00015E01A830983CE0101960E94C07B8DEC40
:10E7000091E10F94A805CE0182599E4F0F94F22BF0
:10E710008091271090912810A0912910B0912A1073
:10E720008B839C83AD83BE83C659DE4F88839983D8
:10E73000AA83BB83CA56D140CE0188599E4F0F94FD
:10E74000C42C1A8309831B821C821D821E8280E5D1
:10E7500090E00F94773744E050E0BE016D5F7F4F4B
:10E7600081E090E00F9428110F941F128B819C81FF
:10E77000AD81BE81CC59DE4F88839983AA83BB8348
:10E78000C456D140CE018E599E4F0F942D2D1A8321
:10E7900009831B821C821D821E8280E590E00F94FB
:10E7A000773744E050E0BE016D5F7F4F85E090E039
:10E7B0000F9428110F941F128B819C81AD81BE8113
:10E7C000CC5BDE4F88839983AA83BB83C454D1403A
:10E7D000CE018E5B9E4F0F945B2C81E00F94542EE4
:10E7E0001092310DDBCE8091370D81110DC068E59F
:10E7F00071E28AE792E10F9414078AE792E10F949D
:10E80000A80581E08093370D83E090E0C9CE809128
:10E810003F0D8091690D81115FC10F94962D70FDA0
:10E820002DC08091360D81111EC00E94B3E8883C36
:10E83000910519F484E090E0B3CE80913F0D61E33F
:10E8400071E2811112C0CE0101960F94A8378B811D
:10E850009C81AD81BE81892B8A2B8B2B09F47ECCC8
:10E860008FE090E09DCE61E271E28DEC91E10F943A
:10E8700014078DEC91E10F94A805DCCF80913F0D3A
:10E88000882309F442C184E090E09093E30E8093E2
:10E89000E20E67EE70E28DEC91E10F9414078DECBF
:10E8A00091E10F94A8050FB6F894A89580916000A7
:10E8B000886180936000109260000FBE8091E20E2C
:10E8C0009091E30E02970CF4F9C08091310D811103
:10E8D000F5C000912B1010912C100115110509F4B1
:10E8E000EDC00F946B3E4B015C017801FEE3EF0E2F
:10E8F000F11CF70180819181A281B381A50194016E
:10E90000281B390B4A0B5B0BCA01B901683E33E087
:10E91000730781059105B0F128EE33E040E050E047
:10E920000F94895D861A970AA80AB90AD7018D92B1
:10E930009D92AD92BC921397F80186A597A5A0A9C8
:10E94000B1A969017A01CC0CDD1CEE1CFF1C8C15F1
:10E950009D05AE05BF0510F00C943AFD16A617A64E
:10E9600010AA11AAF80182A993A9A4A9B5A98C1586
:10E970009D05AE05BF0510F00C9444FD12AA13AA24
:10E9800014AA15AAF80186A597A5A0A9B1A9892B53
:10E990008A2B8B2B11F00C944EFDEE5BFF4F808188
:10E9A000833011F00C944EFD84E08083C8010F94F5
:10E9B000DB1B01967C01F80182A993A9A4A9B5A942
:10E9C000892B8A2B8B2BA1F4EE5BFF4F8081833048
:10E9D00011F081110DC01082F8013E9684E1DF0133
:10E9E0001D928A95E9F7C8010F94DB1B03967C0101
:10E9F000B2E0EB16F10429F0E4E0EE16F10409F0C0
:10EA000046C080E590E00F94773760912B107091AD
:10EA10002C10625F7F4FCE0101960F945907CE01F3
:10EA200003960F940A1260912B1070912C106A5E5D
:10EA30007F4FCE0101960F945907CE0103960F9494
:10EA4000181260912B1070912C106E5E7F4FCE01CA
:10EA500001960F945907CE0103960F9411120F944B
:10EA60001F1260912B1070912C10625E7F4FCE01AF
:10EA700001960F9459078B819C81AD81BE81809353
:10EA8000271090932810A0932910B0932A10F3E038
:10EA9000EF16F10411F40C9471FD14F00C9452FD76
:10EAA00031E0E316F10411F40C946EFD63E370E2BF
:10EAB00042E0E416F10411F40C9476FD88E199E249
:10EAC0000FB6F894A895809360000FBE90936000F5
:10EAD0002091E20E3091E30EC901CD58DE4F0FB602
:10EAE000F894DEBF0FBECDBFDF91CF911F910F9184
:10EAF000FF90EF90DF90CF90BF90AF909F908F905E
:10EB00007F906F905F904F9008958FE090E0BDCE22
:10EB1000A89580913F0D80913A0D90913B0D009703
:10EB200021F00F94A12A823068F464ED70E28DEC3C
:10EB300091E10F9414078DEC91E10F94A80587E003
:10EB400090E02ECDCE59DE4F1882C256D140FE0144
:10EB5000EE5FFE4F119211928EE0DF011D928A95B9
:10EB6000E9F70F944D29882319F085E090E018CD3E
:10EB7000E0903A0DF0903B0DE114F10441F0C70133
:10EB80000F94A12A082F10E0023011055CF46BE20B
:10EB90007FE185ED91E10F94140785ED91E10F94EC
:10EBA000A8055ECE70E060E0C7010F946B2500976A
:10EBB00009F489C09093B70C8093B60C6EE17FE1A5
:10EBC0008DEC91E10F9414076091B60C7091B70C25
:10EBD0008DEC91E10F94FE068DEC91E10F94A80568
:10EBE000E0903A0DF0903B0D61E070E0C7010F94AA
:10EBF0006B255C010230110509F468C062E0C701B1
:10EC00000F94E129FC01C184D2840330110509F479
:10EC100066C063E070E0C7010F946B257C018091B2
:10EC2000A9119091AA11892B09F45EC00F94B12A01
:10EC3000882309F459C0A091A911B091AA11529644
:10EC40001C921E92519754961C921E92539784E8E0
:10EC500090E01D969C938E931C971E961C921E9777
:10EC600082E755968C935597ED91FC91119700880A
:10EC7000F189E02D60E470E0CD0119954FE050E09E
:10EC8000BE016E5F7E4F8091A9119091AA110F94E1
:10EC9000062B4C018091A9119091AA11DC01ED91F4
:10ECA000FC910488F589E02D199581149104E1F017
:10ECB000E2E0F1E0EC0FFD1FE80DF91D10828E017E
:10ECC0000E5F1E4F27C087E992E074CF7BE5C72E09
:10ECD00077E0D72E9E012E593E4F7901A0CFAE018D
:10ECE0004E595E4F7A019BCF0530110544F364E025
:10ECF00070E080913A0D90913B0D0F946B258C0143
:10ED00006EEF7EE18DEC91E10F9414078DEC91E1B3
:10ED10000F94A805B0927310A0927210D092751043
:10ED2000C09274108EE196EE90936B1080936A10EF
:10ED300040E150E061EF7EE1CE018E539F4F0F9492
:10ED4000A65630E020E041E050E060E2CE018F576F
:10ED50009F4F0E942C7B40E250E06FEF73E3CE01A7
:10ED60008F579F4F0F94885660ED7EE18DEC91E1B7
:10ED70000F941407B5018DEC91E10F94FE066EEC33
:10ED80007EE18DEC91E10F9414074AE050E0B6016A
:10ED90008DEC91E10F94B50667EC7EE18DEC91E18D
:10EDA0000F941407B7018DEC91E10F94FE0662EC0D
:10EDB0007EE18DEC91E10F941407F70180818111C0
:10EDC00004C010E000E0F12CE12CA090B60CB09053
:10EDD000B70C0F944D298111C6C1809155109091A7
:10EDE0005610DC01ED91FC910688F789E02D19950C
:10EDF000882309F498C081E090E09093601080939C
:10EE00005F1087E0E0E7F2E0DE01119601900D92DD
:10EE10008A95E1F7FE01319685E090E02191A0917D
:10EE20005710B0915810A80FB91F2C9301968C3031
:10EE30009105A1F786E3E114F10429F086EB0115B1
:10EE4000110509F086EFC0905710D0905810F601C8
:10EE5000848780915C10858780915B108687809085
:10EE6000591090905A10B401C5010F94B9564196AB
:10EE70008816990608F08EC0809155109091561012
:10EE8000DC01ED91FC910488F589E02D19956FE77F
:10EE90007EE185ED91E10F941407609178107091F7
:10EEA00079104AE050E085ED91E10F94B50667E6F0
:10EEB0007EE185ED91E10F94140785ED91E10F94CA
:10EEC000A80580913C0D882379F0E0913A0DF091EE
:10EED0003B0D8281938190933B0D80933A0D892B5A
:10EEE00009F0B2C10E943FBD0F946B3E6093320D9A
:10EEF0007093330D8093340D9093350D8091300DC8
:10EF00008F5F8093300D83330CF4A9C169E37EE1F8
:10EF100085ED91E10F94140785ED91E10F94A8051B
:10EF20001092300D1BC96091721070917310809116
:10EF3000551090915610DC01ED91FC9140917410A8
:10EF4000509175106115710571F00088F189E02DFF
:10EF50001995019709F44FCF8EEF9FEF9093791099
:10EF60008093781094CF0684F785E02D29E135E071
:10EF70003A83298340906E1050906F10609070100B
:10EF8000709071104B825C826D827E82BE016F5FD9
:10EF90007F4FDECF4FE050E0B601C5010F948529C9
:10EFA0006C01A0905910B0905A10B501CE018F5746
:10EFB0009F4F0F94B9568C0D9D1D0296A816B90649
:10EFC00008F45ACF6091571070915810A601CE01E5
:10EFD0008F579F4F0F9485296C01A0905910B090C6
:10EFE0005A10B501CE018E539F4F0F94B9568C0D18
:10EFF0009D1D0296A816B90608F43ECF60915710E1
:10F0000070915810A601CE018E539F4F0F94852901
:10F010006C01E114F104B9F1A0905910B0905A10AC
:10F02000B501C7010F94B95696012E5F3F4F820F6D
:10F03000931FA816B90608F41FCF6091571070915E
:10F040005810A601C7010F9485296C0101151105FF
:10F05000D1F0E0905910F0905A10B701C8010F9408
:10F06000B95696012E5F3F4F820F931FE816F9069F
:10F0700008F402CF6091571070915810A601C80192
:10F080000F9485296C01A6014550510960915710D4
:10F090007091581080E10F94773E0F946B3E60930F
:10F0A000611070936210809363109093641060936A
:10F0B000651070936610809367109093681080912C
:10F0C000551090915610DC01ED91FC910084F18572
:10F0D000E02D1995892B21F50F946B3E0091651059
:10F0E0001091661020916710309168106B017C01BF
:10F0F000C01AD10AE20AF30A20915D1030915E1025
:10F10000A8EEB3E00F94DD5DC616D706E806F90653
:10F11000B0F28CEF9FEF9093791080937810ACCE83
:10F12000CE018E5B9E4F0F94534364307105810571
:10F13000910509F0A1CEE0915710F091581083810C
:10F1400090E08111E8CF0F946B3E6093651070934F
:10F150006610809367109093681010926910109257
:10F160007910109278101092300D64EB7EE18DECE6
:10F1700091E10F9414076091B60C7091B70C8DEC6F
:10F1800091E10F94FE068DEC91E10F94A80581E0CA
:10F190008093360D30E020E043E050E061E4CE01A2
:10F1A00001960E942C7B60ED7BE0CE0101960F94CE
:10F1B0005762CE0101960F94A73F30E020E042E075
:10F1C00050E061E4CE0101960E942C7B64ED7BE06F
:10F1D000CE0101960F945762BE016F5F7F4F8AE7A1
:10F1E00092E10F94AC05CE0101960F94A73F30E059
:10F1F00020E041E050E061E4CE0101960E942C7BCA
:10F2000064ED7BE0CE0101960F945762BE016F5F03
:10F210007F4F8AE792E10F94AC05CE0101960F94DF
:10F22000A73F85E090E09093E30E8093E20E0F9469
:10F230006B3E6093320D7093330D8093340D909339
:10F24000350D61E97EE127CB6EE17EE18DEC91E148
:10F250000F9414078DEC91E10F94A80545CE8CE036
:10F2600090E09EC90F946B3E0091320D1091330DCA
:10F270002091340D3091350D601B710B820B930B77
:10F2800060347F418105910508F40DCB30E020E02A
:10F2900043E050E061E4CE018F579F4F0E942C7BEA
:10F2A00060ED7BE0CE018F579F4F0F945762009126
:10F2B000591010915A10B801CE018F579F4F0F94DB
:10F2C000B95609960817190790F10F944D2988230C
:10F2D00071F180915F1090916010019609F445C121
:10F2E0009093601080935F10E0915710F091581048
:10F2F000809160108583E0915710F09158108091B3
:10F300005F108683609157107091581047E050E06D
:10F31000CE018F579F4F0F948529AC01455051095D
:10F32000609157107091581082EA0F94773EFE0159
:10F33000EE5FFE4F119211921EE3DF01212F1D920D
:10F340002A95E9F71A821982FE0133968EE7DF01CA
:10F350001D928A95E9F730E020E041E050E060E45A
:10F36000CE018E5F9E4F0E942C7B4FE350E06FEFEB
:10F3700073E3CE018E5F9E4F0F9488564FE750E0A7
:10F3800069EF73E3CE0101960F94A65641E0BE01EA
:10F390006F5F7F4FCE018E5F9E4F0F94083F30E02E
:10F3A00020E041E050E060E4CE018E5F9E4F0E947D
:10F3B0002C7B4FE350E06EEF7FE1CE018E5F9E4FDE
:10F3C0000F9488564FE750E064EF7FE1CE0101963D
:10F3D0000F94A6564FE750E061EE7FE1CE01019613
:10F3E0000F94885641E0BE016F5F7F4FCE018E5F64
:10F3F0009E4F0F94083F30E020E041E050E060E491
:10F40000CE018E5F9E4F0E942C7B4FE350E066E161
:10F4100074E3CE018E5F9E4F0F9488564FE750E005
:10F4200061ED7FE1CE0101960F94A65641E0BE0149
:10F430006F5F7F4FCE018E5F9E4F0F94083F30E08D
:10F4400020E041E050E060E4CE018E5F9E4F0E94DC
:10F450002C7B4FE350E06AEC7FE1CE018E5F9E4F44
:10F460000F9488564FE750E064EC7FE1CE0101969F
:10F470000F94A65641E0BE016F5F7F4FCE018E5FB5
:10F480009E4F0F94083F8091690D8F5F8093690DA7
:10F49000A0916D0DB0916E0D109709F4E0C18091AF
:10F4A000770290917802AE014E5B5E4FFA01819334
:10F4B00091932EE111922A95E9F79E012E533F4F29
:10F4C000F9018193919311921A95E9F716960D918E
:10F4D0001C91F12CE12C80916D0D90916E0D892B7A
:10F4E00009F431C10115110509F42DC1D80118968F
:10F4F0008C918F70853009F000C1C8010F94A12A4A
:10F50000882309F4FAC0D801ED91FC91DF010D9038
:10F510000020E9F7EE1AFF0AEA0EFB1E60E0C801C0
:10F520000F94E129FC0181859285A385B485823100
:10F530009105A105B10550F5FC018827ED55F54071
:10F540008F4F0D94005E82FB95FB95FB82FB82FB47
:10F55000B8FA82FB82FB82FB82FBC6FAC6FAC6FAC5
:10F56000C6FAC6FAC6FAC6FA95FB81E090E0B8CEB4
:10F570004FE150E06EEB7FE1CE018E5B9E4F0F942A
:10F58000A656CE53DF4F1882C25CD04030E020E058
:10F5900041E050E060E4CE018E5F9E4F0E942C7BE4
:10F5A000D8016D917C914FE350E0CE018E5F9E4F6C
:10F5B0000F947D6266ED7BE0CE018E5F9E4F0F94CF
:10F5C000576240E450E06CE97FE1CE018E5F9E4FD0
:10F5D0000F94885667E97FE1CE018E5F9E4F0F94AE
:10F5E000784630E020E041E050E060E4CE018E5FFC
:10F5F0009E4F0E942C7BF801608171814FE350E0A7
:10F60000CE018E5F9E4F0F947D6266ED7BE0CE0152
:10F610008E5F9E4F0F94576240E450E06FE87FE1A9
:10F62000CE018E5F9E4F0F9488566EE67FE1CE012D
:10F630008E5F9E4F0F94784630E020E041E050E02E
:10F6400060E4CE018E5F9E4F0E942C7BD8016D91AD
:10F650007C914FE350E0CE018E5F9E4F0F947D6210
:10F660006CED7BE0CE018E5F9E4F0F9457624FE3AF
:10F6700050E06CE97FE1CE018E5F9E4F0F9488567B
:10F6800041E0BE016E5B7E4FCE018E5F9E4F0F94B8
:10F69000083FCE53DF4F8881C25CD040882369F198
:10F6A00030E020E041E050E060E4CE018E5F9E4F0C
:10F6B0000E942C7BF801608171814FE350E0CE0104
:10F6C0008E5F9E4F0F947D626CED7BE0CE018E5F6E
:10F6D0009E4F0F9457624FE350E06FE87FE1CE01F9
:10F6E0008E5F9E4F0F94885641E0BE016E537F4F50
:10F6F000CE018E5F9E4F0F94083FD80112960D9158
:10F700001C91E9CE4FE150E066EB7FE1CE018E5BCC
:10F710009E4F0F94A6564FE350E060EB7FE1CE0181
:10F720008E539F4F0F94A65631CF4FE150E06AEAB7
:10F730007FE1CE018E5B9E4F0F94A6564FE350E0C3
:10F7400066EA7FE1ECCF30E020E041E050E060E4A9
:10F75000CE018E5F9E4F0E942C7B4FE350E067E608
:10F760007FE1CE018E5F9E4F0F9488560F944D29F6
:10F770008823F1F1609157107091581045E050E0E6
:10F78000CE018E5F9E4F0F9485298C01B6E0EB1A57
:10F79000F108A701480F591F609157107091581038
:10F7A00081E30F94A729A0915510B0915610A8019C
:10F7B000480F591F4550510925E030E0281B390BEF
:10F7C0006091571070915810620F731FED91FC916A
:10F7D00011970280F381E02DCD0119950F946B3EB6
:10F7E0006093611070936210809363109093641023
:10F7F000E0916D0DF0916E0D0681178180916D0D78
:10F8000090916E0D892B59F10115110541F1F80107
:10F8100080858F708530F1F4C8010F94A12A882368
:10F82000C9F0D8016D917C91FB0101900020E9F7AE
:10F830003197AF01461B570B81E590E10F942E01E4
:10F84000F80182819381892B29F06CE281E590E1B6
:10F850000F944E01D80112960D911C91CFCF80913B
:10F86000690D81508093690D86E090E09093E30EDE
:10F870008093E20E67EB70E28DEC91E10F94140738
:10F880000C9453F480913F0D0F944D2981110C94E9
:10F8900053F40C941AF40F946B3E6093320D7093F2
:10F8A000330D8093340D9093350D85EF9FEF90933A
:10F8B000E30E8093E20E80913F0D0C9453F40F946D
:10F8C0006B3E0091320D1091330D2091340D30912B
:10F8D000350D601B710B820B930B683873418105EA
:10F8E000910510F40C9453F41092E30E1092E20E72
:10F8F0000C9453F40F944D2981110F943D460F94AD
:10F900006B3E6093320D7093330D8093340D909362
:10F91000350D8DE090E00C94D0F20F946B3E009189
:10F92000320D1091330D2091340D3091350D601B47
:10F93000710B820B930B603177428105910510F0BA
:10F940000C941AF40C9453F40F946B3E6093320DA4
:10F950007093330D8093340D9093350D8EE090E0CD
:10F960000C94D0F20F946B3E0091320D1091330D38
:10F970002091340D3091350D601B710B820B930B70
:10F98000603C744D8140910510F00C94AEF00C94E5
:10F9900053F40E9445ED009749F18130910511F42F
:10F9A0000C941AF4019611F00C9453F40F946B3EDE
:10F9B0000091320D1091330D2091340D3091350DA1
:10F9C000601B710B820B930B6033754781059105AA
:10F9D00010F40C9453F464E970E285ED91E10F9416
:10F9E0001407F0E0E0E019950C9453F483E190E003
:10F9F0009093E30E8093E20E0F946B3E6093320D72
:10FA00007093330D8093340D9093350D0C9453F413
:10FA10000F944D2981110F943D460E943FBD0F94D4
:10FA20006B3E6093320D7093330D8093340D909341
:10FA3000350D8FEE9FEF0C94D0F280913F0D8091A9
:10FA4000690D811149C882E190E09093E30E8093A3
:10FA5000E20E0E94B3E8883C910511F40C941AF46C
:10FA600080913F0D882311F40C9423F46DE670E22D
:10FA70000C9435F4821B930BA40BB50B86A797A7A8
:10FA8000A0ABB1AB0C94B2F4821B930BA40BB50BDF
:10FA900082AB93ABA4ABB5AB0C94C2F4F12CE12CCC
:10FAA0000C94DBF454E0E516F104F1F064E670E246
:10FAB00085E0E816F10411F00C945EF585ED91E116
:10FAC0000F94140785ED91E10F94A80586EF9FEF41
:10FAD0009093E30E8093E20E0C945EF560E570E285
:10FAE000EDCF60E270E2EACF64E070E28DEC91E18C
:10FAF0000F941407CE0101960F94A837CE010196FA
:10FB00000E94C07B8DEC91E10F94A8050C945EF5EA
:10FB1000A8950F943B0E82E090E00E94ACD00E942A
:10FB20009BEE039714F00F94A4440C94F26708958D
:10FB300008950895AF92BF92CF92DF92EF92FF9215
:10FB40000F931F93CF93DF936C017B018B01040F05
:10FB5000151FEB015E01AE18BF08C017D10759F0A1
:10FB60006991D601ED91FC910190F081E02DC601E3
:10FB70001995892B79F7C501DF91CF911F910F91CD
:10FB8000FF90EF90DF90CF90BF90AF900895FC0171
:10FB9000A089B1898C91A689B78982FD0FC09C91FB
:10FBA000818D8F5F8F73228D821749F0A18DAE0FEB
:10FBB000BF2FB11D5D969C93818F08958C91089500
:10FBC000FC01538D448D252F30E0842F90E0821B63
:10FBD000930B541710F0CF96089501970895FC01E8
:10FBE000918D828D981761F0A28DAE0FBF2FB11D40
:10FBF0005D968C91928D9F5F9F73928F90E0089598
:10FC00008FEF9FEF0895FC01918D828D981731F051
:10FC1000828DE80FF11D858D90E008958FEF9FEFA5
:10FC20000895FC01918D228D892F90E0805C9F4F7B
:10FC3000821B91098F739927089585EE9EE00E949B
:10FC400011FE21E0892B09F420E0822F089582E83B
:10FC50009FE00E9411FE21E0892B09F420E0822F11
:10FC600008958DED91E10E9411FE21E0892B09F4A8
:10FC700020E0822F0895FC01A48DA80FB92FB11D9B
:10FC8000A35ABF4F2C91848D90E001968F739927D2
:10FC9000848FA689B7892C93A089B1898C918370B0
:10FCA00080648C93938D848D981306C00288F389A9
:10FCB000E02D80818F7D80830895EF92FF920F93D6
:10FCC0001F93CF93DF93EC0181E0888F9B8D8C8D08
:10FCD00098131AC0E889F989808185FF15C09FB7FC
:10FCE000F894EE89FF896083E889F98980818370BF
:10FCF000806480839FBF81E090E0DF91CF911F916E
:10FD00000F91FF90EF900895F62E0B8D10E00F5F8E
:10FD10001F4F0F731127E02E8C8D8E110CC00FB664
:10FD200007FCFACFE889F989808185FFF5CFCE01FC
:10FD30000E943BFEF1CFEB8DEC0FFD2FF11DE35A3E
:10FD4000FF4FF0829FB7F8940B8FEA89FB8980817F
:10FD50008062CFCFCF93DF93EC01888D8823B9F0F9
:10FD6000AA89BB89E889F9898C9185FD03C08081C6
:10FD700086FD0DC00FB607FCF7CF8C9185FFF2CF43
:10FD8000808185FFEDCFCE010E943BFEE9CFDF9160
:10FD9000CF91089580E090E0892B29F00E9431FEF8
:10FDA00081110E94000080E090E0892B49F080E002
:10FDB00090E0892B29F00E94000081110E94000030
:10FDC00080E090E0892B29F00E9427FE81110E949B
:10FDD000000080E090E0892B29F00E941DFE811137
:10FDE0000C9400000895FB014481558122813381E8
:10FDF000215031094217530750F4A081B181A40F5B
:10FE0000B51F8C938481958101969583848380E0CE
:10FE10000895CF93DF93EC01E881F9810284F385A3
:10FE2000E02DCE0119950196B9F7DF91CF91089594
:10FE3000FC01A285B3851097A9F086859785029766
:10FE400088F0CD010196938782876C93868597858C
:10FE50000197978786870284F385E02D108281E0E1
:10FE600090E0089590E080E00895FC0186819781FC
:10FE70008F3F980729F02FEF3FEF378326830895B0
:10FE8000A085B185109789F0248535852115310528
:10FE900061F0CD010196918780878C9121503109C5
:10FEA00035872487082E000C990B0895FC01868164
:10FEB0009781019639F481E024853585232B19F447
:10FEC00080E0089581E00895CF92DF92EF92FF9253
:10FED0000F931F93CF93DF937C016A018B01D0E0D6
:10FEE000C0E0CC15DD0581F0D701ED91FC910284D5
:10FEF000F385E02DC70119958F3F980729F0F80188
:10FF000081938F012196EDCFCE01DF91CF911F918B
:10FF10000F91FF90EF90DF90CF900895CF93C62F71
:10FF2000DC01ED91FC910088F189E02D1995DC014F
:10FF3000ED91FC910190F081E02D6C2FCF911994FF
:10FF4000062E000C770BFC01778366830895CF9310
:10FF5000DF93EC018E819F81019611F5E881F98193
:10FF60000088F189E02DCE011995DC01ED91FC911D
:10FF70000084F185E02D1995892BB1F0E881F98194
:10FF80000284F385E02DCE0119958132910534F379
:10FF9000E881F9810684F785E02D682FCE01199557
:10FFA00081E0DF91CF91089580E0FBCFFC01818D4E
:10FFB000928D0895E5E0F1E0808188608083089566
:10FFC000E5E0F1E08081877F808308958EBD0000A9
:10FFD0000DB407FEFDCF8EB50895CF93DF931F922A
:10FFE000CDB7DEB76983DC01ED91FC910280F3812E
:10FFF000E02D41E050E0BE016F5F7F4F19950F90FB
:020000022000DC
:10000000DF91CF910895FC0184899589089529E1B4
:1000100035E0FC0131832083FB01408951896289ED
:100020007389FC0142835383648375830895DC01E3
:10003000ED91FC91048CF58DE02D1994FC019485D3
:10004000FB018485981303C081E0943009F480E0BB
:10005000089521E0FC018485843009F420E0822F9A
:1000600008950895CF93DF931F92CDB7DEB76983CC
:10007000DC01ED91FC910280F381E02D41E050E044
:10008000BE016F5F7F4F19950F90DF91CF9108955B
:10009000DC01ED91FC91068CF78DE02D199591E036
:1000A00089270895862F089581E086270895CF93A4
:1000B000DF931F92CDB7DEB789832091D60D3981AA
:1000C000E091D70DF091D80D822F90E0809590951A
:1000D000F8940080082200824BE000C05DE0000040
:1000E0005A95E9F7008008220894379508F4022A07
:1000F00000824A9599F778940F90DF91CF910895F7
:100100002091B30D260F3327331F21323105ECF434
:100110002091B80EFC0190E080E0243069F082E08C
:100120000895A091B30D2191AC014D56524FA40FEB
:10013000B52FB11D2C930196861798F38091B30DBE
:10014000680F6093B30D80E0089581E008950895ED
:100150000895E091910E8091900EE81730F4F0E050
:10016000EE58F24F808190E008958FEF9FEF089551
:100170009091910E8091900E2FEF3FEF981748F4D9
:10018000E92FF0E0EE58F24F208130E09F5F90932E
:10019000910EC90108958091900E9091910E891B46
:1001A000990B0895CF92DF92EF92FF920F931F93D6
:1001B000CF93DF937C01CB018A012091E00E2223B3
:1001C00089F0EB016B01C40ED51ECC15DD0569F07D
:1001D0006991D701ED91FC910190F081E02DC7016B
:1001E0001995F3CF642F0F948000C801DF91CF9150
:1001F0001F910F91FF90EF90DF90CF900895CF93D4
:10020000DF931F92CDB7DEB769832091E00E2223E2
:10021000F9F02091DE0E203258F021E030E0FC01B0
:100220003383228390E080E00F90DF91CF91089597
:100230008091DF0EE82FF0E0E254F14F9981908336
:100240008F5F8093DF0E8093DE0E81E090E0ECCF35
:1002500061E0CE0101960F948000F7CFEF92FF92FC
:100260000F931F93CF93DF93EC018B017A010F94CF
:100270006B3E688B798B8A8B9B8B8C819D81DC019B
:10028000ED91FC910280F381E02DA701B801DF918F
:10029000CF911F910F91FF90EF9019941F93CF93DF
:1002A000DF93EC01162F0F946B3E688B798B8A8B52
:1002B0009B8B8C819D81DC01ED91FC910190F08103
:1002C000E02D612FDF91CF911F911994CF92DF9292
:1002D000EF92FF92CF93DF93EC018E819F818F3F4E
:1002E000980759F02FEF3FEF3F832E83DF91CF9197
:1002F000FF90EF90DF90CF9008950F946B3E6B01CD
:100300007C01A4EFCA0EA1E0DA1EE11CF11CE88119
:10031000F9810088F189E02DCE011995DC01ED917C
:10032000FC910084F185E02D1995892B39F40F9407
:100330006B3E6C157D058E059F0548F3E881F981BC
:100340000088F189E02DCE011995DC01ED91FC9139
:100350000284F385E02DDF91CF91FF90EF90DF9045
:10036000CF9019940F94F5610F931F93CF93DF9360
:10037000EC0188819981009759F02A813B812617E9
:10038000370730F081E0DF91CF911F910F910895F1
:100390008B016F5F7F4F0F941461009759F0998321
:1003A00088831B830A832C813D81232B59F7FC0111
:1003B0001082E8CF80E0E7CFECEBF0E080818A7B31
:1003C000808360E084E10F94F83960E085E10D946A
:1003D000F839CF92DF92EF92FF920F931F93CF9352
:1003E000DF936C018B0186E090E00F943353EC01B6
:1003F0009093610E8093600EF60101900020E9F762
:10040000CF018C199D090F9433537C01B6010F94D1
:100410007662F60101900020E9F73197EC19FD09A9
:10042000EE0DFF1D1082F982E8821B830A83809102
:10043000620E9091630E9D838C83D093630EC09364
:10044000620EDF91CF911F910F91FF90EF90DF909F
:10045000CF9008950F931F93CF93DF93D0E0C0E028
:10046000009791F08C01CFE1DEE068817981611520
:10047000710529F0C8010F946D62892B29F00B805A
:10048000DC81C02D209789F7CE01DF91CF911F919C
:100490000F910895FC01868197818F3F980729F07D
:1004A0002FEF3FEF378326830895808591850D9444
:1004B0009F57EF92FF920F931F93CF93DF93611596
:1004C000710541F480E0DF91CF911F910F91FF9072
:1004D000EF90089541155105B1F07B01EC010C81BD
:1004E0001D81040F151FB8010F94B401882351F327
:1004F000288139818C819D81B701820F931F0F94D0
:1005000076621D830C8381E0DECF0F931F93CF9320
:10051000DF938C01EB01FC01808191810097E1F078
:100520006881798161157105A9F0428153812C811F
:100530003D814217530770F00F9476628C819D8144
:10054000F801958384831D821C82DF91CF911F91D6
:100550000F9108950F94CF5388819981F801918369
:1005600080838A819B81938382838C819D81958303
:100570008483198218821B821A82E5CFCF93DF937E
:10058000EC0188819981009711F00F94CF53198263
:1005900018821D821C821B821A82DF91CF910895DE
:1005A000EF92FF920F931F93CF93DF93EC018B0198
:1005B000CB010F947F567C01BC01CE010F94B40196
:1005C00081110BC0CE010F94BE02CE01DF91CF91FD
:1005D0001F910F91FF90EF900895FD82EC82B8017A
:1005E000888199810F947856F0CFEF92FF920F9304
:1005F0001F93CF93DF93EC017B018A01BA010F9423
:10060000B40181110BC0CE010F94BE02CE01DF9167
:10061000CF911F910F91FF90EF9008951D830C8350
:10062000B701888199810F947662F0CFCF93DF93E1
:10063000EC01FB018617970749F060817181611514
:10064000710541F0448155810F94F502CE01DF918F
:10065000CF9108950F94BE02F9CFFC018081918162
:10066000009711F00D94CF530895FC011182108270
:1006700013821282158214820D941603FC011182DA
:1006800010821382128215821482FB0101900020D5
:10069000E9F73197AF01461B570B0D94F502AF9266
:1006A000BF92CF92DF92EF92FF920F931F93CF935F
:1006B000DF937C016B015A0189012417350720F46F
:1006C0008B2D5901042F182F64EE7BE0C7010F9486
:1006D0003E03D6011496CD91DC91AC16BD0620F5F3
:1006E0000C171D0708F4E801D601ED91FC91119754
:1006F000EC0FFD1F108110826D917C916A0D7B1DA6
:1007000061157105E9F0FB0101900020E9F73197CF
:10071000AF01461B570BC7010F94F502F60180810C
:100720009181C80FD91F1883C701DF91CF911F9105
:100730000F91FF90EF90DF90CF90BF90AF90089512
:10074000C7010F94BE02EACF1F920F920FB60F920D
:1007500011240BB60F922F933F934F935F936F9398
:100760007F938F939F93AF93BF93EF93FF93E0910A
:100770004002F09141021995FF91EF91BF91AF9125
:100780009F918F917F916F915F914F913F912F91A9
:100790000F900BBE0F900FBE0F901F9018951F92D9
:1007A0000F920FB60F9211240BB60F922F933F9317
:1007B0004F935F936F937F938F939F93AF93BF9369
:1007C000EF93FF93E0913E02F0913F021995FF9164
:1007D000EF91BF91AF919F918F917F916F915F91B9
:1007E0004F913F912F910F900BBE0F900FBE0F9026
:1007F0001F9018951F920F920FB60F9211240BB6EF
:100800000F922F933F934F935F936F937F938F93A9
:100810009F93AF93BF93EF93FF93E0913402F091D6
:1008200035021995FF91EF91BF91AF919F918F91F3
:100830007F916F915F914F913F912F910F900BBEE0
:100840000F900FBE0F901F9018951F920F920FB62A
:100850000F9211240BB60F922F933F934F935F93F8
:100860006F937F938F939F93AF93BF93EF93FF9378
:10087000E0913202F09133021995FF91EF91BF910F
:10088000AF919F918F917F916F915F914F913F9128
:100890002F910F900BBE0F900FBE0F901F901895C9
:1008A0001F920F920FB60F9211240BB60F922F9337
:1008B0003F934F935F936F937F938F939F93AF93E8
:1008C000BF93EF93FF93E0913C02F0913D021995A5
:1008D000FF91EF91BF91AF919F918F917F916F9118
:1008E0005F914F913F912F910F900BBE0F900FBED4
:1008F0000F901F9018951F920F920FB60F92112410
:100900000BB60F922F933F934F935F936F937F9309
:100910008F939F93AF93BF93EF93FF93E0913A022E
:10092000F0913B021995FF91EF91BF91AF919F918B
:100930008F917F916F915F914F913F912F910F9088
:100940000BBE0F900FBE0F901F9018951F920F9225
:100950000FB60F9211240BB60F922F933F934F9324
:100960005F936F937F938F939F93AF93BF93EF9317
:10097000FF93E0913802F09139021995FF91EF91C0
:10098000BF91AF919F918F917F916F915F914F91A7
:100990003F912F910F900BBE0F900FBE0F901F90A5
:1009A00018951F920F920FB60F9211240BB60F924B
:1009B0002F933F934F935F936F937F938F939F9367
:1009C000AF93BF93EF93FF93E0913602F09137021C
:1009D0001995FF91EF91BF91AF919F918F917F9169
:1009E0006F915F914F913F912F910F900BBE0F90A0
:1009F0000FBE0F901F9018950F931F93CF93DF9307
:100A0000EC010F946B3E688779878A879B87E88122
:100A1000F9810284F385E02DCE01199597FF15C069
:100A20000F946B3E088519852A853B85601B710BE9
:100A3000820B930B0C811D812E813F816017710702
:100A40008207930720F38FEF9FEFDF91CF911F91E4
:100A50000F910895CF92DF92EF92FF920F931F9321
:100A6000CF93DF936C017A018B01D0E0C0E0C60127
:100A70000F94FC0497FD07C0F80181938F01219624
:100A8000EC16FD06A1F7CE01DF91CF911F910F91DA
:100A9000FF90EF90DF90CF900895FB010190002030
:100AA000E9F73197AF01461B570BDC01ED91FC9143
:100AB0000280F381E02D19948F929F92AF92BF92A2
:100AC000EF92FF920F931F93CF93DF93CDB7DEB7D3
:100AD000A1970FB6F894DEBF0FBECDBF7C01FA011F
:100AE000CB0119A2223008F42AE08E010F5D1F4FBE
:100AF000822E912CB12CA12CBF01A50194010F9441
:100B0000895DF901CA016A300CF5605DD8016E9308
:100B10008D01232B242B252B79F790E080E0109773
:100B200021F0BD01C7010F944D05A1960FB6F894B1
:100B3000DEBF0FBECDBFDF91CF911F910F91FF9010
:100B4000EF90BF90AF909F908F900895695CDECF3B
:100B500062EE7BE00D944D050F931F93CF93DF93CF
:100B60008C01D0E0C0E06115710519F00F944D05BE
:100B7000EC01C8010F94A8058C0F9D1FDF91CF9148
:100B80001F910F9108950D945C059A01AB0170E0DF
:100B900060E00D94C3059A01462F50E070E060E0DC
:100BA0000D94C305EF92FF920F931F93CF93DF93A2
:100BB000009751F4CFEFDFEFCE01DF91CF911F917E
:100BC0000F91FF90EF900895DC011C96ED90FC9042
:100BD000F70100811181D801ED91FC910688F78918
:100BE000E02DC8011995882329F3D801ED91FC91D6
:100BF0000084F185E02DC8011995D801ED91FC9193
:100C0000892B61F30284F385E02DC8011995EC016D
:100C1000019681F2F8018789882339F04AE050E093
:100C20006C2F8DED91E10F94CB05D70112968C912D
:100C3000882311F2C532D10509F0BECFD801ED915C
:100C4000FC910084F185E02DC801199502975CF0B4
:100C5000D801ED91FC910688F789E02DC80119951E
:100C60008111ECCFA7CFD1E0C0E0D801ED91FC918C
:100C70000284F385E02DC80119958F3F980709F488
:100C800099CF9C01215431092A31310570F48D2FFF
:100C90008295807F829FC00D1124D11104C00C2E3B
:100CA000000CDD0B89CFD0E0E0CF9C01215631094B
:100CB0002A31310560F3C0978A30910570F79D2F76
:100CC0009295907F989FC00D1124E7CFDC01ED91A4
:100CD000FC910190F081E02D1994CF92DF92EF9278
:100CE000FF920F931F93CF93DF932115310581F46A
:100CF000DC01ED91FC910190F081E02D642FDF91FA
:100D0000CF911F910F91FF90EF90DF90CF901994AA
:100D10002A30310501F52AE077FF1DC06A017B0109
:100D2000EC016DE20F9466068C0144275527BA0149
:100D30004C195D096E097F092AE0CE010F945C050C
:100D4000800F911FDF91CF911F910F91FF90EF9036
:100D5000DF90CF900895DF91CF911F910F91FF9079
:100D6000EF90DF90CF900D945C059A01AB01770F67
:100D7000660B770B0D946D068F929F92AF92BF9288
:100D8000CF92DF92EF92FF920F931F93CF93DF9357
:100D90007C018B014C0182E0880E911C5701E5E03B
:100DA000AE0EB11CD0E0C0E0F40161914F014AE009
:100DB00050E0C8010F94CB056C016EE2C8010F949E
:100DC00066068C0D9D1DC80FD91F8A149B0461F700
:100DD0004AE050E0F7016581C8010F94CB058C0F04
:100DE0009D1FDF91CF911F910F91FF90EF90DF90AA
:100DF000CF90BF90AF909F908F900895611571052F
:100E000011F00D944D0590E080E00895DB011496FB
:100E10004D915C9115976D917C91DC01ED91FC9168
:100E20000280F381E02D1994EF92FF920F931F93AC
:100E3000CF93DF938C017B01D0E0C0E0F701EC0F92
:100E4000FD1F6491662361F0D801ED91FC91019042
:100E5000F081E02DC8011995892B11F02196EECF74
:100E6000CE01DF91CF911F910F91FF90EF900895E8
:100E70000F931F93CF93DF93EC010F9414078C0112
:100E8000CE010F94A805800F911FDF91CF911F9184
:100E90000F9108958091510D81110AC08DED91E15E
:100EA0000F94A8056EE073E38DED91E10D941407A6
:100EB0000895DC0189E195E08D939D9384E0FB0129
:100EC00001900D928A95E1F708951F920F920FB647
:100ED0000F9211240BB60F922F933F934F935F9372
:100EE0006F937F938F939F93AF93BF93EF93FF93F2
:100EF00085EE9EE00E943BFEFF91EF91BF91AF9186
:100F00009F918F917F916F915F914F913F912F9121
:100F10000F900BBE0F900FBE0F901F9018951F9251
:100F20000F920FB60F9211240BB60F922F933F938F
:100F30004F935F936F937F938F939F93AF93BF93E1
:100F4000EF93FF9385EE9EE00E94C7FDFF91EF9126
:100F5000BF91AF919F918F917F916F915F914F91D1
:100F60003F912F910F900BBE0F900FBE0F901F90CF
:100F700018951F920F920FB60F9211240BB60F9275
:100F80002F933F934F935F936F937F938F939F9391
:100F9000AF93BF93EF93FF9382E89FE00E943BFEE5
:100FA000FF91EF91BF91AF919F918F917F916F9141
:100FB0005F914F913F912F910F900BBE0F900FBEFD
:100FC0000F901F9018951F920F920FB60F92112439
:100FD0000BB60F922F933F934F935F936F937F9333
:100FE0008F939F93AF93BF93EF93FF9382E89FE01C
:100FF0000E94C7FDFF91EF91BF91AF919F918F919B
:101000007F916F915F914F913F912F910F900BBE08
:101010000F900FBE0F901F9018951F920F920FB652
:101020000F9211240BB60F922F933F934F935F9320
:101030006F937F938F939F93AF93BF93EF93FF93A0
:101040008DED91E10E943BFEFF91EF91BF91AF9139
:101050009F918F917F916F915F914F913F912F91D0
:101060000F900BBE0F900FBE0F901F9018951F9200
:101070000F920FB60F9211240BB60F922F933F933E
:101080004F935F936F937F938F939F93AF93BF9390
:10109000EF93FF938DED91E10E94C7FDFF91EF91DA
:1010A000BF91AF919F918F917F916F915F914F9180
:1010B0003F912F910F900BBE0F900FBE0F901F907E
:1010C0001895CF92DF92EF92FF921F93CF93DF9309
:1010D000EC016A017B01122FE889F98982E08083A3
:1010E000C11481EED806E104F104A1F060E079E0DA
:1010F0008DE390E0A70196010F94895D215031099D
:10110000410951095695479537952795211580E155
:10111000380798F0E889F989108260E874E88EE170
:1011200090E0A70196010F94895D21503109410992
:1011300051095695479537952795EC85FD85308360
:10114000EE85FF852083188EEC89FD891083EA895E
:10115000FB89808180618083EA89FB898081886046
:101160008083EA89FB89808180688083EA89FB89A2
:1011700080818F7D8083DF91CF911F91FF90EF90D1
:10118000DF90CF9008950F931F93CF93DF93EC01DF
:101190008B01FC01EA5BFF4F8081882361F1888D20
:1011A000998D8617970739F12C853D854E855F858A
:1011B00060E070E0CB010F94325E6C877D878E8794
:1011C0009F87288939894A895B8960E070E0CB0173
:1011D0000F94325E688B798B8A8B9B8B2C893D892F
:1011E0004E895F8960E070E0CB010F94325E6C8BBA
:1011F0007D8B8E8B9F8B198F088FDF91CF911F91E5
:101200000F9108958F929F92AF92BF92CF92DF92EB
:10121000EF92FF92CF93DF93EC01EE8DFF8D608113
:101220007181828193816AAB7BAB8CAB9DAB9B015F
:10123000AC010F94A75F882321F01AAA1BAA1CAA4D
:101240001DAAEC8DFD8D80819181A281B3818EAB31
:101250009FABA8AFB9AF8AA89BA8ACA8BDA8FE0158
:10126000EE5BFF4FC080D180E280F380A701960142
:10127000C501B4010F94475F18162CF4CAAADBAA63
:10128000ECAAFDAA0EC0FE01FE96C080D180E280CD
:10129000F380A7019601C501B4010F943F5C87FD5F
:1012A000EDCFDF91CF91FF90EF90DF90CF90BF9087
:1012B000AF909F908F9008952F923F924F925F92A0
:1012C0006F927F928F929F92AF92BF92CF92DF9256
:1012D000EF92FF920F931F93CF93DF93CDB7DEB7BB
:1012E0002F970FB6F894DEBF0FBECDBF9F878E87B6
:1012F0000F946B3E69837A838B839C83AE85BF8515
:101300009E96CD90DD90ED90FC90D197C114D104C4
:10131000E104F10409F461C05C960D911C91F8019F
:1013200060817181828193819B01AC010F94A75FE1
:10133000811153C0EE85FF8582A593A5A4A5B5A50F
:1013400029813A814B815C81281B390B4A0B5B0B4D
:10135000DA01C9018C159D05AE05BF05F0F180E0ED
:1013600090E0A0ECBFE7F80180839183A283B38370
:10137000AE85BF859296CD90DD90ED90FC909597CF
:10138000A7019601C701B6010F94A75F8823D1F08A
:1013900080E02F960FB6F894DEBF0FBECDBFDF9171
:1013A000CF911F910F91FF90EF90DF90CF90BF9062
:1013B000AF909F908F907F906F905F904F903F90F5
:1013C0002F900895AE85BF855E96ED91FC91C08209
:1013D000D182E282F38281E0DCCFEE85FF8586A1B7
:1013E00097A1A0A5B1A549815A816B817C81481B39
:1013F000590B6A0B7B0B82AD93ADA4ADB5AD48170D
:1014000059076A077B0720F2048CF58DE02D608177
:101410007181828193819B01AC010F94A75F81113F
:10142000B7CFAE85BF859096ED91FC9160817181BB
:10143000828193819B01AC010F94A75F8111A8CF9A
:10144000EE85FF8566A977A980AD91AD9B01AC01C2
:101450000F94A75F81110EC0AE85BF85D2966D91A6
:101460007D918D919C91D5979B01AC010F94A75FC5
:10147000882321F08E859F850F940209AE85BF8554
:101480005C96ED91FC915D97208131814281538181
:101490002D833E834F8358879096ED91FC91608118
:1014A0007181828193810F94325E4B015C01AE8524
:1014B000BF85D6962D913D914D915C91D9976D81C7
:1014C0007E818F8198850F94325E6B017C01EE8561
:1014D000FF852089318942895389C501B4010F9460
:1014E000A55CAE85BF85D2962D913D914D915C91C5
:1014F000D5970F94335E2B013C01EE85FF8542AA00
:1015000053AA64AA75AAE95BFF4F2081298721119C
:1015100018C0AE85BF851C962D913D914D915C9173
:101520001F97C701B6010F94A55C9B01AC01C301D5
:10153000B2010F94325EEE85FF8562AB73AB84AB74
:1015400095ABAE85BF85D2964D905D906D907C90A9
:10155000D597FD01EE5BFF4F108101813280238022
:10156000212F302F432D522DC301B2010F94475F1D
:1015700018160CF07BC0812F902FA32DB22DEE8575
:10158000FF8582AB93ABA4ABB5ABF985FF2309F420
:1015900083C0AE85BF851C962D913D914D915C9188
:1015A0001F97C501B4010F94A55C4B015C01EE854A
:1015B000FF852489358946895789C701B6010F946B
:1015C000A55C9B01AC01AE85BF85D2966D917D91E6
:1015D0008D919C91D5970F94325EA50194010F9443
:1015E000335E6B017C019B01AC01612F702F832D59
:1015F000922D0F943F5C87FD15C0EE85FF85FE960A
:101600001081018132802380212F302F432D522DD4
:10161000B601C7010F943F5C87FD04C01C2D0D2D42
:101620003E2C2F2CAE85BF855E96ED91FC91812FCF
:10163000902FA32DB22D80839183A283B3832D811C
:101640003E814F815885AE85BF85D6962D933D93BB
:101650004D935C93D99729813A814B815C81969611
:101660002D933D934D935C939997B5CEEE85FF8571
:10167000FE9620813181428153812A873B874C87A6
:101680005D87C301B2010F943F5C87FF7ECF8A85DF
:101690009B85AC85BD8573CF812C912C540187CF60
:1016A0008F929F92AF92BF92CF92DF92EF92FF9272
:1016B000CF93DF9316161706ACF5EC016B01770F8D
:1016C000EE08FF08C701B6010F94465C4B015C01B0
:1016D0006AAD7BAD8CAD9DAD0F94445C9B01AC01BC
:1016E000C501B4010F949F5E4B015C01AC019B01ED
:1016F000688979898A899B890F94A55C688B798B25
:101700008A8B9B8BA50194016C897D898E899F8929
:101710000F949F5E6C8B7D8B8E8B9F8BCAAEDBAEE6
:10172000ECAEFDAEDF91CF91FF90EF90DF90CF90C8
:10173000BF90AF909F908F9008958F929F92AF929D
:10174000BF92CF92DF92EF92FF92CF93DF93FC0193
:101750004A01AA24BB24C32ED42EE52EFF24DC2D5F
:10176000C22F8085982D882391F0C82FD0E0C89D86
:10177000D001C99DB00DD89DB00D11249B2F8C9D1B
:1017800060011124DD2D829F90011124C32FA685B5
:10179000218532858385A81321C0AB01440F551FD5
:1017A000640F751F620F731FA385A60FB72FB11D9E
:1017B0009C93A485A60FB72FB11DDC938585680F78
:1017C000711DFB01C083DF91CF91FF90EF90DF90FF
:1017D000CF90BF90AF909F908F900895660F771F26
:1017E000660F771F620F731FA60FB72FB11D1C92D4
:1017F000DBCFCF92DF92EF92FF920F931F93CF93A5
:10180000DF93EC017B01142F052F198218861F86A8
:10181000188A198A1A8AA90166E0569547956A9529
:10182000E1F743704E87C90174E0969587957A95E4
:10183000E1F783708B87B901769567957695679503
:1018400063706C87922F93709D8791E02F3F3105D5
:1018500011F008F090E09883481343C083E090E0D3
:10186000E89E6001E99ED00CF89ED00C1124DD8228
:10187000CC82C6010F9433539A8789870097A1F1D0
:10188000A60170E060E00F949A5BFB82EA821E83FF
:101890000F838981882341F061E0812F0F94263ADC
:1018A00060E0812F0F94F839812F902FFC01E45CC8
:1018B000FA4CE491F0E0EE0FFF1FE359FB4C259149
:1018C00034913C8B2B8BFC01EA50FB4CE491ED8B6B
:1018D000DF91CF911F910F91FF90EF90DF90CF900C
:1018E000089584E090E0BCCF1D821C821B821A8286
:1018F000CECFCF92DF92EF92FF92CF93DF93DC01B6
:101900001796CC911797D0E06111DC2F18962C9187
:10191000189730E0220F331F2E5D3C4C50E040E022
:10192000F90185919491FC01F080BA0190E080E08A
:10193000EF2DEC23ED1310C04F5F5F4F1D96CD9040
:10194000DD90ED90FC9050976C157D058E059F0500
:1019500038F36FEF7FEFCB01DF91CF91FF90EF90E6
:10196000DF90CF9008951F920F920FB60F9211241F
:101970000BB60F922F933F938F939F93EF93FF9309
:10198000E091610DF091620D80915F0D9091600D7D
:101990009C012F5F3F4F3093600D20935F0DE80F48
:1019A000F91F80818093CE0080912E0290912F02AA
:1019B00020915F0D3091600D8217930748F48FEFEF
:1019C0009FEF9093600D80935F0D88E48093C90032
:1019D000FF91EF919F918F913F912F910F900BBEAF
:1019E0000F900FBE0F901F9018951F920F920FB679
:1019F0000F9211242F933F938F939F9380915F0DAC
:101A00009091600D20915D0D30915E0D213031057A
:101A1000E1F48F3F9807C9F41092C8001092CD00EE
:101A200089E08093CC0086E28093CA001092CE00B9
:101A30001092600D10925F0D9F918F913F912F91A9
:101A40000F900FBE0F901F901895892BA9F7109239
:101A5000C8001092CD0083E08093CC008EE080938C
:101A6000CA0088E28093C9001092CE0081E090E025
:101A70009093600D80935F0DDFCF1F920F920FB692
:101A80000F9211240BB60F922F933F934F935F93B6
:101A90006F937F938F939F93AF93BF93EF93FF9336
:101AA0009091C8008091CE0094FF0CC081E080939B
:101AB0005C0D8091610D9091620D90935B0D809310
:101AC0005A0D1BC090915C0D913051F5811113C0DE
:101AD00082E080935C0D0F946B3E6093560D709383
:101AE000570D8093580D9093590D80915A0D9091F8
:101AF0005B0D0196E2CF10925C0DFF91EF91BF91CB
:101B0000AF919F918F917F916F915F914F913F9195
:101B10002F910F900BBE0F900FBE0F901F90189536
:101B2000923059F7E0915A0DF0915B0D9081981722
:101B300021F091E090932D02808320915A0D3091F5
:101B40005B0D8091540D9091550D2817390769F65A
:101B500010925C0D80912D028823D1F08091520D5E
:101B60009091530D892BA1F01092C900E091520D74
:101B7000F091530D199580E98093C9001092C80027
:101B80001092CD0083E08093CC008EE08093CA0059
:101B900010922D02AACFCF92DF92EF92FF920F9375
:101BA0001F93CF93DF93CDB7DEB7EC970FB6F894C2
:101BB000DEBF0FBECDBF64E67AE00F94B5569A83C0
:101BC00089837E0183E0E80EF11C01E010E0D02E55
:101BD000C12E64E67AE090E080E00F94B556D7011C
:101BE0008D939D937D010E31110521F00F5F1F4FE5
:101BF000892B69F70091600E1091610EE980FA80DF
:101C00000115110549F1F80160817181C7010F9437
:101C10006D62892BE9F4D8011296ED91FC91BE0119
:101C20006F5F7F4F8D2D9C2D19958C010F944A0766
:101C3000C801EC960FB6F894DEBF0FBECDBFDF91A2
:101C4000CF911F910F91FF90EF90DF90CF9008956B
:101C5000F80104811581D4CF8091510D811108C004
:101C600062E173E38DED91E10F9438070F944A0719
:101C700010E000E0DDCFCF938091510D81114DC078
:101C80008DED91E10E9411FE892B09F446C08091EF
:101C9000510D8111F5CF8DED91E10E94EFFDC82F1F
:101CA0008A3089F08D3079F0883021F568E08DED4B
:101CB00091E10F9466068091640E882309F38150A8
:101CC0008093640EDDCFE091640EF0E0EC5DF14FA7
:101CD000108262EE7BE08DED91E10F94FE06809123
:101CE000240E882321F084E29EE00F94CB0D109205
:101CF000640EC6CF682F8DED91E10F946606E091DA
:101D0000640EEB3308F0BCCF81E08E0F8093640E3D
:101D1000F0E0EC5DF14FC083B3CFCF910895CF9346
:101D2000DF930F942A02EC01892B99F08A8181506C
:101D30008A8381110EC0888199810F94CF531982B3
:101D40001882E091220EF091230ECFE1DEE0309771
:101D500019F4DF91CF91089593818481208131819D
:101D6000232B41F49B838C83CF010F94CF539B8112
:101D70008C81FE01EF01E92FF82FE9CFEF92FF925E
:101D80000F931F93CF93DF937C010F942A02FC01E2
:101D9000892B61F082818F5F828380819181DF91C5
:101DA000CF911F910F91FF90EF900895CFE1DEE06A
:101DB00088819981892B51F4C7010F94026299831C
:101DC000888321E02A83EBCFEC01F2CF8B819C81C9
:101DD0000097D1F785E090E00F9433538C0190E0A9
:101DE00080E001151105D9F21C830B83C7010F9404
:101DF0000262F8019183808321E02283148213829E
:101E0000CECF0F931F93CF93DF93EC01E881F9813D
:101E10000284F385E02D199500E011E08F3F9807CB
:101E2000D1F081329105E4F401501109E881F98182
:101E30000F3F100731F00284F385E02DCE01199594
:101E4000EDCFE881F9810684F785E02D682FCE017A
:101E5000199590E080E0DF91CF911F910F91089547
:101E6000012B79F78FEF9FEFF6CF0F931F93CF934F
:101E7000DF93EC018B016DEB7BE00F94FE06011507
:101E80001105C1F1F80161918F01662399F160326A
:101E900040F0623231F06C3521F0CE010F946606CD
:101EA000F1CF6CE5CE010F946606F8013197808181
:101EB0008C30D1F044F48930D9F08A30B9F08830D0
:101EC00009F762E6EACF823259F024F462E78D30F6
:101ED00021F3D8CF8F3231F06CE58C35F1F2D2CFCF
:101EE00062E2DBCF6FE2D9CF66E6D7CF6EE6D5CF21
:101EF00064E7D3CF62E2CE010F94660690E080E003
:101F0000DF91CF911F910F910895CF92DF92EF92C1
:101F1000FF920F931F93CF93DF937C016B01DC0142
:101F2000ED91FC910284F385E02D1995829761F083
:101F3000CFEFDFEFCE01DF91CF911F910F91FF9097
:101F4000EF90DF90CF90089584E0F601808786E0DF
:101F500090E00F9433538C01009751F3EFEDFDE0C7
:101F6000DC01ED93FC9380E4DF011D928A95E9F793
:101F700080E490E0F8019383828315821482D70174
:101F8000ED91FC910284F385E02DC7011995EC01D8
:101F90000196C9F0C232D10509F44DC0C032D10555
:101FA0000CF449C0B8018C2FCC35D10549F5D701C7
:101FB000ED91FC910284F385E02DC7011995EC01A8
:101FC0008F3F980721F4C8010F94CF53B3CF8236C7
:101FD000910541F15CF48F32910509F18C35910541
:101FE000D9F0829761F6B80182E20AC08E36910577
:101FF000E1F04CF4B8018CE0C636D10509F0BFCF52
:102000000E94F3FEBCCF8237910591F0B80189E0C0
:10201000C437D105A9F3B3CFB8018CE5F1CFB8012E
:102020008FE2EECFB80188E0EBCFB8018AE0E8CFCD
:10203000B8018DE0E5CFF80184819581009749F0E2
:102040000190F081E02DE80FF91F319780818823FE
:1020500021F0B80180E00E94F3FE8FED9DE00F9427
:10206000BE0EEC01892B19F0C8010F94CF53D60195
:102070001A96DC93CE931997D0E0C0E05BCF8DE049
:1020800090E00F943353009729F02DE0FC0111925A
:102090002A95E9F708950F931F93CF93DF93009745
:1020A000E1F0EC010C851D850115110579F0D801D1
:1020B0008D919C91009739F0DC01ED91FC910488A1
:1020C000F589E02D1995C8010F94CF53CE01DF910A
:1020D000CF911F910F910D942A57DF91CF911F91AE
:1020E0000F910895AF92BF92CF92DF92EF92FF923D
:1020F0000F931F93CF93DF9300D01F92CDB7DEB71E
:1021000061157105B1F06B01182FDB011C96AD90C4
:10211000BC90F501E080F180D701ED91FC9106883B
:10212000F789E02DC7011995811106C0C6010F94EA
:102130004B108FEF9FEF13C0F5019281911124C0D6
:10214000D701ED91FC910190F081E02D612FC70145
:102150001995F7018789811111C090E080E00F90F7
:102160000F900F900F90DF91CF911F910F91FF90E3
:10217000EF90DF90CF90BF90AF900895612F8DEDDD
:1021800091E10F946606E9CF812F8F7D81548A31CA
:10219000B8F280ED810F8A3098F283ED810F8230A2
:1021A00078F21F3569F21E3759F21132B1F086EC20
:1021B000810F823090F08AED810F873070F01D33EF
:1021C00061F0812F8F7E8F3241F08DED810F823053
:1021D00020F01B3511F01D3511F491FFB1CF19829C
:1021E0001A821B821C82812F012E000C990B9F9357
:1021F0001F9385EE9BE09F938F938E010F5F1F4F80
:102200001F930F930F94F2626E01F4E0CF0ED11C76
:102210000F900F900F900F900F900F90D8016D912D
:102220008D01D701ED91FC910190F081E02DC70166
:102230001995F7018789882339F0F8013197608172
:102240008DED91E10F9466060C151D0539F785CFCC
:10225000CF92DF92EF92FF920F931F93CF93DF9372
:10226000EC017A018B016C01C40ED51ECC15DD0585
:10227000A9F00E94E0FF8FE00E94E6FF8D2F0E94F0
:10228000E6FF8C2F0E94E6FF219680E00E94E6FF89
:10229000F80181938F010E94DAFFE8CFC701DF9137
:1022A000CF911F910F91FF90EF90DF90CF90089505
:1022B000CF92DF92EF92FF920F931F93CF93DF9312
:1022C000EC017A018B016C01C40ED51ECC15DD0525
:1022D000A1F00E94E0FF80EF0E94E6FF8D2F0E9498
:1022E000E6FF8C2F0E94E6FF2196F80181918F0175
:1022F0000E94E6FF0E94DAFFE9CFC701DF91CF918C
:102300001F910F91FF90EF90DF90CF90089590E094
:10231000982F882744E050E0845F9B4F0D9458111C
:102320001F93CF93DF93D82F192FC62F0E94E0FF62
:1023300080EF0E94E6FF812F0E94E6FF8D2F0E9412
:10234000E6FF8C2F0E94E6FF0E94DAFF81E0DF911A
:10235000CF911F9108959B0190E00496982F8827B4
:10236000642F820F931F0D949011CF93DF93C82F8A
:10237000D62F472F60E170E00F94AB114D2F61E134
:1023800070E08C2FDF91CF910D94AB11CF93DF9341
:10239000C82FD0E02496DC2FCC27C60FD71F0E9471
:1023A000E0FF8FE00E94E6FF8D2F0E94E6FF8C2F5A
:1023B0000E94E6FF80E00E94E6FFC82F0E94DAFF3D
:1023C0008C2FDF91CF9108951F93CF93DF93182F18
:1023D00066E270E00F94C611C82F67E270E0812FAB
:1023E0000F94C6119C2FDF91CF911F9108951F93D9
:1023F000CF93DF93182F60E270E00F94C611C82FBF
:1024000061E270E0812F0F94C6119C2FDF91CF9174
:102410001F91089544E050E0BC018FE090E00D94DE
:10242000581144E050E0BC0185E090E00D94581153
:1024300044E050E0BC0181E090E00D945811089513
:10244000EF92FF920F931F93CF93C82F7B0180E5EC
:1024500090E00F94773768E270E08C2F0F94C611EC
:10246000082F69E270E08C2F0F94C611282F302FAF
:10247000B90121E030E0A7018C2F0F94C63781E02D
:1024800090E0CF911F910F91FF90EF900895CF931F
:10249000DF931F92CDB7DEB7FC01218D328D8FEF18
:1024A0009FEF232B41F0BE016F5F7F4F808D0F9414
:1024B0002012898190E00F90DF91CF9108950F93C2
:1024C0001F93CF93DF931F92CDB7DEB78C01DC0152
:1024D000ED91FC910084F185E02D1995892B79F01F
:1024E000BE016F5F7F4FF80184850F9420128981B0
:1024F00090E00F90DF91CF911F910F9108958FEF92
:102500009FEFF7CFFF920F931F93CF93DF93F82E98
:1025100080E590E00F94773710E000E08F2D0F9466
:10252000E411EC01892B21F08F2D0F94E4118C0123
:10253000C017D10799F7CE01DF91CF911F910F916D
:10254000FF900895FC018485843011F00D9482126F
:1025500090E080E00895AF92BF92CF92DF92EF9229
:10256000FF921F93CF93DF93182F6B017A0180E5C1
:1025700090E00F947737B12CA12C812F0F94E411A8
:10258000EC01892B21F0812F0F94E4115C01CA1515
:10259000DB0599F72097E9F463E070E0812F0F9451
:1025A000C611843159F0882349F0C1E0D0E08C3164
:1025B00011F4D0E0C0E0D195C195D109CE01DF91F1
:1025C000CF911F91FF90EF90DF90CF90BF90AF9091
:1025D0000895EC16FD060CF4E7011C161D0674F7B1
:1025E00068E270E0812F0F94C611E82E69E270E076
:1025F000812F0F94C611282F3E2D79019E01A6012F
:10260000B701812F0F94C637EC0EFD1E4F2D68E2E7
:1026100070E0812F0F94AB114E2D69E270E0812F95
:102620000F94AB1160E470E0812F0F947A37C6CF1E
:10263000CF93DF93FC01218D328D2115310529F4D3
:102640008FEF9FEFDF91CF910895EC01808D4217BE
:10265000530708F0A9010F94AB121816190684F756
:10266000298D3A8D281B390B3A8F298FEBCF0F9389
:102670001F93CF93DF931F92CDB7DEB7FC01218D5F
:10268000328D232B41F48FEF9FEF0F90DF91CF918D
:102690001F910F9108958C0141E050E0BE016F5FE2
:1026A0007F4FFC01808D0F94AB12181619065CF752
:1026B000F801818D928D0197928F818F898190E0B1
:1026C000E4CF0F931F93CF93DF9300D000D01F92DE
:1026D0001F92CDB7DEB78C01D80159968D919C9190
:1026E0005A97892B41F0ED91FC910284F385E02DFE
:1026F000C8011995F1CFF801808D0F948212181638
:102700001906B4F548E050E0BE016F5F7F4FD80175
:1027100058968C910F94AB1218161906F4F4D80140
:10272000509684E0FE01319601900D928A95E1F772
:102730008D8190E0982F88272E81820F911DF801BE
:10274000958B848B8F81282F30E0322F222788852C
:10275000820F932F911D928F818F28960FB6F89438
:10276000DEBF0FBECDBFDF91CF911F910F910895B6
:1027700090E080E0F2CF2F923F924F925F926F9263
:102780007F928F929F92AF92BF92DF92EF92FF92D1
:102790000F931F93CF93DF93CDB7DEB7E4970FB6B8
:1027A000F894DEBF0FBECDBF7C014A015B01190169
:1027B0000F946B3E2B013C0187010D5B1F4FC8013D
:1027C0000F946113181619069CF00F946B3E641950
:1027D00075098609970986169706A806B90608F4AA
:1027E00088C162E370E080E090E00F946B3CE7CF3B
:1027F00042E250E0BE016F5F7F4FC8010F94181393
:1028000089818230D1F0D12C8D2DE4960FB6F894C9
:10281000DEBF0FBECDBFDF91CF911F910F91FF9013
:10282000EF90DF90BF90AF909F908F907F906F90D0
:102830005F904F903F902F900895F801848995897B
:102840008334910501F76D817E818F8198850F9486
:10285000085E2B013C01F101408251826282738249
:1028600046E050E0B701685F7F4FCE014D960F9470
:102870001C62892B41F6F70180819181A281B3818D
:10288000481659066A067B0608F4BDCF84819581F7
:10289000A681B78184159505A605B70508F4B3CFC1
:1028A00089899A89AB89BC8986879787A08BB18BE8
:1028B0008EECA82EB12CC8010F943713F1E0AF1A9B
:1028C000B108C9F7D12CC70182969AA789A7F70149
:1028D000B696FCA7EBA708969EA78DA73C974F013D
:1028E000899698AB8FA73897FAABE9AB1701F6E159
:1028F0002F0E311CC5979CAB8BABF801818D928D4F
:10290000181619060CF080CFC8010F9437138333C3
:10291000910509F4D4C0A4F58130910509F474C07F
:1029200074F4892B51F3C8010F943713B82EBA945D
:10293000FFEFBF1611F3C8010F943713F8CF8330A0
:10294000910509F46CC0069771F7C8010F9437130D
:10295000A82E44E050E06BA97CA9C8010F9418137D
:10296000712C612CEA2DE450FF0B5F016A147B048B
:1029700024F6C8010F943713FFEF6F1A7F0AF6CFC2
:102980008A33910509F46FC074F585339105A1F17F
:10299000C69749F6C8010F943713B82EF701828DF8
:1029A000811109C0838D811106C0848D811103C0FE
:1029B000858D8823A1F0EFA5F8A940805180628021
:1029C0007380B401CE0183960F9459078DA19EA107
:1029D000AFA1B8A584159505A605B705D9F544E0BE
:1029E00050E0B40118C08B33910509F452C08F3FF9
:1029F000910509F482CF97CFC8010F943713C8010E
:102A00000F943713D82E79CFC8010F94371344E0B1
:102A100050E069A97AA9C8010F9418136ECFC801B4
:102A20000F943713A82E44E050E0B101C8010F9471
:102A30001813712C612C8A2D8450990B5C016A1437
:102A40007B040CF05ACFC8010F9437139FEF691A1B
:102A5000790AF5CFBA94FFEFBF1609F44ECFC8013B
:102A60000F943713F7CFC8010F94371344E050E0A9
:102A70006BA57CA5C8010F941813F70166A177A177
:102A800080A591A50F94085E66A377A380A791A760
:102A900034CFC8010F94371344E050E06DA57EA5F4
:102AA000C8010F941813F70162A573A584A595A515
:102AB0000F94085E62A773A784A795A71ECFC801CD
:102AC0000F94371344E050E069A57AA5C8010F942C
:102AD0001813F70162A173A184A195A10F94085E58
:102AE00062A373A384A395A366A777A780AB91ABDA
:102AF00004CFDD24DA9488CEFC0184850D94AB12DA
:102B0000CF93DF931F92CDB7DEB741E050E0BE0117
:102B10006F5F7F4FFC0184850F94AB121816190666
:102B200034F4898190E00F90DF91CF9108958FEF79
:102B30009FEFF9CFCF93C82F80E590E00F947737C0
:102B400060E170E08C2F0F947A374FEF62E070E015
:102B50008C2FCF910D94AB11FF920F931F93CF93B6
:102B6000DF93C82FD62F8A01F22E0F949A1580E595
:102B700090E00F9477374D2F4F2970E060E08C2F55
:102B80000F94AB1101151105C1F0412F64E070E005
:102B90008C2F0F94AB11402F65E070E08C2F0F94B9
:102BA000AB1161E070E08C2F0F947A3781E0DF91F8
:102BB000CF911F910F91FF9008950091DD0D10911D
:102BC000DE0D0F5F1F4F1093DE0D0093DD0DDDCF87
:102BD000BF92CF92DF92EF92FF920F931F93CF930A
:102BE000DF9300D000D0CDB7DEB7FC01208D2430BC
:102BF00009F05DC06A017B018C01B12C63E070E0DB
:102C00008B2D0F94C61181114AC0F801B08EF801C6
:102C1000808D843009F44BC096E0E1E0F3E0DE0102
:102C2000119601900D929A95E1F7F70193819F77A4
:102C30009C8394819D8395819E83B7016E5F7F4FB6
:102C40000F948711B601F801808D0F94B511F8012A
:102C5000808D90E0982F882746E050E0BE016F5F9E
:102C60007F4F8A5F9B4F0F945811F801128E118E7F
:102C700020E8A60162E0808D0F94AC1581E02696D5
:102C80000FB6F894DEBF0FBECDBFDF91CF911F917D
:102C90000F91FF90EF90DF90CF90BF900895883113
:102CA00009F4B3CFB394F4E0BF12A8CFB0CF80E063
:102CB000E6CFCF93DF93EC01888D843021F00F9421
:102CC0009A1584E0888FDF91CF910895CF93C82F14
:102CD00080E590E00F94773763E070E08C2FCF9120
:102CE0000D94C611EF92FF921F93CF93DF93FC01D7
:102CF000208D243039F080E0DF91CF911F91FF903B
:102D0000EF9008957B01EC0110E0812F0F9466167F
:102D100081110FC0188F888D843069F3FD86EC8691
:102D20001A8E198E20E0A70162E00F94AC1581E0A5
:102D3000E3CF883179F31F5F143039F7ECCFFC0112
:102D40008485843011F00D94661680E00895CF9349
:102D5000DF93FC0124852430D9F0EC010F949F16F9
:102D6000843189F0882379F0883169F021E08C3151
:102D700059F4E881F9810084F185E02DCE0119959F
:102D800021E0892B09F420E0822FDF91CF91089573
:102D900080E0FBCFAF92BF92CF92DF92FF920F9372
:102DA0001F93CF93DF938C015B01EA01FC01C6887E
:102DB000D788F08C80E590E00F9477378F2D0F94B3
:102DC0006E388C179D0720F48F2D0F946E38EC0110
:102DD0009E01A501B6018F2D0F940E38F80186894A
:102DE00097898C0F9D1F978B868BCE01DF91CF919A
:102DF0001F910F91FF90DF90CF90BF90AF900895FB
:102E0000CF93FC01C08D80E590E00F94773760E2AE
:102E100070E08C2F0F947A3762E070E08C2F0F9463
:102E2000C61184FD16C062E070E08C2F0F94C611AD
:102E300083FF0AC048E162E070E08C2F0F94AB1171
:102E400090E080E0CF91089580E590E00F9477378F
:102E5000E3CF40E162E070E08C2F0F94AB1181E092
:102E600090E0F0CFFF920F931F93CF93DF93EB018E
:102E7000FC01178A168A2A81211109C02B81211190
:102E800006C02C81211103C02D812223E1F04115C0
:102E90005105C9F08A01FC01F08C80E590E00F94A7
:102EA0007737BE016E5F7F4F8F2D0F948711B8016A
:102EB0008F2D0F94B51181E090E0DF91CF911F919C
:102EC0000F91FF90089590E080E0F7CF4F925F92CE
:102ED0006F927F928F929F92AF92BF92CF92DF922A
:102EE000EF92FF920F931F93CF93DF93CDB7DEB78F
:102EF00063970FB6F894DEBF0FBECDBF7C016B01A8
:102F00003A01FB0120E090E080E06AE03191332358
:102F100009F461C040ED430F4A3008F04DC0689F8E
:102F2000A001699F500D1124CA01C097830F911D04
:102F300037FD9A958F3F910549F340F3F7014281A0
:102F40005381648175818091211090912210A0910C
:102F50002310B0912410481759076A077B0709F41A
:102F60002EC28701085F1F4F0F946B3E6F7077274B
:102F70007C5FC8010F947216813009F025C289E187
:102F800095E09A838983F70182819381A481B58139
:102F90008B839C83AD83BE8345E350E0BE016F5FAE
:102FA0007F4FC8010F943217892BA9F5D12CC12C62
:102FB000C8010F94591617C03E3209F0BFCF233015
:102FC00009F4BCCFD301A20FB11D12968C932F5FD1
:102FD00090E080E09BCF233009F0B0CFF3018583F0
:102FE000CC24C394D12CC60163960FB6F894DEBFEF
:102FF0000FBECDBFDF91CF911F910F91FF90EF904A
:10300000DF90CF90BF90AF909F908F907F906F9008
:103010005F904F9008950F946B3EF701778366831E
:103020007627672776277A83698342E050E0BE01DE
:103030006F5F7F4FC8010F94CA1681E090E09E87B2
:103040008D8742E050E0BE01635F7F4FC8010F945F
:10305000CA1680E091E09E878D8742E050E0BE0175
:10306000635F7F4FC8010F94CA161E861D8642E01B
:1030700050E0BE01635F7F4FC8010F94CA1642E063
:1030800050E0BE01635F7F4FC8010F94CA1642E053
:1030900050E0BE01635F7F4FC8010F94CA1656010E
:1030A000F6018081882301F16501F60181912F01EC
:1030B000882311F08E32B1F446018A189B08181447
:1030C000190474F48F8641E050E0BE01615F7F4FC8
:1030D000C8010F94CA16A401B501C8010F94CA16FD
:1030E0005201DECF6201E1CF1F8641E050E0BE0118
:1030F000615F7F4FC8010F94CA16C12CDD24D394A1
:10310000DE86CD8642E050E0BE01635F7F4FC8019E
:103110000F94CA16DE86CD8642E050E0BE01635FA2
:103120007F4FC8010F94CA16C8010F940017892B4E
:1031300009F43CCFF3E0AF2EB12C230122E0420E84
:10314000511CEEC0F7014281538164817581808DED
:10315000918DA28DB38D481759076A077B0709F037
:1031600024C1848D958DC59709F01FC181A192A1BD
:103170005DEFC52EDD24DA940C970CF4C5C04CE04D
:1031800050E0BE016F5F7F4FC8010F9418138B8111
:103190009C819827892798279A8B898B29813A8146
:1031A000322723273227F7014681578142175307D9
:1031B00009F000C197FFFEC08F7092703BEFC32EE5
:1031C000DD24DA94892B09F09FC06F8078847624FF
:1031D000672476242AEFC22EDD24DA946114710468
:1031E00009F492C0D12CC12C8D819E81982789270A
:1031F0009827C816D90640F541E050E0BE01635F4C
:103200007F4FC8010F9418138D85882351F08D8549
:103210009FEF980F9D87882321F0C8010F943713E3
:10322000F6CF8D858111E8CFC8010F943713C801FF
:103230000F943713C8010F943713C8010F94371335
:10324000FFEFCF1ADF0AD0CF912C812C41E050E064
:10325000BE016D5E7F4FC8010F9418138B89982FA4
:10326000907C61F4882389F08B899FEF980F9B8B6A
:10327000882341F0C8010F943713F6CFC8010F948B
:1032800037131B8A8B898111E1CF42E050E0BE01E8
:10329000615F7F4FC8010F94181342E050E0BE01F8
:1032A000635F7F4FC8010F941813C8010F94371341
:1032B000C8010F943713C8010F943713C8010F9436
:1032C000371342E050E0BE016F5E7F4FC8010F949C
:1032D00018138F8598898115914009F040C0CD84DD
:1032E000DE84DC24CD24DC2481E0C816D104B9F5C9
:1032F00089899A898115944009F04EC044E050E0D4
:10330000B201C8010F9418130E9491D181E0A81A4C
:10331000B10809F44DCEFFEFCF16DF0609F048CE15
:103320000F946B3E3B014C01C8010F9461131816BA
:1033300019060CF407CF0F946B3E661977098809BC
:103340009909613A7F408105910558F50E9491D114
:1033500061E070E080E090E00F946B3CE5CFD12C11
:10336000C12C89899A89982789279827C816D90650
:1033700038F4C8010F943713FFEFCF1ADF0AF1CFEB
:103380002FEF821A920A6814790409F05FCF96EF42
:10339000C92EDD24DA94B8CFE7EFCE2EDD24DA94FF
:1033A000B3CFCC24CA94DC2CAFCF6EEFC62EDD2475
:1033B000DA94AACF4CEFC42EDD24DA94A5CF8EEF99
:1033C000C82EDD24DA940FCED12CC12C0CCECF9296
:1033D000DF92EF92FF920F931F93CF93DF93CDB7BE
:1033E000DEB7AF970FB6F894DEBF0FBECDBF7C013E
:1033F0006A0109E115E01A8309831C861B8688EEA1
:1034000093E0A0E0B0E08D879E87AF87B88B8BE01C
:1034100093E09A878987188F0F8B198E1A8E1B8ECF
:103420001C8E84E089A31BA70AA71CA61DA61EA6A6
:103430001FA68091271090912810A0912910B0917B
:103440002A108EA39FA3A8A7B9A78B839C83AD83C3
:10345000BE8318861F82AE01465D5F4FCE01019686
:103460000F94661781309105B1F4D701ED91FC916D
:103470000488F589E02D1DA30CA38CA59DA5AEA500
:10348000BFA58EA39FA3A8A7B9A7A601BE016C5D87
:103490007F4FC7011995AF960FB6F894DEBF0FBEE8
:1034A000CDBFDF91CF911F910F91FF90EF90DF90F3
:1034B000CF900895CF92DF92EF92FF920F931F93D8
:1034C000CF93DF93CDB7DEB7AF970FB6F894DEBFDB
:1034D0000FBECDBF7C016A0109E115E01A830983A3
:1034E0001C861B8688EE93E0A0E0B0E08D879E8767
:1034F000AF87B88B8BE093E09A878987188F0F8B03
:10350000198E1A8E1B8E1C8E84E089A31BA70AA716
:103510001CA61DA61EA61FA68091271090912810FC
:10352000A0912910B0912A108EA39FA3A8A7B9A794
:103530008B839C83AD83BE8318861F82AE01465D5C
:103540005F4FCE0101960F94661781309105B1F45B
:10355000D701ED91FC910684F785E02D1DA30CA306
:103560008CA59DA5AEA5BFA58EA39FA3A8A7B9A70F
:10357000A601BE016C5D7F4FC7011995AF960FB6CE
:10358000F894DEBF0FBECDBFDF91CF911F910F9199
:10359000FF90EF90DF90CF9008957F928F929F924F
:1035A000AF92BF92CF92DF92EF92FF920F931F9351
:1035B000CF93DF93CDB7DEB7A6970FB6F894DEBFF3
:1035C0000FBECDBF8C01762E942E852E20E2A22E2A
:1035D000CE0101967C01DC01EA2D1D92EA95E9F706
:1035E0006801F3E4CF0ED11C89E195E09AA389A389
:1035F0008FEF8BA38CA38DA38EA343E450E0BE0179
:103600006F5D7F4FC6010F943217019609F4BFC05A
:1036100081E089838A8386E0B82EBB821C82D80130
:1036200014966D917D918D919C9117970F94085EE2
:103630006D837E838F83988789869A8680E890E061
:103640009C878B874CE150E0B701C6010F94CA16E6
:10365000FE0137968AE1DF011D928A95E9F748015C
:10366000B8E08B0E911CF401D70101900D92BA9431
:10367000E1F740E150E0B701C6010F94CA16F70127
:103680001192AA94E9F796E0A92EB12C40E250E0FD
:10369000B701C6010F94CA16F1E0AF1AB108B1F72D
:1036A00083E6898392E89A8393E59B838C8385E301
:1036B0008D8381E08E837F829DE3988797E0998751
:1036C0008A8786E0F401DE011B9601900D928A95AF
:1036D000E1F78CE0898B8A8B6BEE7BE0CE01439621
:1036E0000F947662D8011B966C91CE0149960F9487
:1036F0008A38F8016485CE014B960F948A38D80138
:103700001D966C91CE014D960F948A384EE150E093
:10371000B701C6010F94CA16B3E07B121EC082E344
:10372000898384E08A83F80196859B8397859C83AF
:1037300090899D8391899E8396E39F838887828D5C
:103740008987838D8A87848D8B87858D8C874CE0D4
:1037500050E0B701C6010F94CA1687E3898386E05B
:103760008A8391E09B8393E09C838D838FE08E839B
:103770008AE38F838BE388878FEF898749E050E066
:10378000B701C6010F94CA16C6010F940017A6967A
:103790000FB6F894DEBF0FBECDBFDF91CF911F9162
:1037A0000F91FF90EF90DF90CF90BF90AF909F90E0
:1037B0008F907F9008952F923F924F925F926F92D9
:1037C0007F928F929F92AF92BF92CF92DF92EF92B1
:1037D000FF920F931F93CF93DF9300D000D0CDB70C
:1037E000DEB78C010F94A4542FEC37E040E050E09A
:1037F0000F94AB5DDC01CB010196A11DB11DF80159
:1038000084839583A683B78380839183A283B383C4
:103810005801F3E4AF0EB11CC5010F94591664E4CE
:1038200070E0C5010F947216882309F445C10F9406
:103830006B3E2B013C01480182E4880E911C48EE4E
:10384000C42E43E0D42EE12CF12C52E0252E1E8212
:103850001D82D4018C918330B1F1811166C0F801D1
:1038600084819581A681B7810196A11DB11D8483B4
:103870009583A683B7830F946B3E641975098609F7
:103880009709A70196010F94895DA90161E0C8011C
:103890000F94CD1A81E0D4018C938D819E81019784
:1038A000C1F20F946B3E6419750986099709D80116
:1038B000D6962D913D914D915C91D997261737075A
:1038C0004807590720F6C5010F945916F80184815D
:1038D0009581A681B7810196A11DB11D8483958331
:1038E000A683B7830F946B3EF801FE9660837183C5
:1038F000828393838D819E8126960FB6F894DEBFD6
:103900000FBECDBFDF91CF911F910F91FF90EF9030
:10391000DF90CF90BF90AF909F908F907F906F90EF
:103920005F904F903F902F9008958430F1F4F8010C
:1039300084819581A681B7810196A11DB11D8483E3
:103940009583A683B7830F946B3E64197509860926
:103950009709A70196010F94895DA90163E0C80149
:103960000F94CD1AD4012C9298CF813051F5F801E3
:1039700042AD53AD64AD75AD9E012F5F3F4FC801A1
:103980000F94BB13382EF2E08F1390C089819A8177
:10399000AB81BC81F80184839583A683B7830F94A0
:1039A0006B3E6419750986099709A70196010F9462
:1039B000895DA90163E0C8010F94CD1AD4013C923E
:1039C0006CCF823009F069CFF80142AD53AD64ADE0
:1039D00075AD9E012F5F3F4FC8010F94BB13382E6A
:1039E000F5E08F135DC0E3E0D401EC93F80182A110
:1039F00093A1A4A1B5A1892B8A2B8B2B41F484E838
:103A000093E0A0E0B0E082A393A3A4A3B5A3F80140
:103A100086A197A1A0A5B1A5892B8A2B8B2B61F438
:103A200082A193A1A4A1B5A1B695A79597958795D5
:103A300086A397A3A0A7B1A7F80182A593A5A4A5E3
:103A4000B5A5892B8A2B8B2BA9F482A193A1A4A1C4
:103A5000B5A1AC01BD0123E07695679557954795D3
:103A60002A95D1F7841B950BA60BB70B82A793A7BA
:103A7000A4A7B5A7F80186A197A1A0A5B1A586A77F
:103A800097A7A0ABB1AB82A593A5A4A5B5A582AB22
:103A900093ABA4ABB5AB81E090E09E838D83FDCE6C
:103AA00096E0891303C0D4011C92F7CEBFEF3B12FE
:103AB000F4CEF4011082F1CE1E821D821BCFCF9274
:103AC000DF92EF92FF921F93CF93DF93FC01148557
:103AD000143049F1EC0180E590E00F94773768E00D
:103AE00070E0812F0F947A370F946B3E6B017C014D
:103AF000CE010F949F168823A1F062E370E080E06E
:103B000090E00F946B3C0F946B3E6C197D098E090D
:103B10009F09683E73408105910550F38C850F9491
:103B20009A1584E08C87DF91CF911F91FF90EF90E1
:103B3000DF90CF9008958F929F92AF92BF92CF92D5
:103B4000DF92EF92FF920F931F93CF936C015B0173
:103B50007A01FC01C485C430A1F481E090E0F60153
:103B600093838283F12CE12CC701CF911F910F9198
:103B7000FF90EF90DF90CF90BF90AF909F908F908D
:103B800008958A014130584010F000E018E080E5C7
:103B900090E00F9477378C2F0F946E384C0163E0D0
:103BA00070E08C2F0F94C611873111F08C3129F5FC
:103BB0008016910660F380E590E00F9477379801C6
:103BC000A50170E060E08C2F0F940E3860E270E089
:103BD0008C2F0F947A3762E070E08C2F0F94C6110F
:103BE00084FD13C063E070E08C2F0F94C611811127
:103BF00007C08C2F0F949A15B0CF10E000E0DBCFF8
:103C000080E590E00F947737E6CF40E162E070E026
:103C10008C2F0F94AB11012B09F0A6CF9ECFCF9222
:103C2000DF92EF92FF920F931F93CF93DF93FC01EC
:103C30002485243059F090E080E0DF91CF911F91EE
:103C40000F91FF90EF90DF90CF9008956A01EB0104
:103C50008C01F12C8F2D0F946616811129C0F8016B
:103C6000F486F8018485843031F320912B02309161
:103C70002C022F5F3F4F21F130932C0220932B0217
:103C800040912B0250912C0220E061E00F94AC1582
:103C90008A818F3FC1F48B818F3F01F58C818F3FEB
:103CA000E9F48D818F3FD1F484E0F8018487C3CF9C
:103CB0008B7F8831A1F2F394F4E0FF12CBCFD1CF08
:103CC00020E030ECD9CF811109C08B81811106C071
:103CD0008C81811103C08D81882331F3C114D104FB
:103CE00019F3F801F48480E590E00F947737BE0172
:103CF0006E5F7F4F8F2D0F948711B6018F2D0F941C
:103D0000B51164E070E08F2D0F947A370F946B3EFD
:103D10006B017C01F4E9CF0EF1E1DF1EE11CF11C27
:103D2000C8010F949F16873119F161E070E080E0BF
:103D300090E00F946B3C0E9491D1C8010F949F16A4
:103D4000882309F4B1CF0F946B3EC616D706E80658
:103D5000F90630F7F80184850F949A1584E0F8018C
:103D6000848760E073E38DED91E10F94380763CFB2
:103D700065EF72E38DED91E10F94380781E090E0FB
:103D80005CCF78941F920F920FB60F9211240BB64E
:103D90000F92CF92DF92EF92FF920F931F932F9388
:103DA0003F934F935F936F937F938F939F93AF93C3
:103DB000BF93CF93DF93EF93FF93809170008E7F3B
:103DC000809370000FE310E08BE1E82EF12C9BE272
:103DD000C92ED12CC091D90DD091DA0D209709F0C0
:103DE0004FC00332110560F103521109E091D70D64
:103DF000F091D80D20818091D60D982F9095922327
:103E000090839BE0D7011197F1F79150D9F79081FA
:103E1000892B8083C6010197F1F780E00F9457004A
:103E20002196D093DA0DC093D90D809129029091FB
:103E30002A028C179D0770F61092DA0D1092D90D98
:103E400080917000816080937000FF91EF91DF910D
:103E5000CF91BF91AF919F918F917F916F915F9122
:103E60004F913F912F911F910F91FF90EF90DF9015
:103E7000CF900F900BBE0F900FBE0F901F90189514
:103E80000B301105E8F20B501109E091DB0DF091B8
:103E9000DC0DEC0FFD1F31978081C0CF81E0809356
:103EA000500D80912802282F30E0F901E45CFA4C93
:103EB000E491F0E0EE0FFF1FE359FB4C4591549164
:103EC0005093D80D4093D70DF901EA50FB4CE49183
:103ED000E093D60D61E00F94263A83E08093B10021
:103EE000E0E7F0E08081816080830895CF93DF93E5
:103EF0001816190674F0809170008E7F8093700000
:103F00001092500D10922A0210922902DF91CF9147
:103F10000895EC018091DB0D9091DC0D0F94CF534F
:103F2000CE01C130D24014F080E092E090932A029A
:103F3000809329020F9433539093DC0D8093DB0D13
:103F4000892B01F38091500D8111E0CFDF91CF914A
:103F50000D944E1FFF920F931F93CF93DF93EC01AD
:103F6000F62E8091500D811102C00F944E1F8E01CC
:103F700001501109011582E01807A0F4809129026F
:103F800090912A028C179D0718F4CE010F94761F8A
:103F90008091DB0D9091DC0D009721F0800F911F37
:103FA000FC01F082DF91CF911F910F91FF90089556
:103FB000FC0181810D946E35CF93C62F0F94D81FCD
:103FC00061EE8DE290E10F94FF006C2F8DE290E1A5
:103FD0000F94FF00CF910D946E361092B80E81E0D1
:103FE0008093B70E1092920E61E084E10F94F8393D
:103FF00061E085E10F94F839E9EBF0E080818E7F94
:10400000808380818D7F808388E48093B80085E4FD
:104010008093BC000895CF93DF9391E09093920D2D
:10402000882361F0C091B800D091BA000F94DC01F0
:104030000F94ED1FD093BA00C093B800DF91CF91D9
:10404000089585ED8093BC008091BA0E9091BB0ECF
:10405000A091BC0EB091BD0E0796A11DB11D23E02D
:10406000B695A795979587952A95D1F72091BC008D
:1040700024FD03C01092B80E08954091BA0E5091DD
:10408000BB0E6091BC0E7091BD0E452B462B472B8D
:1040900069F30097A105B10541F02AE22A95F1F7ED
:1040A00000C00197A109B109E1CF8091B90E0D942B
:1040B0000B201F920F920FB60F9211240BB60F9286
:1040C0002F933F934F935F936F937F938F939F9320
:1040D000AF93BF93EF93FF938091B900887F8036B1
:1040E00009F44DC008F040C0883209F4A9C028F591
:1040F000803109F49DC0C8F4882309F4FBC08830DE
:1041000009F496C0FF91EF91BF91AF919F918F916C
:104110007F916F915F914F913F912F910F900BBEC7
:104120000F900FBE0F901F901895883109F488C02A
:10413000803241F78093B60E14C0803409F49DC0DC
:1041400040F48033B9F38833E9F68093B60E85ECFA
:10415000B0C0803509F485C0883509F496C088342C
:1041600089F60F942120CECF883909F48CC038F518
:10417000883729F050F4883611F0803719F683E03B
:104180008093B80E1092D50D57C0883809F47BC0C3
:10419000803919F0803809F0B5CF8091D50D803283
:1041A00008F071C0E091D50D81E08E0F8093D50DA0
:1041B0008091BB00F0E0EB54F24F80833DC0803B28
:1041C00039F0E0F4803A09F479C0883A09F09ACFDE
:1041D00084E08093B80E1092B40D1092B30DE0916C
:1041E0008E0EF0918F0E19958091B30D81110FC035
:1041F00081E08093B30D1092930D09C0803C09F4C7
:10420000A6CF883C09F4A3CF883B09F07BCFE0918F
:10421000B40D81E08E0F8093B40DF0E0ED56F24FB7
:1042200080818093BB009091B40D8091B30D29C023
:104230008091930E8093BB0085EC8093BC0062CF8D
:104240009091B50E8091B40E981758F5E091B50E87
:1042500081E08E0F8093B50EF0E0EC56F14F808137
:10426000E9CFE091B50E81E08E0F8093B50E80917D
:10427000BB00F0E0EC56F14F80839091B50E809139
:10428000B40E9817C8F285E8D8CFE091B50E81E05A
:104290008E0F8093B50E8091BB00F0E0EC56F14F8D
:1042A00080838091B70E81115CCF81E08093920E64
:1042B00084EA8093BC001092B80E24CF85EC8093E2
:1042C000BC001092B80E8091D50D803230F4E09190
:1042D000D50DF0E0EB54F24F10826091D50D70E0F7
:1042E000E0918C0EF0918D0E85EB9DE0199510926A
:1042F000D50D08CF1092B60E34CF81E00D947B3BE4
:10430000CF92DF92EF92FF920F931F93CF93DF93A1
:10431000D62FC42F0F94563B6B017C018091B80EB1
:10432000811165C081E08093B80E8093B70E9FEF36
:104330009093B60E1092B50E9C0F9093B40E80938E
:10434000930E8091930EDD0FD82BD093930E809116
:10435000920E813009F07FC01092920E0F94563B5E
:104360006B017C018091930E8093BB008091BA0E0B
:104370009091BB0EA091BC0EB091BD0E892B8A2BE3
:104380008B2BA1F00F94563B0091BA0E1091BB0EEF
:104390002091BC0E3091BD0E6C197D098E099F09CC
:1043A000061717072807390708F442C08091BC0098
:1043B00083FDD8CF85EC8093BC000F94563B6B01F6
:1043C0007C018091B80E813009F447C08091B50E10
:1043D0008C1710F4C091B50EA4E9BEE0E2E7FDE051
:1043E00080E08C1751F19D9191938F5FFACF80916E
:1043F000BA0E9091BB0EA091BC0EB091BD0E892B50
:104400008A2B8B2B09F48ACF0F94563B0091BA0E5E
:104410001091BB0E2091BC0E3091BD0E6C197D0920
:104420008E099F09061717072807390708F076CF66
:104430008091B90E0F940B20C0E01092910EC093A2
:10444000900E8C2FDF91CF911F910F91FF90EF90E5
:10445000DF90CF90089585EEAECF8091BA0E909107
:10446000BB0EA091BC0EB091BD0E892B8A2B8B2B5D
:1044700009F4A7CF0F94563B0091BA0E1091BB0ED2
:104480002091BC0E3091BD0E6C197D098E099F09DB
:10449000061717072807390708F093CFC9CF41E05F
:1044A000FC0161818DE290E10F9480218DE290E129
:1044B0000F94B80008958F929F92AF92BF92EF929F
:1044C000FF921F93CF93DF93EC010F946B3E4B0150
:1044D0005C0110E08BE4E82EF12C0F946B3E681920
:1044E00079098A099B09683E73408105910510F599
:1044F000ED85FE85309709F0199560EFCE010F9498
:10450000DC1FCE010F944F22182F80FD0FC08A812F
:10451000813009F41A82812FDF91CF911F91FF9092
:10452000EF90BF90AF909F908F900895C701019733
:10453000F1F7D3CF81E08A83EECF1F93CF93DF9340
:10454000EC01162F0F945B22CE010F94D81F62ED61
:104550008DE290E10F94FF00612F70E060957095FF
:1045600084E0660F771F8A95E1F7612B8DE290E179
:104570000F94FF000F946E36CE010F944F228117D7
:1045800031F084E08A83DF91CF911F9108958A8171
:104590008430C9F71A82F7CFCF93DF93EC0163EC35
:1045A0000F94DC1FCE01DF91CF910D944F220F931A
:1045B0001F93CF93DF93EC01162F042F0F945B22F0
:1045C000002341F0CE010F94CC22682F6460CE010D
:1045D0000F949D22CE010F94D81F65EA8DE290E1E1
:1045E0000F94FF00612F8DE290E10F94FF00DF91A7
:1045F000CF911F910F910D946E36EF92FF920F9312
:104600001F93CF93DF938C017B0140E065E50F940E
:10461000D722E70188E0E80EF11C699140E0C8016B
:104620000F94D722CE15DF05C1F7DF91CF911F91EF
:104630000F91FF90EF900895CF93DF93EC010F94CB
:10464000D81F40E060EFCE010F94D722DF91CF91C9
:104650000D946E360F931F93CF93DF93EC010F945D
:104660005B2280FD36C0CE010F94CC2260E0CE01EB
:104670000F949D22CE010F945B22CE010F94D81F80
:1046800064EB8DE290E10F94FF000F946E36CE0143
:104690000F945B22082F10E082FF16C082E08A830D
:1046A0008881882341F0CE010F94CC22682F61606D
:1046B000CE010F949D2215950795802F8170DF9173
:1046C000CF911F910F9108958A81823049F71A8204
:1046D000E7CF80E0F4CFCF92DF92EF92FF920F937B
:1046E0001F93CF93DF938C01EB017A01FC0185814D
:1046F00096810F942A238823C1F1BE01F801858198
:1047000096810F94FD2240E06EEBF8018581968141
:104710000F94D722E7016701F9E0CF0ED11CF80111
:10472000E580F680C7010F945B22C7010F94D81F64
:1047300066E98DE290E10F94FF000F946E36C70199
:104740000F945B2261EEC7010F94DC1FC7010F9429
:104750004F228993CC16DD0611F7F80185819681E9
:104760000F942A2391E0813009F090E0892FDF91A6
:10477000CF911F910F91FF90EF90DF90CF90089510
:10478000CF93DF93EA010F946B23882381F0DE013E
:1047900089E090E0815039F0ED91E927F0E0EB50AD
:1047A000FE4C9491F7CF81E02885291380E0DF91BA
:1047B000CF910895CF93DF9300D000D000D0CDB734
:1047C000DEB7AE014F5F5F4F0F94C023882331F0F7
:1047D0008D818F33A9F020F48F31A1F080E007C0E4
:1047E0008F3521F08F37D1F78CE001C08BE029960F
:1047F0000FB6F894DEBF0FBECDBFDF91CF91089505
:104800008AE0F5CF89E0F3CF6F927F928F929F92EB
:10481000AF92BF92CF92DF92EF92FF920F931F93CE
:10482000CF93DF93FC01248521118CC0872E762E37
:10483000EC010F942A23882309F486C0CE010F943B
:104840005B2240E060EFCE010F94D72210E000E041
:1048500066246A94AA24A394B12CE02EE694E694EC
:10486000E694F12C802F8770650101C0CC0C8A95ED
:10487000EAF78B85082E000C990B0817190734F5F9
:10488000FE01EE0DFF1D93809C20CE010F945B2254
:10489000CE010F94D81F68E78DE290E10F94FF00DE
:1048A000992011F080E8982E692D8DE290E10F9407
:1048B000FF000F946E36CE010F945B22982F9074F8
:1048C00085FF0BC0992369F08EEF2AC09924939439
:1048D00008171907D1F2912CD8CF911102C087FF88
:1048E000602EFE01EE0DFF1D938187FF28C0C92AAF
:1048F000C3820F5F1F4F0034110509F0AECF6B86E6
:10490000FFEF6F1202C081E08C872396E72DF82D10
:10491000CF01089629912193E817F907D9F781E08B
:10492000DF91CF911F910F91FF90EF90DF90CF908B
:10493000BF90AF909F908F907F906F900895C0949C
:10494000C922D6CF80E0ECCF8FEFEACF0F931F9331
:10495000CF93DF930097D1F0FC0120852F70263094
:10496000A9F48B01EC010F942F29009789F40F947F
:10497000712FAC01B801CE010F940737B801CE01F9
:10498000DF91CF911F910F910D942F2990E080E03E
:10499000DF91CF911F910F910895CF92DF92EF9207
:1049A000FF9269017A01009791F0FC0120852F7038
:1049B000263069F40F942F29FC01892B41F0908552
:1049C0009F70933059F4C184D284E384F484C70186
:1049D000B601FF90EF90DF90CF9008959230B9F735
:1049E00061857285838594850F94465C6B017C019B
:1049F000EECFCF92DF92EF92FF920F931F93680159
:104A000079010097F9F0FC0120852F70263051F4D0
:104A1000A70198011F910F91FF90EF90DF90CF9029
:104A20000D94CD24253071F4642F0F94E129FC01FD
:104A3000892B41F090859F70933069F4C184D284B2
:104A4000E384F484C701B6011F910F91FF90EF90AA
:104A5000DF90CF9008959230A9F7618572858385A4
:104A600094850F94465C6B017C01ECCFCF92DF9272
:104A7000EF92FF9269017A01009791F0FC01208585
:104A80002F70263069F40F942F29FC01892B41F0F7
:104A900090859F709230A1F4C184D284E384F48421
:104AA000C701B601FF90EF90DF90CF900895618528
:104AB0007285838594850F94115F6B017C01F0CF23
:104AC0009330A9F3913061F7C1840C2C000CDD0800
:104AD000EE08FF08E5CF009789F0FC0120852F70D4
:104AE000253061F40F94E129009741F0FC01208505
:104AF0002F70243019F481859285089590E080E02C
:104B000008950F931F93CF93DF936BEE71E38AE7C2
:104B100092E10F94380781E00F947B3B0F94DC0106
:104B200061E085E10F94263A60E084E10F94263A33
:104B3000C4E1D0E010E001E0612F85E10F94F83985
:104B400010276AE070E080E090E00F946B3C2197C2
:104B500099F764E170E080E090E00F946B3C0F9473
:104B60000236C091650DD091660D209739F1CE01C6
:104B70000F94D81F8DE290E10F947D2181111EC00A
:104B8000CE010F941C2360ED71E38AE792E10F944C
:104B90003807E091650DF091660D00838091650DF9
:104BA0009091660D0F942A236CEB71E3811102C082
:104BB00067EA71E38AE792E10F94380781E0DF91B9
:104BC000CF911F910F91089590E0FC01E45CFA4CA5
:104BD000E491F0E0EE0FFF1FE359FB4CA591B49177
:104BE0002C918A509B4CFC018491822391E009F422
:104BF00090E0892F0895CF92DF92EF92FF920F936A
:104C00001F93182F6A017B010F946B3E04C0969589
:104C10008795779567951A95D2F76C217D218E211E
:104C20009F218B019C0101501109210931090E3F7F
:104C30001F4F2F4F3F4F20F061E070E080E090E089
:104C40001F910F91FF90EF90DF90CF9008952F92DA
:104C50003F924F925F926F927F928F929F92AF920C
:104C6000BF92CF92DF92EF92FF920F931F93CF9359
:104C7000DF9300D000D01F921F92CDB7DEB78C011A
:104C80006B010F94010F019619F48FEF9FEF1DC078
:104C9000D801ED91FC910284F385E02DC8011995AE
:104CA0007C018F3F980789F3D801ED91FC91068430
:104CB000F785E02D682FC8011995B2E2EB16F104D3
:104CC000E9F4B601C8010F94850F28960FB6F89441
:104CD000DEBF0FBECDBFDF91CF911F910F91FF902F
:104CE000EF90DF90CF90BF90AF909F908F907F908C
:104CF0006F905F904F903F902F900895EDE2EE16E9
:104D0000F10429F0C701C0970A9708F03DC1D80106
:104D1000ED91FC910284F385E02DC80119957C0189
:104D20008F3F980709F4B1CF8D9799F5D801ED9190
:104D3000FC910284F385E02DC80119957C01019650
:104D400009F4A3CFEFEFFFEFF887EF83C701C09718
:104D5000812C912C54010A9708F5AAE0B0E0A50136
:104D600094010F94CA5D30E3E31AF1084701FF0C88
:104D7000AA08BB08860E971EA81EB91ED801ED9181
:104D8000FC910284F385E02DC80119957C01C09740
:104D9000E2CF21E030E038872F83D8CFBEE2EB1698
:104DA000F104F1F0C7018F7D85349105C9F0AF8121
:104DB000B885A50194010F94D55DF60161877287CE
:104DC0008387948782E08087D801ED91FC910684E7
:104DD000F785E02D6E2DC801199590E080E075CF24
:104DE000C501B4010F94465C2B013C01312C212CF0
:104DF000FEE2EF16F10499F5D801ED91FC910284E1
:104E0000F385E02DC80119957C01312C212C20E07F
:104E100030E040E251E4C301B2010F94A55C4B01C4
:104E20005C01B70160537109072E000C880B990BC8
:104E30000F94465CA50194010F94335E2B013C0155
:104E4000B1E02B1A3108D801ED91FC910284F38571
:104E5000E02DC80119957C01C0970A97C0F2C701DF
:104E60008F7D8534910509F040C0D801ED91FC910A
:104E70000284F385E02DC80119957C01D801ED91DC
:104E8000FC918B32910519F50284F385E02DC80160
:104E900019957C01E1E0EE83B12CA12C8AE0982EDB
:104EA000D801ED91FC91C701C0978A30910508F5B2
:104EB0009A9C90019B9C300D11245C01A20EB31EA4
:104EC0000284F385E02DC80119957C01E9CF8D9707
:104ED00049F40284F385E02DC80119957C013FEF68
:104EE0003E83DACF81E08E83D7CFB1E0BE83B12C91
:104EF000A12CEF81F885BF01FF0F880B990B0F9450
:104F0000465CA30192010F94A55C2B013C01B50105
:104F1000BB0C880B990B0F94465C4B015C01FE8126
:104F20006F2FFF0F770B880B990B0F94465C9B013B
:104F3000AC01C501B4010F94A55C4B015C01B1014A
:104F4000330C880B990B0F94465C9B01AC01C50197
:104F5000B4010F94335E9B01AC0160E070E080E22D
:104F600091E40F944C5F9B01AC01C301B2010F941B
:104F7000A55CD60119966D937D938D939C931C9798
:104F800083E018968C9320CFBBE5EB16F10409F073
:104F900060C0D801ED91FC910284F385E02DC80139
:104FA00019958B35910509F070CE85E0F601808763
:104FB000C8010F94010FD801ED91FC910284F38593
:104FC000E02DC80119958D35910509F406CFD8015A
:104FD000ED91FC910684F785E02D682FC8011995A5
:104FE000BB24BA940F943F107C01009709F44DCE76
:104FF000BB2031F1F60197838683C8010F94010F1E
:10500000B701C8010F942726892B09F03ECEC801AD
:105010000F94010FD801ED91FC910284F385E02DEE
:10502000C8011995B12C47018C329105D9F221E0C4
:1050300030E08D35910509F08BC030E020E088C06C
:10504000D40113969C938E931297FC0195828482CF
:10505000D4CFBBE7EB16F10409F088C0D801ED917D
:10506000FC910284F385E02DC80119958B379105D9
:1050700009F00BCE86E0F6018087C8010F94010F7E
:10508000D801ED91FC910284F385E02DC8011995BA
:105090008D37910509F4A1CED801ED91FC910684DC
:1050A000F785E02D682FC801199599249A940F94DB
:1050B0003F107C01009709F4E8CD992009F44DC018
:1050C000F60197838683C8010F94010FB701C801C9
:1050D0000F94850F019609F4D8CDC8010F94010FE4
:1050E000D70119968D919C911A9711969C938E9346
:1050F0001A961C921E921997D801ED91FC91028488
:10510000F385E02DC8011995CA9709F0BECDC801F5
:105110000F94010FB701C8010F942726019609F4D7
:10512000B4CDC8010F94010FD801ED91FC91028418
:10513000F385E02DC8011995912C57018C3291050A
:1051400009F4B5CF21E030E08D37910509F475CF32
:1051500088279927821B930BB8CDD50113969C9372
:105160008E931297FC01B582A482ADCFBEE6EB16FA
:10517000F10411F519821A821B821C82D801ED916B
:10518000FC910484F585E02D44E050E0BE016F5FA2
:105190007F4FC8011995049709F077CD44E050E09E
:1051A0006AE47CE0CE0101960F948D62009709F0CD
:1051B0006CCDF601108689CDF6E6EF16F10431F5D7
:1051C0009E012F5F3F4F790185E0D9011D928A959D
:1051D000E9F7D801ED91FC910484F585E02D45E0D7
:1051E00050E0B901C8011995059709F04ECD45E089
:1051F00050E06FE47CE0C7010F948D62009709F0E6
:1052000044CD21E0F601208711865FCDF4E7EF164B
:10521000F10409F03ACD19821A821B821C82D8014E
:10522000ED91FC910484F585E02D44E050E0BE0151
:105230006F5F7F4FC8011995049709F026CD44E0B0
:1052400050E065E57CE0CE0101960F948D620097F9
:1052500009F01BCD21E0F6012087218736CD0F9381
:105260001F93CF93DF93EC018B01892B81F00E808C
:10527000DF81C02D209759F0B801888199810F9462
:105280004462892B21F00A80DB81C02DF3CFCE014F
:10529000DF91CF911F910F910895809155109091BA
:1052A0005610009711F480E02FC0DC01ED91FC91C5
:1052B0000688F789E02D19952091781030917910A2
:1052C00081111FC0232B79F78DEF9FEF90937910F9
:1052D000809378108091551090915610DC01ED91DB
:1052E000FC910680F781E02D1995809155109091E1
:1052F0005610DC01ED91FC910488F589E02D19959B
:10530000D2CF81E0232B79F60895CF93DF93EC0180
:10531000FA013296E60FF71FDC019D012C1B3D0BB5
:10532000CF01861B970B4D91442311F04193F5CF8C
:10533000AC01421B530B640F751FFB013297308386
:1053400061507109FB012083DF91CF9108950F9384
:105350001F93CF93DF9300D01F92CDB7DEB720E02D
:105360008E010F5F1F4F942F9F77440F452F441FCF
:10537000550B51954115510509F09068F801E20F60
:10538000F11D90832F5F4115510569F730E0FB0156
:10539000E21BF30B84833596D801CD01801B910B62
:1053A000821793071CF48D918193F7CFC901019661
:1053B0000F900F900F900F90DF91CF911F910F9151
:1053C0000895009761F0FC0186819781009739F07C
:1053D000662329F06150FC0182819381F7CF089503
:1053E000FC0191819F70963009F128F49150923020
:1053F00088F080E00895973081F09A509230C8F795
:105400008CE490E0A0E0B0E084839583A683B7832A
:1054100081E008958CE48483FBCF80E090E0A8E9EC
:10542000B2E484839583A683B783F2CF82EE9DE1B5
:10543000A0E0B0E084839583A683B783DACFCF92D0
:10544000DF92EF92FF92DC011196EC911197EF70D1
:10545000EC3098F4F0E08827EF5CF54D8E4F0D941A
:10546000005E7B02350335038B038B038B038B01BB
:1054700055038B038B032D042D048FEF9FEFFF90BB
:10548000EF90DF90CF90089514968D919D910D909F
:10549000BC91A02DB7FD4FC085369105A105B10582
:1054A00074F384E690E0A0E0B0E0E9CF14962C918C
:1054B00030E0A4E6B0E00F94DD5D2FEF30E040E097
:1054C00050E00F94AB5DC901DACF1496CD90DD901A
:1054D000ED90FC90179720E030E0A901C701B601DC
:1054E0000F943F5C87FD27C020E030E048EC52E499
:1054F000C701B6010F94475F181604F1C701B60142
:105500000F94115FCB01BBCF14966D917D918D915E
:105510009C9117976D392FEF7207820792075CF005
:10552000643727E272078105910544F424E630E0F0
:1055300040E050E0C6CF90E080E0A1CF84E690E06C
:105540009ECF009761F0DC011696ED91FC9180E012
:10555000309731F08F5F0280F381E02DF9CF80E04A
:105560000895CF93DF93A091A911B091AA1110973C
:1055700009F442C052961C921E92519754961C9266
:105580001E92539784E890E01D969C938E931C97EF
:105590001E961C921E9782E755968C935597ED9117
:1055A000FC9111970088F189E02D70E060E0CD0159
:1055B0001995C0E9D4E08091A9119091AA11DC015C
:1055C000ED91FC91B4E0C439DB07C1F00284F385AE
:1055D000E02D19952991022E000C330B82179307A9
:1055E00051F38091A9119091AA11DC01ED91FC91E8
:1055F0000488F589E02D199580E005C00488F589B7
:10560000E02D199581E0DF91CF910895AF92BF927F
:10561000CF92DF92EF92FF920F931F93CF93DF937E
:105620005C017B018B01040F151FEB016E01CE188D
:10563000DF08C017D10741F0C5010F94FC0418160C
:10564000190614F48993F2CFC601DF91CF911F910F
:105650000F91FF90EF90DF90CF90BF90AF900895A3
:10566000CF93DF932091A9113091AA11232B11F42C
:1056700080E054C0EC010F94B12A8823C9F3FE01E5
:1056800001900020E9F73197EC1BFD0B709780F734
:10569000A091A911B091AA1152961C921E925197F5
:1056A00054961C921E92539784E890E01D969C930A
:1056B0008E931C971E961C921E9782E755968C938C
:1056C0005597ED91FC9111970088F189E02D60E4E8
:1056D00070E0CD011995BE018091A9119091AA1198
:1056E0000F94FE068091A9119091AA11DC01ED9111
:1056F000FC910190F081E02D60E01995EC01809122
:10570000A9119091AA11DC01ED91FC910488F58911
:10571000E02D199581E0CD2B09F4AACFDF91CF912F
:105720000895CF93DF932091A9113091AA11232BD3
:1057300011F480E054C0EC010F94B12A8823C9F31E
:10574000FE0101900020E9F73197EC1BFD0B7097EB
:1057500080F7A091A911B091AA1152961C921E92A5
:10576000519754961C921E92539784E890E01D9690
:105770009C938E931C971E961C921E9782E75596BB
:105780008C935597ED91FC9111970088F189E02D4C
:1057900060E570E0CD011995BE018091A91190914D
:1057A000AA110F94FE068091A9119091AA11DC0113
:1057B000ED91FC910190F081E02D60E01995EC01F4
:1057C0008091A9119091AA11DC01ED91FC910488BE
:1057D000F589E02D199581E0CD2B09F4AACFDF9151
:1057E000CF9108950F931F93CF93DF9300D01F9213
:1057F000CDB7DEB7FC0182819381A481B581898315
:105800009A83AB83BC838091A9119091AA11892BB3
:1058100011F480E047C00F94B12A8823D1F3A091FE
:10582000A911B091AA1152961C921E9251975496AA
:105830001C921E92539784E890E01D969C938E9341
:105840001C971E961C921E9782E755968C9355972F
:10585000ED91FC9111970088F189E02D60E170E0F5
:10586000CD0119958091A9119091AA11DC01ED91BA
:10587000FC910280F381E02D44E050E0BE016F5FB7
:105880007F4F19958C018091A9119091AA11DC018B
:10589000ED91FC910488F589E02D199581E0012BAB
:1058A00009F4B7CF0F900F900F900F90DF91CF9129
:1058B0001F910F9108950F931F93CF93DF9300D003
:1058C0001F92CDB7DEB7FC0182819381A481B5819F
:1058D00089839A83AB83BC838091A9119091AA118B
:1058E000892B11F480E047C00F94B12A8823D1F3AB
:1058F000A091A911B091AA1152961C921E92519793
:1059000054961C921E92539784E890E01D969C93A7
:105910008E931C971E961C921E9782E755968C9329
:105920005597ED91FC9111970088F189E02D6CE17C
:1059300070E0CD0119958091A9119091AA11DC0117
:10594000ED91FC910280F381E02D44E050E0BE0136
:105950006F5F7F4F19958C018091A9119091AA11C9
:10596000DC01ED91FC910488F589E02D199581E029
:10597000012B09F4B7CF0F900F900F900F90DF918C
:10598000CF911F910F9108950F931F93CF93DF93A2
:1059900000D01F92CDB7DEB7FC0182819381A48134
:1059A000B58189839A83AB83BC838091A91190913F
:1059B000AA11892B11F480E047C00F94B12A8823E3
:1059C000D1F3A091A911B091AA1152961C921E92E6
:1059D000519754961C921E92539784E890E01D961E
:1059E0009C938E931C971E961C921E9782E7559649
:1059F0008C935597ED91FC9111970088F189E02DDA
:105A000064E170E0CD0119958091A9119091AA11DE
:105A1000DC01ED91FC910280F381E02D44E050E047
:105A2000BE016F5F7F4F19958C018091A9119091F4
:105A3000AA11DC01ED91FC910488F589E02D1995FE
:105A400081E0012B09F4B7CF0F900F900F900F90CA
:105A5000DF91CF911F910F9108950F931F93CF93D3
:105A6000DF9300D01F92CDB7DEB7FC018281938116
:105A7000A481B58189839A83AB83BC838091A9116A
:105A80009091AA11892B11F480E047C00F94B12A9C
:105A90008823D1F3A091A911B091AA1152961C921A
:105AA0001E92519754961C921E92539784E890E050
:105AB0001D969C938E931C971E961C921E9782E7B0
:105AC00055968C935597ED91FC9111970088F1892B
:105AD000E02D68E170E0CD0119958091A9119091B8
:105AE000AA11DC01ED91FC910280F381E02D44E0EC
:105AF00050E0BE016F5F7F4F19958C018091A91115
:105B00009091AA11DC01ED91FC910488F589E02DBA
:105B1000199581E0012B09F4B7CF0F900F900F90EA
:105B20000F90DF91CF911F910F910895CF93DF9345
:105B300000D01F92CDB7DEB719821A821B821C8259
:105B400087E789838091A9119091AA11892BE9F1A6
:105B50000F94B12A8823C9F1A091A911B091AA117B
:105B600052961C921E92519754961C921E925397D5
:105B700084E890E01D969C938E931C971E961C9231
:105B80001E9782E755968C935597ED91FC9111974E
:105B90000088F189E02D6CE070E0CD01199544E0BA
:105BA00050E0BE016F5F7F4F8091A9119091AA11C3
:105BB0000F942A058091A9119091AA11DC01ED9111
:105BC000FC910488F589E02D199569817A818B8192
:105BD0009C810F900F900F900F90DF91CF910895BF
:105BE0000F931F93CF93DF9300D01F92CDB7DEB7F3
:105BF00069837A838B839C838091A9119091AA11E8
:105C0000892B11F480E047C00F94B12A8823D1F387
:105C1000A091A911B091AA1152961C921E9251976F
:105C200054961C921E92539784E890E01D969C9384
:105C30008E931C971E961C921E9782E755968C9306
:105C40005597ED91FC9111970088F189E02D6CE05A
:105C500070E0CD0119958091A9119091AA11DC01F4
:105C6000ED91FC910280F381E02D44E050E0BE0113
:105C70006F5F7F4F19958C018091A9119091AA11A6
:105C8000DC01ED91FC910488F589E02D199581E006
:105C9000012B09F4B7CF0F900F900F900F90DF9169
:105CA000CF911F910F910895CF93C82F0F94962DE8
:105CB000C0FB72F9CF910D94F02DCF93C82F0F94A4
:105CC000962DCF70607F6C2BCF910D94F02DCF93DC
:105CD000C82F0F94962DC295C07F6F706C2BCF91FB
:105CE0000D94F02D0F931F93CF93DF93EC014AE0B7
:105CF00050E00F94B5068C01CE010F94A805800FDB
:105D0000911FDF91CF911F910F910895CF93DF9352
:105D1000EC010E9493268823A1F0EA85E83188F4FB
:105D2000E13028F0E33010F0E13109F4E0E0F0E098
:105D3000EE0FFF1FE857FD4E80819181DF91CF91DB
:105D4000089590E080E0FACF8F929F92AF92BF9239
:105D5000CF92DF92EF92FF920F931F93CF93DF9337
:105D6000EC016A017B01AB019601CB01B6010F94F6
:105D7000A75F6AE57CE0811126C046015701E894DF
:105D8000B7F82FEF3FEF4FE75FE7C501B4010F947E
:105D9000A75F81110CC02FEF3FEF4FE75FE7C50111
:105DA000B4010F943F5C6EE57CE0181664F02FEFB1
:105DB0003FEF4FE75FE4C701B6010F94475F181646
:105DC0008CF462E67CE0CE01DF91CF911F910F91C0
:105DD000FF90EF90DF90CF90BF90AF909F908F900B
:105DE0000D944D052FEF3FEF4FE75FECC701B60174
:105DF0000F943F5C87FDE5CF20E030E0A901C701AB
:105E0000B6010F943F5C10E000E087FF09C06DE22F
:105E1000CE010F9466068C01F7FAF094F7F8F0942F
:105E20002AE037ED43EA5BE3C701B6010F94335E26
:105E30006B017C010F94185F4B015C010F94445C73
:105E40009B01AC01C701B6010F94325E6B017C016E
:105E50002AE0B501A401CE010F945C05080F191FBB
:105E60006EE2CE010F946606080F191F20E030E0A5
:105E700040E251E4C701B6010F94A55C4B015C01FF
:105E80000F94185F6B014AE050E0CE010F94C505F6
:105E9000080F191FB60190E080E00F94445C9B014D
:105EA000AC01C501B4010F94325E20E030E040E265
:105EB00051E40F94A55C0F94185F4AE050E0CE01C6
:105EC0000F94C505800F911FDF91CF911F910F9106
:105ED000FF90EF90DF90CF90BF90AF909F908F900A
:105EE00008950F943F10009721F0FC012085207F3A
:105EF0002087FC0120852F70208708950097D9F016
:105F000061157105C1F0DC011696ED91FC911797B2
:105F1000309731F417967C936E9316970895FC0191
:105F2000828193810097D9F773836283DB01159691
:105F3000FC93EE9314970895853108F09BC0E82FE9
:105F4000F0E08827E955F04D8E4F0D94005E650115
:105F50002B042B046F022B042B042B042B042B0487
:105F60002B04D3023704A302850297022B045301AA
:105F70002B04B5022B04730288E090E00F94335396
:105F8000FC0113821282158214821782168284E722
:105F900094E0918380832CC088E090E00F94335389
:105FA000FC0113821282158214821782168284E504
:105FB00094E0EFCF8DE090E00F943353FC01138217
:105FC0001282158214821782168284E394E0E1CF54
:105FD00089E090E00F943353FC011382128282E631
:105FE00093E0918380831582148216821086178233
:105FF000CF0108958EE090E00F943353FC0113829B
:10600000128286E194E0C5CF86E090E00F9433538E
:10601000FC011382128288EF93E0918380831582C2
:106020001482E6CF86E090E00F943353FC01138294
:1060300012828AED93E0F1CF8BE090E00F9433531E
:10604000FC01138212828CEB93E0A3CF88E090E0F6
:106050000F943353FC01138212828EE993E099CF9F
:1060600084E090E00F943353FC011382128280E8A5
:1060700093E08FCFF0E0E0E0BBCFDF92EF92FF92B2
:106080000F931F93CF93DF93EC017B0140E050E22D
:106090000E942A2FD82E811175C064E176E38AE729
:1060A00092E10F941407D7011B968D919C91009754
:1060B00009F441C0DC01ED91FC91008CF18DE02DE3
:1060C00019958C0190E00231110520F4F801E45B90
:1060D000FC4F90819F708981807F892B898369E043
:1060E00076E38AE792E10F9414074AE050E0B801A2
:1060F0008AE792E10F94B50661E076E38AE792E1E0
:106100000F94140769816F704AE050E08AE792E1CA
:106110000F94CB058AE792E10F94A80589818F70CF
:10612000843068F48230B8F58130D9F11C821D8248
:106130001E821F8215C0F701028510E0C3CF883090
:1061400039F0893099F780E090E0A6E9B2E404C024
:1061500080E090E0A0EAB1E48C839D83AE83BF83AE
:1061600040E050E2B701CE010E94752ECE010E94A0
:106170003FD630E020E040E058E260E070E0C70148
:106180000E94B92F8D2DDF91CF911F910F91FF901C
:10619000EF90DF90089584E68E838F818E7F8F83CA
:1061A0001D828FEF8C83DCCF8F929F92AF92BF9234
:1061B000CF92DF92EF92FF920F931F93CF93DF93D3
:1061C0006115710519F490E080E0D4C0DB011896E8
:1061D000EC911897EF70E830B0F7EC01F0E0882709
:1061E000EB50FF4C8E4F0D94005EB5002B01110457
:1061F0004F023102E103790211046AE47CE0CE012E
:10620000DF91CF911F910F91FF90EF90DF90CF9092
:10621000BF90AF909F908F900D944D0519968C91E3
:106220006FE47CE0882359F365E57CE0E8CF1996BC
:106230004D915D916D917C911C972AE030E0CE01EB
:10624000DF91CF911F910F91FF90EF90DF90CF9052
:10625000BF90AF909F908F900D946D061996CD9042
:10626000DD90ED90FC901C9720E030E0A901C70183
:10627000B6010F943F5C87FF09C066E67CE0CE0163
:106280000F94FE06F7FAF094F7F8F094C701B60100
:106290000F94185F4B015C012AE030E0BC01A401BF
:1062A000CE010F94C30568E67CE0CE010F94FE0694
:1062B000C501B4010F94445C9B01AC01C701B60158
:1062C0000F94325E2AE037ED43EA5BE30F94335ECE
:1062D00020E030E040E251E40F94A55C4B015C010A
:1062E0000F94185F6B014AE050E0CE010F94C50592
:1062F000B60190E080E00F94445C9B01AC01C501C5
:10630000B4010F94325E6B017C0120E030E0A90102
:106310000F943F5C882309F456CF20E030E040E240
:1063200051E4C701B6010F94A55C0F94185F4AE0D1
:1063300050E0CE010F94C50546CF19966D917C9122
:10634000CE01DF91CF911F910F91FF90EF90DF90E1
:10635000CF90BF90AF909F908F900D94350F169671
:106360000D911C916BE5CE010F946606019679F4B0
:106370008FEF9FEFDF91CF911F910F91FF90EF90E3
:10638000DF90CF90BF90AF909F908F9008950115B0
:10639000110579F0B801CE010F94D430019641F384
:1063A000D80112960D911C910115110511F06CE2A6
:1063B000DACF6DE5CE010F94660621E030E001965C
:1063C00011F030E020E088279927821B930BD2CF71
:1063D00016960D911C916BE7CE010F9466060196FF
:1063E00039F20115110529F1D8016D917C91CE0189
:1063F0000F94350F019609F4BBCF6AE3CE010F94D9
:106400006606019609F4B4CFB801CE010F94D430DA
:10641000019609F4ADCFD80112960D911C9101158A
:10642000110539F06CE2CE010F9466060196C9F6AB
:106430009FCF6DE7BFCFEF92FF920F931F93CF9344
:10644000DF93CDB7DEB760970FB6F894DEBF0FBE0F
:10645000CDBF7C0180E091E00F9433538C01892BF8
:10646000D9F01C821B821E821D828FEF9FEF9887BE
:106470008F838AE393E09A8389831A8619861C871F
:106480000B8780E091E0988B8F871E861D86B70171
:10649000CE0101960F94D430C80160960FB6F894DF
:1064A000DEBF0FBECDBFDF91CF911F910F91FF9047
:1064B000EF9008956F927F928F929F92AF92CF92BA
:1064C000DF92EF92FF920F931F93CF93DF93CDB79D
:1064D000DEB7CC54D1090FB6F894DEBF0FBECDBFE6
:1064E0002D967FAF6EAF2D972B961FAE1EAE2B97BE
:1064F000672B09F4C7C24C010E94AD7C6B01683C5C
:10650000710544F563EE75E385ED91E10F94140791
:106510004AE050E0B60185ED91E10F94B50685EDB6
:1065200091E10F94A8058FEF9FEFC45BDF4F0FB68B
:10653000F894DEBF0FBECDBFDF91CF911F910F91B9
:10654000FF90EF90DF90CF90AF909F908F907F90D3
:106550006F900895F4018585882331F0C4010D966C
:106560002B969FAF8EAF2B972B96EEADFFAD2B9753
:10657000309791F5F401058D168D01151105B9F5CA
:1065800060E470E02D968EAD9FAD2D970F94626202
:10659000A12C009741F0FC0111922D96FFAFEEAFB8
:1065A0002D97AA24A394F12CE12C2D968EAD9FADAE
:1065B0002D973C016E0C7F1CF3012081222309F4EE
:1065C0004AC0822F220F990B0F94FA61F301808346
:1065D000FFEFEF1AFF0AE9CF8081882359F2CE013D
:1065E000875B9F4F0E9470268C01892B19F20D301A
:1065F000110531F62D962EAD3FAD2D9719861A86D1
:106600001B861C861D861E861F86188A8A85807FAB
:106610008C608A873E872D876DE0CE0109960E94A7
:10662000A41F29833A834B835C836D837E838F838E
:1066300098872B96EEACFFAC2B97A12CC12C09852B
:106640001A852B853C854D855E856F857889C401CB
:106650000E946B3D6ACF0E944F237C0125961CAEA1
:106660001DAE1EAE1FAE259729961CAE1DAE1EAEEA
:106670001FAE299723968FAD2397807F23968FAFE8
:1066800023972296EFAE22970530110509F440C0FA
:106690000630110519F497E1E92EF12CD02E602F68
:1066A000CE018F5B9F4F0E94A41F29873A874B879B
:1066B0005C876D877E878F87988B2AE0E216F104CE
:1066C0005CF588E0E816F1040CF0B7C19EEFE9161E
:1066D0009FEFF90644F0EFEFEE16FE0609F00CF41A
:1066E000D1C1EF2881F1CE01855B9F4F0E94017ED1
:1066F000AB01BC01411551056105710529F0CE01C1
:106700008F5B9F4F0E94E81FC12CF12CE12C6EC0C3
:1067100088E1E82EF12CC2CFF7E1EF16F10409F47D
:106720002AC128E1E216F104F1F660E0CE018F5BA8
:106730009F4F0E94C61F298B3A8B4B8B5C8B6D8BB6
:106740007E8B8F8B988FCE01855B9F4F0E94C97C7B
:1067500029833A834B835C836D837E838F83988701
:106760006D2DCE0101960E94A41F298F3A8F4B8F69
:106770005C8F6D8F7E8F8F8F98A38A818F70D82EBC
:106780003E0181E2680E711CF12CE12C2D968EAD3C
:106790009FAD2D97892B89F093E0E916F10469F0FC
:1067A000CE01855B9F4F0E94017EEFEFEE1AFE0A3D
:1067B000F301619371933F01E9CF0B30110579F13A
:1067C0000C30110509F444C00A30110509F04AC023
:1067D000CE0101960E947B21CE018F5B9F4F0E94CC
:1067E00031232B96EEACFFAC2B97C12C22960FAD2C
:1067F000229723961FAD239724962FAD2497259695
:106800003FAD259726964FAD269727965FAD2797E4
:1068100028966FAD289729967FAD299718CFCE017E
:1068200001960E947B2123968FAD2397982F9F700E
:1068300049F09230B1F6653608F064E627966FAFFE
:106840002797CFCF807F826023968FAF2397F3CF98
:10685000CE0101960E947B21CE018F5B9F4F0E944B
:10686000F722BFCF81E090E0D11002C090E080E03D
:106870008E0D9F1D8230910509F441C06CF4019783
:1068800099F166ED75E385ED91E10F94140785EDBF
:1068900091E10F94A805A5CF8330910509F44BC071
:1068A000049779F71BA109A1CE0101960E947B21D3
:1068B00023968FAD2397807F826023968FAF239797
:1068C00028966FAF289729968FAD299770FB80F98E
:1068D00029968FAF299727960FAF279726961FAF38
:1068E00026976DA17EA1B8CF88E0FE013196DE012A
:1068F000AF5BBF4F01900D928A95E1F772CF19A15E
:10690000CE0101960E947B2123968FAD2397807F35
:10691000836023968FAF239728966FAF2897299689
:106920008FAD299770FB80F929968FAF299727960D
:106930001FAF279756CF1BA109A1CE0101960E9438
:106940007B2123968FAD2397807F826023968FAF24
:10695000239728966FAF289729968FAD299770FBBC
:1069600080F929968FAF299727960FAF27972696FC
:106970001FAF269736CF60E0CE018F5B9F4F0E94FE
:10698000C61F29A33AA34BA35CA36DA37EA38FA329
:1069900098A7CE0101967C0110E000E02D968EAD07
:1069A0009FAD2D97892B79F00430110591F0CE0120
:1069B000855B9F4F0E94017E0F5F1F4FF701619320
:1069C00071937F01EBCF03301105E1F00430110525
:1069D00069F59F812D813B81498123968FAD239756
:1069E000807F856023968FAF239728964FAF289797
:1069F00027963FAF279726962FAF269729969FAFCA
:106A0000299714C09D812B81398123968FAD2397BF
:106A1000807F846023968FAF239728963FAF289777
:106A200027962FAF279726969FAF26972B96EEACEB
:106A3000FFAC2B97CC24C394D9CECE01855B9F4F5E
:106A40000E94C97C29833A834B835C836D837E8358
:106A50008F8398876E2DCE0101960E94C61F602FEE
:106A6000CE0101960E94A41F2B96EEACFFAC2B9793
:106A7000C12C09811A812B813C814D815E816F81FE
:106A80007885E5CD90E080E050CDCF93DF93EC01A9
:106A90006DEC75E38AE792E10F94140762EB75E3FE
:106AA000C230D105A9F058F465EC75E3209781F068
:106AB0006CEB75E3219761F062E875E309C063EA66
:106AC00075E3C330D10521F065E975E32497A1F79B
:106AD0008AE792E1DF91CF910D94140791E09093B2
:106AE000E00E8093C6121092DF0E1092DE0E089513
:106AF000EF92FF921F93CF93DF93C82F7B0180917A
:106B00003B100F946E358091391090913A10DC0152
:106B1000ED91FC910190F081E02D6C2F1995809101
:106B2000391090913A100F947D21C2E0D0E081118C
:106B300002C0D0E0C0E041E060913B10809139108C
:106B400090913A100F94802111E08091391090912A
:106B50003A10DC01ED91FC910084F185E02D19954E
:106B6000892B69F08091391090913A10DC01ED91F8
:106B7000FC910284F385E02D1995182FE6CFF701DB
:106B80001083CE01DF91CF911F91FF90EF90089578
:106B90000F931F93CF93DF93182FEB0180913B103E
:106BA0000F946E358091391090913A10DC01ED917F
:106BB000FC910190F081E02D612F19958E010C5F01
:106BC0001F4F8091391090913A10DC01ED91FC91AA
:106BD0000190F081E02D699119950C171D0789F737
:106BE0008091391090913A100F947D21882339F0CB
:106BF00082E090E0DF91CF911F910F91089590E096
:106C000080E0F8CF1092910E1092900E1092DF0E4D
:106C10001092DE0E0F94ED1F85E893E090938F0E97
:106C200080938E0E8DE091E090938D0E80938C0E6C
:106C30000895883008F051C0E82FF0E0EE0FFF1FF4
:106C4000EE5CFD4F718360838150873058F5E82FEB
:106C5000F0E08827E15DF94C8E4F0D94005E9903BA
:106C60009B03310491031903890335028091690064
:106C7000836080936900E89A0895809169008C6030
:106C800080936900E99A08958091690080638093F8
:106C90006900EA9A089580916900806C8093690088
:106CA000EB9A089580916A00836080936A00EC9A61
:106CB000089580916A008C6080936A00ED9A08952F
:106CC00080916A00806380936A00EE9A08958091B3
:106CD0006A00806C80936A00EF9A08958DE290E1DB
:106CE0000D947D21FF920F931F93CF93DF93C82FB5
:106CF000062FF72E142F80913B100F946E35809144
:106D0000391090913A10DC01ED91FC910190F081E5
:106D1000E02D6C2F19958091391090913A100F94B5
:106D20007D21811129C0412F60913B108091391044
:106D300090913A100F948021C02FDF2D809139104F
:106D400090913A10DC01ED91FC910084F185E02DE9
:106D50001995892BC9F08C2F801B8117A8F480917D
:106D6000391090913A10DC01ED91FC910284F38589
:106D7000E02D19958993E2CF82E090E0DF91CF91E9
:106D80001F910F91FF90089590E080E0F7CF9091D0
:106D90007D10891768F490E0880F991F20910211E7
:106DA00030910311820F931FFC018081918108951E
:106DB0008FEF9FEF08950F931F93CF93DF93EC0115
:106DC000209701F10A811B81888583FD06C08E8191
:106DD0009F81009711F00F94DB3688858F70843087
:106DE00031F489859A85009711F00F948F0E888170
:106DF0009981009711F00F948F0ECE010F94CF530D
:106E0000E801DECFDF91CF911F910F910895EF92AE
:106E1000FF920F931F93CF93DF9341155105C1F05C
:106E2000EA017B018C0188819981009711F00F9410
:106E30008F0EC7010F94BE0E99838883BE01C801CF
:106E4000DF91CF911F910F91FF90EF900D947E2FC6
:106E5000DF91CF911F910F91FF90EF900895CF9206
:106E6000DF92EF92FF920F931F93CF93DF93EC018A
:106E70008B0169017A010F943F10009739F022E0ED
:106E8000FC012087C186D286E386F486AC01B80176
:106E9000CE01DF91CF911F910F91FF90EF90DF9086
:106EA000CF900D940737CF92DF92EF92FF920F931E
:106EB0001F93CF93DF93EC018B0169017A010F944B
:106EC0003F10009739F023E0FC012087C186D2866D
:106ED000E386F486AC01B801CE01DF91CF911F911A
:106EE0000F91FF90EF90DF90CF900D9407378CBDFE
:106EF0009DBD0895CF93C82F462F61E070E00F9499
:106F0000AB1161E070E08C2F0F94C6118111F9CFA5
:106F1000CF9108950F931F93CF93DF938C010F941C
:106F20003F10EC01892B71F0C8010F94010FBE01D5
:106F3000C8010F942726019629F4CE010F94DB3661
:106F4000D0E0C0E0CE01DF91CF911F910F91089565
:106F5000CF93DF93EC0189E195E0998388831A82CE
:106F60001B821C821D8280E590E00F947737BE0162
:106F70006E5F7F4F44E050E08FE090E00F94281167
:106F80000F941F12CE01DF91CF910895AF92BF925F
:106F9000CF92DF92EF92FF920F931F93CF93DF93E5
:106FA0001F921F92CDB7DEB77A836983BA01A90118
:106FB000E981FA81F770082F10E0000F111F0D57BB
:106FC000114FD8018D919C918E0F9F1F9F01240F0F
:106FD000351F21303840A0F05A016B0160E078E0A5
:106FE0007B01EE1AFF0AA701B6010F942811A50133
:106FF0004E195F09B6016E0D7F1DF80180819181E8
:107000000F900F90DF91CF911F910F91FF90EF9014
:10701000DF90CF90BF90AF900D9428118F929F92E8
:10702000AF92BF92CF92DF92EF92FF921F93CF93D6
:10703000DF93182F7B014A01590164E270E00F943D
:10704000C611C82E65E270E0812F0F94C6119C2DE9
:10705000E80EF91E97013770C12ED12CCC0CDD1C27
:10706000C6018558914F6C01FC0180819181820F8E
:10707000931FA9014A0D5B1D4130584060F1C0E0EB
:10708000D8E0C21BD30BAE01B4010F945811A50177
:107090004C1B5D0BB4016C0F7D1FF601808191814B
:1070A0000F945811EA0CFB1C4F2D64E270E0812F05
:1070B0000F94AB114E2D65E270E0812FDF91CF91DF
:1070C0001F91FF90EF90DF90CF90BF90AF909F9077
:1070D0008F900D94AB11A501B401E2CFFF920F93F5
:1070E0001F93CF93DF93F82E10E000E08F2D0F94C5
:1070F000F711EC01892B21F08F2D0F94F7118C01E2
:10710000C017D10799F7CE01DF91CF911F910F9151
:10711000FF90089520E3FC0120833296862F82950C
:107120008F706F706A3030F4605D6293682F8111E8
:10713000F5CF0895695CF9CFFB01DC018D919C913D
:10714000009761F0608171816115710539F04481AA
:1071500055810F948D6221E0892B09F020E0822F68
:107160000895EF92FF920F931F93CF93DF93CDB7C4
:10717000DEB7C054D1090FB6F894DEBF0FBECDBF45
:107180007C010F944D29282F882329F1F7010190C4
:107190000020E9F731978F010E191F0981E38983D8
:1071A00082E0800F8A831B820C834BE350E0B7019F
:1071B000CE0105960F949B62A80155274C5F5F4F47
:1071C000BE016F5F7F4F81E590E10F942E0121E0BA
:1071D000892B09F420E0822FC05CDF4F0FB6F894B2
:1071E000DEBF0FBECDBFDF91CF911F910F91FF90FA
:1071F000EF9008950F931F93CF93DF93EC010097C7
:1072000039F490E080E0DF91CF911F910F910895C4
:1072100028852F708C01253029F40E811F810115DE
:10722000110579F36AE67CE0C8010F942F29892BB8
:1072300041F76DEC74E38AE792E10F9414076881DB
:1072400079818AE792E10F94FE068AE792E10F9432
:10725000A80520E030E0A9016AE67CE0C8010F94AF
:107260002F376AE67CE0C8010F942F29009749F276
:10727000FC0120852062208781E090E0C4CF009748
:10728000A1F0FC0120852F70253011F486819781B3
:107290006AE67CE00F942F29009739F0FC012085E5
:1072A0002F70223011F090E080E00895DF92EF928D
:1072B000FF920F931F93CF93DF93EC01892B49F13A
:1072C00089859A85AB85BC850097A105B10509F133
:1072D0008A01262F2170D22EFC01EA5BFF4F7F012D
:1072E0006130710529F42081211102C00F94020937
:1072F000F701D0820F3F100761F0B80189859A85A8
:10730000DF91CF911F910F91FF90EF90DF900D943F
:10731000C308DF91CF911F910F91FF90EF90DF9005
:1073200008958150823108F05AC0E82FF0E0882794
:10733000E356F64C8E4F0D94005EAD02ED01230333
:10734000AF0157013902B103270461030D02E100C7
:107350001B015104370239023F04F50359028091A1
:1073600080008F77809380000895809180008F7DCA
:10737000F9CF80918000877FF5CF84B58F7784BD6A
:10738000089584B58F7DFBCF8091B0008F77809377
:10739000B00008958091B0008F7DF9CF809190006A
:1073A0008F77809390000895809190008F7DF9CF22
:1073B00080919000877FF5CF8091A0008F77809398
:1073C000A00008958091A0008F7DF9CF8091A0004A
:1073D000877FF5CF809120018F77809320010895DA
:1073E000809120018F7DF9CF80912001877FF5CF9B
:1073F0001F93CF93DF93282F30E0F901E957FB4C1F
:107400008491F901EA50FB4CD491F901E45CFA4C07
:10741000C491CC23A9F0162F81110F949139EC2F30
:10742000F0E0EE0FFF1FE359FB4CA591B4918FB72D
:10743000F894EC91111108C0D095DE23DC938FBF36
:10744000DF91CF911F910895DE2BF8CFCF93DF937B
:1074500090E0FC01EA50FB4C2491845C9A4CFC01C6
:1074600084918823C9F090E0880F991FFC01E452B1
:10747000FB4CA591B491FC01E359FB4CC591D4910F
:1074800061110DC09FB7F8948C91209582238C9345
:107490008881282328839FBFDF91CF910895623090
:1074A00051F49FB7F8943C91822F809583238C935D
:1074B000E8812E2BEFCF8FB7F894EC912E2B2C93E5
:1074C0008FBFEACF1F93CF93DF93182FEB0161E0BB
:1074D0000F94263A209739F460E0812FDF91CF9105
:1074E0001F910D94F839CF3FD10511F461E0F5CF2C
:1074F000E12FF0E0E957FB4CE491E150E23108F074
:10750000B3C0F0E08827E857F54C8E4F0D94005E2D
:107510002B022D034503FF0191014704B3033904F6
:107520001504AD038F03D500DB016F01470403038E
:107530003103FD0284B5806884BDC7BDDF91CF9162
:107540001F91089584B5806284BDC8BDF7CF809136
:107550008000806880938000D0938900C093880069
:10756000EDCF80918000806280938000D0938B006B
:10757000C0938A00E3CF8091800088608093800070
:10758000D0938D00C0938C00D9CF8091B0008068DB
:107590008093B000C093B300D1CF8091B0008062DF
:1075A0008093B000C093B400C9CF809190008068F0
:1075B00080939000D0939900C0939800BFCF8091A2
:1075C0009000806280939000D0939B00C0939A00BB
:1075D000B5CF80919000886080939000D0939D00FB
:1075E000C0939C00ABCF8091A00080688093A000E6
:1075F0008091A0008F7B8093A000D093A900C093BE
:10760000A8009CCF8091A00080628093A000D093BE
:10761000AB00C093AA0092CF8091A00088608093B5
:10762000A000D093AD00C093AC0088CF8091200122
:10763000806880932001D0932901C09328017ECFD8
:1076400080912001806280932001D0932B01C09310
:107650002A0174CF80912001886080932001D0930B
:107660002D01C0932C016ACFC038D1050CF03ECF5C
:1076700033CF863308F0865320917B00982F987083
:10768000277F922B90937B008770806480937C008F
:1076900080917A00806480937A0080917A0086FDE0
:1076A000FCCF809178009091790008953FB7F894CD
:1076B0008091C1129091C212A091C312B091C412D4
:1076C00026B5A89B05C02F3F19F00196A11DB11D3D
:1076D0003FBFBA2FA92F982F8827BC01CD01620F79
:1076E000711D811D911D42E0660F771F881F991F34
:1076F0004A95D1F708958F929F92AF92BF92CF9201
:10770000DF92EF92FF920F931F93CF93DF93D0916D
:10771000DE0ED13208F0D7C0182FC091C6120F94D8
:10772000563B6B017C018091B80E81116BC082E0E9
:107730008093B80E1093B70E8FEF8093B60E109211
:10774000B50ED093B40EAEEBBEE0E4E9FEE080E00F
:10775000D81391C01092930E8091930ECC0FC82B2A
:10776000C093930E8091920E813009F088C01092E0
:10777000920E0F94563B6B017C018091930E809387
:10778000BB008091BA0E9091BB0EA091BC0EB0913F
:10779000BD0E892B8A2B8B2BA1F00F94563B0091A9
:1077A000BA0E1091BB0E2091BC0E3091BD0E6C191B
:1077B0007D098E099F09061717072807390708F45E
:1077C00042C08091BC0083FDD8CF85EC8093BC0083
:1077D0000F94563B6B017C018091B80E823009F406
:1077E00050C08091B60E8F3F09F46FC08091B60EE5
:1077F000803209F46CC08091B60E803309F469C000
:1078000084E026C08091BA0E9091BB0EA091BC0E70
:10781000B091BD0E892B8A2B8B2B09F484CF0F944A
:10782000563B8090BA0E9090BB0EA090BC0EB090CC
:10783000BD0E6C197D098E099F0986169706A8064C
:10784000B90608F070CF8091B90E0F940B2085E037
:107850001092DF0E1092DE0E1092E00EDF91CF91AB
:107860001F910F91FF90EF90DF90CF90BF90AF905E
:107870009F908F9008959D9191938F5F69CF85EE32
:10788000A5CF8091BA0E9091BB0EA091BC0EB09185
:10789000BD0E892B8A2B8B2B09F49ECF0F94563B60
:1078A0000091BA0E1091BB0E2091BC0E3091BD0E0E
:1078B0006C197D098E099F090617170728073907D4
:1078C00008F08ACFC0CF81E0C3CF80E0C1CF82E093
:1078D000BFCF83E0BDCF8F929F92AF92BF92CF92E6
:1078E000DF92EF92FF926B017C010F94563B4B01AC
:1078F0005C01C114D104E104F104B9F00F94563BCA
:10790000681979098A099B09683E734081059105C8
:1079100080F321E0C21AD108E108F10888EE880E50
:1079200083E0981EA11CB11CE4CFFF90EF90DF9084
:10793000CF90BF90AF909F908F900895CF93C82F16
:10794000809150100F946E356C2F8DE290E10F9462
:10795000FF008DE290E10F947D2169E070E080E00E
:1079600090E00F946B3C42E0609150108DE290E10A
:107970000F9480218DE290E10F94B800C82F8DE222
:1079800090E10F94B80020E03C2FA901482BCA01D8
:10799000CF910895CF936CE271E080E090E00F9476
:1079A0006B3CCFB7F8948091C512811127C0E1E7F5
:1079B000F5E38491EBE2F5E39491E82FF0E0EE0F2C
:1079C000FF1FE452FB4CA591B491EC91E92321F403
:1079D00061E085E30F94F83961E085E30F94263A7E
:1079E0008CB580618CBD8CB580648CBD61E084E316
:1079F0000F94263A61E083E30F94263A8091C512F2
:107A00008F5F8093C512CFBF8091040188608093FF
:107A10000401809104018460809304018091050138
:107A200084708093050180E590E00F94773767E0DC
:107A300090E080E00F94901165E58BE190E00F9469
:107A4000901165E58AE190E00F9490110F941F1258
:107A500080E090E490937C0E80937B0E80E090E633
:107A60009093840E8093830E80E098E490937E0E32
:107A700080937D0E80E098E69093860E8093850E2D
:107A800080E090E59093800E80937F0E80E090E7F9
:107A90009093880E8093870E80E098E59093820EF5
:107AA0008093810E80E098E790938A0E8093890EF0
:107AB000CF910895CF92DF92EF92FF920F931F9391
:107AC000CF93DF936C01EB017A0189010F94CA3CDB
:107AD00080E590E00F94773746E050E061EB71E18C
:107AE00089E090E00F945811C60102960F940A1293
:107AF000C70102960F941812C80102960F94111232
:107B00000F941F128A819B81AC81BD8180932710C5
:107B100090932810A0932910B0932A10DF91CF9151
:107B20001F910F91FF90EF90DF90CF900895CF922B
:107B3000DF92EF92FF92CF93DF93CDB7DEB76897D6
:107B40000FB6F894DEBF0FBECDBFFA0129E135E0D4
:107B50003A8329835FEF5B835C835D831E82388772
:107B60002F83C280D380E480F580C986DA86EB86D5
:107B7000FC863E872D87FB0142815381648175819C
:107B80004F87588B698B7A8B3C8B2B8BFC018281C6
:107B90009381A481B5818D8B9E8BAF8BB88F9E0115
:107BA0002F5F3F4FAE01495F5F4FBE01635F7F4F65
:107BB000CE0143960F945A3D68960FB6F894DEBFF7
:107BC0000FBECDBFDF91CF91FF90EF90DF90CF90B0
:107BD00008950F931F93CF93DF93CDB7DEB76897C8
:107BE0000FB6F894DEBF0FBECDBFFB01DC011296CD
:107BF0004D915D916D917C9115974D8B5E8B6F8B47
:107C0000788F89E195E09A83898321E0288F0D8917
:107C10001E892F89388D0B831C832D833E83988783
:107C20008F83028113812481358109871A872B87ED
:107C30003C879E878D874F87588B698B7A8BAE01E7
:107C40004F5F5F4FBE01695F7F4FCE010D960F946E
:107C5000973D68960FB6F894DEBF0FBECDBFDF919B
:107C6000CF911F910F910895CF93DF93CDB7DEB7DA
:107C700062970FB6F894DEBF0FBECDBFFC018281C4
:107C80009381A481B5818F87988BA98BBA8B29E1C9
:107C900035E03A83298341E04A8B4F8558896989C9
:107CA0007A894B835C836D837E8338872F838987B2
:107CB0009A87AB87BC87BE016F5F7F4FCE01079667
:107CC0000F94E93D62960FB6F894DEBF0FBECDBFAC
:107CD000DF91CF9108952FB7F8946091BD12709104
:107CE000BE128091BF129091C0122FBF08950F93C2
:107CF0001F93CF93DF93EB018A010F94A7299C0177
:107D000080915510909156103327020F131FBE011A
:107D1000621B730B6B5F7F4FDC01ED91FC91028066
:107D2000F381E02DA8011995EC010F946B3E60934F
:107D3000611070936210809363109093641081E0DF
:107D40000C171D0709F080E0DF91CF911F910F9173
:107D50000895AF92BF92CF92DF92FF920F931F933D
:107D6000CF93DF936C01EB018A01F22E0F944D2922
:107D7000882309F442C0A0905910B0905A10B50160
:107D8000C6010F94B9569801295F3F4F820F931F88
:107D9000A816B90690F1609157107091581045E0FF
:107DA00050E0C6010F948529AC019E01200F311FC0
:107DB000FE01EC01CE1BDF0BDE01AE0FBF1F609199
:107DC000571070915810E217F30729F08191A60F10
:107DD000B71F8C93F1CF0550110980E3F11081E3B7
:107DE000400F511FDF91CF911F910F91FF90DF90B6
:107DF000CF90BF90AF900D94773E80E0DF91CF9110
:107E00001F910F91FF90DF90CF90BF90AF9008959A
:107E1000FF920F931F93CF93DF938C01EB01F42E0E
:107E200090E080E0209739F06091591070915A10DD
:107E3000CE010F94B9562F2DAC01BE01C801DF91C0
:107E4000CF911F910F91FF900D94A93ECF92DF9299
:107E5000EF92FF920F931F93CF93DF93CDB7DEB7CF
:107E6000C054D1090FB6F894DEBF0FBECDBF20912C
:107E7000E20E3091E30E2530310509F44AC0009737
:107E800009F447C06A017B018C0140E450E0BC0169
:107E9000CE0101960F949B626FE270E0CE010196D5
:107EA0000F946262892B41F4980143E050E060E452
:107EB000CE0101960E942C7B4FE350E0B601CE012B
:107EC00001960F947D620F944D29882311F18091C2
:107ED000E20E9091E30E0697E1F48091E10E81119C
:107EE00018C041E0B701CE0101960F94083F81E030
:107EF00090E0C05CDF4F0FB6F894DEBF0FBECDBF81
:107F0000DF91CF911F910F91FF90EF90DF90CF9075
:107F1000089590E080E0EDCF0F931F93CF93DF9310
:107F20008C01EB0190E080E0209739F060915910CE
:107F300070915A10CE010F94B95620E0AC01BE01E9
:107F4000C801DF91CF911F910F910D94A93E0F931E
:107F50001F93CF93DF93EC010091591010915A10A9
:107F6000B8010F94B956099608171907E8F10F944C
:107F70004D298823C9F180915F109091601001967E
:107F800081F19093601080935F10E0915710F09111
:107F90005810809160108583E0915710F09158102F
:107FA00080915F108683609157107091581047E060
:107FB00050E0CE010F948529E0915710F0915810B0
:107FC000E80FF91F1082AC0144505109609157101D
:107FD0007091581082E8DF91CF911F910F910D940D
:107FE000773E81E090E0CDCF80E0DF91CF911F918F
:107FF0000F9108958F929F92AF92BF92DF92EF926E
:10800000FF920F931F93CF93DF93CDB7DEB7DA952F
:108010000FB6F894DEBF0FBECDBFD82E80917C1076
:108020008983DA828FEF8D0D8430C8F580917E10C0
:1080300090917F109B838C83809180109091811010
:108040009D838E83E6E02E2F30E042E04E0F81E0EC
:108050008E0F90E08E010F5F1F4F55E0D51639F15E
:10806000A6E0DA1691F17801D8018FEF9FEFB02EDC
:108070002A2F201B2E1770F52D91822728E030E043
:10808000AC014170552796958795452B21F0F1E07D
:108090008F27F0EA9F272150310991F7E9CF80918E
:1080A0000411909105119B838C83E4E0CCCF509117
:1080B000061160910711200F311FF9016083800FB5
:1080C000911FDC015C93E42FCECF50910811609199
:1080D0000911F1CFD801AE0FB11D8C9322E0A22E71
:1080E000AE0EEF5FE00FF12FF11D9083F801EA0D66
:1080F000F11D108280917A1090917B10DC01ED913E
:10810000FC910284F385E02D1995019699F7E09191
:108110009311F0919411309709F0199580917A108C
:1081200090917B10DC01ED91FC912E2D2B192A15DD
:1081300040F4D7016D917D010190F081E02D1995FA
:10814000EDCF0680F781E02D1995E0919511F09122
:108150009611309709F019950F946B3E4B015C0115
:10816000E12C88E0F82E80917A1090917B10DC0150
:10817000ED91FC910084F185E02D1995892B09F48E
:108180003FC080917A1090917B10DC01ED91FC91C1
:108190000284F385E02D199590917C10891719F0D0
:1081A000EE2009F48EC0F801EE0DF11D8083FA94E3
:1081B000E394B5E0EB1285C0EA818E2F8F77D81259
:1081C00021C1E7FF5CC08B818823A1F110928A1145
:1081D00010928C1110928B1110928F11D3950FB6B3
:1081E000F894DEBF0FBECDBFDF91CF911F910F91ED
:1081F000FF90EF90DF90BF90AF909F908F90089589
:10820000E0919111F0919211309799F21995809126
:108210007A1090917B10DC01ED91FC910084F18546
:10822000E02D1995892B29F2F1109DCFF4E0FE1570
:1082300008F05BC02FEF3FEFE0E08E2D90E0AC0147
:10824000425051096E2F70E0641775070CF085C01D
:10825000600F711FDB016C91262768E070E0D90187
:10826000A170BB2736952795AB2B21F0B1E02B27CA
:10827000B0EA3B276150710991F7EF5FE3CFE1501E
:10828000E731F8F4F0E08827E75BFE4B8E4F0D9462
:10829000005E3301330133013301EB02EB0249028B
:1082A0004902490249024902490249024902EB02D4
:1082B000EB02490249024902490249029D02330187
:1082C000FB800F946B3E681979098A099B09613D0F
:1082D00077408105910508F4A7CF82EE77CFB5E00E
:1082E000FB2EEFCFA3E0FA2EECCF8A81853038F455
:1082F000833038F4813008F03FC080E067CF8731A9
:10830000E1F76B8170E075956795A0910211B091CE
:10831000031120E0422F50E04617570774F7809171
:108320007D102817B0F4CA010296880F991F440FD8
:10833000551F7D01E40EF51EAE01480F591FFA01CD
:108340003081800F911FFC018081932FF701918371
:108350008083209390112F5FDDCF400F511FFA01D2
:108360004081421307C08C0F9D1FDC018C91831745
:1083700009F4BBCF83EE2ACFFB806F2D70E075959B
:108380006795409102115091031120E0822F90E0F7
:108390008617970704F530917D102317C0F4880FD6
:1083A000991FDA01A80FB91F05E010E00C0F1D1F7F
:1083B000080F191FF8013081E4E0F0E0EC0FFD1F19
:1083C0008E0F9F1FFC018081932F8D939C93209390
:1083D00090112F5FDBCFF0FE90CF30917D102317EF
:1083E00068F4880F991F480F591F8C0F9D1FDC01DF
:1083F00014968C9190E0FA01918380832F5F2093F3
:1084000090117BCF81EEE2CE8F929F92AF92BF927E
:10841000CF92DF92EF92FF920F931F93CF93DF9350
:10842000CDB7DEB7C054D1400FB6F894DEBF0FBE53
:10843000CDBF8C010F946B3EF801C184D284E384DC
:10844000F4849B01AC012C193D094E095F096901B7
:108450007A0130EDC31637E0D306E104F104A8F445
:108460008189C05CDE4F0FB6F894DEBF0FBECDBF72
:10847000DF91CF911F910F91FF90EF90DF90CF9000
:10848000BF90AF909F908F90089561877287838788
:1084900094871482138212821182108262E0858195
:1084A0000F94263A61E070E080E090E00F946B3C1E
:1084B00061E0F80185810F94263A60E0F80185813A
:1084C0000F94F839F80186818551823028F58BE2C6
:1084D00091E10197F1F762E0F80185810F94263A66
:1084E000F801828990E08230910538F0880F991F59
:1084F000880F991F05970197F1F7F89460E0C8017C
:108500000F94790C6F3F7F4F8F4F9F4F61F4F801AD
:10851000118A789480E0A5CF64E170E080E090E07B
:108520000F946B3CD8CF61E0C8010F94790C6F3F7A
:108530007F4F8F4F9F4F59F39E012F5F3F4F790120
:108540005E013FEBA31A3EEFB30A670160E0C8018A
:108550000F94790CF601608371838283938361E0C9
:10856000C8010F94790CF601648375838683978321
:10857000F8E0CF0ED11CCA14DB0441F7789430E048
:1085800020E0F70180809180A280B38044815581F2
:1085900066817781FFEF8F169F06AF06BF0631F029
:1085A0004F3F8FEF58076807780719F4F801118AD1
:1085B000B1CFF90183E0F595E7958A95E1F7E00FF2
:1085C000F11F8081880F84169506A606B706F0F085
:1085D00080832F5F3F4FF8E0EF0EF11C283231050A
:1085E00081F6F801448120818181280F3327331FD0
:1085F0008281280F311D8381820F932F911D99272E
:108600004817190699F681E0818B2BCF8160E0CF66
:108610008F929F92AF92BF92CF92DF92EF92FF9292
:10862000CF93DF93EC010F946B3E4B015C01809183
:10863000551090915610DC01ED91FC910084F1856C
:10864000E02D1995892BB9F40F946B3E6B017C01D9
:10865000C818D908EA08FB0820915D1030915E1017
:10866000A8EEB3E00F94DD5DC616D706E806F9065E
:10867000F0F280E00DC08091551090915610DC0111
:10868000ED91FC910284F385E02D1995888381E0BA
:10869000DF91CF91FF90EF90DF90CF90BF90AF90A0
:1086A0009F908F9008952F923F924F925F926F927A
:1086B0007F928F929F92AF92BF92CF92DF92EF9272
:1086C000FF920F931F93CF93DF9300D000D000D081
:1086D0001F92CDB7DEB71C018091571090915810B2
:1086E0000F94084381111CC060E070E0CB012A9612
:1086F0000FB6F894DEBF0FBECDBFDF91CF911F91B3
:108700000F91FF90EF90DF90CF90BF90AF909F9030
:108710008F907F906F905F904F903F902F90089533
:10872000E0915710F0915810D0801982EE24E39414
:10873000F12C812C912C5401412C512C3201439469
:10874000CE0101960F940843882371F287010F5FD1
:108750001F4F8981E0915710F0915810EE0DFF1DC9
:108760008083E981AE2FAF77B0E0A30192010F942F
:10877000CA5D860E971EA81EB91E37E0440C551C14
:10878000661C771C3A95D1F7E7FD3FC0BD2DB07F41
:10879000BE838FEF800FF1018083B03309F04CC0AE
:1087A0008091571090915810800F911F0F9408439B
:1087B000882309F499CF2091571030915810C701A0
:1087C0000296820F931F0F940843882309F48CCFDD
:1087D0000E5F1F4FE0915710F0915810D1018C910E
:1087E000DF01A80FB11D11968C91119790E0982F81
:1087F000882712962C91820F911D208121FD0296CF
:10880000F2E0E0E030E020E01DC078010530110525
:1088100009F096CF8FEF9FEF9093791080937810A7
:108820008091551090915610DC01ED91FC910488D7
:10883000F589E02D199558CFF0E0E0E030E020E038
:1088400090E080E070E060E0CF2EDE2EE32EF22E8E
:1088500028013B014C185D086E087F084A825B8244
:108860006C827D822C01712C612C4F825886698626
:108870007A864A805B806C807D804C0C5D1C6E1C0F
:108880007F1CC814D904EA04FB0408F046C0CE01DA
:1088900001960F940843882309F426CF809176101F
:1088A00090917710009711F12E812033F9F4D101C6
:1088B0002C914EEF5FEF6FEF7FEF421B5109610983
:1088C0007109440E551E661E771E2F813885498515
:1088D0005A85241535054605570540F4DC01ED9110
:1088E000FC910190F081E02D6981199580915910DA
:1088F00090915A100817190750F48981E091571088
:10890000F0915810E00FF11F80830F5F1F4FBFEFF2
:10891000CB1ADB0AEB0AFB0AACCF80917610909160
:108920007710892B69F48091591090915A10B0E01A
:10893000A0E084159505A605B70510F410E000E049
:10894000B80190E080E0D3CE2F923F924F925F9299
:108950006F927F928F929F92AF92BF92CF92DF924F
:10896000EF92FF920F931F93CF93DF931F92CDB798
:10897000DEB70F944D29B82E882309F431C10F9426
:108980006B3E6B017C0120915B1030915C10A8EE76
:10899000B3E00F94DD5D0091651010916610209199
:1089A00067103091681036014701601A710A820A17
:1089B000930A940183016017710782079307B0F04F
:1089C0000091611010916210209163103091641039
:1089D00036014701601A710A820A930A94018301E1
:1089E000601771078207930708F046C080916910ED
:1089F000882399F08CEF9FEF9093791080937810F3
:108A00008091551090915610DC01ED91FC910488F5
:108A1000F589E02D1995B12CE3C0E0915710F09144
:108A2000581080EC8083E0915710F091581011821B
:108A30008091551090915610609157107091581078
:108A4000DC01ED91FC910280F381E02D42E050E0E9
:108A50001995C0926110D0926210E0926310F0926A
:108A60006410C0926510D0926610E0926710F09288
:108A7000681081E080936910809155109091561094
:108A8000DC01ED91FC910084F185E02D1995892B95
:108A900009F4A6C0CE0101960F9453432B01672B16
:108AA00009F4E6C0C0926510D0926610E09267109B
:108AB000F0926810E0915710F09158108081807FFB
:108AC000803309F0B4C080916A1090916B10892BAB
:108AD00009F486C0498150E0CA0102968E0F9F1F9B
:108AE000DF01A40FB51F11960C9110E0102F002785
:108AF000DC016C91060F111D4D5F5F4FBF01640FCC
:108B0000751FA8010F943262E981809157109091EE
:108B10005810800F911FE80FF92FF11D1282E0917C
:108B20005710F0915810298130E0C90102968E0F3C
:108B30009F1F40814670A42E80906A1090906B1009
:108B4000B2E04B1362C0B801620F731FDF01A60FC2
:108B5000B71F13964C91139750E0542F4427149647
:108B60002C90240E352E311C4BEF5FEF421B530B24
:108B7000401B510B440D551D6B5F7F4F6E0F7F1FC8
:108B8000F4011995E0915710F091581080E480831A
:108B9000E0915710F0915810A182E0915710F09198
:108BA00058103282E0915710F09158102382809132
:108BB0005510909156106091571070915810DC012B
:108BC000ED91FC910280F381E02D44E050E0199595
:108BD000C0926110D0926210E0926310F092641023
:108BE0008B2D0F90DF91CF911F910F91FF90EF9000
:108BF000DF90CF90BF90AF909F908F907F906F90BD
:108C00005F904F903F902F9008954DEF5FEF421B84
:108C1000530B401B510B440D551D2D5F3F4F020F51
:108C2000131FBF01600F711FF4011995D9CF803C4C
:108C3000C9F480ED8083E0915710F09158101182B3
:108C40008091551090915610609157107091581066
:108C5000DC01ED91FC910280F381E02D42E050E0D7
:108C60001995BECF803D09F0BBCF10926910B8CFE7
:108C70000F944D298111B4CFCECECF93DF93C1E5B0
:108C8000D0E1EE81FF8180EE8083EE81FF81118251
:108C90008C819D816E817F81DC01ED91FC91028050
:108CA000F381E02D42E050E019958FEF9FEF98A7F8
:108CB0008FA38C819D81DC01ED91FC910680F78171
:108CC000E02D19958C819D81DC01ED91FC9104884A
:108CD000F589E02D19950F946B3E688B798B8A8B03
:108CE0009B8B6C8B7D8B8E8B9F8BDF91CF910895AF
:108CF0009F92AF92BF92CF92DF92EF92FF920F932B
:108D00001F93CF93DF937C015B01609159107091A9
:108D10005A10C5010F94B9568C010F944D29882320
:108D200009F473C06091591070915A10C7010F94E3
:108D3000B9566C01E0915710F091581081E380838F
:108D4000E8012296CC0DDD1D21E030E08C2F8F77DD
:108D5000CC0FCD2FCC1FDD0BD195209709F080686B
:108D6000A9014F5F5F4FE0915710F0915810E20F4B
:108D7000F31F808399249A94940E209779F560913B
:108D8000571070915810C7010F948529A091551064
:108D9000B09156106091571070915810ED91FC9160
:108DA00011970280F381E02DAC01CD0119957C0172
:108DB0000C171D07A9F08091551090915610F501E0
:108DC000EC0FFD1F6491DC01ED91FC910190F081AD
:108DD000E02D1995E80EF91E2196EACF9A01B6CF3B
:108DE0000F946B3E609361107093621080936310D8
:108DF000909364100D5F1F4F0C0D1D1D090D111D6B
:108E000081E00E151F0509F080E0DF91CF911F91E1
:108E10000F91FF90EF90DF90CF90BF90AF909F9019
:108E200008951F920F920FB60F9211242F933F9324
:108E30008F939F93AF93BF938091BD129091BE1279
:108E4000A091BF12B091C0123091BC1223E0230F49
:108E50002D3758F50196A11DB11D2093BC128093AA
:108E6000BD129093BE12A093BF12B093C012809116
:108E7000C1129091C212A091C312B091C412019676
:108E8000A11DB11D8093C1129093C212A093C31271
:108E9000B093C412BF91AF919F918F913F912F9149
:108EA0000F900FBE0F901F90189526E8230F029683
:108EB000A11DB11DD2CF9F92AF92BF92CF92DF92F0
:108EC000EF92FF920F931F93CF93DF9300D000D0C8
:108ED000CDB7DEB76C01FC01E480F580E114F1044C
:108EE000E1F0A080B18062E270E0C5010F9462629F
:108EF0008C010A191B09892B11F40FEF1FEFEA0CE3
:108F0000FB1CF7019080108262E270E0C5010F94B3
:108F1000AA62F7019082009731F4B6018BEA91E1E1
:108F20000F9416031BC09C012A193B0917FDF5CFAE
:108F30001216130694F7A8014F5F5F4FB601CE01DA
:108F400001960F944F03BE016F5F7F4F8BEA91E153
:108F50000F948502CE0101960F942D036DE376E305
:108F60008AE792E10F9414076BEA71E1CE01019652
:108F70000F943503BE016F5F7F4F8AE792E10F9434
:108F800006078AE792E10F94A805CE0101960F9497
:108F90002D0381E026960FB6F894DEBF0FBECDBF3D
:108FA000DF91CF911F910F91FF90EF90DF90CF90C5
:108FB000BF90AF909F9008950F931F93CF93DF932F
:108FC00000D000D0CDB7DEB78091A9119091AA1141
:108FD000892B11F480E06FC00F94B12A8823D1F35C
:108FE0008091AF119091B0118097A0F7A091A91135
:108FF000B091AA1152961C921E92519754961C92AF
:109000001E92539784E890E01D969C938E931C9734
:109010001E961C921E9782E755968C935597ED915C
:10902000FC9111970088F189E02D60E670E0CD0198
:1090300019956BEA71E18091A9119091AA110F9491
:1090400006078091A9119091AA11DC01ED91FC9184
:109050000190F081E02D60E019958C018091A911BB
:109060009091AA11DC01ED91FC910488F589E02D25
:10907000199501151105D9F061E376E38AE792E1CC
:109080000F9414076BEA71E1CE0101960F9435033A
:10909000BE016F5F7F4F8AE792E10F9406078AE770
:1090A00092E10F94A805CE0101960F942D0381E063
:1090B000012B09F48FCF26960FB6F894DEBF0FBEB2
:1090C000CDBFDF91CF911F910F91089580915710DF
:1090D000909158100F94CF538BEA91E10D942D038A
:1090E000CF93DF93CDB7DEB7CD55D1090FB6F89446
:1090F000DEBF0FBECDBF789484B5826084BD84B5D9
:10910000816084BD85B5826085BD85B5816085BD82
:1091100080916E00816080936E001092810080913A
:1091200081008260809381008091810081608093C2
:109130008100809180008160809380008091B100E7
:1091400084608093B1008091B00081608093B00012
:109150008091910082608093910080919100816064
:109160008093910080919000816080939000809125
:10917000A10082608093A1008091A1008160809312
:10918000A1008091A00081608093A00080912101C6
:10919000826080932101809121018160809321016F
:1091A0008091200181608093200180917A00846009
:1091B00080937A0080917A00826080937A00809117
:1091C0007A00816080937A0080917A008068809331
:1091D0007A001092C10026E040E052EC61E070E0BD
:1091E0008DED91E10F9461080F94B12A8111ABC00C
:1091F0006BE773E38DED91E10F94380770E060E069
:1092000090E080E00E94D5DE0F94962D6F70609301
:1092100031020F94962D62956F7060933002109218
:10922000640E1092630E1092620E6CE373E38AE791
:1092300092E10F94140765E972ED84E09CE00F94CD
:10924000E9016EE27EEC89E09CE00F94E9016CE1BB
:109250007DEB8EE09CE00F94E9016DE67DEC85E806
:1092600096E00F94E90169E673ED83E19CE00F94C9
:10927000E90160E87EEC87E19CE00F94E9016DE68E
:109280007EEC8AE19CE00F94E90168ED71EC81E2EB
:109290009CE00F94E9016AE57DEC8DE19CE00F9480
:1092A000E90165ED7EED86E29CE00F94E90163E360
:1092B0007DEB8CE29CE00F94E90169E17FEC83E3B4
:1092C0009CE00F94E90161E67FEC87E39CE00F945A
:1092D000E9010E94A3D18091A9119091AA11892B33
:1092E000E9F560E473E38DEC91E10F941407B1EBC1
:1092F000EB2EB1E1FB2E17EBC12E11E1D12E02EFC7
:109300001BE040E150E070E060E0C8010F94FC54C5
:10931000F70161937F016AE370E0C8010F94626214
:10932000009751F0DC012C91222331F08C010F5F6A
:109330001F4FCE14DF0429F78091B1118E7F826018
:109340008093B1115BC067E673E38AE792E10F9403
:1093500014078AE792E10F94A80556CF0F94B12A1B
:10936000E82E882309F4BDCFA091A911B091AA11CC
:1093700052961C921E92519754961C921E9253978D
:1093800084E890E01D969C938E931C971E961C92E9
:109390001E9782E755968C935597ED91FC91119706
:1093A0000088F189E02D64E070E0CD01199501EBB2
:1093B00011E1F12C8091A9119091AA11DC01ED919C
:1093C000FC910284F385E02D1995F80181938F01BA
:1093D00081508E3F08F4FE2CF1E1073B1F0751F747
:1093E0008091A9119091AA11DC01ED91FC91048862
:1093F000F589E02D1995FF2009F473CF0E9406D35B
:1094000080910401806680930401809105018F7929
:109410008093050126E040E855E260E070E085EECB
:109420009EE00F94610888E89DEF909392118093DD
:10943000911186E19DEB909394118093931180E1BB
:109440009DEB909396118093951164E170E080E01C
:1094500090E00F946B3C8EE196EE90936B108093AE
:109460006A1064EF71E080E090E00F946B3C0E9422
:1094700045EDA8950F943B0E0E949BEE039714F0C8
:109480000F94A4448091710D882309F443C0809106
:109490006F0D9091700D892BE9F10F946B3E009147
:1094A000670E1091680E2091690E30916A0E601B54
:1094B000710B820B930B683873418105910550F154
:1094C000E091650DF091660D8281823049F0843023
:1094D00009F499C0813009F0A2C06AEB73E395C02A
:1094E00065EE73E385ED91E10F94140785ED91E14D
:1094F0000F94A8058091650D9091660D0F942A2315
:109500000F946B3E6093670E7093680E8093690EA4
:1095100090936A0E0E94F26780916D0D90916E0D8E
:10952000892B09F492C28091E20E9091E30E059787
:1095300009F48BC20F946B3E00916B0E10916C0E70
:1095400020916D0E30916E0E4B015C01801A910AD4
:10955000A20AB30AB8EE8B16B3E09B06A104B104CD
:1095600050F00F946B3E60936B0E70936C0E809373
:109570006D0E90936E0E8091690D8F5F8093690DD3
:10958000E0916D0DF0916E0D0681178194E0E92E4A
:10959000F12CE8EE8E16E3E09E06A104B10418F467
:1095A00082E0E82EF12CC0906D0DD0906E0DC114AC
:1095B000D10409F4F9C10115110509F4F5C1D80167
:1095C00018968C918F70853091F7C8010F94A12A5D
:1095D000823068F3A601B801CE0101960E940933DA
:1095E000CE0101960E949326882329F0B701CE016F
:1095F00001960E942F52F80102811381CE0101963B
:109600000E94D632D0CF6CEC73E385ED91E10F94DC
:10961000140785ED91E10F94A8050F9481258091A1
:10962000630D9091640D892B31F0E0916F0DF091F5
:10963000700D309759F46CEA73E385ED91E10F9466
:10964000140785ED91E10F94A8055ACF8091650E1E
:109650009091660E892B61F480858F70863041F47D
:1096600086819781009721F09093660E8093650E16
:10967000E091650DF091660D309721F04CE851EDC9
:1096800056874587E091650EF091660E309709F494
:1096900062C1BE016F5B7F4F808191810E94427EDB
:1096A000882309F458C122968FAD2297883209F099
:1096B00052C1AE014F5F5F4FBE016F5B7F4F809124
:1096C000630D9091640D0F94C023811107C0C12CCC
:1096D000D12C5EEFE52E52ECF52E3FC06A8170E092
:1096E000762F6627770F770F770F298158E0259F10
:1096F00090011124262B372B22968FAD2297803193
:10970000D1F4688570E08F81DB01A81BB109CD0120
:109710009695982F8827979587950F94EC5DCB01A8
:109720004097B901F3E0660F771FFA95E1F760788B
:109730009C01260F371F2138B4EE3B0744F2B901D4
:10974000330F880B990B0F94465C20E030E040E02B
:109750005CE30F94A55C6B017C016090650E7090DA
:10976000660E6114710409F48DC080916F0D9091A3
:10977000700D892B09F486C0C3010E947C7E8C0188
:1097800067EA73E38AE792E10F941407B701A60131
:109790008AE792E10F94A42E64EA73E38AE792E1E8
:1097A0000F941407F301608171818AE792E10F94AD
:1097B000FE0661EA73E38AE792E10F94140720E062
:1097C00030E04EEF52ECC701B6010F943F5C8823A6
:1097D00009F4CCC020E030E04AEA52E4C701B60107
:1097E0000F943F5C882309F4C1C020E030E0A90158
:1097F000C701B6010F943F5C882309F4B7C0011577
:10980000110529F0B8018AE792E10F94FE068AE774
:1098100092E10F94A80519821A821B821C828A8108
:10982000807F87608A83CD82DE82EF82F88663E064
:10983000CE0101960E94A41F62962FAF6297639695
:109840003FAF639764964FAF649765965FAF659738
:1098500066966FAF669767967FAF679768968FAF8C
:10986000689769969FAF6997912C812CB12CA12C98
:10987000D12CC12C79018A019B01AC016FEFC3018E
:109880000E9419830091630D1091640D22968FAD93
:109890002297803109F47EC0BE016F5B7F4FC80103
:1098A0000F94DA23F82E882309F455C0D8011596B1
:1098B0008D919C910F942A23882309F44CC0BE01FA
:1098C0006F5B7F4FF801858196810F94FD22D8014F
:1098D0004C9164E415968D919C910F94D722F801D8
:1098E00082818823C1F1E7EFEF0D2EEEC22E22E038
:1098F000D22EE33038F4F0E0EE0FFF1FE15DFC4FB5
:10990000C080D180D80113968C911397882309F4D5
:1099100044C08C91811141C00F946B3E4B015C019E
:109920000D2C000CEE08FF08AE014F5F5F4FBE012B
:109930006F5B7F4FC8010F946B23898181110BC02E
:109940000F946B3E6C197D098E099F096815790586
:109950008A059B0548F3E091650EF091660E8281C1
:1099600093819093660E8093650ECACD0115110503
:1099700009F488CF60E973E38AE792E10F94140752
:10998000B8018AE792E10F94FE068AE792E10F940C
:10999000A80578CF4CE0F42E89CFB601DD0C880BFA
:1099A000990B0F946B3CD7CF8091690D81508093B8
:1099B000690D8091E20E9091E30E059709F445C080
:1099C000F8EE8F16F3E09F06A104B104F0F110E069
:1099D0006091670D7091680D61157105B1F11111FC
:1099E00034C0DB0118968C918F708530B1F44091B2
:1099F0006D0D50916E0DCE0101960E94093361E00C
:109A000070E0CE0101960E942F5211E0892B09F4DB
:109A100010E0CE0101960E94D632E091670DF091E0
:109A2000680D309791F0828193819093680D8093B7
:109A3000670D892B69F6E0916D0DF0916E0D8681B1
:109A400097819093680D8093670D0F946B3E009102
:109A5000730E1091740E2091750E3091760E601B6E
:109A6000710B820B930B603375478105910508F4E8
:109A70001AC20F946B3E6093730E7093740E8093B2
:109A8000750E9093760E0E94AD7C4B015C010F9495
:109A90006B3E6B017C010F944D29882309F48CC027
:109AA0008091E10E811188C030E020E041E050E07B
:109AB00060E4CE0101960E942C7B4FE350E066E10A
:109AC00074E3CE0101960F9488566AED7BE0CE01D7
:109AD00001960F9457624FE350E06DE074E3CE01BE
:109AE00001960F9488562AE0AE014F5B5F4FC50187
:109AF000B4010F94085741E0BE016F5B7F4FCE0168
:109B000001960F94083F30E020E041E050E060E42F
:109B1000CE0101960E942C7B4FE350E066E174E396
:109B2000CE0101960F9488566AED7BE0CE01019636
:109B30000F9457624FE350E066E074E3CE01019664
:109B40000F948856C701B60128EE33E040E050E09C
:109B50000F94895DCA01B9012AE0AE014F5B5F4FE6
:109B60000F94085741E0BE016F5B7F4FCE01019615
:109B70000F94083F30E020E041E050E060E4CE0187
:109B800001960E942C7B4FE350E06FEF73E3CE0110
:109B900001960F9488564FE050E069EF73E3CE01D1
:109BA0008F5B9F4F0F94A65641E0BE016F5B7F4FC6
:109BB000CE0101960F94083F68E674E38AE792E1CC
:109BC0000F9414070E94AD7CAB01BC012AE030E089
:109BD0008AE792E10F94C30560E674E38AE792E1B5
:109BE0000F9414076091690D062E000C770B4AE064
:109BF00050E08AE792E10F94B50668E574E38AE7DE
:109C000092E10F94140740916F0E5091700E609185
:109C1000710E7091720E2AE030E08AE792E10F94A3
:109C2000C3058AE792E10F94A805E0916D0DF091CC
:109C30006E0D309709F437C18091690D8F5F809365
:109C4000690D268037802114310409F427C1F10100
:109C500080858F70853001F560E0C1010F94E129A6
:109C6000FC0181859285A385B4850597A105B10581
:109C700099F440916D0D50916E0DB101CE01019698
:109C80000E940933CE0101960E949326811109C0DA
:109C9000CE0101960E94D632D10112962D903C90B1
:109CA000D2CF25961CAE1DAE1EAE1FAE25972996AF
:109CB0001CAE1DAE1EAE1FAE299740E050E2BE01A5
:109CC0006F5F7F4FCE018F5B9F4F0E942A2FCE0187
:109CD00001960E94FA276B017C016D966FAF6D971C
:109CE0006E96DFAE6E9770E060E0CE0101960E9446
:109CF0005C288C01CE018F5B9F4F0E9435212B0188
:109D00003C01CE0101960E941D2F6A968FAF6A9783
:109D1000B601DD0C880B990B0F94465C20E030E017
:109D200048EC52E40F949F5E4B015C01CE0101961A
:109D30000E94E9506C969FAF8EAF6C9762E574E31A
:109D40008AE792E10F941407B301A2018AE792E136
:109D50000F94A42E6CE474E38AE792E10F94140745
:109D6000B501A4018AE792E10F94A42E66E474E39E
:109D70008AE792E10F9414076A96FFAD6A976F2FF6
:109D800070E04AE050E08AE792E10F94B506E114F2
:109D9000F10409F47CC04FEF5FEF60E070E088E011
:109DA0000F94FB25DC01CB01AA27BB278E199F0945
:109DB000A109B109AA27BB2787329940A105B1059E
:109DC00038F1D1016D917C9185ED91E10F94FE0602
:109DD00066E374E385ED91E10F941407F10160816E
:109DE00071818EE39CE00F948C3F90E080E0BC0199
:109DF0006D964FAD6D976E965FAD6E97CE010196E5
:109E00000E94B92762E070E0C8010E946DD040CF87
:109E100020E030E048E152E4C501B4010F94475F0F
:109E200018163CF4D1016D917C9188E995E00F946E
:109E30008C3F6C96EEADFFAD6C97EF2B19F461E0A3
:109E400070E0E2CF20E030E040E85FE3C301B20120
:109E50000F94325E9B01AC01C501B4010F943F5CCD
:109E600070E060E087FDD0CFA5019401C301B2018D
:109E70000F943F5C18161CF767E274E38AE792E1DF
:109E80000F9414078AE792E10F94A80501CF6DE1C2
:109E900074E38AE792E10F941407FACE8091690D7A
:109EA00081508093690D82E090E00E94ACD0809157
:109EB0006B0D90916C0D892B09F450C080916A0D47
:109EC00081114CC00F946B3E0091770E1091780E6B
:109ED0002091790E30917A0E601B710B820B930BDF
:109EE0006838734181059105C8F18091690D8F5FD4
:109EF0008093690DE0916B0DF0916C0D06811781D7
:109F000001151105E1F0F80180858F70863071F43C
:109F10001A83098370E060E0CE0101960E94403709
:109F200061E070E0CE0101960E949F5D82E090E0CA
:109F30000E94ACD0D80112960D911C91E1CF0F94E4
:109F40006B3E6093770E7093780E8093790E9093AA
:109F50007A0E8091690D81508093690D0E94CAFE2E
:109F600088CACF92DF92EF92FF920F931F93CF9305
:109F7000DF93E5EEFEE01382128288EEC82E83E0C6
:109F8000D82EE12CF12CC482D582E682F78289E9B1
:109F900094E09183808325E331E03587248724E3AF
:109FA00031E03787268720E331E0318B208B21E3B6
:109FB00031E0338B228B22E331E0358B248B26E397
:109FC00031E0378B268B118E128E138E148EE2E8C1
:109FD000FFE013821282C482D582E682F7829183E7
:109FE000808325ED30E03587248724ED30E0378706
:109FF000268720ED30E0318B208B21ED30E0338B54
:10A00000228B22ED30E0358B248B26ED30E0378B30
:10A01000268B118E128E138E148EEDEDF1E11382CC
:10A020001282C482D582E682F7829183808385EC96
:10A0300090E09587848784EC90E09787868780EC12
:10A0400090E0918B808B81EC90E0938B828B82EC03
:10A0500090E0958B848B86EC90E0978B868B118EAD
:10A06000128E138E148EA7ECB2E1C9E1D5E01196E1
:10A07000DC93CE9312961C92129713961C92139710
:10A0800014961C92149715961C92ADECB2E11196A1
:10A09000DC93CE9312961C92129713961C921397F0
:10A0A00014961C92149715961C92A3EDB2E111968A
:10A0B000DC93CE9312961C92129713961C921397D0
:10A0C00014961C92149715961C92AFE1B0E111966C
:10A0D000DC93CE9312961C92129713961C921397B0
:10A0E00014961C92149715961C92A9EDB2E1119644
:10A0F000DC93CE9312961C92129713961C92139790
:10A1000014961C92149715961C92AFEDB2E111961D
:10A11000DC93CE9312961C92129713961C9213976F
:10A1200014961C92149715961C92A5EEB2E1119606
:10A13000DC93CE9312961C92129713961C9213974F
:10A1400014961C92149715961C92ABEEB2E11196E0
:10A15000DC93CE9312961C92129713961C9213972F
:10A1600014961C92149715961C92A5E2B0E11196D4
:10A17000DC93CE9312961D921D921D921C92159700
:10A18000ADE2B0E113961C921E9212971496CD92F6
:10A19000DD92ED92FC9217978BEA94E08D939C935D
:10A1A000A1EFB2E11196DC93CE9312961C92129716
:10A1B00013961C92139714961C92149715961C9242
:10A1C000A7EFB2E11196DC93CE9312961C921297F0
:10A1D00013961C92139714961C92149715961C9222
:10A1E000ADEFB2E11196DC93CE9312961C921297CA
:10A1F00013961C92139714961C92149715961C9202
:10A20000A3E0B3E11196DC93CE9312961C921297C1
:10A2100013961C92139714961C92149715961C92E1
:10A22000A9E0B3E11196DC93CE9312961C9212979B
:10A2300013961C92139714961C92149715961C92C1
:10A24000AFE0B3E11196DC93CE9312961C92129775
:10A2500013961C92139714961C92149715961C92A1
:10A26000A5E1B3E11196DC93CE9312961C9212975E
:10A2700013961C92139714961C92149715961C9281
:10A28000ABE1B3E11196DC93CE9312961C92129738
:10A2900013961C92139714961C92149715961C9261
:10A2A000A1E2B3E11196DC93CE9312961C92129721
:10A2B00013961C92139714961C92149715961C9241
:10A2C000A7E2B3E11196DC93CE9312961C921297FB
:10A2D00013961C92139714961C92149715961C9221
:10A2E000ADE2B3E11196DC93CE9312961C921297D5
:10A2F00013961C92139714961C92149715961C9201
:10A30000A3E3B3E11196DC93CE9312961C921297BD
:10A3100013961C92139714961C92149715961C92E0
:10A32000A9E3B3E11196DC93CE9312961C92129797
:10A3300013961C92139714961C92149715961C92C0
:10A34000AFE3B3E11196DC93CE9312961C92129771
:10A3500013961C92139714961C92149715961C92A0
:10A36000A5E4B3E11196DC93CE9312961C9212975A
:10A3700013961C92139714961C92149715961C9280
:10A38000A9E3B0E18AE512968C93129750961C923D
:10A390001E921F9752961C921E92519740E050E4D5
:10A3A0006CE176E413964D935D936D937C931697D1
:10A3B00017961D921D921D921C921A9753961D92EC
:10A3C0001D921D921C9256971C961C921E921B97D2
:10A3D0001E961C921E921D97A2E8B2E11196DC9384
:10A3E000CE9312961C92129713961C921397149662
:10A3F0001C92149715961C92AAE7B2E113961C9230
:10A400001E9212978DE095E011969C938E9316966E
:10A41000FC93EE93159727E014962C9314971796B8
:10A420001C92A5EDB1E113961C921E921297119603
:10A430009C938E931696FC93EE93159723E01496B7
:10A440002C93149721E017962C93ADECB1E1139661
:10A450001C921E92129711969C938E931696FC93C3
:10A46000EE93159786E014968C93149717961C928A
:10A4700007EB11E1D80113961C921E921297F80176
:10A48000C482D582E682F78280E090E19587848756
:10A490001686108A17868FEE94E091838083128A45
:10A4A000118A148A138A158A64EE7BE08BEA91E1A3
:10A4B0000F943E031093AA110093A911ECE9F1E166
:10A4C00013821282C482D582E682F78289EC94E0FC
:10A4D0009183808384E0848710929211109291116D
:10A4E000109294111092931110929611109295114E
:10A4F00080E480937D1082E890E190930311809333
:10A50000021101E510E1D80113961C921E921297D8
:10A510008DEB94E011969C938E935C96DC93CE9396
:10A520005B975D961D921D921D921C9290978FEFE6
:10A530009FEF98969C938E9397971596FC93EE9326
:10A54000149796961C921E92959780E091E00F9436
:10A550003353F8019783868380E091E09187808769
:10A560008FE090E09387828795878487EBE4F3E11F
:10A57000D183C0831282138214821582E1E5F3E154
:10A58000D183C0831282138214821582E7E5F3E13E
:10A59000D183C0831282138214821582E8E8F2E12B
:10A5A00080E3DF011D928A95E9F7EDE5F3E1D183C0
:10A5B000C0831282138214821582E8EBF2E11082CA
:10A5C000118213821282E3E6F3E1D183C083128207
:10A5D000138214821582E9E6F3E1D183C0831282EB
:10A5E000138214821582EFE6F3E1D183C0831282D5
:10A5F000138214821582E5E7F3E1D183C0831282CE
:10A60000138214821582EBE7F3E1D183C0831282B7
:10A61000138214821582E1E8F3E1D183C0831282B0
:10A62000138214821582E7E8F3E1D183C08312829A
:10A63000138214821582EDE8F3E18FEF808312829A
:10A640001182148613868FEF9FEFDC01878390873A
:10A65000A187B287DF91CF911F910F91FF90EF906B
:10A66000DF90CF9008950F931F93CF93DF938230A5
:10A67000910510F482E090E0E0919E13F0919F1319
:10A6800030E020E0B0E0A0E0309799F421153105EA
:10A6900009F44AC0281B390B24303105D8F58A81CA
:10A6A0009B816115710589F1FB0193838283FE0112
:10A6B00011C0408151810281138148175907E0F090
:10A6C0004817590799F4109761F012960C93129756
:10A6D00013961C933296CF01DF91CF911F910F916A
:10A6E000089500939E1310939F13F4CF2115310505
:10A6F00051F04217530738F0A901DB019A01BD015F
:10A70000DF01F801C1CFEF01F9CF90939F13809340
:10A710009E13CDCFFE01E20FF31F81939193225040
:10A72000310939832883D7CF20919C1330919D1311
:10A73000232B41F4209144023091450230939D1324
:10A7400020939C1320914202309143022115310540
:10A7500041F42DB73EB74091460250914702241B69
:10A76000350BE0919C13F0919D13E217F307A0F4D1
:10A770002E1B3F0B2817390778F0AC014E5F5F4F57
:10A780002417350748F04E0F5F1F50939D134093D9
:10A790009C13819391939FCFF0E0E0E09CCFCF9307
:10A7A000DF930097E9F0FC01329713821282A091A7
:10A7B0009E13B0919F13ED0130E020E01097A1F4BB
:10A7C00020813181820F931F20919C1330919D1322
:10A7D0002817390709F061C0F0939D13E0939C138B
:10A7E000DF91CF910895EA01CE17DF07E8F54A819E
:10A7F0005B819E0141155105B1F7E901FB83EA83B5
:10A8000049915991C40FD51FEC17FD0761F4808160
:10A8100091810296840F951FE90199838883828133
:10A8200093819B838A83F0E0E0E012968D919C9166
:10A8300013970097B9F52D913C911197CD01029690
:10A84000820F931F20919C1330919D132817390775
:10A8500039F6309751F510929F1310929E13B093D2
:10A860009D13A0939C13BCCFD383C283408151819D
:10A87000840F951FC817D90761F44E5F5F4F888119
:10A880009981480F591F518340838A819B8193830B
:10A8900082832115310509F0B0CFF0939F13E09327
:10A8A0009E139ECFFD01DC01C0CF13821282D7CF51
:10A8B0008F929F92AF92BF92CF92DF92EF92FF92D0
:10A8C000CF93DF93EC01688179818A819B81611547
:10A8D00071058105910521F464E279ED8BE597E03E
:10A8E0002DE133EF41E050E00F94AB5D49015A0197
:10A8F0009B01AC01A7EAB1E40F94CA5D6B017C0136
:10A90000ACEEB4EFA50194010F94D85DC60ED71E2E
:10A91000E81EF91EF7FE06C081E0C81AD108E1085A
:10A9200080E8F80AC882D982EA82FB82C701B601B0
:10A930009F77DF91CF91FF90EF90DF90CF90BF9006
:10A94000AF909F908F9008958F929F92AF92BF92F9
:10A95000CF92DF92EF92FF9260914802709149028C
:10A9600080914A0290914B02611571058105910514
:10A9700021F464E279ED8BE597E02DE133EF41E0DE
:10A9800050E00F94AB5D49015A019B01AC01A7EA6D
:10A99000B1E40F94CA5D6B017C01ACEEB4EFA5018C
:10A9A00094010F94D85DC60ED71EE81EF91EF7FE5F
:10A9B00006C081E0C81AD108E10880E8F80AC09210
:10A9C0004802D0924902E0924A02F0924B02C7013B
:10A9D000B6019F77FF90EF90DF90CF90BF90AF9040
:10A9E0009F908F90089560934802709349028093DE
:10A9F0004A0290934B0208953F924F925F926F925A
:10AA00007F928F929F92AF92BF92CF92DF92EF92FE
:10AA1000FF920F931F93CF93DF935C016B017A0139
:10AA20006115710519F0FB0191838083E114F10434
:10AA300049F0C7010297839728F060E070E0CB01EE
:10AA40009BC05E01E5012196F5011081812F90E008
:10AA50000F944856892BA9F71D3209F05CC0219646
:10AA6000F501118101E0E114F10409F4BBC0F0E14A
:10AA7000EF16F10409F09BC0103341F488818F7DFB
:10AA8000883509F08FC0198122960260E0E1EE2E30
:10AA9000F12C88248A94982CA82CFFE0BF2E20E06B
:10AAA00060E070E0CB0127010F2C000C66087708EE
:10AAB000FE0150ED352E310E39E0331568F43FEBD1
:10AAC000310F49EC342E3A3130F03FE9310F3A3151
:10AAD000B0F539EA332E310E3E141F0484F52F3FB2
:10AAE000B9F086169706A806B90638F1A3019201B7
:10AAF0000F94795D232D30E050E040E0620F731F2A
:10AB0000841F951F6217730784079507B0F021E033
:10AB100021961081CDCF1B3221F4E5012296F5015B
:10AB2000118100E0A0CF78E0E72EF12C88248A94F0
:10AB3000982CA82C6FE1B62EB2CF2FEFE9CFC1141D
:10AB4000D10431F0222351F12197F601D183C08342
:10AB500000FF07C090958095709561957F4F8F4F4E
:10AB60009F4F2F3F49F482E290E09093A713809388
:10AB7000A6136FEF7FEFCB01DF91CF911F910F9164
:10AB8000FF90EF90DF90CF90BF90AF909F908F900D
:10AB90007F906F905F904F903F90089501FFD8CFC6
:10ABA0002297D3CF10E3E114F10409F4BCCF3AE0CB
:10ABB000E316F104E9F080E1E816F10409F466CF48
:10ABC000E8E0EE16F10409F4B1CF6FEF7FEFCB01AF
:10ABD00097010F2C000C440B550B0F94895D490114
:10ABE0005A015DCF103309F449CF9AE0E92EF12CD8
:10ABF00089E9882E982CA82C89E1B82E50CF662799
:10AC000077270D94165AFC0188279927E8942191FB
:10AC10002032E9F3293010F02E30C8F32B3241F006
:10AC20002D3239F4689404C00F940057820F911D9F
:10AC3000219120532A30C0F31EF4909581959F4FA7
:10AC400008951F93FC0199278827BC01E89411916E
:10AC50001032E9F3193010F01E30C8F31B3251F0F6
:10AC60001D3249F4689406C00F94EB56610F711DB4
:10AC7000811D911D119110531A30B0F33EF490953F
:10AC80008095709561957F4F8F4F9F4F1F910895CD
:10AC900091110D94745B803219F089508550C8F77A
:10ACA0000895FB01DC018D9181341CF08B350CF48F
:10ACB000805E659161341CF06B350CF4605E861B20
:10ACC000611189F3990B0895FB01DC010D900020BF
:10ACD000E9F7119705900D920020E1F70895FB0127
:10ACE000DC018D91059080190110D9F3990B08951D
:10ACF000FB01DC0105900D920020E1F70895FC01B5
:10AD000005900020E9F7809590958E0F9F1F08957C
:10AD1000FB01DC010D900020E9F7119741505040F4
:10AD200028F0059000200D92C9F708951C9208950F
:10AD3000FB01DC014150504030F08D9105908019AD
:10AD400019F40020B9F7881B990B0895FB01DC0169
:10AD50004150504048F005900D920020C9F701C0C5
:10AD60001D9241505040E0F708954AE953E10D9497
:10AD7000C456FC016150704001900110D8F78095D5
:10AD800090958E0F9F1F0895FA01A191B0810097B1
:10AD900019F41097E1F0CD01DC01CD010D900020F8
:10ADA00011F4C00113C0FB012191222319F02015D9
:10ADB000D9F7F3CFFB012191201519F41E921196BA
:10ADC00006C02223C1F70D900020A1F7D001FA019F
:10ADD000A193B0830895592F482F372F262F660F40
:10ADE000771F881F991F660F771F881F991F620F93
:10ADF000731F841F951F660F771F881F991F089563
:10AE00007AE0979F902D879F802D910D11240895B2
:10AE1000BB27FA01A62F6217710581059105330B37
:10AE200030FB66F0AA27660F771F881F991FAA1F9D
:10AE3000A21710F0A21B63953850A9F7A05DAA33A2
:10AE400008F0A95DA19336F7B111B1931082CA0140
:10AE50000D94A15BFC01238127FF23C02091A01347
:10AE60003091A1138217930721F41092A11310922D
:10AE7000A0132091A2133091A3138217930721F4FA
:10AE80001092A3131092A2132091A4133091A51332
:10AE90002817390721F41092A5131092A4130F94C8
:10AEA000CF5390E080E008950F931F93CF93DF93EB
:10AEB000009759F46115710541F4F0E0E0E0CF012D
:10AEC000DF91CF911F910F9108958B01EC016EE0FE
:10AED00070E081E090E00F94FA59FC01892B69F34E
:10AEE00080E883830115110571F01387028781E8DB
:10AEF00083838091A0139091A113892B21F4F09367
:10AF0000A113E093A0132097D1F2D187C08783814A
:10AF1000826083838091A2139091A313892B79F689
:10AF2000F093A313E093A2138091A4139091A5131F
:10AF3000892B29F6F093A513E093A413C0CFCF93E8
:10AF4000DF93EC012B8120FF1AC026FF0CC02F7B62
:10AF50002B838E819F8101969F838E838A8190E0CF
:10AF6000DF91CF91089522FF18C0E881F981808197
:10AF7000082E000C990B009729F420622B838FEF89
:10AF80009FEFEECF3196F983E8832E813F812F5FCB
:10AF90003F4F3F832E839927E3CFEA85FB851995A1
:10AFA00097FFF3CF2B81019621F080E2822B8B83D8
:10AFB000E6CF80E1FBCF0F931F93CF93DF93CDB705
:10AFC000DEB708851985F801838188608383AE0127
:10AFD000445F5F4F6A857B85C8010F94F857F8017D
:10AFE0002381277F2383DF91CF911F910F910895B4
:10AFF0002F923F924F925F926F927F928F929F9289
:10B00000AF92BF92CF92DF92EF92FF920F931F9376
:10B01000CF93DF9300D000D000D01F921F92CDB706
:10B02000DEB77C013B018A01FC0117821682838115
:10B0300081FFDDC1CE0101965C01F7019381F3012F
:10B0400093FD859193FF81913F01882309F453C1BA
:10B05000853239F493FD859193FF81913F018532CB
:10B0600029F4B70190E00F94B15BE7CF912C212C2C
:10B07000312CFFE1F31538F08B3211F190F480326E
:10B0800009F1833229F137FC3CC020ED280F2A302A
:10B0900050F536FE20C08AE0989E200D1124922E95
:10B0A00006C08D3291F0803371F7689430F8F30167
:10B0B00093FD859193FF81913F018111DACF21C0EA
:10B0C000689431F8689432F8F2CF689433F8EFCF8F
:10B0D000689434F8ECCFEAE02E9E200D1124222E45
:10B0E000689435F8E4CF8E3229F436FC04C16894B4
:10B0F00036F8DDCF8C3619F4689437F8D8CF883617
:10B10000B1F2982F9F7D95549330E0F08336A1F1F2
:10B110008337C1F1833509F063C02801F2E04F0E97
:10B12000511CF801C080D180692D70E036FC02C04E
:10B130006FEF7FEFC6010F948F5B4C01689437F877
:10B1400082010AC00C5F1F4FFFE3F98388248394B8
:10B15000912C6501E89437F833FE2DC0522C8114F0
:10B16000910471F5552009F468CFB70180E290E0B1
:10B170000F94B15B5A94F6CFF801808189830E5FFA
:10B180001F4FE4CF2801F2E04F0E511CF801C080A0
:10B19000D180692D70E036FC02C06FEF7FEFC601F1
:10B1A0000F94B9564C018201D5CFB70180E290E0EF
:10B1B0000F94B15B2A942814190409F0B0F7CECF8C
:10B1C000F60137FC859137FE81916F01B70190E060
:10B1D0000F94B15B51105A94F1E08F1A9108BFCFD0
:10B1E000843619F0893609F077C0F80137FE6BC054
:10B1F00060817181828193810C5F1F4FF32DFF76F7
:10B200003F2E97FF09C090958095709561957F4F6F
:10B210008F4F9F4F689437F82AE030E0A5010F94D4
:10B22000E15BC82ECA188C2C432C36FE0CC0E89467
:10B2300040F8C91440F434FE05C032FC03C0F32DBD
:10B24000FE7E4F2E892C44FEAAC0FE01EC0DF11D9E
:10B250008081803309F09CC0242D297E422E842DCC
:10B260008870582E43FCAAC040FEA4C09C2C8214B7
:10B2700018F42C0C922C981844FEA6C0B70180E359
:10B2800090E00F94B15B42FE09C088E790E041FE78
:10B2900002C088E590E0B7010F94B15BC91408F4CF
:10B2A0009FC0CA94D12C9FEFC91AD90ACA0CDB1CC3
:10B2B000F60182916F01B70190E00F94B15BAC147D
:10B2C000BD04B1F74FCF60817181072E000C880B50
:10B2D000990B0E5F1F4F92CFD32CE894D4F82AE03D
:10B2E00030E08537E1F1232D297FD22E8F36A9F169
:10B2F000F0F4883551F1F701868197812B960FB6CE
:10B30000F894DEBF0FBECDBFDF91CF911F910F919B
:10B31000FF90EF90DF90CF90BF90AF909F908F9075
:10B320007F906F905F904F903F902F90089580375F
:10B3300049F0883701F7D4FE02C06894D2F820E1C2
:10B3400030E00DC06894D4F8F6CF34FE03C0822FED
:10B350008660D82E20E132E002C028E030E0F8011B
:10B36000D7FE0FC060817181828193810C5F1F4F76
:10B37000A5010F94E15BC82ECA183D2CE89437F85C
:10B3800052CF6081718190E080E00E5F1F4FF0CF5F
:10B3900042FC02C0839463CF8394839460CF842D56
:10B3A000867809F45CCFF6CFB70180E290E00F9485
:10B3B000B15B83948214C0F3512C5ECF522C581889
:10B3C000821408F459CFF8CF842D867809F466CF1B
:10B3D0008BE241FE80E247FC8DE2B70190E05CCF5A
:10B3E000B70180E390E00F94B15B9A9457CF8FEF51
:10B3F0009FEF84CF0F931F93CF93DF93869F80019E
:10B40000879F100D969F100D1124C8010F94335380
:10B41000EC01009729F0A80170E060E00F949A5BBE
:10B42000CE01DF91CF911F910F9108958F929F923E
:10B43000AF92BF92CF92DF92EF92FF920F931F9342
:10B44000CF93DF935C017B016115710519F0DB017E
:10B450008D939C9385010F5F1F4FF501D0818D2F38
:10B4600090E00F9448566C01892BB9F5DD32B9F59F
:10B470000F5F1F4FD5011196DC91C1E05801F1E03B
:10B48000AF1AB10843E050E062EF78E0C5010F94D5
:10B49000775B892B69F5680182E0C80ED11C45E015
:10B4A00050E06DEE78E0C6010F94775B892B21F4B4
:10B4B000680197E0C90ED11CE114F10419F0D7011D
:10B4C000CD92DC9260E070E080E89FEFC111FFC098
:10B4D00060E070E080E89FE7FAC05801BBCFDB3244
:10B4E00029F485010E5F1F4FF501D181C0E0C6CF61
:10B4F00043E050E06AEE78E0C5010F94775B892B5A
:10B50000E9F0F80110E000E020E030E0A9015F017F
:10B51000B0ED8B2E8D0E89E08815C8F19C2E6894B5
:10B5200091F88C2F8870C2FF16C0811102C00F5F86
:10B530001F4F3196D501DC91C92DE9CFE114F104FB
:10B5400029F00E5F1F4FF7011183008360E070E068
:10B5500080EC9FE7BCC0882311F001501109A5E0E1
:10B56000B0E00F94CA5D9B01AC01220F331F441F52
:10B57000551F280D311D411D511D283999E93907E5
:10B58000490799E15907A8F2C6609C2ED2CFAEEFC9
:10B590008A1206C0C3FD3CC09C2E689493F8C9CFA4
:10B5A000DF7DD534A9F580818D3239F4C061DF01AA
:10B5B0001296818162E070E006C0DF018B32C1F338
:10B5C000119661E070E080535D01A61AB70A8A30D7
:10B5D000F8F4E0E8CE16ECE0DE065CF4B601660FA7
:10B5E000771F660F771FC60ED71ECC0CDD1CC80E4A
:10B5F000D11C5D01FFEFAF1ABF0A8C9180538A30D6
:10B60000A8F1C4FF03C0D194C194D1080C0D1D1D35
:10B61000C1FF09C0E114F10431F081E0A81AB108BA
:10B62000D701AD92BC92CA01B9010F94445CC370BA
:10B63000C33009F490584B015C0120E030E0A901CF
:10B640000F943F5C882309F440C0C1E2D9E017FFA2
:10B6500005C0119501951109C9E0D9E06E01B8E165
:10B66000CB1AD10880E2E82EF12C0FC0D501B1CF62
:10B67000FE0125913591459154910E191F09C5017F
:10B68000B4010F94A55C4B015C01D501C4010E15FA
:10B690001F0574F72497F594E794CC16DD06A9F7F7
:10B6A0008A2F880F8B2F881F8F3F49F020E030E0D2
:10B6B000A901C501B4010F943F5C811106C082E26B
:10B6C00090E09093A7138093A613C501B401DF9176
:10B6D000CF911F910F91FF90EF90DF90CF90BF908F
:10B6E000AF909F908F900895992788270895FB0128
:10B6F000DC014150504088F08D9181341CF08B3535
:10B700000CF4805E659161341CF06B350CF4605E66
:10B71000861B611171F3990B0895881BFCCFFC0106
:10B720000590615070400110D8F7809590958E0F6C
:10B730009F1F0895DC0101C06D9341505040E0F718
:10B740000895DC01FC01672F71917723E1F73297AF
:10B7500004C07C916D9370836291AE17BF07C8F3EC
:10B7600008950F931F93CF93DF93182F092FEB01A9
:10B770008B8181FD09C01FEF0FEF812F902FDF918B
:10B78000CF911F910F91089582FF14C02E813F81A8
:10B790008C819D81281739073CF4E881F981CF011C
:10B7A00001969983888310838E819F8101969F8360
:10B7B0008E83E3CFE885F985812F1995892BA1F335
:10B7C000DACFFA01AA27283051F1203181F1E8942B
:10B7D0006F936E7F6E5F7F4F8F4F9F4FAF4FB1E084
:10B7E0003ED0B4E03CD0670F781F891F9A1FA11D7F
:10B7F000680F791F8A1F911DA11D6A0F711D811D80
:10B80000911DA11D20D009F468943F912AE0269F44
:10B8100011243019305D3193DEF6CF010895462FA3
:10B820004770405D4193B3E00FD0C9F7F6CF462F84
:10B830004F70405D4A3318F0495D31FD40524193ED
:10B8400002D0A9F7EACFB4E0A695979587957795AA
:10B850006795BA95C9F700976105710508959B0131
:10B86000AC010A2E06945795479537952795BA95BA
:10B87000C9F7620F731F841F951FA01D08950F94B1
:10B88000815C08F481E00895E89409C097FB3EF4D8
:10B8900090958095709561957F4F8F4F9F4F99231D
:10B8A000A9F0F92F96E9BB279395F695879577959B
:10B8B0006795B795F111F8CFFAF4BB0F11F460FF5B
:10B8C0001BC06F5F7F4F8F4F9F4F16C0882311F0B3
:10B8D00096E911C0772321F09EE8872F762F05C0C7
:10B8E000662371F096E8862F70E060E02AF09A9562
:10B8F000660F771F881FDAF7880F9695879597F957
:10B900000895990F0008550FAA0BE0E8FEEF1616F0
:10B910001706E807F907C0F012161306E407F50743
:10B9200098F0621B730B840B950B39F40A2661F0B7
:10B93000232B242B252B21F408950A2609F4A1405A
:10B94000A6958FEF811D811D08950F94B85C0D940D
:10B95000295D0F941B5D38F00F94225D20F0952334
:10B9600011F00D94125D0D94185D11240D945D5D20
:10B970000F943A5D70F3959FC1F3950F50E0551FFA
:10B98000629FF001729FBB27F00DB11D639FAA2734
:10B99000F00DB11DAA1F649F6627B00DA11D661F83
:10B9A000829F2227B00DA11D621F739FB00DA11DA4
:10B9B000621F839FA00D611D221F749F3327A00D5E
:10B9C000611D231F849F600D211D822F762F6A2FFA
:10B9D00011249F5750409AF0F1F088234AF0EE0F5F
:10B9E000FF1FBB1F661F771F881F91505040A9F78C
:10B9F0009E3F510580F00D94125D0D945D5D5F3F9B
:10BA0000E4F3983ED4F3869577956795B795F795C7
:10BA1000E7959F5FC1F7FE2B880F911D969587953F
:10BA200097F9089597F99F6780E870E060E00895BE
:10BA30009FEF80EC089500240A9416161706180646
:10BA40000906089500240A94121613061406050622
:10BA50000895092E0394000C11F4882352F0BB0FB3
:10BA600040F4BF2B11F460FF04C06F5F7F4F8F4F16
:10BA70009F4F089557FD9058440F551F59F05F3F51
:10BA800071F04795880F97FB991F61F09F3F79F000
:10BA900087950895121613061406551FF2CF469582
:10BAA000F1DF08C0161617061806991FF1CF869504
:10BAB0007105610508940895E894BB2766277727E8
:10BAC000CB0197F90895F999FECF92BD81BDF89AFF
:10BAD000992780B50895262FF999FECF1FBA92BDF8
:10BAE00081BD20BD0FB6F894FA9AF99A0FBE01965F
:10BAF0000895DB018F939F930F94CA5DBF91AF911F
:10BB0000A29F800D911DA39F900DB29F900D1124B7
:10BB10000895A1E21A2EAA1BBB1BFD010DC0AA1F8E
:10BB2000BB1FEE1FFF1FA217B307E407F50720F0A6
:10BB3000A21BB30BE40BF50B661F771F881F991F21
:10BB40001A9469F760957095809590959B01AC016A
:10BB5000BD01CF010895052E97FB1EF400940F94AC
:10BB6000C25D57FD07D00F94895D07FC03D04EF4EA
:10BB70000D94C25D50954095309521953F4F4F4FA4
:10BB80005F4F089590958095709561957F4F8F4F89
:10BB90009F4F08950F94DD5DA59F900DB49F900D6C
:10BBA000A49F800D911D11240895B7FF0D94CA5DC7
:10BBB0000F94CA5D821B930B0895A29FB001B39F9F
:10BBC000C001A39F700D811D1124911DB29F700DA6
:10BBD000811D1124911D089597FB072E16F40094E2
:10BBE00007D077FD09D00F941E5E07FC05D03EF408
:10BBF000909581959F4F0895709561957F4F089519
:10BC0000EE0FFF1F881F8BBF0790F691E02D199450
:10BC100069279627692778278727782708950F941B
:10BC2000DD5D332312F48A1B9B0B0D94195E0F9478
:10BC3000DD5DB7FF0895821B930B0895AA1BBB1B04
:10BC400051E107C0AA1FBB1FA617B70710F0A61B1C
:10BC5000B70B881F991F5A95A9F780959095BC013D
:10BC6000CD0108955058BB27AA270F944A5E0D9422
:10BC7000295D0F941B5D38F00F94225D20F039F49C
:10BC80009F3F19F426F40D94185D0EF4E095E7FB40
:10BC90000D94125DE92F0F943A5D58F3BA176207BD
:10BCA00073078407950720F079F4A6F50D945C5D81
:10BCB0000EF4E0950B2EBA2FA02D0B01B9019001C7
:10BCC0000C01CA01A0011124FF27591B99F0593F0B
:10BCD00050F4503E68F11A16F040A22F232F342F53
:10BCE0004427585FF3CF469537952795A795F040A1
:10BCF0005395C9F77EF41F16BA0B620B730B840BB6
:10BD0000BAF09150A1F0FF0FBB1F661F771F881F6D
:10BD1000C2F70EC0BA0F621F731F841F48F48795C5
:10BD200077956795B795F7959E3F08F0B0CF9395B7
:10BD3000880F08F09927EE0F9795879508950F942F
:10BD4000B35E0D94295D0F94225D58F00F941B5D36
:10BD500040F029F45F3F29F00D94125D51110D94CC
:10BD60005D5D0D94185D0F943A5D68F39923B1F30E
:10BD7000552391F3951B550BBB27AA276217730711
:10BD8000840738F09F5F5F4F220F331F441FAA1FA5
:10BD9000A9F335D00E2E3AF0E0E832D09150504061
:10BDA000E695001CCAF72BD0FE2F29D0660F771F0F
:10BDB000881FBB1F261737074807AB07B0E809F0F5
:10BDC000BB0B802DBF01FF2793585F4F3AF09E3F7A
:10BDD000510578F00D94125D0D945D5D5F3FE4F3C5
:10BDE000983ED4F3869577956795B795F7959F5FBD
:10BDF000C9F7880F911D9695879597F90895E1E009
:10BE0000660F771F881FBB1F621773078407BA0767
:10BE100020F0621B730B840BBA0BEE1F88F7E095C2
:10BE200008950F94185F6894B1110D945D5D0895A5
:10BE30000F94425D88F09F5798F0B92F9927B7511A
:10BE4000B0F0E1F0660F771F881F991F1AF0BA95BE
:10BE5000C9F714C0B13091F00F945C5DB1E0089562
:10BE60000D945C5D672F782F8827B85F39F0B93F54
:10BE7000CCF3869577956795B395D9F73EF4909571
:10BE80008095709561957F4F8F4F9F4F08950F94C8
:10BE9000815C08F48FEF0895FA01EE0FFF1F3096D2
:10BEA00021053105A1F16115710561F48038BFE309
:10BEB0009B0749F168949038810561F08038BFEFA5
:10BEC0009B0741F099234AF5FF3FE1053105210524
:10BED00019F1E8940894E795D901AA2329F4AB2F26
:10BEE000BE2FF85FD0F310C0FF5F70F4A695E0F7A7
:10BEF000F73950F019F0FF3A38F49F779F930DD03F
:10BF00000F9007FC9058089546F00D94185D60E07E
:10BF100070E080E89FE308954FE79F775F934F932A
:10BF20003F932F930F9498602F913F914F915F9182
:10BF30000F94A55C0D94B45F0F94366030F09F377A
:10BF400010F40D945D5D0D94E65F0D9401600F9407
:10BF5000815C880B990B089529F416F00D94125DFD
:10BF60000D945C5D0D94185D0F94425DA8F39638B6
:10BF7000A0F707F80F92E8942BE33AEA48EB5FE763
:10BF80000F94BB5C0F920F920F924DB75EB70F925A
:10BF90000F94E060E4EEF0E00F940F604F915F913A
:10BFA000EF91FF91E595EE1FFF1F49F0FE57E06806
:10BFB0004427EE0F441FFA95E1F74195550B0F9476
:10BFC0005A600F9007FE0D944E600895882371F417
:10BFD000772321F09850872B762F07C0662311F422
:10BFE00099270DC09051862B70E060E02AF09A9559
:10BFF000660F771F881FDAF7880F9695879597F950
:10C0000008959F3F31F0915020F48795779567957B
:10C01000B795880F911D9695879597F90895DF93A9
:10C02000CF931F930F93FF92EF92DF927B018C01CE
:10C03000689406C0DA2EEF010F94B85CFE01E89414
:10C04000A5912591359145915591A6F3EF010F9456
:10C050004A5EFE019701A801DA9469F7DF90EF903C
:10C06000FF900F911F91CF91DF9108950F94425D42
:10C07000A0F0BEE7B91788F4BB279F3860F4161606
:10C08000B11D672F782F8827985FF7CF8695779512
:10C090006795B11D93959639C8F308959B01AC013E
:10C0A00060E070E080E89FE30D949F5E0D94125D68
:10C0B0000D9401600F94425DD8F39923C9F3940F56
:10C0C000511DA3F39150504094F059F0882332F061
:10C0D000660F771F881F91505040C1F79E3F510552
:10C0E0002CF7880F911D9695879597F908955F3FD6
:10C0F000ACF0983E9CF0BB27869577956795B795F1
:10C1000008F4B1609395C1F7BB0F58F711F460FFC5
:10C11000E8CF6F5F7F4F8F4F9F4FE3CF0D945D5DF3
:10C1200016F00D9401600D94185D68940D94125DE5
:10C130000F94425DA8F39923C1F3AEF3DF93CF933D
:10C140001F930F93FF92C92FDD2788232AF0219791
:10C15000660F771F881FDAF720E030E040E85FEBDA
:10C160009FE3883920F0803E38F021968F770F9436
:10C17000335EECE0F1E004C00F94335EE9E3F1E0FC
:10C180000F940F608B01BE01EC01FB2E6F577109FC
:10C190007595771F880B990B0F94465C28E132E761
:10C1A00041E35FE30F94B85CAF2D9801AE01FF90BF
:10C1B0000F911F91CF91DF910F944A5E0D94295DED
:10C1C000FA01DC01AA0FBB1F9B01AC01BF5728F489
:10C1D000222733274427507820C0B75190F4AB2F43
:10C1E0000024469537952795011CA395D2F300208E
:10C1F00071F0220F331F441FB395DAF30ED00D9464
:10C20000325E61307105A0E88A07B94630F49B01BF
:10C21000AC016627772788279078309621F0208315
:10C2200031834283538308954F925F926F927F923E
:10C230008F929F92AF92BF92CF92DF92EF92FF9236
:10C240000F931F93CF93DF938C01009799F4CB0149
:10C25000DF91CF911F910F91FF90EF90DF90CF90E2
:10C26000BF90AF909F908F907F906F905F904F9016
:10C270000D943353FC01E60FF71F9C012250310946
:10C28000E217F30708F4AEC0D901CD91DC91119704
:10C29000C617D70720F1C530D10578F0CE01049735
:10C2A0008617970750F0C61BD70B2297C193D193DF
:10C2B0006D937C93CF010F94CF53C801DF91CF9141
:10C2C0001F910F91FF90EF90DF90CF90BF90AF90B4
:10C2D0009F908F907F906F905F904F9008955B013B
:10C2E000AC1ABD0A4C018C0E9D1EA0919E13B091FC
:10C2F0009F13512C412CF12CE12C109731F580919A
:10C300009C1390919D138815990509F05CC0461601
:10C31000570608F058C0809142029091430200975E
:10C3200041F48DB79EB74091460250914702841B5D
:10C33000950BE817F90708F055C0F0939D13E093AB
:10C340009C13F90171836083B8CF8D919C911197F3
:10C3500012966C90129713967C901397A815B905B6
:10C3600059F56C0142E0C40ED11CCA14DB0420F163
:10C37000AC014A195B09DA011296159780F06282C6
:10C38000738251834083D9016D937C93E114F1044E
:10C3900071F0D7011396FC93EE9312978ECF2296ED
:10C3A0008C0F9D1FF90191838083F301EFCFF093F0
:10C3B0009F13E0939E1381CF4816590608F42C0171
:10C3C0007D01D3019ACFCB010F9433537C010097A9
:10C3D00049F0AE01B8010F942962C8010F94CF5300
:10C3E00087016BCF10E000E068CF81E090E0F89427
:10C3F0000D942A669111089581568A5108F480524D
:10C40000855808950F931F93CF93DF938C01FC0100
:10C4100001900020E9F7CF01801B910B0F9433535B
:10C42000EC01009719F0B8010F947662CE01DF910C
:10C43000CF911F910F910895FB01DC0104C08D91F4
:10C440000190801921F441505040C8F7881B990B86
:10C450000895FB01DC0102C001900D924150504053
:10C46000D8F708956817790768F4FB01DC01E40F39
:10C47000F51FA40FB51F02C002900E92415050400C
:10C48000D8F708950D942962FB01DC018D91813468
:10C490001CF08B350CF4805E619161341CF06B35BF
:10C4A0000CF4605E861B611189F3990B0895FB0102
:10C4B000DC010D900020E9F7119701900D9200200A
:10C4C000E1F70895FC018191861721F08823D9F7BF
:10C4D000992708953197CF010895FB01DC018D91D3
:10C4E000019080190110D9F3990B0895FB01DC012B
:10C4F00001900D920020E1F70895FB01DC010D9001
:10C500000020E9F711974150504028F00190002099
:10C510000D92C9F708951C920895FB01DC0141506A
:10C52000504030F08D910190801919F40020B9F736
:10C53000881B990B0895FB01DC014150504048F0E5
:10C5400001900D920020C9F701C01D92415050404A
:10C55000E0F70895FC0181E090E00190061609F4EF
:10C56000CF010020D1F7019708950F931F93CF9328
:10C57000DF93CDB7DEB72E970FB6F894DEBF0FBEB0
:10C58000CDBF0E891F89888D998D26E02C831A8353
:10C59000098397FF02C080E090E801979E838D8316
:10C5A000AE01445E5F4F6A8D7B8DCE0101960F9484
:10C5B000F8574D815E8157FD0AC02F81388542179B
:10C5C00053070CF49A01020F131FF80110822E96E4
:10C5D0000FB6F894DEBF0FBECDBFDF91CF911F9194
:10C5E0000F9108950F931F93CF93DF93CDB7DEB7CD
:10C5F0002E970FB6F894DEBF0FBECDBF0E891F89F0
:10C6000086E08C831A8309838FEF9FE79E838D8357
:10C61000AE01465E5F4F688D798DCE0101960F9415
:10C62000F8572F813885020F131FF80110822E96BC
:10C630000FB6F894DEBF0FBECDBFDF91CF911F9133
:10C640000F910895CF93DF93CDB7DEB72E970FB636
:10C65000F894DEBF0FBECDBF85E08C838C899D89A9
:10C660009A838983AE01485E5F4F6E897F89CE01D0
:10C6700001960F94EE642E960FB6F894DEBF0FBEAF
:10C68000CDBFDF91CF91089520FD09C0FC0123FDAE
:10C6900005C022FF02C073836283518340830895E3
:10C6A00044FD17C046FD1DC0DB01FC01AA0FBB1FE6
:10C6B000EE1FFF1F1094D1F76A0F7B1F8E1F9F1F65
:10C6C000660F771F881F991F620F711D811D911DB5
:10C6D000089533E0660F771F881F991F3150D1F7F7
:10C6E000F3CF34E0F7CF0F931F93CF93DF938C01F9
:10C6F000C8010F949F57EC0197FD08C00F9448564E
:10C70000892BB1F7B801CE010F941266CE01DF91EB
:10C71000CF911F910F9108958F929F92AF92BF92E8
:10C72000EF92FF920F931F93CF93DF938C01D62F3D
:10C730007A01B22E0F949F579C0133272B3231057B
:10C7400029F02D323105A9F46894B7F8D15061F47D
:10C7500080E0DF91CF911F910F91FF90EF90BF90FC
:10C76000AF909F908F900895C8010F949F5797FDA9
:10C77000EFCFCB2DCD7F2B2D2073F9F48033E9F44F
:10C78000AA24AA94AD0E89F0C8010F949F5797FD73
:10C790000CC0282F2F7D283561F4C264D25029F0B7
:10C7A000C8010F949F5797FF08C0812C912C54010A
:10C7B0001BC0B6FE2BC0C260DA2D812C912C540117
:10C7C00020ED280F283028F1C4FD09C02A3008F1D7
:10C7D000C6FF05C02F7D3FEE320F3630C8F0B801DE
:10C7E0000F941266C1FFB4CFC7FF08C0B094A094E5
:10C7F00090948094811C911CA11CB11C2C2FB5011C
:10C80000A401C7010F94446381E0A3CFC261D4CFD8
:10C8100027504C2FC501B4010F9450634B015C01AC
:10C82000C260D15009F3C8010F949F5797FFC8CF3A
:10C83000D9CF7F928F929F92AF92BF92CF92DF9289
:10C84000EF92FF920F931F93CF93DF93CDB7DEB795
:10C85000A0970FB6F894DEBF0FBECDBF5C01962E39
:10C860007A01CE0101966C0180E2F60111928A955F
:10C87000E9F7F501B381890130E020E0712C812CCA
:10C88000A0E041E050E0F801B3FD8591B3FF819154
:10C89000982F8F01811117C010E000E0C801A09609
:10C8A0000FB6F894DEBF0FBECDBFDF91CF911F91C1
:10C8B0000F91FF90EF90DF90CF90BF90AF909F903F
:10C8C0008F907F9008958E3519F42115310541F12F
:10C8D000A21713064CF48D3549F18D3229F48110DD
:10C8E00006C0882483941DC0882009F464C0E92F01
:10C8F000E695E695E695EC0DFD2DF11D892F8770E7
:10C90000BA0101C0660F8A95EAF78081682B6083BF
:10C91000791651F0971510F49F5FE9CF9150E7CF4A
:10C92000A1E02F5F3F4FAFCF812CFBCF882019F0C4
:10C930008E8180628E83AA2359F0F6019E012F5DBD
:10C940003F4F8081809580833196E217F307C9F7C6
:10C9500088248394C5010F949F5797FD16C0E82F34
:10C96000E695E695E695EC0DFD2DF11D208130E074
:10C97000AC014770552702C0359527954A95E2F7D7
:10C9800020FD06C0B5010F941266882069F084CF9F
:10C99000E114F10429F0F7018083C70101967C01BD
:10C9A0009A94812C9110D6CFE114F10409F476CF3A
:10C9B000F701108273CFE82FE695E695E695EC0D2A
:10C9C000FD2DF11D982F9770BA0101C0660F9A9541
:10C9D000EAF79081692B6083782EA3CF5F926F92E4
:10C9E0007F928F929F92AF92BF92CF92DF92EF92FF
:10C9F000FF920F931F93CF93DF936C01EB015A01CA
:10CA0000FC0117821682512CF601E380FE01E3FC43
:10CA10008591E3FE8191182FEF018823E9F090E0E2
:10CA20000F944856892B21F0C6010F947363ECCF05
:10CA3000153241F4FE01E3FC1591E3FE1191EF0183
:10CA4000153269F4C6010F949F5797FD8EC01817D1
:10CA5000D9F2B6010F941266852D90E08AC000E0ED
:10CA60001A3231F4E3FC1591E3FE1191EF0101E07C
:10CA7000F12C20ED210F2A3048F101FF37C0FF20B3
:10CA800059F31836B1F11C3609F43DC0112321F3D6
:10CA9000612F70E085E299E00F940766892BE1F23F
:10CAA000912C812C00FD06C0F50180809180C5018C
:10CAB00002965C011E3679F5F6014681578170E0D9
:10CAC00060E0202FC4010F9444639ECF02606F2D5D
:10CAD00070E090E080E040E20F945063F62EFE019B
:10CAE000E3FC1591E3FE1191EF01C3CFFF24FA940B
:10CAF000C8CFFE01E3FC1591E3FE1191EF0118365A
:10CB000009F0C4CF08600460FE01E3FC1591E3FE68
:10CB10001191EF01BBCF1336C1F401FD02C0FF2418
:10CB2000F394C6010F949F5797FD1FC08114910481
:10CB300029F0F4018083C40101964C01FA94F110AC
:10CB4000F0CF00FD61CF53945FCF1B3511F59E01EF
:10CB5000A4016F2DC6010F941964EC01892B89F78C
:10CB6000F6018381807309F477CF8FEF9FEF511027
:10CB700073CFDF91CF911F910F91FF90EF90DF90D6
:10CB8000CF90BF90AF909F908F907F906F905F906D
:10CB90000895C6010F94736397FDE7CF1F36A9F17F
:10CBA00030F4143641F0193639F0006405C01337FB
:10CBB000B9F01537D1F70062202FA4016F2DC601FF
:10CBC0000F948C638111BDCFCBCF8114910429F0D8
:10CBD000F4016082C40101964C01FA94FF2071F0C7
:10CBE000C6010F949F573C0197FD08C00F9448560B
:10CBF000892B59F3B601C3010F9412668114910475
:10CC000009F49FCFF40110829CCF0061D5CFFC01C5
:10CC10000590061621F00020D9F7C001089531973C
:10CC2000CF010895FB01238120FF11C026FD0FC015
:10CC30008F3F980771F082832F7D206423832681A4
:10CC400037812150310937832683992708958FEF43
:10CC50009FEF08951BE1C5E2DBE100E006C0802FF5
:10CC6000FE010F94005E2196011DC632D10780E0BF
:08CC70000807A9F7F894FFCFB3
:10CC780002FFFF0A000000000001014D015AFFFFFA
:10CC88000A000000000001014D035CFFFF0A0000DC
:10CC980000000001014D025B03100000C0012000EC
:10CCA800070799FD99FD99FD99FD99FD99FD99FD54
:10CCB80099FD0000A8138000010000000200030095
:10CCC800150014001300120000000000126A9AFDFB
:10CCD800411C98FDAA6A1C6A156A9A6B11E5728A4A
:10CCE80000044D51545404000000000000000000EE
:10CCF800000000000000000000000000000000002C
:10CD0800000000000000006C6967687468756200C4
:10CD18003031323334353637383941424344454669
:10CD28000000000000F6BCEB1DF9C98BCB411C418B
:10CD38001C401C00000000F6BCED1D4AC83ACC415E
:10CD48001C411C401C000000008EFF9AFD411C097C
:10CD5800FFA7FF110264FFA0FF25BD000000008EA1
:10CD6800FF9AFD411C09FFA7FFA70164FFA0FF254B
:10CD7800BD01005E00000000000000EDFF07034158
:10CD88001C97FDD6FF9703E7014702870175013914
:10CD980003F300F9014D03CB0045043F018F025E08
:10CDA80000BC007701000000000018FF9AFD411C3C
:10CDB80009FF56FF35FF64FFA0FF25BD01020201F0
:10CDC800010800000801080201000000000200003C
:10CDD80000006CD09EBD53C2EFDDA0BDAC1C991CF9
:10CDE800D42879BF05BDBF1C4520176B0000000083
:10CDF800F6BC9CBD90BEE4DDFABCAC1C991CD51CED
:10CE0800AAD7F331BF1C4520F7BC00000000CF7E35
:10CE18003A6B1CAE1480446BAC1C991CDC1C4DAFE7
:10CE28003974BF1C4520176B00000000CC7E3E6B98
:10CE3800C870397FC66EAC1C991C8728FC6FF3310B
:10CE4800BF1C4520F36A00000000CE7E426BA68E10
:10CE58008489E573AC1C991C931BDA86546FBF1C3C
:10CE68004520176B00000000CE7E986B72B6B4DACE
:10CE78001274AC1C991CA61BCC79F331BF1C45203D
:10CE8800376B00000000D07E966B9075D3822F6FB1
:10CE9800AC1C991C191EDD72F331BF1C4520F36AC6
:10CEA800000000009B7E3C6BD91C86BCF86EAC1C55
:10CEB800991C25295B30F331BF1C4520DC6AE06BE7
:10CEC80000000000CD7E9ABDD91CBFDD5ABDAC1C48
:10CED800991C06295B30F331BF1C4520F66A8BD6B6
:10CEE80000000000CD7E406BD91C8F7F7972AC1C8E
:10CEF800991C06295B30F331BF1C4520F66AA571E1
:10CF08004C48433300000000005DFE9AFDE0FDAA96
:10CF1800FE11FEEFFD03FE00000000CF02D5024126
:10CF28001C97FD090173045101000000003D033BFB
:10CF380004411C98FD000000007103D703411C4503
:10CF4800010902FB000702150267045F03ED0043B5
:10CF5800036702E7035703E902C501000000002147
:10CF68001E9AFD411C97FD561C441C401E971C76BA
:10CF78001C9B69321D931C801C00000000B96A9A32
:10CF8800FD411CCE6A00000000130220746F2000CF
:10CF9800616374004172726179206D617070696EAD
:10CFA800670076616C00747970650053454E445390
:10CFB80054415455533A200061627374726163742A
:10CFC8004F75743A6163746976653A2000656D69D6
:10CFD8007400494E435245415345443A2000204588
:10CFE80078743A002F616C61726D6F66662F736E8C
:10CFF8007372005F737461740052504D0073770050
:10D00800666C7400707772002F616C61726D2F6F9F
:10D0180076726874006974656D0063616E0073638D
:10D028006D640072636D64004F4E004F46460064A5
:10D03800636C69636B0074636C69636B0073636D25
:10D0480064320073636D6433006C636D64007270E6
:10D05800636D64006C636D6432007270636D64327A
:10D06800006C636D6433007270636D6433006163D8
:10D0780074697661746500494E3A2000206973200E
:10D08800006D6170007265706561740068756D008F
:10D09800256C64003B002F636F6E6669672E6A73A8
:10D0A8006F6E002F636F6E6669672E62696E00701F
:10D0B8006964007366780025642D2564005350491F
:10D0C8002D4C45442044652D496E6974004D6F749C
:10D0D8006F723A2044652D496E6974004D4255536C
:10D0E8003A2044652D496E697420004D6F746F7243
:10D0F8003A205461726765740073656E6463686191
:10D108006E676573004056004D4255533A2056618C
:10D118006C75653273656E6420657175616C20721B
:10D128006574726965766564004D4255533A2056B8
:10D13800616C75653273656E6420657175616C200C
:10D14800707265762073656E7400726F6F74006F0D
:10D158007574006263737400706F006B50006B49E4
:10D16800006B4400645400416C61726D54696D65D4
:10D1780000416C61726D56616C75650020493D0017
:10D1880020443D004D6F746F723A20496E697400F7
:10D19800457865633A0069636D6400697265760075
:10D1A80065726576003E2000206F75743A007375CD
:10D1B800707265737300406C617374436D64006FC3
:10D1C80076657272696465636D640056454E543ABB
:10D1D8002073656E644143636D642E20636D643D06
:10D1E80000406C61737446616E00406C61737453E7
:10D1F80065740056454E543A2073656E6441436326
:10D208006D642E2066616E3D0040707265436D64EA
:10D218000056454E543A2073656E644143636D640D
:10D228002E207365743D0056454E543A20626F6F48
:10D238007374206F6E00407072657365740040707F
:10D24800617376006361730056454E543A20435427
:10D25800524C20007475726E627966616E00564594
:10D268004E543A2041432046414E206368616E6720
:10D2780065642C2064656C657465206C61737466E4
:10D28800616E0056454E543A204143205345542080
:10D29800726563656976656420696E697469616C35
:10D2A8006C79200056454E543A204143205345544A
:10D2B800206368616E676564206D616E75616C6C72
:10D2C800792066726F6D20006F6E657874636D6487
:10D2D8000056454E543A204143204D4F4445207254
:10D2E8006563656976656420696E697469616C6CEB
:10D2F80079200056454E543A204143204D4F44452D
:10D30800206368616E676564206D616E75616C6C21
:10D31800792066726F6D200066616E5F696E0056D7
:10D32800454E543A2065787465726E616C2066616A
:10D338006E206C6576656C2073746F7265643A2034
:10D348000056454E543A2067656E65726174696E81
:10D358006720636D642062792066616E3A2000560A
:10D36800454E543A205475726E696E67204F464692
:10D37800202062792066616E0056454E543A20633B
:10D388006D6420696E2046414E2073756666697823
:10D398002C2070726F6365737320617320636F6DE7
:10D3A8006D616E642E20636D643D0040707265632C
:10D3B8006D640056454E543A205475726E696E6716
:10D3C800204F4E2E20636D643A0056454E543A2045
:10D3D8005475726E696E67204F46462E20736176CB
:10D3E800696E6720636D643A0020526576200020DC
:10D3F80044697220004100626F6F73740020503AD4
:10D408000020493A0020443A0056454E543A2062DA
:10D418006F6F7374206F6666004070726548616C48
:10D4280074636D640072656700697200636F696C8C
:10D438000064696E00646566004D425553443A20A5
:10D44800726563757272656E7420636865636B20BC
:10D458007265733A200053524F3A004D4255533A81
:10D468002053746F726564200020746F204053202D
:10D478006F6620004D4255533A2053454E442000D4
:10D4880070726566657463680020747970653A0027
:10D49800207265673A0020417474656D70743A2093
:10D4A800004D4255533A2073656E64206661696C7D
:10D4B800656420005350492D4C454420496E6974D9
:10D4C8000030004354523A207469636B2076616CD3
:10D4D8003A00202B20004354523A207469636B2091
:10D4E80073617665642076616C3A002F7365740009
:10D4F8002F636D64002F66616E002F7377696E6706
:10D50800002F6672657368002F6C6F636B00414370
:10D518003A20506F7765723D002F71756965740008
:10D528002F636F6D70726573736F72002F74656D02
:10D5380070002F6D6F646500636F320074766F63DF
:10D54800002F434F32002F54564F43002F62617310
:10D5580065005D0020543D0025002F54002F480031
:10D56800253032582D253034582D25303458002593
:10D57800783A25783A25783A25783A25783A2578F8
:10D58800256300257500256C75002D256C642E25F6
:10D598003032640025642C25642C25642C25640015
:10D5A8002D25642E253033640073657269616C0023
:10D5B8006261756400706F6C6C00726567730069F6
:10D5C800727300636F696C730064696E73006465DD
:10D5D8006C617900706172006974656D7300746FB5
:10D5E80070696373006D71747400646D78696E009E
:10D5F800646D78006D6F64627573006F77002F63D8
:10D608006E662F253032782D253032782D25303230
:10D61800782D253032782D253032782D2530327806
:10D628002E636F6E6669672E6A736F6E00220049FB
:10D63800662D4E6F6E652D4D61746368003E3E0029
:10D648002B2F2B2F23002F636D642F002F736574EE
:10D658002F000D0A0025252532780057495A6E6596
:10D66800740064653A61643A62653A65663A66656B
:10D678003A30370068656C700073617665006C6FCE
:10D688006164006D6163006970006F746170776434
:10D69800006B696C6C00636C656172007265626F27
:10D6A8006F74006C6F6700736561726368002F6147
:10D6B8006C61726D2F736E7372006E756C6C0066A0
:10D6C800616C73650074727565006E616E00696ED9
:0ED6D80066006F7666002D002E0040530000A5
:00000001FF
