:100000000C9435130C9466130C9466130C946613BD
:100010000C9466130C9466130C9466130C9466137C
:100020000C9466130C9466130C9466130C9466136C
:100030000C9466130C9466130C9466130C9466135C
:100040000C9466130C9466130C9466130C9466134C
:100050000C9466130C9466130C9466130C9400B203
:100060000C9466130C9453900C9429900C94661382
:100070000C9466130C9466130C9466130C9466131C
:100080000C9466130C9466130C9466130C9466130C
:100090000C94FF8F0C94D58F0C9466130C946424ED
:1000A0000C9466130C9466130C9466130C946613EC
:1000B0000C9466130C9466130C9466130C946613DC
:1000C0000C9466130C9466130C9466130C94AB8F0B
:1000D0000C94818F0C9466130C94578F0C942D8F75
:1000E0000C94661307634236B79BD8A71A39685633
:1000F00018AEBAAB558C1D3CB7CC5763BD6DEDFD4A
:10010000753EF6177231BF000000803F0800000006
:10011000BE922449123EABAAAA2ABECDCCCC4C3EFC
:1001200000000080BEABAAAAAA3E00000000BF00EB
:100130000000803F0000000000084178D3BB4387E7
:10014000D1133D190E3CC3BD4282AD2B3E68EC82FB
:1001500076BED98FE1A93E4C80EFFFBE01C4FF7F80
:100160003F00000000000C940F1C0C943A540C94B7
:10017000D0A30C9458690C947F320C94016A0C94AF
:10018000A4180C9486C80C9437350C9484C70C942E
:10019000EEAA0C940B560C9476310C9479830C9443
:1001A000AC6C0C9414370C941A170C9423150C9403
:1001B00014AB0C94B9C80C9405C90C941E340C945F
:1001C00026330C9401530C9426B90C94CCC80C948F
:1001D00054C90C9470170C9408330C940E330C947F
:1001E00064230C949B230C94436D0C94F9380C9469
:1001F000A97C0C948B370C9462340C9421380C94A9
:10020000F74D0C9413840C942CA30C941E370C946F
:10021000E2820C94E0810C949DC10C941D150C9409
:10022000742C0C94CE330C940EAB0C945C540C9444
:100230003C380C9485530C941E8B0C94286E0C94B3
:10024000DE390C94BACD0C94D2150C940F150C9485
:10025000F3690C94221A0C9456380C9488390C9437
:10026000C21F0C9477320C94E9810C9472140C9494
:1002700079800C94601D0C94AF4D0C94DAAA0C9408
:1002800072820C94C0800C94CF4F0C944E340C941A
:100290000D9E0C947E400C943B8A0C94C71C0C94CD
:1002A000BB390C948E200C943D830C944F350C94E8
:1002B0003FC90C948DC80C943D530C941F690C9449
:1002C000E51D0C94236D0C948E420C9416420C94F4
:1002D0002B160C94D8840C94D6690C9465210C943C
:1002E000A0C80C94FC1B0C9429930C9480540C947F
:1002F000506E0C9416390C94592B0C942E6E0C9451
:100300005C6D0C944C370C94FC150C942B540C9491
:1003100078380C9441350C941CAB0C94D9810C9416
:1003200067830C9464340C943B150C948B750C947B
:10033000084E0C945E170C9451930C9474320C94E8
:10034000F2150C94591E0C94C0250C944F1A0C9461
:10035000C4390C94566E0C949D390C941F1F0C9448
:100360009F540C9477840C94E1690C94E0C30C9432
:10037000FE690C94453A0C94DF550C9409A40C9436
:10038000099E0C9472330C94C6180C94E0AA0C9439
:1003900033230C9460370C947E130C9484540C9487
:1003A000B0330C94226E0C943F200C94C4BF0C9478
:1003B000B41C0C943E160C947D310C9467170C946D
:1003C000072E0C94B63F0C94796C0C941FAB0C94D4
:1003D0003F150C9467800C9418AB0C94688B0C94AC
:1003E000531A0C9478180C94E6460C940AAB0C94AF
:1003F0004E390C945E150C944B150C940F160C94FE
:10040000E3380C9426820C9456150C9466190C94BF
:1004100044170C9415160C94624F0C94053A0C94E6
:1004200004310C946E320C942F830C94F0690C946C
:1004300000AB0C949A3A0C94CB230C940C5D0C9466
:1004400017330C9498130C94C4820C9475390C9443
:100450005B1F0C946D1F0C94E8AA0C94C5200C949F
:10046000E56C0C947A350C945D180C9422390C943C
:10047000433A0C947D1B0C94136A0C941E780C94D4
:100480008E450C9426390C94BEA30C94A32E0C9488
:10049000CF6B0C94EC9D0C94E1160C9439370C94B2
:1004A0001BA30C944CA30C94381A0C9489370C940D
:1004B00001760C942A330C943C760C9494810C9421
:1004C000F9390C945A150C94BB320C942D6C0C9485
:1004D00006AB0C9471320C94551A0C945E340C9447
:1004E00074370C940B370C9497450C94A81D0C94FE
:1004F000F6230C94C5160C94369E0C9420AB0C94E9
:1005000095840C946E160C9459380C94EB390C9419
:1005100001310C94E4690C94E7BA0C94E1550C9405
:10052000F14E0C946E380C946E150C9459820C9408
:10053000D2160C9401330C94E2320C94DF680C94C4
:100540000A310C9484160C949FBE0C94EFC80C9442
:1005500011210C949D4D0C946B140C94539E0C948F
:10056000C0150C9466340C94A3130C944DC20C94D7
:100570007B220C9435A30C9480340C946B690C94FE
:100580003F180C94F9220C942F200C94183A0C94D8
:10059000F2AA0C94F8AA0C94CE530C947A800C9482
:1005A000DB320C9482130C948E4D0C9446210C94E7
:1005B000A9200C9449150C94FCAA0C94F39D0C945E
:1005C00037150C9490330C94CC6C0C9447810C949C
:1005D000E3800C9468130C949B1A0C94E1C80C945F
:1005E00020150C9451190C94F7710C940D340C9443
:1005F0000A460C94CF800C942B840C945E390C9496
:1006000080830C94FB160C94403C0C94A8360C94FC
:10061000A04F0C94B82F0C9444690C947A3A0C9423
:10062000D3320C94511A0C94C4320C9418160C94B6
:10063000E3810C942E150C9468140C94CC170C9434
:100640000D750C94036C0C945A2B0C947A320C9408
:100650000C540C940A3A0C94BD4E0C94F3830C94F5
:10066000F1820C949D450C94431F0C9427370C94F5
:100670004E150C940E830C947E370C94E4AA0C94C3
:10068000F1800C9413160C9400154E414E494E49BE
:100690005459494E46CDCCCC3D0AD7233C17B7D14F
:1006A0003877CC2B329595E6241FB14F0A000020F5
:1006B000410000C84200401C4620BCBE4CCA1B0E74
:1006C0005AAEC59D746364696E6F70737578585BBC
:1006D00000454F46003D00494E3A000000200023EF
:1006E00000260029002C002F00320000010000032A
:1006F0000106010901416374697661746520696EC0
:100700002000416374697661746520696E20002D54
:100710003E00200023002D3E00200050656E6465E1
:10072000643A2023002D3E00456D69743A002D3E49
:1007300000456D69743A002D3E00456D69743A00BC
:100740002D3E00456D69743A003D004C45474143DC
:100750005920494E3A0020666F7220286D73293A5D
:10076000004354524C3A205363686564756C6520AD
:10077000636D642000206D730020666F722000435B
:1007800054524C3A2041726D6564200020446973D4
:1007900061726D6564004354524C3A2000207469C4
:1007A0006D653A004354524C3A205265733A004307
:1007B00054524C3A206D6F6D656E7461727920658C
:1007C00076656E74002054533A0020543A00544821
:1007D00045524D3A00436C65616E696E6720616CED
:1007E00061726D20003D0050696E3A004354524CD6
:1007F0003A20436F6D6D616E6420626C6F636B6550
:100800006420627920647269766572004354524CA8
:100810003A204F4E3A416C726561647920416374AD
:100820006976650A004354524C3A2048414C543A88
:10083000416C726561647920496E616374697665A3
:100840000A004354524C3A20584F4E3A20446973A0
:1008500061626C65640A004354524C3A20584F4E12
:100860003A416C7265616479204163746976650A06
:10087000004354524C3A20584F464620736B6970DF
:100880007065642E205072657620636D643A004373
:1008900054524C3A205475726E6564206F6666201F
:1008A00066726F6D3A004354524C3A20526573742D
:1008B0006F7265642066726F6D3A004354524C3A11
:1008C0002049676E6F7265642C206368616E6E6587
:1008D0006C20636D643D0020457865633A004354A5
:1008E000524C3A204163746976653A004354524C45
:1008F0003A2048414C543A416C7265616479204910
:100900006E6163746976650A004354524C3A20580C
:100910004F4E3A2044697361626C65640A00435427
:10092000524C3A20584F4E3A416C726561647920BE
:100930004163746976650A004354524C3A20584F1B
:10094000464620736B69707065642E205072657620
:1009500020636D643A004354524C3A205475726ED1
:100960006564206F66662066726F6D3A004354526C
:100970004C3A20526573746F7265642066726F6DB5
:100980003A0044697361726D696E67206E6F7420FE
:10099000617574686F72697A6564004354524C3AA9
:1009A00020636F6D6D616E64206A75737420666F6D
:1009B0007220004354524C3A204E6F7420656E6F83
:1009C000756768206D656D6F727920666F7220673C
:1009D000726F7570206F7065726174696F6E004917
:1009E0006E76616C69642061726700496E76616C35
:1009F00069642061726700496E76616C6964206188
:100A00007267004354524C3A20556E6B6E6F776E8E
:100A10002073756666697800536B697070696E67DC
:100A2000207363686564756C65642067726F7570A8
:100A30002065786563004354524C3A206368616EC8
:100A40006E656C2066726F7A656E004354524C3A44
:100A5000206368616E6E656C2066726F7A656E00E9
:100A6000536B697070656420686F6D69652073747D
:100A7000756666002000205375623D00204974654C
:100A80006D3D004354524C3A2052414D3D00435479
:100A9000524C3A204F75744F664D656D6F72793ABE
:100AA0002000282D292000282B2920002076616C89
:100AB0007565206973200020756E6B6E6F776E0A06
:100AC000005D3D005B0020696E76616C696400200A
:100AD000004143544956453A00206F6B003A0020CC
:100AE0006661696C6564003A005265747279696E7A
:100AF0006720434D440A004354524C2F706F6C6C76
:100B00003A204F75744F664D656D6F72793A2000CB
:100B1000207365632072656D61696E696E6700534D
:100B200074617475732064656666657265640A0035
:100B30002D3E005075623A20002D3E005075623AFD
:100B400020002D3E005075623A2000000000000099
:100B5000636D640000736574000076616C0000646E
:100B6000656C000048535600005247420000666121
:100B70006E00006D6F6465006374726C006875656B
:100B80000000736174000074656D7000726177001D
:100B9000002D3E005075623A20002D3E00507562D7
:100BA0003A200053454E445354415455533A20552E
:100BB0006E6B6E6F776E20636D64200A000000001C
:100BC000000000000000004F4E0000000000000088
:100BD000004F4646000000000000005245535400FC
:100BE0000000000000544F47474C450000000048FB
:100BF000414C54000000000000584F4E000000001F
:100C0000000000584F4646000000000000494E43D7
:100C10005245415345000044454352454153450028
:100C200000454E41424C45000000004449534142BA
:100C30004C45000000554E465245455A4500004679
:100C40005245455A45000000004155544F000000F0
:100C500000000046414E5F4F4E4C59000048494746
:100C6000480000000000004D454449554D0000007B
:100C7000004C4F5700000000000000484541545F01
:100C8000434F4F4C004845415400000000000043D2
:100C90004F4F4C000000000000445259000000007B
:100CA0000000005247420000000000000048535678
:100CB00000000000000000524553455400000000B1
:100CC00000444D58000000000000444D5852474277
:100CD000570000444D5852474200000050574D0005
:100CE00000000000004D42555344494D0000544857
:100CF00045524D4F00000052454C41590000000044
:100D000047524F555000000000564354454D500087
:100D100000004D42555356430000004143484149AD
:100D2000455200005350494C45440000004D4F547B
:100D30004F52000000005049440000000000004DE8
:100D4000425553000000000055415254425244475E
:100D50000052454C415950574D00444D585247425E
:100D600057570056454E545300000000454C455619
:100D700041544F5200434F554E5445520000485580
:100D80004D0000000000004D4552435552590000EF
:100D9000535052494E4B4C520020002D3E00436FA1
:100DA0006E76657274696E6720002D3E0057726F13
:100DB0006E672041737369676E6D656E74200052B3
:100DC0004742783A20004853562064697361626C48
:100DD00065640020764C6576656C3A0020436F6E42
:100DE00076563A0020436F6E76533A0020486F746F
:100DF0003A00436F6C643A0020436F6E76657274FC
:100E0000656420563A00436F6E766572746564209F
:100E1000533A002D3E0057726F6E6720417373691D
:100E2000676E6D656E7420002D3E0057726F6E67A1
:100E30002041737369676E6D656E74200020537571
:100E400066663A002041543A0053746F7070696EC0
:100E50006720496E707574730020697320004465C3
:100E60006C6574696E6720636F6E662E2052414D0B
:100E7000207761733A0053746F70706564006E6F11
:100E80007468696E6720746F2073746F7000537498
:100E90006F7070696E67206368616E6E656C732039
:100EA0002E2E2E0043616E206E6F7420636C656180
:100EB0006E202D206C6F636B656400436F6E6669F6
:100EC00067206368616E676564206C6F63616C6C3A
:100ED000792C20706F7274616C2064697361626C2C
:100EE0006564002F636F6E6669672E6A736F6E00AC
:100EF0007265626F6F742000436D643A20002F6347
:100F00006F6D6D616E642F002F72616D2F002F6900
:100F100074656D2F002F6974656D2F0022687474DD
:100F2000703A2F2F6C617A79686F6D652E72752F0C
:100F300070776122004C6F636174696F6E3A20684C
:100F40007474703A2F2F003F6D61633D0026697005
:100F50003D0026706F72743D00266E616D653D0028
:100F60002F0020004D5154543A20436F6D706C6532
:100F700074652E2052656D6F766520746F7069639D
:100F8000200024636F6D6D616E64004D5154543ABE
:100F900020436C65616E55702072657461696E6581
:100FA0006420746F7069632000220022004F757402
:100FB0004F664D656D6F727921005D20003A5B00D0
:100FC0004D5154543A005D00456D7074793A205B80
:100FD000000A003A004D41433A00554450205379ED
:100FE000736C6F6720696E697469616C697A656496
:100FF0002E0A005379736C6F6720706172616D7394
:101000003A004D5154543A207365742066697273E6
:10101000742062726F6B65720043757272656E74D4
:10102000204C414E20636F6E6669672869702C649E
:101030006E732C67772C7375626E6574293A000A9B
:1010400055736520746865736520636F6D6D616E9F
:1010500064733A202768656C7027202D20746869B6
:101060007320746578740A276D61632064653A6142
:10107000643A62653A65663A66653A3030272073AD
:10108000657420616E642073746F7265204D4143F6
:101090002D6164647265737320696E2045455052FA
:1010A0004F4D0A276970205B69705B2C646E735B1F
:1010B0002C67775B2C7375626E65745D5D5D5D2773
:1010C000202D207365742073746174696320495006
:1010D0000A277361766527202D207361766520636A
:1010E000757272656E7420636F6E66696720696ED3
:1010F000204E5652414D3B204F4E7C4F4646202DB0
:1011000020656E61626C652F64697361626C652035
:101110006175746F736176650A2767657427205B54
:10112000636F6E66696720616464725D27202D209D
:1011300067657420636F6E6669672066726F6D20E5
:101140007072652D636F6E66696775726564205590
:10115000524C20616E642073746F72652061646408
:10116000722C204F4E7C4F4646202D20656E6162CA
:101170006C652F64697361626C6520646F776E6C57
:101180006F6164206F6E20737461727475700A27CA
:101190006C6F616427202D206C6F616420636F6E1B
:1011A0006669672066726F6D204E5652414D0A2760
:1011B00070776427202D20646566696E6520616EF6
:1011C000642073746F7265204D51545420706173A4
:1011D00073776F72640A276F746170776427202DAC
:1011E00020646566696E6520616E642073746F7239
:1011F00065204854545020415049207061737377E2
:101200006F72640A276C6F67205B73657269616C2B
:101210005F6C6F676C6576656C5D205B7564705F95
:101220006C6F676C6576656C5D27202D2064656644
:10123000696E65206C6F67206C6576656C20283060
:101240002E2E37290A276B696C6C27202D20746598
:101250007374207761746368646F670A27636C65D1
:10126000617227202D20636C6561722045455052C4
:101270004F4D0A277265626F6F7427202D207265AB
:10128000626F6F7420636F6E74726F6C6C65720046
:10129000536F6674207265626F6F74696E672E2E6D
:1012A0002E0052414D3D000A5379736C6F67200048
:1012B0000A6D71747420000A696E70757473200071
:1012C0000A6974656D7320000A436F6E66696775FD
:1012D0007265643A002F00496E3A2000496E6974C5
:1012E00069616C697A696E6720496E707574730004
:1012F0003B003D0050696E3A003B003D4C4F5700AB
:10130000546865726D6F3A0042726F6B657273203C
:10131000636F6E666967757265643A004170706CE0
:1013200079696E6720636F6E666967004C6F6164F0
:10133000656420455441473A004E6F2073746F72C4
:10134000656420636F6E666967004C6F61646564F5
:101350002066726F6D20454550524F4D006C6F6195
:1013600064206661696C6564004A534F4E20646571
:10137000746563746564004C6F6164696E672043D3
:101380006F6E6669672066726F6D20454550524FDB
:101390004D00436F6E666967206175746F73617687
:1013A000653A000A5379736C6F67206465627567EC
:1013B000206C6576656C3A0053657269616C2064D7
:1013C00065627567206C6576656C3A005361766579
:1013D000640A005365742064796E616D6963204905
:1013E000500A004F54412050617373776F7264202C
:1013F000757064617465640A004E6F204950206105
:10140000647265737300205361766564004C6F618C
:1014100064696E67204854545020636F6E66696734
:10142000206F6E20737461727475703A0000000052
:10143000000000000000004F4E000000000000000F
:10144000004F464600000000000000524553540083
:101450000000000000544F47474C45000000004882
:10146000414C54000000000000584F4E00000000A6
:10147000000000584F4646000000000000494E435F
:1014800052454153450000444543524541534500B0
:1014900000454E41424C4500000000444953414242
:1014A0004C45000000554E465245455A4500004601
:1014B0005245455A45000000004155544F00000078
:1014C00000000046414E5F4F4E4C590000484947CE
:1014D000480000000000004D454449554D00000003
:1014E000004C4F5700000000000000484541545F89
:1014F000434F4F4C0048454154000000000000435A
:101500004F4F4C0000000000004452590000000002
:1015100000000052474200000000000000485356FF
:101520000000000000000052455345540000000038
:1015300000636F756C64206E6F74207061727365E8
:101540003A2000557064617465640A004545505244
:101550004F4D20636C65617265640A004D515454AF
:101560002050617373776F72642075706461746565
:10157000640A002B002D00455461673A200047653E
:101580007420455441473A2000485454502F312E7E
:10159000310025733A2025730D0A00204854545019
:1015A0002F312E310D0A486F73743A2025730D0ABE
:1015B0004163636570743A202A2F2A0D0A436F6EC7
:1015C0006E656374696F6E3A20636C6F73650D0AA4
:1015D0000025730020000D0A00474554006661692C
:1015E0006C656420746F20636F6E6E6563740A00AF
:1015F0004552524F523A2053657276657220726599
:101600007475726E65642000436F6E666967206E44
:101610006F74206368616E6765640A00446F6E656D
:101620002E0A00436F6E6669672070617273696E7F
:1016300067206661696C65640A00476574206162B1
:101640006F7274656400676F7420436F6E666967BC
:101650000A006874747020726574636F646520009A
:10166000667265652000436F6E6669672055524952
:101670003A20687474703A2F2F00204465666175B3
:101680006C7420636F6E666967207365727665722D
:1016900020757365643A20006C617A79686F6D65B6
:1016A0002E7275000A282D294352595054000A28D9
:1016B0002D2950554C5345206F6E2050494E3132E4
:1016C000000A282D2943414E000A282D2953505243
:1016D000494E4B4C4552000A282D294D4552435541
:1016E0005259000A282D294D554C544956454E54FF
:1016F000000A282B2950574D5F52454C4159000A8A
:10170000282D294D444E53000A282D295541525465
:10171000425249444745000A282B295359534C4FFC
:1017200047000A282D29504944000A282D294D43F5
:10173000503233303137000A282D294152544E455A
:1017400054000A282B294F5441000A282D295350B0
:1017500049204C4544000A282D294D4F544F522012
:10176000435452000A282B294143204841494552FD
:10177000206F6E2053657269616C33000A282D2931
:1017800043435338313120262048444331303830E8
:10179000000A282B29524553544152545F4C414E64
:1017A0005F4F4E5F4D5154545F4552524F5253005C
:1017B0000A282D294841524452455345542C20753E
:1017C00073696E6720736F6674000A282D29434F72
:1017D000554E544552000A282D29444854000A28E1
:1017E0002D294F57495245000A282D2949504D4F60
:1017F00044425553000A282D294D4F444255530069
:101800000A282D29444D58000A282B2957697A6E39
:10181000657435783030000A282B29467265655288
:10182000616D207072696E74696E67000A282B29D9
:101830005741544348444F47006C617A79686F6D53
:10184000652E7275000A436F6E6669672073657254
:101850007665723A003230313730334C0020432BFA
:101860002B2076657273696F6E3A003536353139E3
:1018700035645F323032362D30352D3235000A4C2A
:10188000617A79686F6D652E7275204C696768742E
:1018900048756220636F6E74726F6C6C65722000A5
:1018A000204F464600204F4E00204259504153538E
:1018B00000536176656420746F20454550524F4D4A
:1018C00000536176696E6720636F6E666967207486
:1018D0006F20454550524F4D2E2E00203C3C20009D
:1018E00041433A0041433A2053657269616C207567
:1018F000736564206279204143202D2064697361FF
:10190000626C696E672073657269616C206C6F67C9
:1019100067696E6720616E6420636D640041433ABD
:10192000204F7574206F66206D656D6F7279004170
:10193000433A20496E69743A200041433A20446595
:101940002D496E69743A20004552520041433A20B5
:10195000426164204352430041433A204F4B0020F0
:101960003E3E200041433A0041433A20506F6C6CA8
:10197000696E670041433A20556E6D7574650000CD
:101980000000000000000000004F4E0000000000BA
:101990000000004F46460000000000000052455382
:1019A00054000000000000544F47474C4500000021
:1019B0000048414C54000000000000584F4E000009
:1019C0000000000000584F4646000000000000499B
:1019D0004E4352454153450000444543524541530F
:1019E000450000454E41424C45000000004449532B
:1019F00041424C45000000554E465245455A45006F
:101A000000465245455A45000000004155544F00DC
:101A1000000000000046414E5F4F4E4C5900004808
:101A20004947480000000000004D454449554D001D
:101A30000000004C4F5700000000000000484541E6
:101A4000545F434F4F4C0048454154000000000094
:101A500000434F4F4C00000000000044525900006A
:101A60000000000000524742000000000000004853
:101A7000535600000000000000524553455400003A
:101A80000000007261770071756569740073776991
:101A90006E67006C6F636B0020696E69740070691B
:101AA0006E230072656C61794374723A2000207372
:101AB000746F700052656C61792D4F75742023002E
:101AC00072656C61794374723A200069646C6500D8
:101AD0006F66660068656174696E670066616E00B6
:101AE000647279696E6700636F6F6C696E6700611D
:101AF0006374696F6E0020697320004F7574200055
:101B000072656C61794374723A2000556E6B6E6F2A
:101B1000776E20737566666978200072656C6179EE
:101B20004374723A2000556E6B6E6F776E20636D52
:101B300064200072656C61794374723A20006163BD
:101B400074696F6E0072656C61794374723A20003B
:101B50005B305D3A2000202D202D202D20EFBBBFD3
:101B6000003E003E31202D20005B305D3A200020F9
:101B70002D202D202D20EFBBBF003E003E31202D1B
:101B800020005379736C6F6720726573756D65649F
:101B9000005379736C6F6720726573756D656400AF
:101BA0005379736C6F672073757370656E646564C9
:101BB000000000000000636D6400007365740000A5
:101BC00076616C000064656C00004853560000525A
:101BD0004742000066616E00006D6F6465006374CB
:101BE000726C006875650000736174000074656D47
:101BF0007000726177000020002E00696E00735F34
:101C00006F7574006D79686F6D65004354524C2F89
:101C1000657865633A204F75744F664D656D6F72D8
:101C2000793A2000202D3E20004D5154543A200096
:101C3000202D3E2000456D69743A203C00202D3E49
:101C400020004974656D436D643A2000202D3E20CC
:101C5000004974656D3A20003E3E2000496E766171
:101C60006C696420636F6D6D616E64003E3E3E0082
:101C70004E6F204D414320636F6E666967757265D4
:101C8000643A20736574206669726D7761726527A6
:101C900073204D41430A00454550524F4D20736912
:101CA000676E6174757265206F6B00496E69746947
:101CB000616C697A696E6720454550524F4D2E0020
:101CC000476F7420495020616464726573733A00F1
:101CD000276970205B69705B2C646E735B2C67777F
:101CE0005B2C7375626E65745D5D5D5D27202D20D4
:101CF000736574207374617469632049500A0046E7
:101D000061696C656420746F20636F6E66696775C6
:101D100072652045746865726E6574207573696EAE
:101D20006720444843502E20596F752063616E2010
:101D3000736574206970206D616E75616C6C7921BA
:101D400000204D41534B3A002047573A0020444E63
:101D5000533A004C6F616465642066726F6D206653
:101D60006C6173682049503A000A757365732044AA
:101D70004843500A005374617274696E67206C6145
:101D80006E004142434445464748494A4B4C4D4EFC
:101D90004F505152535455565758595A61626364C3
:101DA00065666768696A6B6C6D6E6F70717273746B
:101DB00075767778797A3031323334353637383949
:101DC0002B2F3D00426173696320003A004F54415C
:101DD00020696E697469616C697A65640A004445BA
:101DE0004641554C542070617373776F726420665E
:101DF0006F72204F5441204150492E205573652069
:101E00006F746170776420636F6D6D616E642074B0
:101E10006F207365740070617373776F7264004D27
:101E20005154543A2074727969796E67206E656EE8
:101E300078742062726F6B6572004D5154543A2071
:101E4000546F6F206D616E7920636F6E6E65637481
:101E5000696F6E206572726F72732E205265737493
:101E6000617274204C414E00207472792061676168
:101E7000696E20696E2035207365636F6E64730030
:101E80004D5154543A206661696C65642C2072632C
:101E90003D004D5154543A204177616974696E6731
:101EA00020666F722072657461696E656420746F5C
:101EB0007069637300636F6E6E656374656420613F
:101EC000732000202E2E2E0020757365723A003A82
:101ED000000A4D5154543A20417474656D70746910
:101EE0006E6720636F6E6E656374696F6E20746FCA
:101EF0002000646973636F6E6E656374656400557A
:101F000073696E67204D5154542070617373776FFD
:101F100072642066726F6D20636F6E66696700443D
:101F20006576696365204E616D653A004D51545484
:101F30003A204174206C656173742064657669632E
:101F400065206E616D6520616E642062726F6B65E5
:101F500072204950206D75737420626520636F6E26
:101F60006669677572656400757074696D652C6665
:101F70007265656865617000353635313935645F85
:101F8000323032362D30352D3235004C6967687469
:101F90004875622000246E616D6500526562696E4D
:101FA0006420737563636573732E204950206164E8
:101FB00064726573733A004572726F723A2072658B
:101FC00062696E64206661696C0052656E65776552
:101FD0006420737563636573732E204950206164B8
:101FE00064726573733A004572726F723A2072655B
:101FF0006E65776564206661696C000A4E6F206CBF
:10200000696E6B00436F6E74696E756520776974D5
:10201000682070726576696F75736C79206C6F617A
:1020200064656420636F6E666967003330732045B2
:102030004550524F4D206973206E6F742072656C4D
:102040006F616465642E205265626F6F74004D513C
:1020500054543A20416363657074696E6720636FFE
:102060006D6D616E64732E2E2E0A004E6F204D51E1
:10207000545420636F6E66696775726564004C6FB7
:102080006164696E6720636F6E6669672066726F50
:102090006D20706F7274616C2064697361626C652D
:1020A000642E2075736520676574204F4E20746F11
:1020B00020656E61626C6500436F6E6669672069BA
:1020C000732076616C696400436F6E74696E756528
:1020D00020776974682070726576696F75736C79A2
:1020E000206C6F6164656420636F6E66696700537E
:1020F00065747570204F54410072656164790024E5
:10210000737461746500757074696D6500667265DD
:10211000656865617000247374617473002045788C
:1021200070697265640A00202D746172676574209D
:102130007A6F6E652D0020416C61726D204578705C
:10214000697265640A0020636D643A002043757209
:102150003A00205365743A002054696D65723A0064
:10216000204C6F636B733A0052414D3D00000021DB
:1021700000240027002A002D003000330001010058
:1021800000040107010A0100002200250028002B9D
:10219000002E003100340002010000050108010B8F
:1021A0000105050505070508080808020202020ADC
:1021B0000A080804040404010101010101010103EA
:1021C00003030303030303040707070C0C0C0C0CA5
:1021D0000C0C0C0202020206060606060606060B98
:1021E0000B0B0B0B0B0B0B0505050808070704046D
:1021F000040A0A0A0A0A0A0102102020080810200C
:102200004010204080020102010804020101020482
:102210000810204080804020100804020180040241
:102220000180402010080402010804020101020498
:1022300008102040800102040810204080044080E3
:102240000480081010204004081020408000000B7B
:102250000C030A0D0E0F090804050200000000001F
:10226000000000000000000000000000000000006E
:102270000000000000000000001312110000000028
:10228000000000000000000000000000000000004E
:10229000000000000000000000000000000000003E
:1022A0000000002F64617461002F736B65746368B4
:1022B000004163636573732D436F6E74726F6C2D91
:1022C000526571756573742D507269766174652DF0
:1022D0004E6574776F726B3A207472756500416356
:1022E000636573732D436F6E74726F6C2D416C6CEC
:1022F0006F772D486561646572733A202A004163E7
:10230000636573732D436F6E74726F6C2D416C6CCB
:102310006F772D4D6574686F64733A20504F535436
:102320002C4745542C4F5054494F4E530041636342
:102330006573732D436F6E74726F6C2D416C6C6F8F
:10234000772D43726564656E7469616C733A2074AD
:10235000727565004F5054494F4E530044454C45EB
:102360005445005055540047455400504F535400B5
:10237000617574686F72697A6174696F6E3A200072
:10238000417574686F72697A6174696F6E3A200082
:10239000436F6E74656E742D4C656E6774683A2079
:1023A000006F637465742F73747265616D00696D7D
:1023B0006167652F6A70656700696D6167652F6782
:1023C000696600746578742F68746D6C0061707054
:1023D0006C69636174696F6E2F6A736F6E007465E8
:1023E00078742F706C61696E00436F6E74656E74E3
:1023F0002D547970653A2000436F6E6E6563746981
:102400006F6E3A20636C6F7365004163636573732D
:102410002D436F6E74726F6C2D416C6C6F772D4F06
:10242000726967696E3A202A00556E6B6E6F776E1F
:10243000004E6F74204D6F646966696564004F4B90
:10244000004D6F766564207065726D616E656E74A7
:102450006C7900496E7465726E616C20536572769A
:102460006572204572726F72005061796C6F6164A1
:1024700020546F6F204C61726765004E6F74206648
:102480006F756E64005757572D41757468656E748B
:1024900069636174653A20426173696320726561A2
:1024A0006C6D3D2241636365737320726573747252
:1024B00069637465642200556E617574686F726932
:1024C0007A6564005061796C6F61642073697A6524
:1024D0002077726F6E670042616420726571756566
:1024E000737400485454502F312E312000200000C6
:1024F0000000000000000000004F4E00000000003F
:102500000000004F46460000000000000052455306
:1025100054000000000000544F47474C45000000A5
:102520000048414C54000000000000584F4E00008D
:102530000000000000584F4646000000000000491F
:102540004E43524541534500004445435245415393
:10255000450000454E41424C4500000000444953AF
:1025600041424C45000000554E465245455A4500F3
:1025700000465245455A45000000004155544F0061
:10258000000000000046414E5F4F4E4C590000488D
:102590004947480000000000004D454449554D00A2
:1025A0000000004C4F57000000000000004845416B
:1025B000545F434F4F4C0048454154000000000019
:1025C00000434F4F4C0000000000004452590000EF
:1025D00000000000005247420000000000000048D8
:1025E00053560000000000000052455345540000BF
:1025F00000000057726F6E67207061796C61640033
:102600004D5154543A204354524C2F7478743A200C
:102610004F75744F664D656D6F72793A2000202DAD
:102620003E2041543A004368616E20747970653AE7
:10263000004E6F2073746F7265642076616C7565EF
:1026400073202D2064656661756C743A20005361B7
:1026500076656420455441473A00536574204554DB
:1026600041473A200000BACD26B911241FBECFEF52
:10267000D1E2DEBFCDBF00E00CBF16E0A0E0B2E0CB
:10268000E0E4F6EC01E00BBF02C007900D92A83A1F
:10269000B107D9F72DE0A8EAB6E001C01D92A53632
:1026A000B207E1F713E1C4E3D3E100E006C02197EC
:1026B0000109802FFE010E94F0DAC333D10780E0C8
:1026C0000807A9F70E9438B90C940EE30C94000097
:1026D000CF93DF931F92CDB7DEB76983DC01ED9115
:1026E000FC910280F381E02D41E050E0BE016F5F7C
:1026F0007F4F19950F90DF91CF910895FC01818D47
:10270000928D0895CF93DF931F92CDB7DEB7698383
:10271000DC01ED91FC910280F381E02D41E050E07D
:10272000BE016F5F7F4F19950F90DF91CF91089594
:10273000FC019485FB018485981303C081E09830E7
:1027400008F080E00895CF93DF931F92CDB7DEB7F6
:102750006983DC01ED91FC910280F381E02D41E081
:1027600050E0BE016F5F7F4F19950F90DF91CF91C1
:10277000089585ED8093BC008091BC0084FDFCCF62
:1027800010926507089520914107260F3327331FC4
:1027900021323105ECF420916507FC0190E080E0E6
:1027A000243069F082E00895A09141072191AC01A5
:1027B0004F5D584FA40FB52FB11D2C93019686176E
:1027C00098F380914107680F6093410780E0089576
:1027D00081E008958FEF9FEF08958FEF9FEF0895A9
:1027E0008091200790E09195819591090895CF936C
:1027F000DF93CB01EA01642F0E94C313CE01DF9166
:10280000CF910895CF93DF931F92CDB7DEB7698341
:1028100061E0CE0101960E94C31381E090E00F9029
:10282000DF91CF91089590E0FC01EF55FE4DE491CA
:10283000F0E0EE0FFF1FE957FE4DA591B4912C91EA
:1028400089509E4DFC018491822391E009F490E02F
:10285000892F0895FC01DC018D918111FDCF30E0BD
:1028600020E050E040E08AE09191992301F144306A
:1028700051055CF59E3271F42F3F310509F02CF5BE
:10288000DB01A40FB51F12962C934F5F5F4F30E012
:1028900020E0EACF829FD001839FB00D1124292F21
:1028A000990F330B205331092A0F3B1FDDCF2F3FE8
:1028B000310509F054F4443051053CF4640F751FA0
:1028C000FB01228381E090E0089590E080E008958C
:1028D00090E080E00895DC01ED91FC910284F385A5
:1028E000E02D1994DF92EF92FF920F931F93CF93F5
:1028F000DF93EC010C891D890115110559F01D8A22
:102900001C8AC801DF91CF911F910F91FF90EF902A
:10291000DF900895EC85FD858E859F85DF01A80FEA
:10292000B91F2C91243209F055C011962C912B37E8
:1029300009F050C00296E80FF91FF12CE12CDF01DD
:10294000D190DD2009F446C08DE7D816E9F08FEF6D
:10295000E81AF80AF4CF198A188A2C853D852115C2
:10296000310579F08E859F85280F391FF901208167
:10297000222321F001969F878E873EC01D861C86EC
:10298000C0CF0FEF1FEFBDCFE114F10419F11C927E
:102990008E859F8502966C857D85680F791FE881FD
:1029A000F9810684F785E02DCE011995998B888BE6
:1029B0001B8A1A8AEC85FD858E859F85E80FF91F95
:1029C000EE0DFF1DD2828E859F850396E80EF91EBF
:1029D000FF86EE86288939892115310509F4BDCF96
:1029E0008A899B89280F391FF9012081222309F444
:1029F000B2CF01969B8B8A8B022F220F110B81CFB6
:102A0000DC011C96ED91FC911D971E968D919C9179
:102A1000E80FF91F8081082E000C990B0895DC0146
:102A200015968D919C91009739F0DC01ED91FC9108
:102A30000680F781E02D1994089583E090E00895D1
:102A400085E090E00895DC011496ED91FC9180E022
:102A5000309711F085A1817090E008958FE090E0AB
:102A60009093E2088093E10888EC90E00895FC01DF
:102A7000848195810895FC01768765870895DC013E
:102A8000ED91FC9102A0F3A1E02D199591E0892729
:102A90000895862F089581E08627089521E0FC019E
:102AA0008485883008F020E0822F0895FC01848519
:102AB00095850895FC018489958908952FE034E077
:102AC000FC0131832083FB0140895189628973892C
:102AD000FC0142835383648375830895DC01ED9187
:102AE000FC91048CF58DE02D1994FC01A7812A2F0F
:102AF0002E7FC9F081818F7081508330A0F4A6951C
:102B0000A150BB0B2BE531E00E9407DB24E630E04F
:102B100040E050E00E949BDADA01C90187569F4FDE
:102B2000AF4FBF4F08958FEF9FEF0895FC01A6812F
:102B3000B781109721F118969C9118979F708EEF8E
:102B4000890F823010F091111AC019964D935D9340
:102B50006D937C931C97A681B78118969C911897CA
:102B6000907F926018969C930680F781E02D808577
:102B7000982F907F903619F48F70806A808708951F
:102B8000CF93DF93EC01E881F9810484F585E02D92
:102B9000199529893A892F5F3F4F3A8B298BDF910D
:102BA000CF910895CF93DF93EC018E8581110DC0F5
:102BB00081E090E049895A892C853D854217530769
:102BC00008F080E0DF91CF910895E881F9810484D5
:102BD000F585E02DCE0119958F3F910549F780E0ED
:102BE00090E0F0CFFC01848595856817790708F49B
:102BF000CB01928B818B0895CF93DF93FC012685C7
:102C0000222351F0EC010190F081E02D0190F08140
:102C1000E02D6FEF19951E86DF91CF910895FC018D
:102C200087859089089581E0089590E080E0089577
:102C3000DC011296ED91FC91309761F00280F381F6
:102C4000E02D309739F0862F8295807F60856F70F8
:102C5000682B60870895DC011296ED91FC91309706
:102C600051F00280F381E02D309729F08085829524
:102C70008F7090E0089590E080E00895CF93DF9307
:102C8000CDB7DEB760970FB6F894DEBF0FBECDBFED
:102C900019821A821B821C821D821E821F82188644
:102CA0008A81807F81608A836FEF3E819F818885E2
:102CB00029817A815B814C814C873E87888B372FB5
:102CC000452F5C857E85892F988960960FB6F8948C
:102CD000DEBF0FBECDBFDF91CF9108950F931F933D
:102CE000CF93DF9300D000D01F921F92CDB7DEB7F5
:102CF00081E028960FB6F894DEBF0FBECDBFDF91FE
:102D0000CF911F910F910895CF92DF92EF92FF9292
:102D10000F931F93CF93DF9300D000D0CDB7DEB7D2
:102D20008C016B017A01FC01808D883010F40E94C7
:102D3000DD988FE094E09A838983F6018281938104
:102D4000A481B5818B839C83AD83BE83B701CE0103
:102D500001960E94D8A9F801808F8830A0F4F586EA
:102D6000E486128E118E81E026960FB6F894DEBFAF
:102D70000FBECDBFDF91CF911F910F91FF90EF90CC
:102D8000DF90CF90089580E0EFCFCF93DF93EC01F9
:102D9000888D883020F40E94DD9888E0888FDF914C
:102DA000CF910895FC01808D883040F4218D328DC3
:102DB000232B21F00E94AF9790E008958FEF9FEFB3
:102DC0000895CF93DF93FC012485283028F08FEFFE
:102DD0009FEFDF91CF910895EC010190F081E02DFC
:102DE0000084F185E02D1995892B89F38C850E944B
:102DF000AF9790E0EECFCF93DF93FC01218D328D22
:102E00002115310529F48FEF9FEFDF91CF910895C0
:102E1000EC01808D4217530708F0A9010E94FE972C
:102E20001816190684F7298D3A8D281B390B3A8F0D
:102E3000298FEBCF0F931F93CF93DF931F92CDB7C3
:102E4000DEB7FC01218D328D232B41F48FEF9FEFF4
:102E50000F90DF91CF911F910F9108958C0141E068
:102E600050E0BE016F5F7F4FFC01808D0E94FE9796
:102E7000181619065CF7F801818D928D0197928FD3
:102E8000818F898190E0E4CFCF93DF931F92CDB7FC
:102E9000DEB741E050E0BE016F5F7F4FFC018485EB
:102EA0000E94FE971816190634F4898190E00F905D
:102EB000DF91CF9108958FEF9FEFF9CFFC018485CB
:102EC000883010F40C94FE9790E080E00895FC01A7
:102ED0008485883010F40C94D79790E080E00895B2
:102EE0000F931F93CF93DF9300D000D01F921F92B8
:102EF000CDB7DEB78C01D80159964D915C915A97A8
:102F00004115510551F0ED91FC91048CF58DE02DAA
:102F100070E060E0C8011995EECFF801808D0E9445
:102F2000D797892BB1F148E050E0BE016F5F7F4F2A
:102F3000D80158968C910E94FE9718161906F4F441
:102F4000D801509684E0FE01319601900D928A9549
:102F5000E1F78D8190E0982F88272E81820F911DB7
:102F6000F801958B848B8F81282F30E0322F222718
:102F70008885820F932F911D928F818F28960FB68F
:102F8000F894DEBF0FBECDBFDF91CF911F910F919F
:102F9000089590E080E0F2CFCF92DF92EF92FF921F
:102FA0000F931F93CF93DF93CDB7DEB7AF970FB6D5
:102FB000F894DEBF0FBECDBF7C016A010FE014E0C4
:102FC0001A8309831C861B8688EE93E0A0E0B0E09C
:102FD0008D879E87AF87B88B85EE93E09A87898728
:102FE000188F0F8B198E1A8E1B8E1C8E88E089A36A
:102FF0001BA70AA71CA61DA61EA61FA68091E20A53
:103000009091E30AA091E40AB091E50A8EA39FA3F0
:10301000A8A7B9A78B839C83AD83BE8318861F8224
:10302000AE01465D5F4FCE0101960E949BAF81309D
:103030009105B1F4D701ED91FC910488F589E02D5B
:103040001DA30CA38CA59DA5AEA5BFA58EA39FA374
:10305000A8A7B9A7A601BE016C5D7F4FC70119954E
:10306000AF960FB6F894DEBF0FBECDBFDF91CF9104
:103070001F910F91FF90EF90DF90CF9008950F93E5
:103080001F93CF93DF93EC018B01888D883010F470
:103090000E94DD98B80182E00E942699888F8830CE
:1030A00050F41D870C871A8E198E81E0DF91CF9125
:1030B0001F910F91089580E0F9CF0F931F93CF9345
:1030C000DF938C01EA01FC018485883048F40E947A
:1030D0004D97892B39F481E090E0F8019383828346
:1030E000D0E0C0E0CE01DF91CF911F910F91089504
:1030F000EF92FF920F931F93CF93DF937C01809108
:10310000CE08D4E0833309F0D8E00EEB18E0C0E03D
:10311000F801219131918F01F70184819581281760
:10312000390729F0CF5FDC13F3CF80E006C08C2F86
:103130000E94EB988431B1F781E0DF91CF911F912C
:103140000F91FF90EF900895CF93DF93EC018C8562
:103150008830D0F40E94EB98843189F0882379F08C
:10316000883169F021E08C3159F4E881F9810084DB
:10317000F185E02DCE01199521E0892B09F420E09D
:10318000822FDF91CF91089580E0FBCFCF92DF9225
:10319000EF92FF920F931F93CF93DF93CDB7DEB7DC
:1031A000AF970FB6F894DEBF0FBECDBF8C016B0199
:1031B0007A018FE094E09A8389831B821C821D82AE
:1031C0001E821C861B8648EE53E060E070E04D874F
:1031D0005E876F87788B25EE33E03A872987988F53
:1031E0008F8B198E1A8E1B8E1C8E28E029A39BA70D
:1031F0008AA71CA61DA61EA61FA6D8011C968C91E8
:10320000883060F40E94EB98882321F0F8018485CF
:103210000E94CF9888E0D8011C968C938091E20A96
:103220009091E30AA091E40AB091E50A8EA39FA3CE
:10323000A8A7B9A78B839C83AD83BE8318861F8202
:10324000AE01465D5F4FB601CE0101960E949BAF75
:103250000097C1F0D801ED91FC910684F785E02D2F
:103260008FE094E09DA38CA38CA59DA5AEA5BFA5E2
:103270008EA39FA3A8A7B9A7A701BE016C5D7F4F2E
:10328000C8011995AF960FB6F894DEBF0FBECDBF3B
:10329000DF91CF911F910F91FF90EF90DF90CF9032
:1032A0000895CF93DF93EC018C85883060F40E9401
:1032B000EB98873111F08C3131F48C850E94309776
:1032C0008115984088F3DF91CF910895FC018485A2
:1032D000883010F40C94309790E080E0089565E019
:1032E000FC01828193810E94BF9D009749F0FC01FF
:1032F0008085982F907F21F082958F7090E00895BF
:1033000090E080E00895CF92DF92EF92FF926A0101
:103310007B0163E0FC01828193810E94BF9DFC01DF
:10332000892BA9F080858D7091F4C094D094E0949D
:10333000F094CC24CA9481859285A385B4858C2190
:103340009D21AE21BF2181879287A387B487FF90FB
:10335000EF90DF90CF900895CF92DF92EF92FF929F
:103360006A017B0163E0FC01828193810E94BF9D21
:10337000FC01892BA9F09085892F8D7089F4907FAD
:1033800092609087CC24FF244185528563857485A3
:103390004C295D296E297F2941875287638774876D
:1033A000FF90EF90DF90CF900895CF92DF92EF9251
:1033B000FF926A017B0163E0FC01828193810E949C
:1033C000BF9D009791F0FC0120852F70223069F499
:1033D00061857285838594856C217D218E219F2155
:1033E000FF90EF90DF90CF90089560E070E0CB0108
:1033F000F7CFCF93C62F63E0FC01828193810E94B7
:10340000BF9DFC01892B91F09085892F8D7071F4FF
:10341000907F9260908781859285A385B485882767
:10342000BB278C2B81879287A387B487CF91089580
:1034300063E775E1811102C065E775E189E69BE00C
:103440000C94B78B60E972E189E69BE00E94B78B30
:10345000F0E0E0E0199584EF91E0089567EA7AE002
:10346000811102C062EA7AE08AE19CE00C94B78B99
:10347000DC0155962C915597273781F4ED91FC91FD
:10348000008CF18DE02D199561ED76E08AE19CE0EC
:103490000E94B78B8AE19CE00C94308A08950C94CA
:1034A0009DD10C949DD10C949DD1EF92FF920F93DE
:1034B0001F93CF93DF93EC018B0180911E079091B6
:1034C0001F070097A9F0FC0120852F70263081F49A
:1034D0000E94479DFC0190859F70943049F481853E
:1034E0009285DF91CF911F910F91FF90EF900895FA
:1034F000EE88FF88C70101970D97D0F461E174E071
:10350000C8010E9451DF892B99F48FE2888F85E0F2
:103510008E9DB0018F9D700D11246F54744E46E046
:1035200050E0CE0149960E9471D3CE014896D9CF82
:1035300090E080E0D6CFCF93C1E068EE73E080E00A
:1035400090E00E94D2AB4AE050E06C2F89E69BE00D
:103550000E94348ACF5FC43181F784EF91E0CF912C
:103560000895EF92FF920F931F93CF93DF9361150E
:10357000710511F480E090C0EB018C0188858F709B
:10358000823009F442C08430A9F762E077E08AE132
:103590009CE00E94B78B4AE050E0F80163818AE129
:1035A0009CE00E94348A65E174E08AE19CE00E941C
:1035B000608B69857A858AE19CE00E94608B8AE154
:1035C0009CE00E94308AF801E080F180E114F1046F
:1035D00089F26AE174E0C7010E94479D8C0100975F
:1035E00049F2FC0180858F70863021F669857A85E5
:1035F0006115710509F44CC0FB018081882309F431
:1036000047C0C8010E94479D42C065EF76E08AE14D
:103610009CE00E94B78B4AE050E0F80163818AE1A8
:103620009CE00E94348A65E174E08AE19CE00E949B
:10363000608B49855A856B857C852AE030E08AE17C
:103640009CE00E94D68A8AE19CE00E94308AF801C0
:10365000E080F180E114F10409F48CCF6AE174E0B8
:10366000C7010E94479D8C01009709F483CFFC019C
:1036700080858F708550823008F07CCF6985862FD9
:103680009A85892B29F06150C8010E94BF9D7C0159
:10369000F801F286E18681E0DF91CF911F910F91D1
:1036A000FF90EF900895EF92FF920F931F93CF93A7
:1036B000DF930097C1F0FC0120812223A1F08C014F
:1036C00080E5E82E8BE0F82EC1E0D0E0B701C8011C
:1036D0000E943AD3892B49F02196F5E0EF0EF11CB8
:1036E000CE30D10599F7D0E0C0E0CE01DF91CF9187
:1036F0001F910F91FF90EF900895CF93DF93EC010E
:1037000060EC7AE18AE19CE00E94B78B64EB7AE19D
:103710008AE19CE00E94B78B6C817D818AE19CE00C
:103720000E94B5A16EEA7AE18AE19CE00E94B78B23
:103730008AE19CE00E94308A60E08C810E9451AB5B
:10374000E881F9810484F585E02D60E0CE011995CA
:1037500081E090E0DF91CF910895CF93DF9300D087
:1037600000D01F921F92CDB7DEB7E3E5FBE0128ACF
:10377000118A80E090E19587848784E890E0948BBB
:10378000838B81E0868780E090E2908B878787E754
:10379000858B1C821B8283E892E09A838983FE8357
:1037A000ED838FEF9FEF98878F8361EC78E189E657
:1037B0009BE00E94B78B6091C0067091C106CE015C
:1037C00001960E94F2A283E59BE00E94381A61EB09
:1037D00078E189E69BE00E94B78B89E69BE00E9436
:1037E000308A0E94B9B228960FB6F894DEBF0FBE99
:1037F000CDBFDF91CF910895892B71F0FB018281BC
:1038000093810E94069F6CE575E189E69BE00E942A
:10381000B78B88EC90E0089590E080E0F2CF0F93B2
:103820001F93CF93DF93EB0102970CF483C00A81BF
:103830001B8167E374E1C8010E941CD3892B51F4FA
:1038400081E00E9496A188EC90E0DF91CF911F91DA
:103850000F91089561E474E1C8010E941CD3892B83
:1038600011F480E0EECF6DE074E189E69BE00E9408
:10387000B78B0E94F6A0672F6095617070E089E6B3
:103880009BE00E94B5A189E69BE00E94308A80916E
:10389000450B9091460B892BE9F10A811B810E940F
:1038A000979E8823B9F1F80101900020E9F731973C
:1038B000E01BF10BB09770F582E70E94829E809129
:1038C000450B9091460BDC01ED91FC910088F1894C
:1038D000E02D60E270E01995B8018091450B909160
:1038E000460B0E94608B8091450B9091460BDC014A
:1038F000ED91FC910190F081E02D60E019958091AF
:10390000450B9091460BDC01ED91FC910488F58903
:10391000E02D19956A817B8189E69BE00E94608B8E
:1039200066E074E189E69BE00E94B78B89E69BE044
:103930000E94308A8091E1089091E20802973CF061
:1039400080EF9FEF9093E2088093E1087CCF69EFCE
:1039500073E183E79BE00E94B78B83E79BE00E94C3
:10396000308A84EF91E071CF892B71F0FB01828165
:1039700093810E94549F63EE73E189E69BE00E946D
:10398000B78B88EC90E0089590E080E0F2CFEF9262
:10399000FF920F931F93CF93DF93CDB7DEB72C9792
:1039A0000FB6F894DEBF0FBECDBF8C017B018FE058
:1039B00094E09A8389831B821C821D821E829887D1
:1039C0008F8319861A861B861C8605301105ECF03C
:1039D000BE01695F7F4FF701808591850E942A149F
:1039E000892B99F0CE0107960E94F79FBE01695F6F
:1039F0007F4FF701868197810E942A14892B61F0FD
:103A0000CE0107960E94A1A00EC0CE0101960E9491
:103A1000F79F0430110554F7CE0101960E94A1A032
:103A200003301105A4F1BE01695F7F4FF701848166
:103A300095810E942A14892B51F1CE0107960E948C
:103A40004CA0BE01695F7F4FF701828193810E9484
:103A50002A14892B19F1CE0107960E94A29F6CECC3
:103A600073E189E69BE00E94B78B80E00E948DA104
:103A700088EC90E02C960FB6F894DEBF0FBECDBF59
:103A8000DF91CF911F910F91FF90EF900895CE019C
:103A900001960E944CA0023011059CF6CE010196C1
:103AA0000E94A29F01301105D1F6CE0101960E941D
:103AB000A29F63ED73E189E69BE00E94B78BCFCFB5
:103AC0000F931F93CF93DF938C01EB010297C4F008
:103AD0008A819B810E94CED280932A0299270E94DC
:103AE000A0A10230110549F08C819D810E94CED2A7
:103AF0008093290299270E94AAA1C8ECD0E002C0B5
:103B0000C0E9D1E068EB73E189E69BE00E94B78BE6
:103B10004AE050E060912A0289E69BE00E94348AE4
:103B200063EA73E189E69BE00E94B78B4AE050E0CC
:103B30006091290289E69BE00E94348A89E69BE035
:103B40000E94308ACE01DF91CF911F910F9108958D
:103B5000CF93DF93EB010297ACF167E374E18A81C5
:103B60009B810E941CD3892B29F40E94F6A07D7FA3
:103B70000E943DA161E474E18A819B810E941CD373
:103B8000892B29F40E94F6A072600E943DA162E98F
:103B900073E189E69BE00E94B78B0E94F6A071FB5F
:103BA000662760F971E0672770E089E69BE00E9474
:103BB000B5A189E69BE00E94308A88EC90E0DF9115
:103BC000CF9108950E94AD1BF8CF0F931F93CF9311
:103BD000DF93FC01738362836115710509F448C0AA
:103BE0008B01EC011682CB010E9416A297FD45C005
:103BF0009D838C838C819D81009719F0863591057A
:103C000024F080E290E09D838C83F801048115818B
:103C10000115110509F440C0F80180858F708530C9
:103C2000D9F5C8010E9406A28230B0F161E0C80156
:103C30000E94BF9DFC01892B79F180858F708230B5
:103C400021F561857285838594850E9436D920E0AF
:103C500030E04AE754E40E9495D90E94F4DB6115F4
:103C6000710581059105E1F06F83788789879A87CF
:103C7000DF91CF911F910F910895919581959109B1
:103C80009D838C8381E08E83B5CF833029F4618559
:103C9000728583859485DBCF60E070E0CB01D7CF60
:103CA00088E893E1A0E0B0E08F839887A987BA877E
:103CB000DFCF0F931F93CF93DF93EC017B836A8356
:103CC0006115710509F442C0FB01A085B18510970B
:103CD00071F118968C9118978F70823041F5169675
:103CE0008D919C919D838C8384EE98E098878F833F
:103CF000FB01A481B581109709F18B0118969C9165
:103D000018979F70923039F09530C1F4CD010E9420
:103D100006A2882399F0C8010E9416A28E838130E2
:103D200091F040F0823051F481E899E005C090E0D4
:103D300080E0D8CF8DE79BE098878F83DF91CF918C
:103D40001F910F9108958EE19AE0F6CF1D821C829B
:103D5000F5CF2F923F924F925F926F927F928F9208
:103D60009F92AF92BF92CF92DF92EF92FF920F930A
:103D7000CF93DF9300D01F92CDB7DEB77C017A835B
:103D800069835C834B836901DB011C92FC016081C8
:103D90008FEF860F893108F04FC034FF4DC0FAE035
:103DA0006F9FB001112461517B4DCD010E9471D3F1
:103DB000D70111968C918F7051F0D5FE08C04B81C0
:103DC0005C8165EC74E089819A810E9461DFE98100
:103DD000FA8101900020E9F7319729813A81E21BAD
:103DE000F30B19012E0E3F1E4B815C814E1B5F0BA6
:103DF000415051095C834B83D7011196EC91119787
:103E0000EF7009F4F7C0D5FEF5C0E150EC3008F0D2
:103E1000F1C0F0E08827E05FF04E8F4F0C94F0DAAD
:103E20001F1FC21F2F208E20A9206D1F3F203F2063
:103E30003F205B1F431FC52029803A80DDCFF7015B
:103E40008481282F30E050E040E0002359F030E03A
:103E5000A4E6B0E00E94CDDA2FEF30E040E050E081
:103E60000E949BDA5F934F933F932F938EE194E0F0
:103E70009F938F93FC81FF932B812F933F922F92DF
:103E80000E9499DFB2C017968C9117978F93169660
:103E90008C9116978F9315968C9115978F931496F6
:103EA0008C918F9381E294E09F938F93BC81BF9319
:103EB000EB81EF93E3CF17968C9117978F9316961C
:103EC0008C9116978F9315968C9115978F931496C6
:103ED0008C918F9385E294E0E7CF1496CD90DD909E
:103EE000ED90FC901797F7FE34C084E6882E912C55
:103EF000A12CB12CC701B601A50194010E949BDA47
:103F00009B01AC0188279927DC01821B930BA40B32
:103F1000B50BBF93AF939F938F9366277727CB0102
:103F20006C197D098E099F09A50194010E949BDAF5
:103F30005F934F933F932F9389E294E09F938F93E6
:103F40003C813F934B814F933F922F920E9499DF88
:103F50004CC0C701B60124E630E040E050E00E94CA
:103F60009BDA9F938F937F936F935F934F933F93CE
:103F70002F938AE294E09F938F939C819F93AB81D0
:103F8000AF93E2CFC7010E947515BC01D701169609
:103F9000CC9016971796DC901797D0FADD24D0F8BE
:103FA00014969C9114971596FC90EB80BC80292F59
:103FB00030E050E040E077FD35C0011135C07F931F
:103FC0006F931F921F921F929F931F92FF92DF92F7
:103FD000CF9283E394E09F938F93FC81FF932B8197
:103FE0002F933F922F920E9499DF0FB6F894DEBF75
:103FF0000FBECDBF89819A810F900F900F900F90C7
:10400000DF91CF910F91FF90EF90DF90CF90BF9015
:10401000AF909F908F907F906F905F904F903F9068
:104020002F900895002361F0292F30E0A4E6B0E03E
:104030000E94CDDA2FEF30E040E050E00E949BDAA2
:104040005F934F933F932F931F92FF92DF92CF92F4
:1040500086E394E09F938F93BF92EF9275CF15966E
:104060008C9115971F928F9316969C911697179681
:104070008C9181708F939F9389E394E015CF149670
:104080008D909D90AD90BC90179720E030E0A901F5
:10409000C501B4010E942FD92401350187FF04C056
:1040A00077FA709477F87094C301B2010E94EDDB47
:1040B0006B01072E000C880B990B0E9436D99B01CF
:1040C000AC01C301B2010E940EDB20E030E04AE700
:1040D00054E40E9495D90E9478DC0E94EDDB062F03
:1040E000772E20E030E0A901C501B4010E942FD94C
:1040F00087FF07C07F920F93DF92CF928FE394E008
:10410000D3CE7F920F93DF92CF9280E494E09F937F
:104110008F933C813F934B814F93B0CE14968C91FB
:1041200014971F928F9315968C9115971F928F93CA
:1041300016968C911F928F9386E394E09F938F93B2
:10414000BC81BF93EB81EF933F922F920E9499DF46
:104150004CCF17968C9117971F928F9314968C9132
:1041600014971F928F9315968C9115971F928F938A
:1041700016968C911F928F9383E394E09F938F9375
:10418000BC81BF93EB81EF93DFCE14966D917C9150
:104190004B815C81C1010E947FDF2CCFEF92FF92A7
:1041A0000F931F93CF93DF93EC017B018885998553
:1041B000892BA9F48A819B810E9406A2082F10E016
:1041C0000530110564F40E94F9A199878887BC0124
:1041D0008A819B810E94DBA10F5F1F4FF1CFE88591
:1041E000F9853097D9F08085982F9F70A9F4807F4A
:1041F00082608087E885F985118612861386148689
:10420000E885F985F782E682C701DF91CF911F919A
:104210000F91FF90EF900895923061F3F12CE12C13
:10422000F3CFCF93DF93FC0122813381232B59F10C
:10423000EC016AE379E18AE19CE00E94B78B4AE0F5
:1042400050E06E818AE19CE00E94348A8AE19CE021
:104250000E94308A8C819D810E949DD170E060E037
:104260008A819B810E94CE201D821C82E881F98177
:104270000484F585E02D60E0CE01199581E090E0A1
:10428000DF91CF91089590E080E0FACF1F93CF9314
:10429000DF93FC01162FC389D489818992899C01FF
:1042A0002F5F3F4F328B218BC80FD91FCE010E9449
:1042B00053DA181721F0612FCE010E945BDA81E0FA
:1042C00090E0DF91CF911F910895FC01818992893F
:1042D000248535858217930740F423893489820F1A
:1042E000931F0E9453DA90E008958FEF9FEF089597
:1042F000EF92FF920F931F93CF93DF93CDB7DEB76B
:1043000060970FB6F894DEBF0FBECDBF7B01CA0128
:10431000B9012AE0AE014F5F5F4F0E94DED3A801D2
:10432000BE016F5F7F4FC7010E94F0AC60960FB671
:10433000F894DEBF0FBECDBFDF91CF911F910F91DB
:10434000FF90EF900895DA01E0916B07F0E0FE2F07
:10435000EE27E60FF71F90E0982F8827A901BD01EF
:104360008E0F9F1F0C94A294CF93DF931F92CDB713
:10437000DEB720916B0730E0322F2227260F371F40
:1043800090E0982F8827498341E050E0BE016F5F9D
:104390007F4F820F931F0E94A2940F90DF91CF91C5
:1043A0000895CF93DF931F92CDB7DEB741E050E081
:1043B000BE016F5F7F4F0E94179489810F90DF913C
:1043C000CF91089520916B0730E0322F2227620FA2
:1043D000731F90E0982F8827860F971F0C94D12188
:1043E00063E070E00C94E2219F92AF92BF92CF9273
:1043F000DF92EF92FF920F931F93CF93DF93EC0125
:104400007B018091CE08811121C01B821A8288EE27
:1044100093E0A0E0B0E08C839D83AE83BF8389E806
:1044200093E09983888388E08C8788EE93E09E8769
:104430008D87CE01DF91CF911F910F91FF90EF906B
:10444000DF90CF90BF90AF909F90089534E0932E6F
:10445000833311F028E0922E8EEBC82E88E0D82E00
:1044600010E098E0B92EA12CD6012D913D916D015F
:10447000F701848195812817390791F4812F0E94D3
:10448000EB98082F873111F08C3139F5812F0E947C
:10449000D797892B59F50C3119F4812F0E94CF98A9
:1044A0001F5F9112E1CFA11008C0D701ED91FC91DF
:1044B0000084F185E02DC70119951B821A8288EED0
:1044C00093E0A0E0B0E08C839D83AE83BF8389E856
:1044D00093E099838883BC86A8CF843149F0811109
:1044E000DFCFF601329711821082DACFB12ED8CF0A
:1044F000AA24A394D5CF8F929F92AF92BF92CF92CE
:10450000DF92EF92FF920F931F93CF93DF93CDB77C
:10451000DEB72F970FB6F894DEBF0FBECDBF5C019C
:104520004B017A018091CE088823C9F104E08333DE
:1045300009F008E0B501CE0101960E94F4218EEB4E
:10454000C82E88E0D82E10E0F601219131916F013C
:10455000F501848195812817390751F4812F0E9434
:10456000EB98873129F4A701B401812F0E944D9760
:104570001F5F0113E9CFC7012F960FB6F894DEBF76
:104580000FBECDBFDF91CF911F910F91FF90EF90A4
:10459000DF90CF90BF90AF909F908F900895F12CB7
:1045A000E12CE9CFDA01E0916B07F0E0FE2FEE2776
:1045B000E60FF71F90E0982F8827A901BD018E0F05
:1045C0009F1F0C94179444E050E0BC018FE090E0F2
:1045D0000C94A29444E050E0BC0185E090E00C947F
:1045E000A29444E050E0BC0181E090E00C94A294DD
:1045F00008959F92AF92BF92CF92DF92EF92FF9277
:104600000F931F93CF93DF938C015B01942EE52EC4
:10461000FC01C688D788F08C80E591E00E9405A750
:104620008F2D0E94F396C92DDE2D8C179D0708F45F
:10463000EC019E01A501B6018F2D0E947096F80134
:10464000868997898C0F9D1F978B868BCE01DF9172
:10465000CF911F910F91FF90EF90DF90CF90BF907F
:10466000AF909F900895CF93FC01C08D80E591E0BD
:104670000E9405A760E270E08C2F0E94079462E020
:1046800070E08C2F0E94E22184FD16C062E070E091
:104690008C2F0E94E22183FF0AC048E162E070E0B3
:1046A0008C2F0E94B42180E090E0CF91089580E5A6
:1046B00091E00E9405A7E3CF40E162E070E08C2F1B
:1046C0000E94B42181E0F0CFFF920F931F93CF930C
:1046D000DF93EB01FC01178A168A2A81211109C098
:1046E0002B81211106C02C81211103C02D81222391
:1046F00001F141155105E9F08A01FC01F08C80E5DA
:1047000091E00E9405A7AE014E5F5F4F24E030E0CC
:104710006CE070E08F2D0E94A321B8018F2D0E94C4
:10472000FA9881E090E0DF91CF911F910F91FF9077
:10473000089580E0F7CF0F931F93CF938C01FC0176
:104740006481758181E20E942699C82F8830F8F42F
:1047500080E591E00E9405A78C2F0E94F021833113
:1047600031F08C2FCF911F910F910C94CF9862E074
:1047700070E08C2F0E940794F80184819581EC2FC2
:10478000F0E0EE0FFF1FE254F74F91838083CF914B
:104790001F910F9108950F931F93CF93DF931F9253
:1047A0001F92CDB7DEB7FC0124852830E0F48C01E0
:1047B00080E591E00E9405A722E030E0AE014F5F66
:1047C0005F4F60E170E0F80184850E94D222898108
:1047D0009A819827892798270F900F90DF91CF9182
:1047E0001F910F91089590E080E0F6CF0F931F93F3
:1047F000CF93DF931F921F92CDB7DEB7FC012485C4
:104800002830E0F48C0180E591E00E9405A722E0C9
:1048100030E0AE014F5F5F4F64E070E0F8018485E7
:104820000E94D22289819A819827892798270F9000
:104830000F90DF91CF911F910F91089590E080E04C
:10484000F6CFCF93DF93EC018FE094E099838883D8
:104850001A821B821C821D8280E591E00E9405A7BE
:10486000BE016E5F7F4F44E050E08FE090E00E9419
:104870001794CE01DF91CF9108950E94639588230C
:1048800031F08091CE08843329F0873381F090E0B5
:1048900080E0089580E591E00E9405A785E390E01F
:1048A0000E94D12185FD0DC082E090E0089580E551
:1048B00091E00E9405A78EE290E00E94D12180FF46
:1048C000F3CF81E090E008951F920F920FB60F9200
:1048D00011240BB60F922F933F934F935F936F93D7
:1048E0007F938F939F93AF93BF93EF93FF938091A9
:1048F000B900887F803609F44DC008F040C0883286
:1049000009F4A7C028F5803109F49BC0C8F48823B6
:1049100009F4F1C0883009F494C0FF91EF91BF9180
:10492000AF919F918F917F916F915F914F913F9147
:104930002F910F900BBE0F900FBE0F901F901895E8
:10494000883109F486C0803241F78093640714C02F
:10495000803409F497C040F48033B9F38833E9F622
:104960008093640785ECA8C0803509F481C0883540
:1049700009F490C0883489F60E94B913CECF8839E3
:1049800009F486C038F5883729F050F4883611F0DC
:10499000803719F683E0809365071092630755C04E
:1049A000883809F475C0803919F0803809F0B5CF1E
:1049B00080916307803208F06BC0E091630781E06B
:1049C0008E0F809363078091BB00F0E0ED5BF84FA2
:1049D00080833BC0803B39F0D0F4803A09F471C049
:1049E000883A09F09ACF84E08093650710924207D5
:1049F00010924107F0E0E0E01995809141078111A4
:104A00000FC081E0809341071092210709C0803CCC
:104A100009F4A8CF883C09F4A5CF883B09F07DCFE5
:104A2000E091420781E08E0F80934207F0E0EF5D56
:104A3000F84F80818093BB0090914207809141079D
:104A400025C080916A078093BB0085EC8093BC00F1
:104A500064CF9091690780916807981728F5E091D5
:104A6000690781E08E0F80936907F0E08081EBCFCA
:104A7000E091690781E08E0F809369078091BB0008
:104A8000F0E0808390916907809168079817E8F2B9
:104A900085E8DCCFE091690781E08E0F809369079C
:104AA0008091BB00F0E0808380916707811164CF23
:104AB00081E08093660784EA8093BC0010926507CA
:104AC0002CCF85EC8093BC00109265078091630722
:104AD000803230F4E0916307F0E0ED5BF84F108234
:104AE0006091630770E083E497E0F0E0E0E01995FF
:104AF0001092630712CF109264073ECF009789F09F
:104B0000FC0120852F70253061F40E94BF9D009725
:104B100041F0FC0120852F70243019F481859285A5
:104B2000089590E080E00895CF92DF92EF92FF9297
:104B30000F931F93182F6A017B010E9404AC04C0DD
:104B400096958795779567951A95D2F76C217D2173
:104B50008E219F218B019C010150110921093109EE
:104B60000E3F1F4F2F4F3F4F20F061E070E080E07D
:104B700090E01F910F91FF90EF90DF90CF900895FC
:104B80003F924F925F926F927F928F929F92AF92DD
:104B9000BF92CF92DF92EF92FF920F931F93CF932A
:104BA000DF9300D000D0CDB7DEB77C01362E8091E8
:104BB0001D07882309F40DC1D70114969C9180919B
:104BC0002902891708F405C180911B0790911C07E1
:104BD000BAE06B1318C28A53994FFC011082D701B7
:104BE00018968D919C91892B09F4EFC08091C20693
:104BF0009091C306A091C406B091C506892B8A2B5B
:104C00008B2B09F0CEC00E9404AC2B013C01F701B4
:104C100000851185D80119966D917C9161157105FA
:104C200099F4F80185809680A780B0848091DC0A91
:104C30009091DD0AA091DE0AB091DF0A88169906EC
:104C4000AA06BB0609F487C0D8011B964D915C915A
:104C50001C974115510509F47EC0F7012481539634
:104C60008C91539790E0322F377002C095958795BD
:104C70003A95E2F780FF6FC0C22ED12CC601887F23
:104C80009370892B39F451968D919C91887F937004
:104C9000C82AD92AD8018D919C91DC01ED91FC9113
:104CA0006115710509F4C4C00688F789E02D1995CE
:104CB000019709F050C06CE3F801808191810E9456
:104CC000CF8AA60170E060E02AE0D8018D919C9126
:104CD0000E94E489F80122818081918163E67BE171
:104CE000222311F061E67BE10E94B78BD8011D966B
:104CF0006D917C911E978D919C910E94608B60E2DA
:104D0000F801808191810E94CF8AD8011F966D9110
:104D10007C9150978D919C910E94608BF80122812B
:104D20008081918166E57BE1222311F060E57BE1E2
:104D30000E94B78B66EC76E0D8018D919C910E9421
:104D4000608BF80180819181DC01ED91FC91008CF8
:104D5000F18DE02D19950E9404ACAB01BC01441902
:104D6000550966097709F701858196814536510510
:104D70006105710508F472C0009721F060EA7BE1DB
:104D80000E94DB8B4FEF5FEFBA0180E00E94942519
:104D90006093C2067093C3068093C4069093C506C1
:104DA00014C00E9404AC0091C2061091C306209169
:104DB000C4063091C506601B710B820B930B6033E8
:104DC00075478105910508F01ECF10921C071092BF
:104DD0001B07D70115968D919C911697009771F03E
:104DE00014963C9120912A02231740F0DC01ED91AA
:104DF000FC910190F081E02D632D199581E090E008
:104E000026960FB6F894DEBF0FBECDBFDF91CF91CF
:104E10001F910F91FF90EF90DF90CF90BF90AF90D8
:104E20009F908F907F906F905F904F903F900895EC
:104E30000488F589E02D2FE034E03A832983D801F6
:104E400015968D909D90AD90BC9018978B829C820A
:104E5000AD82BE82BE016F5F7F4F29CF4091C206F7
:104E60005091C3066091C4067091C506452B462B30
:104E7000472B09F4AACF009721F061E97BE10E945A
:104E8000DB8B1092C2061092C3061092C4061092D9
:104E9000C506D70118960D911C91F80161857285A0
:104EA0006115710591F4458056806780708480910A
:104EB000DC0A9091DD0AA091DE0AB091DF0A481663
:104EC00059066A067B0609F480CFD8011B964D91DE
:104ED0005C911C974115510509F477CFF7012481A6
:104EE00053968C91539790E0322F377002C095956E
:104EF00087953A95E2F780FF68CFC22ED12CC60184
:104F0000887F9370892B39F451968D919C91887F7D
:104F10009370C82AD92AD8018D919C91DC01ED911A
:104F2000FC916115710509F458C00688F789E02DD8
:104F30001995019709F049CF6CE3F80180819181BF
:104F40000E94CF8AA60170E060E02AE0D8018D912E
:104F50009C910E94E489F8012281808191816CE713
:104F60007BE1222311F06AE77BE10E94B78BD80135
:104F70001D966D917C911E978D919C910E94608BE6
:104F800060E2F801808191810E94CF8AD8011F964A
:104F90006D917C9150978D919C910E94608BF8014E
:104FA0002281808191816FE67BE1222311F069E605
:104FB0007BE10E94B78B62E87BE1D8018D919C91E7
:104FC0000E94B78BF80180819181DC01ED91FC9109
:104FD000008CF18DE02D1995F8CE0488F589E02D2F
:104FE0002FE034E03A832983D80115964D905D90E7
:104FF0006D907C9018974B825C826D827E82BE01A0
:105000006F5F7F4F95CF843591050CF0E2CEBDE008
:105010006B1709F4DECE9C012F5F3F4F30931C07C6
:1050200020931B078A53994FFC016083D2CECF9205
:10503000DF92EF92FF920F931F93CF93DF93EC01D8
:10504000EC81FD81309709F4A4C08A819B81892B72
:1050500009F49FC08081882309F49BC07A016B0109
:10506000E881F9810284F385E02DCE01199503973B
:10507000D9F4EC81FD8180A591A5A2A5B3A5892BCA
:105080008A2B8B2B89F00E9404ACEC81FD8100A55A
:1050900011A522A533A5601B710B820B930B6639FA
:1050A00071058105910528F38F81988521E0E21A29
:1050B000F108DC01ED91FC910280F381E02DA70164
:1050C000B60119958F819885DC01ED91FC910190D5
:1050D000F081E02DD601129660E09D012C193D096A
:1050E0002E153F0518F42D91620FF7CF19950C81FD
:1050F0001D814FEF5FEFBA0180E00E949425F80117
:1051000060A771A782A793A760EE78E18AE19CE08F
:105110000E94B78B4AE050E06E818AE19CE00E94D9
:10512000348A6BED78E18AE19CE00E94B78B8601BE
:10513000C8018C199D098E159F05B8F4D8016C9192
:1051400040E150E06A3050F468E474E08AE19CE0A9
:105150000E94608B40E150E0F80160818AE19CE0B0
:105160000E94348A0F5F1F4FE3CF8AE19CE00E94C8
:10517000308AE881F9810484F585E02D63E0CE0171
:10518000DF91CF911F910F91FF90EF90DF90CF9023
:105190001994DF91CF911F910F91FF90EF90DF90C5
:1051A000CF9008958F929F92AF92BF92CF92DF924D
:1051B000EF92FF920F931F93CF93DF937C014A01ED
:1051C0005901C0911E07D0911F07062F660F110BC2
:1051D000209709F45CC088858F70863009F055C02F
:1051E0006AE474E0CE010E94479D6C0182E088165B
:1051F000910449F06FE474E0E3E08E16910429F025
:10520000D0E0C0E006C063E574E0CE010E94479D97
:10521000EC01C114D104D9F1F60180858F7084307E
:10522000B1F561857285A801C7010E947FDFA801E1
:1052300068E574E0C7010E9461DF209779F18885F5
:105240008F70843059F569857A85A801C7010E945D
:1052500061DFA80168E574E0C7010E9461DFA11465
:10526000B10429F0A801B501C7010E9461DFC7019F
:10527000DF91CF911F910F91FF90EF90DF90CF9032
:10528000BF90AF909F908F900895D0E0C0E0A801AC
:1052900064E07CE1C7010E9471D3C9CFF2E08F16B0
:1052A000910481F083E08816910429F060916E07E3
:1052B00070916F07CACFA8016EEF7BE1C7010E9412
:1052C00053D3C7CFA8016BEF7BE1F8CFCF92DF922A
:1052D000EF92FF920F931F93CF93DF93CDB7DEB77B
:1052E000C154D1090FB6F894DEBF0FBECDBF6C011B
:1052F000AB0130E020E060E4CE0101967C010E9429
:10530000D228F70101900020E9F731978F010E199B
:105310001F09A801B701C6010E9471DF892B11F096
:1053200010E000E0C801CF5BDF4F0FB6F894DEBF9E
:105330000FBECDBFDF91CF911F910F91FF90EF90E6
:10534000DF90CF900895EF92FF920F931F93CF932A
:105350007C018C01C0E0C330E1F0F801428150E0F3
:1053600070E060E02AE030E089E69BE00E94D68AA7
:1053700069EF7BE189E69BE00E94B78BCF5F0F5F0F
:105380001F4FC43041F7CF911F910F91FF90EF90C5
:105390000895F701458150E070E060E02AE030E0D8
:1053A00089E69BE00E94D68A67EF7BE1E3CFCF934B
:1053B000DF931F921F92CDB7DEB78091590D909168
:1053C0005A0D009711F485E69DE0BE016F5F7F4F97
:1053D000681B790B072E000C880B990B0F900F9010
:1053E000DF91CF9108954F925F926F927F929F923B
:1053F000AF92BF92CF92DF92EF92FF920F931F93E3
:10540000CF93DF93CDB7DEB760970FB6F894DEBFCA
:105410000FBECDBFFC0119861A861B861C868A85A5
:10542000807F8A87A081B181109709F4EEC08C91AA
:10543000882309F4EAC000811181D8019C91992345
:1054400009F452C09D3209F4E4C090539A3028F018
:105450000F5F1F4F11830083EECFC801912CDC0139
:105460006D01C81AD90A2D91022E000C330B20535E
:1054700031092A303105A0F37F016EE270E0C801E6
:105480000E9446DFFC01DC01892B91F5CD2809F053
:10549000C5C01D861E861F86188A88E0FE013996C3
:1054A000DE01119601900D928A95E1F729813A81EA
:1054B0004B815C816D817E818F81988560960FB66E
:1054C000F894DEBF0FBECDBFDF91CF911F910F913A
:1054D000FF90EF90DF90CF90BF90AF909F907F9024
:1054E0006F905F904F900895912CD12CC12CC4CF18
:1054F0005D01AE1ABF0A11968C911197082E000C0F
:10550000990BC09711960A9798F32181022E000CEF
:10551000330B205331092A303105F0F52A3031059B
:1055200014F029E030E037FF02C030E020E0032E25
:10553000000C440B550BAAE0B0E00E94BADA2B0134
:105540003C018281082E000C990BC0978A3091058E
:1055500088F48A30910514F089E090E097FF02C04A
:1055600090E080E0092E000CAA0BBB0B480E591EE0
:105570006A1E7B1EA114B10409F488CFF3E0AF16B4
:10558000B10474F0C8010E94CAD22B013C018A8583
:10559000807F87608A8723C020E030E0A901CBCFDD
:1055A000B8E0CB16D10474F7C8010E94ECD29B017D
:1055B000AC01A4E6B0E00E94BADA992041F0709400
:1055C000609450944094411C511C611C711C2A85AC
:1055D000207F26602A87460E571E681E791E6CE2C1
:1055E00070E0F701808191810E9446DF009741F4CD
:1055F000D7011D921C924D865E866F86788A4DCFAC
:105600000196F70191838083F6CF412C512C320112
:10561000F2CFC80101969924939421CFC8010E942A
:10562000ECD22A85207F2A602A872B013C01D7CF24
:10563000CF92DF92EF92FF920F931F93CF93DF935E
:10564000EC01A881B981109781F18C91882369F1CF
:1056500008811981F8019081992351F09D3241F020
:1056600090539A3028F00F5F1F4F19830883F0CFB3
:10567000C8010E94ECD26B017C016CE270E0C801B1
:105680000E9446DF009769F419821882C701B601AB
:10569000DF91CF911F910F91FF90EF90DF90CF900E
:1056A0000895019699838883F1CFC12CD12C76017E
:1056B000EDCF08950895EF92FF921F93CF93DF935C
:1056C000192F7B01C82FD92FD7FF03C0D195C195C2
:1056D000D10961E08C2F0E9451AB82E0E816F10401
:1056E00099F460E08C2F0E9423AB69EA78E18AE1AB
:1056F0009CE00E94B78B8AE19CE0DF91CF911F91E3
:10570000FF90EF900C94308A612FEF2851F4609550
:10571000661F6627661F8C2F0E9423AB65EA78E11F
:10572000E6CF661F6627661F8C2F0E9423AB60EAB8
:1057300078E1DDCF6EE778E189E69BE00E94B78BE8
:105740006BE678E189E69BE00E94B78B6DE578E136
:1057500089E69BE00E94B78B65E578E189E69BE0EE
:105760000E94B78B89E69BE00E94308A65E478E16D
:1057700089E69BE00E94B78B69E378E189E69BE0CC
:105780000E94B78B6CE278E189E69BE00E94B78BC0
:1057900067E178E189E69BE00E94B78B68E078E1F9
:1057A00089E69BE00E94B78B60E078E189E69BE0A8
:1057B0000E94B78B65EF77E189E69BE00E94B78B8B
:1057C00068EE77E189E69BE00E94B78B6EED77E1AA
:1057D00089E69BE00E94B78B66ED77E189E69BE066
:1057E0000E94B78B6AEC77E189E69BE00E94B78B59
:1057F00060EB77E189E69BE00E94B78B61E977E196
:1058000089E69BE00E94B78B6CE777E189E69BE035
:105810000E94B78B64E677E189E69BE00E94B78B34
:1058200066E577E189E69BE00E94B78B6AE477E161
:1058300089E69BE00E94B78B62E477E189E69BE012
:105840000E94B78B67E377E189E69BE00E94B78B04
:105850006AE277E189E69BE00E94B78B62E277E13A
:1058600089E69BE00E94B78B67E177E189E69BE0E0
:105870000E94B78B68E077E189E69BE00E94B78BD6
:105880006FEF76E189E69BE00E94B78B61EF76E1EE
:1058900089E69BE00E94B78B63EE76E189E69BE0A8
:1058A0000E94B78B67ED76E189E69BE00E94B78B9B
:1058B00069EC76E189E69BE00E94B78B61EC76E1CA
:1058C00089E69BE00E94B78B6EEA76E189E69BE071
:1058D0000E94B78B64EA76E189E69BE00E94B78B71
:1058E00089E69BE00C94308A0F931F93CF93DF934C
:1058F00000D000D0CDB7DEB70E949A2B69E170E1ED
:1059000089E69BE00E94B78BCE0101960E9421247C
:10591000CE0101960E94A3290FE014E01A830983A7
:105920008091E20A9091E30AA091E40AB091E50A1D
:105930008B839C83AD83BE83CE0101960E94A329F5
:105940001A8309831B821C821D821E8280E591E0DE
:105950000E9405A744E050E0BE016D5F7F4F81E0EB
:1059600090E00E941794CE0101960E94A3291A8309
:1059700009831B821C821D821E8280E591E00E94A9
:1059800005A744E050E0BE016D5F7F4F85E090E0E9
:105990000E941794CE0101960E94A3296FE370E143
:1059A00089E69BE00E94B78B88EC90E026960FB6C4
:1059B000F894DEBF0FBECDBFDF91CF911F910F9145
:1059C000089580916D078823B1F0E091B606F091BB
:1059D000B706309731F08681978190937107809355
:1059E000700762E070E189E69BE00E94B78B89E670
:1059F0009BE00C94308A0895CF92DF92EF92FF9251
:105A00000F931F93CF93DF9300D000D0CDB7DEB7B5
:105A100080911D0781119AC08091E1089091E20860
:105A200002970CF493C08091C0069091C106009734
:105A300009F48CC06CE574E00E94479D8C010097CE
:105A400009F484C00E9406A2E82EF12CE114F104AE
:105A500009F47CC070E060E0C8010E947E256C0102
:105A6000EA94EF2809F481C061E0C8010E94BF9D5B
:105A7000FC0101851285CE0101960E942124CE01F0
:105A800001960E9408A763EF7FE089E69BE00E94F1
:105A9000B78BB60189E69BE00E94608B60EE74E0F4
:105AA00089E69BE00E94608BB80189E69BE00E943A
:105AB000B5A160EE74E089E69BE00E94608B6FEC1C
:105AC00078E089E69BE00E94608B89E69BE00E947B
:105AD000308A62E072E088E39CE00E943F18D09236
:105AE0002E0CC0922D0C1093300C00932F0C8FECC9
:105AF00098E0892BE9F58AE594E09093320C809345
:105B0000310C8091700790917107009741F070E01F
:105B100060E00E947E2590936F0780936E078091CE
:105B20006E0790916F07009731F19093340C80933A
:105B3000330C1092360C1092350C81E080931D07C7
:105B40006AED7FE089E69BE00E94B78B26960FB650
:105B5000F894DEBF0FBECDBFDF91CF911F910F91A3
:105B6000FF90EF90DF90CF90089502E012E083CF96
:105B70008FEC98E0C2CF8CEC92E0892B19F48AE587
:105B800094E0D3CF8CEC92E0D0CF0F931F93CF93C0
:105B900065ED7FE089E69BE00E94B78B0DE41BE09A
:105BA000C0E0F80181918F01803130F468E474E045
:105BB00089E69BE00E94608BC530C9F0F8013197FF
:105BC000408150E070E060E020E130E089E69BE059
:105BD0000E94D68A63ED7FE089E69BE00E94B78B46
:105BE000CF5FC630F1F6CF911F910F91089540918C
:105BF000520B50E070E060E020E130E089E69BE08D
:105C00000E94D68A89E69BE00E94308AE9CFEF9213
:105C1000FF920F931F93CF93DF9300D000D01F927A
:105C2000CDB7DEB77B01CE0107969F938F93019787
:105C30009F938F9301979F938F9301979F938F9338
:105C400001979F938F9301979F938F938E010F5F7F
:105C50001F4F1F930F9383E694E09F938F93DB0175
:105C600013968C9113978F9312968C918F930E9419
:105C700006E00FB6F894DEBF0FBECDBF0697ECF47A
:105C800061E375E183E79BE00E94B78BD701129631
:105C90006D917C9183E79BE00E94608B80E991E0AD
:105CA00027960FB6F894DEBF0FBECDBFDF91CF9120
:105CB0001F910F91FF90EF9008958091450B909167
:105CC000460B892BA9F10E94979E882389F182E7D0
:105CD0000E94829E8091450B9091460BDC01ED91D4
:105CE000FC910088F189E02D64E070E019958091C5
:105CF000450B9091460BDC01ED91FC910280F38104
:105D0000E02D46E050E0B801199586E0F801ADE4D9
:105D1000BBE001900D928A95E1F78091450B90913F
:105D2000460BDC01ED91FC910488F589E02D199575
:105D30000E94C52D63E475E189E69BE00E94B78B64
:105D400088EC90E0ADCF0895EF92FF920F93CF9340
:105D5000DF93CDB7DEB7A0970FB6F894DEBF0FBEC6
:105D6000CDBF7C0100E020E030E340E250E0BE0126
:105D70006F5F7F4F0E94A91EBE016F5F7F4F8AE158
:105D80009CE00E94608B64E47EE08AE19CE00E94DB
:105D9000B78BF70161816F704AE050E08AE19CE0C7
:105DA0000E94348A6DE37EE08AE19CE00E94B78B1A
:105DB0004AE050E0F70162818AE19CE00E94348A67
:105DC0008AE19CE00E94308AA0960FB6F894DEBF6C
:105DD0000FBECDBFDF91CF910F91FF90EF9008954F
:105DE000CF93DF9300D000D01F921F92CDB7DEB7C4
:105DF000FC01628398E0DE01119601900D929A9564
:105E0000E1F729813A814B815C816D817E818F81AF
:105E1000988528960FB6F894DEBF0FBECDBFDF91F0
:105E2000CF910895CF93DF9300D000D01F921F929F
:105E3000CDB7DEB7FC01608398E0DE0111960190DA
:105E40000D929A95E1F729813A814B815C816D81B0
:105E50007E818F81988528960FB6F894DEBF0FBE9D
:105E6000CDBFDF91CF9108952F923F924F925F92D5
:105E70006F927F928F92AF92BF92CF92DF92EF920A
:105E8000FF920F931F93CF93DF93CDB7DEB7C45725
:105E9000D1090FB6F894DEBF0FBECDBF3C01AE9660
:105EA0000FAFAE97AF961FAFAF97E0962FAFE097CB
:105EB000E1963FAFE197E2964FAFE297E3965FAF8F
:105EC000E397E4966FAFE497E5967FAFE597239667
:105ED0001FAE1EAE2397FE01ED5BFF4F82E1DF0197
:105EE0001D928A95E9F77296119211928EE0DF0168
:105EF0001D928A95E9F767E774E08AE19CE00E94C9
:105F0000608BB5018AE19CE00E94608B65EC74E0D7
:105F10008AE19CE00E94608BCE0183599F4F0E94D2
:105F2000A42ED4FE2CC0AE96EFADAE97E83108F0AB
:105F30006BC1F0E08827E056F04D8F4F0C94F0DAFB
:105F40000A31B82F0131043104310131B82F043145
:105F5000043104310431043104310431B82FB82F35
:105F6000043104310431B82FB82FB82FB82F0A31BB
:105F700067EC7BE0CE018B5A9F4F0E9443D30E9477
:105F8000659D882309F41DC18091E008811119C124
:105F9000A114B10409F05FC030E020E043E050E01C
:105FA00060E4CE0101960E94D228D3011296ED91B1
:105FB000FC91608171814FE350E0CE0101960E9417
:105FC00061DFD5FE2AC1AE968FADAE97823009F45F
:105FD00024C1853009F421C1AF968FADAF978F7082
:105FE0009FE0980F9F70923018F0883009F015C12B
:105FF00001E020E030E244E150E0BE016F5B7F4F02
:10600000CE0183599F4F0E94A91E482DBE016F5B90
:106010007F4FCE0101960E94D2AC6DE97BE08AE110
:106020009CE00E94B78BBE016F5F7F4F8AE19CE0CE
:106030000E94608B6AE97BE08AE19CE00E94B78B5A
:10604000BE016F5B7F4F8AE19CE00E94608B8AE11A
:106050009CE00E94308AAF968FADAF978F7016018B
:10606000270122243324B0E14B225524882311F048
:10607000D5FC06C0211431044104510409F40DC1BA
:1060800030E020E043E050E060E4CE0101960E9461
:10609000D228D3011296ED91FC91608171814FE37A
:1060A00050E0CE0101960E9461DFA114B10469F0B5
:1060B00068E574E0CE0101960E943BDF4FE350E0BB
:1060C000B501CE0101960E9461DF68E574E0CE0162
:1060D00001960E943BDF4FE350E06FE57BE0211427
:1060E00031044104510479F4E0968FADE0974FE319
:1060F00050E06AE57BE0833031F06EE67BE087308C
:1061000011F065E57BE0CE0101960E9453D3AF9676
:106110008FADAF978F708450823008F0A5C067E1D3
:10612000CE0183599F4F0E94122FA6962FAFA6979C
:10613000A7963FAFA797A8964FAFA897A9965FAF2E
:10614000A997AA966FAFAA97AB967FAFAB97AC967D
:106150008FAFAC97AD969FAFAD9700E020E030E3F6
:1061600044E150E0BE016F5B7F4FCE0183599F4FEA
:106170000E94A91E65E47BE08AE19CE00E94B78B47
:10618000BE016F5F7F4F8AE19CE00E94608B62E4FA
:106190007BE08AE19CE00E94B78BBE016F5B7F4F82
:1061A0008AE19CE00E94608B8AE19CE00E94308A38
:1061B0000E94659D882329F08091E008882309F4D6
:1061C0005DC0B701A601C3010E94AC1990E080E058
:1061D000CC58DF4F0FB6F894DEBF0FBECDBFDF91B6
:1061E000CF911F910F91FF90EF90DF90CF90BF90D4
:1061F000AF908F907F906F905F904F903F902F90D7
:10620000089561ED7BE0B6CE63EA7BE08AE19CE035
:106210000E94B78BE894D4F8B2CED4FE1CCF669619
:106220008FAD6697882309F416CF482DBE016B5AAF
:106230007F4FCE0101960E94D2AC64E97BE08AE1F7
:106240009CE00E94B78BBE016F5F7F4F8AE19CE0AC
:106250000E94608B61E97BE08AE19CE00E94B78B41
:10626000BE016B5A7F4FEFCE20E030E32328242875
:10627000252811F420E030E200E072CF482DBE0165
:106280006F5B7F4FCE0101960E94D2AC40E050E29E
:1062900060E070E0C3010E948319D4FE9EC0A11487
:1062A000B10409F02FC1AE96EFADAE97E150E631E3
:1062B00020F5F0E08827E05AFE4C8F4F0C94F0DA7E
:1062C0007A327D317D317D317D317A327D317D3162
:1062D0007D317D317D317D317D317F3277327D3150
:1062E0007D317D3176316E32713274326BE77CE014
:1062F000CE018B5A9F4F0E9443D330E020E043E011
:1063000050E060E4CE0101960E94D228D30112969B
:10631000ED91FC91608171814FE350E0CE010196D7
:106320000E9461DFA114B10469F068E574E0CE0158
:1063300001960E943BDF4FE350E0B501CE0101968C
:106340000E9461DF68E574E0CE0101960E943BDFA8
:10635000E0968FADE0974FE350E06EE67BE087304C
:1063600011F060E57BE0CE0101960E9453D36CE30F
:106370007BE08AE19CE00E94B78BBE016F5F7F4F9C
:106380008AE19CE00E94608B69E37BE08AE19CE00B
:106390000E94B78BBE016B5A7F4F8AE19CE00E943E
:1063A000608B8AE19CE00E94308A0E94659D882370
:1063B00009F407CF8091E008811103CF482DBE0179
:1063C0006B5A7F4FCE0101960E94D2AC40E050E163
:1063D00060E070E0C3010E948319D6FE7CC040E0FB
:1063E00056E060E070E0C3010E94D519672B682B6E
:1063F000692B09F494C06FE37CE0CE018B5A9F4F68
:106400000E9443D330E020E043E050E060E4CE015E
:1064100001960E94D228D3011296ED91FC916081E1
:1064200071814FE350E0CE0101960E9461DFA1141B
:10643000B10469F068E574E0CE0101960E943BDF8B
:106440004FE350E0B501CE0101960E9461DF68E59F
:1064500074E0CE0101960E943BDF4FE350E068E715
:106460007BE0CE0101960E9453D363E37BE08AE197
:106470009CE00E94B78BBE016F5F7F4F8AE19CE07A
:106480000E94608B60E37BE08AE19CE00E94B78B16
:10649000BE016B5A7F4F8AE19CE00E94608B8AE1CB
:1064A0009CE00E94308A0E94659D882309F489CE71
:1064B0008091E008811185CE482DBE016B5A7F4F37
:1064C000CE0101960E94D2AC40E050E460E070E062
:1064D000C3010E94831981E090E07ACE65E87CE0F8
:1064E00007CF6FE87CE004CF69E97CE001CF63E58A
:1064F0007CE0FECEF3018285853009F0FECE69E4B2
:106500007CE0F6CE00E0960140E150E0BE016B5A1F
:106510007F4FCE0183599F4F0E94A91EEECE40E0CF
:1065200051E060E070E0C3010E94D519672B682B31
:10653000692B19F06BE27CE060CF61E27CE05DCF1B
:10654000DC011196EC911197EF70E150EB3008F0FF
:1065500039C0F0E08827E055FD4C8F4F0C94F0DAFD
:10656000D332D332E232BB32BB32C432DB32DB3223
:10657000DB32BB32BB3214966D917D918D919C9133
:1065800017970E9436D9089514966D917D918D913B
:106590009C91179724E630E040E050E00E949BDA9F
:1065A000CA01B901EECF14966C9170E090E080E0E2
:1065B0000E9434D9089514966D917D918D919C918E
:1065C0001797089560E070E0CB010895DC01119603
:1065D000EC911197EF70E150EB3008F037C0F0E02C
:1065E0008827EA50FD4C8F4F0C94F0DA08330833BB
:1065F00026330133013317330E330E330E33013399
:10660000013314966D917D918D919C91179708950A
:1066100014966C9170E090E080E0089514966D916E
:106620007D918D919C9117970E94EDDB08951496B2
:106630006D917D918D919C91179724E630E040E01B
:1066400050E00E949BDACA01B901089560E070E051
:10665000CB010895CF92DF92EF92FF920F931F9399
:10666000CF93DF93CDB7DEB762970FB6F894DEBF56
:106670000FBECDBF6C010B871C872D873E874F87D0
:10668000588B698B7A8B63E97AE1C7010E943AD310
:10669000EEE0F0E0892BF1F06DE87AE1C7010E94AD
:1066A0003AD3E0E1F0E0892BA9F067E87AE1C7018D
:1066B0000E943AD3EFE0F0E0892B61F01D8563E89A
:1066C0007AE1C7010E943AD3E12FF0E0892B11F45F
:1066D000EDE0F0E09B85992341F0309731F4EF280D
:1066E00009F45CC08FEF9FEFCAC0E131F10508F0FB
:1066F00037C08827E158FC4C8F4F0C94F0DA723386
:10670000CE339033B033B033B033B0338034373519
:10671000B033B033B033B033B03341357A354F3561
:10672000CE010B960E94E63220EF260F2931D0F6DB
:10673000D6011496ED91FC91159723A39B01AC0112
:106740003327442755271296ED91FC910280F3815F
:10675000E02D6081718104E814E0C6010E94782177
:10676000D6011496ED91FC911597118A1496ED912E
:10677000FC91159781E081871496ED91FC91159716
:106780008DE482871496ED91FC9115978FE58387B0
:1067900014966D917C9145E250E04CC0F601048165
:1067A00015814FEF5FEFBA0180E00E949425D80178
:1067B00098966D937D938D939C939B97D601ED91C5
:1067C000FC910484F585E02D64E0C6011995EB8504
:1067D000E150E63128F6F0E0D60114962D913C9177
:1067E00015978827E950FC4C8F4F0C94F0DA0D3444
:1067F0001E34B033B0331E340D34B033B033B03345
:10680000B033B033B033B0334E346634B033B0331A
:10681000B033B03362345E346434F90185A1858FBE
:106820001496ED91FC91858D8160858F4DE050E04F
:106830006CE172E0C6010E9417281FC0F90185A112
:10684000858F1496ED91FC91858D8E7F858F4DE01F
:1068500050E06FE072E0C6010E941728D601129640
:10686000ED91FC910280F381E02D49E854E06EE85F
:1068700074E0808191810E94F0AC81E090E06296AA
:106880000FB6F894DEBF0FBECDBFDF91CF911F9141
:106890000F91FF90EF90DF90CF900895F901178A44
:1068A000D6011496ED91FC91159785A1858F1496CC
:1068B000ED91FC91858D8160858F52CF81E0F9014A
:1068C000878BEECF82E0FBCF84E0F9CF83E0F90144
:1068D000878B1496ED91FC91159785A1858F149661
:1068E000ED91FC911597858D8160858F1496ED91C2
:1068F000FC91818D833009F033CF82E0818F30CFDE
:106900001982F601048115819031C1F190F4923021
:1069100009F440C09E30B9F0CE010B960E94E632D9
:10692000611571058105910509F058C0F80117A29C
:1069300043C0913141F1923179F782E0F801818FC2
:1069400063E37AE106C083E0D80159968C936BE04B
:106950007AE1CE0101960E9443D3D6011296ED91C1
:10696000FC910280F381E02D42E954E0BE016F5FAB
:106970007F4F808191810E94F0ACF2CEF801118EA0
:106980006FE17AE1E6CF81E0D80159968C9369E214
:106990007AE1DFCFD80197961C92048115814FEFE1
:1069A0005FEFBA0180E00E949425D80198966D931C
:1069B0007D938D939C939B97D6011496ED91FC91BA
:1069C000159785A1858F1496ED91FC91858D8E7F0D
:1069D000858F4DE050E06FE072E02CCFD8019796A4
:1069E0001C926150710981099109660F771F881FF8
:1069F000991F2EEF30E040E050E00E949BDADA0170
:106A0000C9010196A11DB11D813071F0A8F282303B
:106A100029F1833009F0A1CFD6011496ED91FC91B4
:106A2000118E6FE17AE108C0D6011496ED91FC91C8
:106A300082E0818F63E37AE1CE0101960E9443D325
:106A4000D6011496ED91FC91159785A1858F14962A
:106A5000ED91FC91858D8160858F7FCFD601149655
:106A6000ED91FC9181E0818F69E27AE1E5CFCE0181
:106A70000B960E94E632D6011496ED91FC91678B3D
:106A80006FCED6011496ED91FC91913029F09230A1
:106A900009F066CE148E64CE80E5848F61CEF60157
:106AA00004811581913049F09230B1F0CE010B96FE
:106AB0000E94E632F801638F53CE83E0D8015B96E3
:106AC0008C930280F381E02D0280F381E02D47E971
:106AD00054E06EE974E04DCFF801138ED6011296A2
:106AE000ED91FC910280F381E02D47E954E06EE8DE
:106AF00074E03FCFD6011496ED91FC91913031F0C6
:106B0000923009F02DCE858D877FD6CE858D886019
:106B1000D3CE8F929F92AF92BF92CF92DF92EF929D
:106B20000F931F93CF93DF9300D000D01F921F923B
:106B3000CDB7DEB709831A832B833C834D835E83F5
:106B40006F837887DC0112962D913C9121153105D8
:106B5000A1F490E080E028960FB6F894DEBF0FBE57
:106B6000CDBFDF91CF911F910F91EF90DF90CF902C
:106B7000BF90AF909F908F9008958C01C9010E94A3
:106B800006A2C82ED12CB6E0CB16D10464F40E9424
:106B9000F9A1BC01F801828193810E94DBA1FFEF82
:106BA000CF1ADF0AF0CF65E0D80112968D919C9143
:106BB0000E94BF9D6C01892B61F28981803148F66A
:106BC000CE0101960E94E63216161706180619061F
:106BD00044F4F6018085982F9D7039F18F708730CD
:106BE00021F1D60118968C9118978F7018968C9376
:106BF00066E977E08AE19CE00E94B78BD8011296A3
:106C0000ED91FC91608171818AE19CE00E94608B32
:106C10006CE877E08AE19CE00E94B78B8AE19CE017
:106C20000E94308A81E090E096CF0E9404AC4B0134
:106C30005C01CE0101960E94E632860E971EA81EC8
:106C4000B91EF60181869286A386B48682E0E110A1
:106C500087E099819295907F892BD60118968C9325
:106C60006FE777E08AE19CE00E94B78BD80112962B
:106C7000ED91FC91608171818AE19CE00E94608BC2
:106C800069E777E08AE19CE00E94B78BCE0101962C
:106C90000E94E632AB01BC012AE030E08AE19CE0D0
:106CA0000E94D68A65E777E0B5CFAF92BF92CF92C8
:106CB000EF92FF920F931F93CF93DF93CDB7DEB781
:106CC000C856D1090FB6F894DEBF0FBECDBFA2964D
:106CD0000FAFA297A3961FAFA397A4962FAFA49729
:106CE000A5963FAFA597A6964FAFA697A7965FAF7D
:106CF000A797A8966FAFA897A9967FAFA997970176
:106D000048E0FE01EF59FF4FDE01A75ABF4F019047
:106D10000D924A95E1F7A296EFADA297E150ED30C2
:106D200008F0F9C0EC2C5C01F0E08827E556F94C3E
:106D30008F4F0C94F0DA14371E377E37893774374B
:106D4000A8360B378B378B372737393760374C37B7
:106D50002130310531F4C5010E946F19009709F403
:106D600049C067E0CE01875A9F4F0E94122F61E60B
:106D700077E08AE19CE00E94B78B4AE050E06A9697
:106D80006FAD6A978AE19CE00E94348A66E577E0FD
:106D90008AE19CE00E94B78BCE01875A9F4F0E94E8
:106DA000E632AB01BC012AE030E08AE19CE00E94BF
:106DB000D68A8AE19CE00E94308A6A960FAD6A9773
:106DC0006B961FAD6B976C962FAD6C976D963FAD24
:106DD0006D976E964FAD6E976F965FAD6F97A0965D
:106DE0006FADA097A1967FADA197C5010E9489358F
:106DF00081E090E0C859DF4F0FB6F894DEBF0FBEB8
:106E0000CDBFDF91CF911F910F91FF90EF90CF9069
:106E1000BF90AF900895232B29F4C5010E946F19EC
:106E2000009741F366E09ECF2130310529F4C5017A
:106E30000E946F190097F1F262E094CF232B29F49E
:106E4000C5010E946F190097A9F261E08BCF40E065
:106E500051E060E070E0C5010E94D519672B682BF6
:106E6000692B29F4C5010E946F19009719F26BE094
:106E700079CF40E051E060E070E0C5010E94D51993
:106E8000672B682B692B31F0C5010E946F190097A1
:106E900009F4B0CF6AE066CF40E056E060E070E011
:106EA000C5010E94D519611576408105910531F41F
:106EB000C5010E946F19009709F49CCF6CE052CF76
:106EC00040E056E060E070E0C5010E94D519611510
:106ED00076408105910531F0C5010E946F19009738
:106EE00009F488CF6DE03ECF232B31F4C5010E9419
:106EF0006F19009709F47ECF63E034CF213031055C
:106F000031F4C5010E946F19009709F473CF65E051
:106F100029CF64E027CF90E080E06CCFCF93DF9360
:106F2000EC016115710539F48F8181708F8381E0E7
:106F3000DF91CF9108958981982F9F7029F180E08A
:106F40009430B0F79B01770F440B550B2959310949
:106F500041095109A4E6B0E00E94BADA2BE531E01C
:106F600040E050E00E949BDA37FF02C030E020E0B2
:106F70002536310514F024E630E02F5F220F8F8193
:106F80008170282B2F83D3CF807F82608983DACFD3
:106F90002F923F924F925F926F927F928F929F9229
:106FA000AF92BF92CF92DF92EF92FF920F931F9317
:106FB000CF93DF93CDB7DEB766970FB6F894DEBFF9
:106FC0000FBECDBF6C0109871A872B873C874D8781
:106FD0005E876F87788B82E1E816F10480F5F70110
:106FE000E85EFC4F9081998BCE0109960E94751541
:106FF00097FD04C0BC01C6010E948E378B85D60167
:1070000012968C93129789858C931196EC91119717
:10701000EF70EC3008F06CC0F0E08827ED5EF74CC4
:107020008F4F0C94F0DA75393C383C38BB39213835
:10703000433A8839C439C439C43988398839198AF6
:10704000D3CF10E09A859F709D3008F019C4E92FC6
:10705000F0E08827E15DF74C8F4F0C94F0DA783838
:107060007A3A9A3A7A3A453A453A7A3A7A3A403C02
:10707000403C7A3A7A3A4E399A859F709D3008F0B2
:107080001DC1E92FF0E08827E75BF74C8F4F0C9488
:10709000F0DA7838223916396E3859385638F938D6
:1070A00026395E395E39E338E3384E398889F6018E
:1070B00087838F85D60116968C9316978E851596A5
:1070C0008C9315978D8514968C93149711968C91AB
:1070D0001197807F892B11968C930AC08F85988990
:1070E000F6018683878190FB80F987838E8585836F
:1070F000F989FF2309F464C0D60111968C918F7031
:107100002F2F30E08217130609F45AC06EE97DE094
:107110008AE19CE00E94B78BF60161816F704AE0C2
:1071200050E08AE19CE00E94348A6BE97DE08AE1CC
:107130009CE00E94B78B4AE050E069898AE19CE0BC
:107140000E94348A69E97DE08AE19CE00E94B78B65
:10715000D6010C9119821A821B821C821D821E820A
:107160001F82188689898F709A81907F892B8A83E4
:107170000983EE24EA94FE2C11961C911197129625
:107180002C91129713963C91139714964C91149747
:1071900015965C91159716966C91169717967C919B
:1071A000CE0101960E94C837F601208331834283C5
:1071B00053836483758386839783C6010E94A42EBC
:1071C00088E0F60170C18D859E85AF85B8898F3FB7
:1071D0009105A105B10529F024F08FEF90E0A0E022
:1071E000B0E0B7FF03C080E090E0DC01F6018483EB
:1071F0007FCF6D857E858F85988924E630E040E0DD
:1072000050E00E949BDA2F3F31054105510529F0DE
:1072100024F02FEF30E040E050E057FF03C020E0C3
:1072200030E0A901D60114962C9362CF8F859889FE
:10723000F6018683878190FB80F987838E8585831D
:107240008D85D5CF8D8514968C9352CF8D849E8459
:10725000AF84B88820E030E0A901C501B4010E94E4
:107260002FD987FD17C020E030E04FE753E4C50178
:10727000B4010E9423DC181634F4812C912C4FE7C2
:10728000A42E43E4B42EC501B4010E94F4DBF60140
:1072900064832ECF812C912C5401F5CFD601119609
:1072A0008C911197807F8C6011968C9311978D85AE
:1072B0009E8515969C938E9314971ACF6BE27EE071
:1072C0008AE19CE00E94B78B6A856F704AE050E0CB
:1072D0008AE19CE00E94348A68E27EE08AE19CE0D8
:1072E0000E94B78BF6016181C2C09A859F7011968A
:1072F0008C911197807F892B11968C938D859E851B
:10730000AF85B889F60184839583A683B783F0CED1
:107310009A859F70933089F09C3009F4BFCF4D85DA
:107320005E856F857889F60144835583668377830C
:107330008181807F892B8183DBCEC6010E94CE9D17
:10734000D60114968C9314978F85988916968C93F2
:10735000169717968C91179790FB80F917968C9338
:1073600017978E8515968C93159711968C9111977A
:10737000807F8260B0CECE0109960E94CE9DD6015C
:1073800014968C931497F1CF9A859F709D3008F0D6
:1073900057C0E92FF0E08827EF52F64C8F4F0C943E
:1073A000F0DA7838EB39183A9D39183A183ADE395C
:1073B0000A3A0A3A0A3AF939053A4E398D859E85D4
:1073C000AF85B889F60184839583A683B7838181CD
:1073D000807F8660B0CF6D8570E090E080E00E9495
:1073E00034D9D60114966D937D938D939C93179702
:1073F0007FCE6D857E858F8598890E9436D9F6016E
:10740000648375838683978373CE6D857E858F8530
:107410009889E5CFF6018181807F982B91838D85B6
:107420009E85AF85B88984839583A683B78360CE14
:1074300011968C911197807F982B11969C935ECF1B
:1074400066E17EE08AE19CE00E94B78B6A856F70FE
:107450004AE050E08AE19CE00E94348A63E17EE0E9
:107460008AE19CE00E94B78BD60111966C916F70F7
:107470004AE050E08AE19CE00E94348A8AE19CE084
:107480000E94308A35CE11E0DDCD4D855E856F8559
:107490007889F60144835583668377838181807F71
:1074A000982B918388E0DE01119601900D928A95C8
:1074B000E1F729813A814B815C816D817E818F81E9
:1074C000988566960FB6F894DEBF0FBECDBFDF91EC
:1074D000CF911F910F91FF90EF90DF90CF90BF90D1
:1074E000AF909F908F907F906F905F904F903F9064
:1074F0002F900895963009F4C1C048F46D859130FD
:1075000071F06FEF70E0933051F060E008C0973099
:1075100009F4C0C09A506D857E859230B0F784E63C
:107520008F8788898E7F888B1E868A85807F826080
:107530008A876D87112309F48DC02E8530E0AFEF67
:10754000B0E00E94CDDA24E630E040E050E00E9456
:107550009BDA49015A01FFEF8F169104A104B1048F
:1075600029F024F0812C912C54018A948D858A8BEA
:10757000082F10E028882694A22DA150BB0B1D01D6
:10758000BFEF2B163B0609F0A5C0E0E88E1691046C
:107590000CF087C08FE790E088199909809FD0018F
:1075A000819FB00D909FB00D11242FEF30E00E940D
:1075B00007DB21E83EE740E050E00E949BDAD6017D
:1075C00017962C93ABE9B0E0A50194010E94BADABA
:1075D0002FE7422E512C612C712CA30192010E94A5
:1075E0009BDA2C593F4F4F4F5F4F7901AEEFB1E01F
:1075F000A50194010E94BADAA30192010E949BDACC
:10760000D8010E94BADA2FEF30E040E050E00E944B
:107610009BDA89012F3F310519F014F00FEF10E0CC
:1076200066E07EE08AE19CE00E94B78BB7018AE1C8
:107630009CE00E94B5A168EF7DE08AE19CE00E9499
:10764000B78BB8018AE19CE00E94B5A18AE19CE079
:107650000E94308A66EC7DE08AE19CE00E94B78B54
:107660008AE19CE00E94308A6FEB7DE08AE19CE039
:107670000E94B78BC6010E94A42E3ACD6D857E85EF
:107680008F85988924E630E040E050E00E949BDA44
:10769000B90145CF6D857E858F8598890E94EDDB88
:1076A0003ECFA50194012058310941095109ABE9A8
:1076B000B0E00E94BADA2FE730E040E050E00E94EC
:1076C0009BDA2C593F4F4F4F5F4F7901D6011796E8
:1076D0001C92A6CF9101AAEBBFEF0E94FFDA24E62D
:1076E00030E040E050E00E949BDA29013A01B4E624
:1076F0004B0E511C611C711C26E430E0D1010E942C
:1077000007DB24E630E040E050E00E949BDADA013B
:10771000C9014E96A11DB11D8B8B9C8BAD8BBE8B71
:1077200090E8891691040CF090C08FE790E08819DA
:107730009909809FD001819FB00D909FB00D1124B9
:107740002B893C894D895E890E94C5DA9B01AC0179
:10775000AFEFB0E00E94BADA24E63AE640E050E04B
:107760000E949BDAD60117962C93A5019401240D53
:10777000351D461D571DAEEFB1E00E94BADA23EE6B
:1077800030E040E050E00E949BDA79018A01190163
:10779000AFEFB0E0A50194010E94BADA2FE730E024
:1077A00040E050E00E949BDA5901EA89AE2FB0E038
:1077B000A80197010E94BADA2FEF30E040E050E0D4
:1077C0000E949BDA89012F3F310519F014F00FEF69
:1077D00010E062EF7DE08AE19CE00E94B78B2AE036
:1077E00030E0B301A2018AE19CE00E94D68A6CEEEF
:1077F0007DE08AE19CE00E94B78B2AE030E04B8973
:107800005C896D897E898AE19CE00E94D68A64EE5B
:107810007DE08AE19CE00E94B78BB5018AE19CE0A3
:107820000E94B5A16CED7DE08AE19CE00E94B78BDF
:10783000B8018AE19CE00E94B5A163ED7DE08AE198
:107840009CE00E94B78BB101FDCEA50194012058A8
:10785000310941095109ABE9B0E00E94BADA2FE7DA
:1078600030E040E050E00E949BDA2C593F4F4F4FF0
:107870005F4F5901D60117961C92312C212CA9CFAC
:107880006DEA7DE08AE19CE00E94B78B6A856F70AB
:107890004AE050E08AE19CE00E94348A6AEA7DE096
:1078A0001DCDFC019181892F8F7021F0823029F04C
:1078B00080E00895907F926091839B0177FF02C0E2
:1078C00030E020E02E3681E0380714F02DE631E07C
:1078D0002683878130FB80F9878381E008950F93A9
:1078E0001F93CF93DF93EC01088119816FE270E061
:1078F000C8010E948EDF009749F0FC011192CF0170
:10790000DF91CF911F910F910C94531BC8010E94DE
:10791000531B009711F019821882DF91CF911F91AC
:107920000F910895DC011296ED91FC91309729F0AA
:1079300090859F7081E0953009F080E00895CF92A6
:10794000DF92FF920F931F93CF93DF938C01EB0194
:107950006A01CB010E94923CF82E882309F485C06D
:10796000D6FE0EC0D8018C918B3009F452C008F0BD
:1079700043C040E051E060E070E08A3009F452C05A
:10798000D4FE0BC0F80160816A3020F06E3028F020
:10799000693119F0CE010E94F919D5FE66C0D801EF
:1079A00014964D915D916D917C91179711968C91E4
:1079B0008F70873030F08930C8F18A50823008F4F7
:1079C0005DC0CE010E949615EE81FF81309709F4CB
:1079D0004CC080858F709EEF980F923010F081110F
:1079E00044C0D80111968C91982F9295907F8085F4
:1079F0008F70892B808739C08C3081F040E056E051
:107A000060E070E08D3009F0BBCFCE010E94AC1970
:107A1000B7CF40E051E060E070E0F7CF40E056E0E3
:107A200060E070E0CE010E948319AACFEE81FF8151
:107A30003097D9F080858F709EEF980F923010F0BC
:107A4000811113C04187528763877487EE81FF815C
:107A50008085807F83608087EE81FF818085982F7D
:107A6000907F8F708067903629F28F2DDF91CF91B4
:107A70001F910F91FF90DF90CF900895CE010E944B
:107A80009615F3CF8F929F92AF92BF92CF92DF92D3
:107A9000FF920F931F93CF93DF93EC018A819B8119
:107AA0000E9406A2082F10E00430110554F40E9431
:107AB000F9A1BC018A819B810E94DBA10F5F1F4F4E
:107AC000F3CFEA81FB81068117810115110531F0A1
:107AD000D80112968D919C919D838C83EC81FD81C0
:107AE000309721F0828193819F838E83EE81FF8185
:107AF000309749F00280F381E02D309721F08281A8
:107B00009381998788870115110541F0F8018085D7
:107B10008F70843059F128F4823071F0FF24FA9488
:107B20000CC0853001F18630C9F761EA74E0C80104
:107B30000E94479D8C01E7CFF184FA86CE010E9416
:107B4000923C811138C010E000E01C870B87DF9168
:107B5000CF911F910F91FF90DF90CF90BF90AF908A
:107B60009F908F90089506811781CDCFC184D284D4
:107B7000C114D10499F2F6018081882379F291EC45
:107B8000892E9CE0992EB12CA12CFA2CC4010E94C4
:107B90004AD3AC01B401C6010E9463D3892BB9F169
:107BA000FFEFAF1ABF0A89E0880E911CA8E1AA1660
:107BB000B10459F7B3CFCE010E94BDA18C0100974B
:107BC000B1F0FC0182819381892B39F08F2D0E94C5
:107BD000CDA28C01892B09F4B6CFD801ED91FC918F
:107BE0000684F785E02DBE01C8011995AECF8F2D13
:107BF0000E94CDA28C01892B09F4A5CFEA85F0E083
:107C0000EE0FFF1FE75AF34F11830083E6CFC60143
:107C10000E946B918A2D90E0B0E0A0E0F80181878E
:107C20009287A387B4878085807F8260808785CF95
:107C3000AF92BF92CF92DF92EF92FF920F931F937A
:107C4000CF93DF93CDB7DEB765970FB6F894DEBF5D
:107C50000FBECDBF8C017B015A01FC0151834083D3
:107C6000148613861586168E158E672B09F479C037
:107C7000452B09F476C06FE270E0C7010E9446DF31
:107C80006C01892B09F465C0F701DE01119690E0C3
:107C900080E0BD012191222341F02F3231F0843167
:107CA000910519F02D930196F5CF860F971FFC01D2
:107CB0001082C5010E94479DF80193838283FFEFE4
:107CC000CF1ADF0AD601F8013D9630E020E0CF015F
:107CD000BD014D91442349F04F3239F02F30310529
:107CE00021F041932F5F3F4FF3CFF801E20FF31FD5
:107CF0001586FB0140814F3219F52F5F3F4FC601BA
:107D0000820F931F0E94531BF801968F858FC80125
:107D10000E94923C882319F0C8010E94423D65965A
:107D20000FB6F894DEBF0FBECDBFDF91CF911F918C
:107D30000F91FF90EF90DF90CF90BF90AF9008959C
:107D40000E94531BF801968F858F892B01F31586AE
:107D5000DECFB701C5010E94479DF801938382835E
:107D6000D6CFF80113821282D2CFCF92DF92EF9258
:107D7000FF920F931F93CF93DF93EC016A017B0176
:107D800088859985892BA9F48A819B810E9406A206
:107D9000082F10E00530110564F40E94F9A19987BD
:107DA0008887BC018A819B810E94DBA10F5F1F4FE6
:107DB000F1CFE885F985309781F08085982F9F7005
:107DC00051F4807F82608087E885F985C186D286FC
:107DD000E386F48602C09230B9F3DF91CF911F9110
:107DE0000F91FF90EF90DF90CF900895FC01808578
:107DF0009185009799F0FC0120852F70223029F49D
:107E000061857285838594850895253039F460E015
:107E10000E94BF9D009711F0FC01F2CF60E070E07E
:107E2000CB01089563E0FC01828193810E94BF9D94
:107E3000009719F0FC01818508958FEF0895FF9256
:107E40000F931F93CF93DF93CDB7DEB764970FB631
:107E5000F894DEBF0FBECDBF8C01F62EDC01169666
:107E60006C91FF2011F081E06827F80184810E9465
:107E700023ABF80187819085A185B285883E934028
:107E8000A105B10508F45FC060E07BE18AE19CE0F8
:107E90000E94B78B6BEF7AE18AE19CE00E94B78B7E
:107EA000D80114966D917C918AE19CE00E94B5A165
:107EB00066EF7AE18AE19CE00E94B78B6F2D70E05B
:107EC0008AE19CE00E94B5A18AE19CE00E94308A90
:107ED0008FE290E09C878B87FE013D9688E0DF0172
:107EE0001D928A95E9F76FEE7AE1CE010B960E941A
:107EF0002FD3F801828193810E94123FFF2079F1F4
:107F000067EE7AE1853151F060EE7AE1863131F049
:107F100064ED7AE18F3011F46CED7AE1CE010196D7
:107F20000E9443D3D8011296ED91FC910280F38117
:107F3000E02DAE01455F5F4FBE016F5F7F4F8081D7
:107F400091810E94F0AC64960FB6F894DEBF0FBE2C
:107F5000CDBFDF91CF911F910F91FF90089560EDFC
:107F60007AE18230D9F26BEC7AE1D8CFAF92BF924E
:107F7000CF92EF92FF920F931F93CF93DF9300D096
:107F800000D01F921F92CDB7DEB75C0109831A8320
:107F90002B833C834D835E836F83788765E47BE12D
:107FA0008AE19CE00E94B78BCE0101960E94A42E2C
:107FB000E114F10439F06EE37BE1C7010E943AD38A
:107FC000009749F1F501028113810115110509F1AD
:107FD0008981811161C08B81813009F465C068F1AC
:107FE000823049F1082F10E06BE17BE18AE19CE0EF
:107FF0000E94B78B6BE07BE18AE19CE00E94B78B2B
:10800000B8018AE19CE00E94B5A18AE19CE00E944F
:10801000308A90E080E028960FB6F894DEBF0FBE5D
:10802000CDBFDF91CF911F910F91FF90EF90CF9037
:10803000BF90AF900895CC20D1F0CE0101960E9460
:10804000CE9D892B09F44FC0C8010E94F63E672BD4
:10805000682B692BF1F44FEF5FEFBA0180E00E94CB
:108060009425AB01BC01C8010E94B53E12C0C801F5
:108070000E94123F8E3019F048F4813051F4CE0145
:1080800001960E94CE9D892B21F0DECF8351843052
:10809000B0F381E090E0BFCF803100F58E30A0F6E4
:1080A000813091F28230F9F063E37BE18AE19CE078
:1080B0000E94B78B66E27BE18AE19CE00E94B78B6D
:1080C0004AE050E069818AE19CE00E94348A8AE1BA
:1080D0009CE00E94308A01E010E086CF835184301A
:1080E00008F4B2CFE1CF40E050E0BA01C8010E94ED
:1080F000B53E60E0C5010E941F3FCBCF0F931F9399
:10810000CF93DF93DC0112962D913C91232B81F1CB
:10811000EC016FE279E18AE19CE00E94B78B4AE0D2
:1081200050E06E818AE19CE00E94348A8AE19CE002
:108130000E94308A8C819D81892B61F40A811B8188
:108140008CE290E00E9401D1BC01C8010E94CE20C7
:108150009D838C83EC81FD81309769F46DE179E139
:1081600083E79BE00E94B78B83E79BE00E94308A05
:1081700090E080E05FC085E2DF011D928A95E9F71B
:10818000EC81FD8182E28283EC81FD8116A2EC818B
:10819000FD8115A2EC81FD8117A20C811D814FEF9D
:1081A0005FEFBA0180E00E949425F80160A771A7F3
:1081B00082A793A78E81811116C062E00E9451AB05
:1081C00064EE78E189E69BE00E94B78B89E69BE04C
:1081D0000E94308A8DE79BE00E94948110922A02CF
:1081E00081E080936C07EF81F885A089B18982E0F6
:1081F0008C93A485B5851C92A685B7858FEC8C934E
:10820000108EA489B58986E08C93A289B3898C915C
:1082100088698C930288F389E02D80818F7D80832B
:10822000E881F9810484F585E02D62E0CE0119959D
:1082300081E090E0DF91CF911F910F910895CF924F
:10824000DF92EF92FF920F931F93CF93DF9361150D
:10825000710509F454C06A017B01EC01CB010E9455
:10826000923C082F882351F1D70116968D919C914D
:108270000097C9F1FC011085212F2F703EEF320FBE
:10828000323010F0211124C012951F70D4FE04C0AA
:10829000C7010E94123F8883112339F18981807FB1
:1082A000182B1983D7011696ED91FC918185928543
:1082B000A385B4858C839D83AE83BF83802FDF919C
:1082C000CF911F910F91FF90EF90DF90CF90089585
:1082D000253049F460E00E94BF9D009721F0DC0149
:1082E00018961C91D1CF10E0D1CFD7011696ED9101
:1082F000FC9180858F70823021F0833079F000E02E
:10830000DDCF41855285638574858981807F8A6050
:1083100089834C835D836E837F83D0CF4185528573
:10832000638574858981807F876089834C835D83C1
:108330006E837F83C3CF6F927F928F92AF92BF92F3
:10834000CF92DF92EF92FF920F931F93CF93DF9321
:1083500000D000D01F921F92CDB7DEB73C016A015A
:108360007B01590140FF03C0E894C0F8D3F8D3FC67
:108370000DC00E94D729663971058105910530F03D
:108380008091E1089091E208059729F5B701A601CF
:108390004427507766277727C3010E94AC196FE105
:1083A0007BE08AE19CE00E94B78B8FEF9FEF2896DD
:1083B0000FB6F894DEBF0FBECDBFDF91CF911F91F6
:1083C0000F91FF90EF90DF90CF90BF90AF908F9084
:1083D0007F906F90089519821A821B821C821D82E1
:1083E0001E821F8218868A81807F8A8340E050E344
:1083F000B301CE0101960E941F4140E050E760E0CA
:1084000070E0C3010E94D519C62AD72AE82AF92AA2
:108410008824839409811A812B813C814D815E815E
:108420006F817885C3010E94342FC1CF0F931F93B2
:10843000CF93DF9300D000D01F921F92CDB7DEB74D
:108440008C0119821A821B821C821D821E821F824D
:1084500018868A81807F8A8366EA74E08AE19CE0DC
:108460000E94608BF80102811381C8010E94123FB3
:10847000813041F020F0823011F0853081F490E0BD
:1084800080E002C081E090E028960FB6F894DEBF4D
:108490000FBECDBFDF91CF911F910F91089540E0A6
:1084A00050E2B801CE0101960E941F41CE01019613
:1084B0000E94CE9DE9CF0F931F93CF93DF93DC01F2
:1084C0001B960D911C910115110519F1EC010E94EB
:1084D000BDA10097F1F0D801ED91FC91DC0112965D
:1084E0008D919C91C817D90759F40684F785E02D22
:1084F00070E060E0C801DF91CF911F910F91199456
:108500000280F381E02DC801DF91CF911F910F917F
:108510001994DF91CF911F910F9108958F929F929F
:10852000AF92BF92CF92DF92EF92FF920F931F9381
:10853000CF93DF93CDB7DEB7CF55D1090FB6F894FF
:10854000DEBF0FBECDBF8C016B016115710519F047
:108550004115510579F561ED7FE08AE19CE00E94CB
:10856000B78B68EC7FE08AE19CE00E94B78BB80192
:108570008AE19CE00E94608B66EC7FE08AE19CE0EF
:108580000E94B78B8AE19CE00E94308AC15ADF4F7B
:108590000FB6F894DEBF0FBECDBFDF91CF911F9114
:1085A0000F91FF90EF90DF90CF90BF90AF909F9092
:1085B0008F900895460F571FDA011C920E94D72909
:1085C0004B0160EC7FE08AE19CE00E94B78BB40134
:1085D0008AE19CE00E94B5A16DEB7FE08AE19CE01E
:1085E0000E94B78BB8018AE19CE00E94608B6AEB25
:1085F0007FE08AE19CE00E94B78BBAE38B16B1E082
:108600009B064CF46DEA7FE083E79BE00E94B78B0A
:1086100083E79BE0B9CF6BEA7FE08AE19CE00E94B0
:10862000B78BB6018AE19CE00E94608B69EA7FE02B
:108630008AE19CE00E94B78B8AE19CE00E94308A2C
:108640001A821982FE0133968EE3DF011D928A950C
:10865000E9F78091E1089091E208059791F563E0D0
:1086600070E0C8010E9466297C01892BD1F5E09158
:10867000EC0AF091ED0A808180FF88CF61E070E024
:10868000C8010E946629892B09F480CF64E270E05A
:10869000C8010E948EDF892B09F078CF6BE87FE05C
:1086A0008AE19CE00E94B78BB8018AE19CE00E94BD
:1086B000608B8AE19CE00E94308AC8010E948FA9E9
:1086C00065CF61E070E0C8010E9466297C01892BBA
:1086D00009F465C04FE350E0B801CE0101960E9455
:1086E0007FDFA12CBB24B394E00EF11E62E87FE093
:1086F000C7010E943AD3892B09F45EC064E270E09E
:10870000C8010E948EDF892B09F040CFB11003C051
:10871000AA2009F43BCF40917A0750917B07B7011B
:10872000CE018F5B9F4F0E94183ECE018F5B9F4F03
:108730000E94923C182F882359F0B601CE018F5B1E
:108740009F4F0E943CA411E0181619060CF010E08F
:10875000CE018F5B9F4F0E945B42112309F416CF1D
:108760008981882309F412CF8091E1089091E20871
:10877000059709F40BCF64E67FE08AE19CE00E9454
:10878000B78BBE016F5F7F4F8AE19CE00E94608BD8
:108790008AE19CE00E94308ACE0101968FCF62E090
:1087A00070E0C8010E9466297C01892B09F4EECE95
:1087B000AA24A394B12C98CFF60101900020E9F7E8
:1087C0003197EC19FD09329708F498CFC8010E943F
:1087D0008FA9B11003C0AA2009F4D8CEC6010E9407
:1087E000AB90D4CECF93DF93EC01598348837B8346
:1087F0006A831C861B861D861E8E1D8E0E94923CDF
:10880000882329F0CE01DF91CF910C94423DDF9176
:10881000CF9108952F923F924F925F926F927F92E5
:108820008F929F92AF92BF92CF92DF92EF92FF9280
:108830000F931F93CF93DF93CDB7DEB7A4970FB6F7
:10884000F894DEBF0FBECDBFFC016115710509F4C0
:10885000D0C0DB0118969C919F70953009F0C9C07B
:10886000EBA20AA319013A01F9A3E8A3FB01468090
:108870005780809176078F5F80937607FE2DF16099
:10888000FCA34114510409F4AFC0D20118968C9195
:108890008F70843049F018F0873008F491C0D2010D
:1088A00012964D905C90EDCFF20161857285A8A182
:1088B000B9A18D919C910E94479D4C01009779F33D
:1088C000FC0180858F70853051F740917A07509177
:1088D0007B07B401CE0101960E94F243611471043A
:1088E00019F1CE0101960E94923C8823E9F0AAA0DA
:1088F000CCA07101D3010C9111961C911197129685
:108900002C91129713963C91139714964C911497AF
:1089100015965C91159716966C91169717967C9103
:10892000CE0101960E943A478B858730A9F561E018
:10893000C4010E94BF9DEBA00AA19101A301BC014B
:1089400088A199A10E940A4461147104A1F58823A9
:1089500091F180917607815080937607CE01019640
:108960000E945B4281E0A4960FB6F894DEBF0FBE72
:10897000CDBFDF91CF911F910F91FF90EF90DF90CE
:10898000CF90BF90AF909F908F907F906F905F90AF
:108990004F903F902F9008956114710461F4CE01BF
:1089A00001960E94923C882331F0CE0101960E94EC
:1089B000FB44892B71F6CE0101960E945B426FCF7A
:1089C000912C812CB12CA12CD12CC12CF301E08055
:1089D000F1800281138124813581468157816FEFB7
:1089E000C2010E9484595BCF8091760781508093A9
:1089F000760780E0B8CFCF92DF92EF92FF920F938D
:108A00001F93CF93DF9300D000D01F921F92CDB75A
:108A1000DEB76C0119821A821B821C821D821E82A3
:108A20001F8218868A81807F8A8361ED7AE08AE1DD
:108A30009CE00E94B78BD6011296ED91FC9160816B
:108A400071818AE19CE00E94608B6FEC7AE08AE1A0
:108A50009CE00E94B78BC6010E94923C81111CC011
:108A600066EC7AE08AE19CE00E94B78B8AE19CE0A8
:108A70000E94308A0FEF1FEFC80128960FB6F894B6
:108A8000DEBF0FBECDBFDF91CF911F910F91FF9041
:108A9000EF90DF90CF900895C6010E94123FF82E0C
:108AA000F60183859485009791F0DC01ED91FC91AE
:108AB0000288F389E02D19958C0197FD08C081E0AB
:108AC0000115110509F480E00E942E1AD5CFF60198
:108AD0008285873009F431C0EFEFEF0DE63108F001
:108AE0002CC0F0E08827E858FA4B8F4F0C94F0DA4E
:108AF0008E4597459D459D4597458E459D459D4590
:108B00009D459D459D459D459D458E459D459D4564
:108B10009D459D458E458E458E458E4567EA7AE09A
:108B20008AE19CE00E94B78B01E010E0A5CF80E0D5
:108B30000E942E1A10E000E09FCF40E050E2B60104
:108B4000CE0101960E941F41D6011A968C911A9768
:108B5000873071F160F4833009F456C0843061F0DD
:108B600067EB7AE08AE19CE00E94B78BE3CF883024
:108B700009F44AC08930A1F7CE0101960E94CE9D2A
:108B80008C016CEA7AE08AE19CE00E94B78BB80124
:108B90008AE19CE00E94B5A18AE19CE00E94308AB3
:108BA00091E080E0012B09F490E0092F182F64CFA9
:108BB0001496ED91FC9180858F7010E000E0853077
:108BC00001F764EC7AE08AE19CE00E94B78BF60141
:108BD00064817581E12C00E030E020E050E040E06D
:108BE000C6010E940A44F82E082F10E061EC7AE0DA
:108BF0008AE19CE00E94B78B8F2D0E942E1A8AE199
:108C00009CE00E94308A38CFCE0101960E94E63265
:108C10008B01B7CF4F925F926F927F928F929F920C
:108C2000AF92BF92CF92DF92FF920F931F93CF9399
:108C3000DF9300D000D01F921F92CDB7DEB7613016
:108C4000710509F481C0FC016281738161157105B0
:108C500009F47AC08C0119821A821B821C821D823F
:108C60001E821F8218868A81807F8A8340E050E2BC
:108C7000CE0101960E941F41CE0101960E94CE9D19
:108C80006C01F801828193810E94F63E2B013C0128
:108C9000F8012781308541855285D6010E94C5DAC9
:108CA0002FEF30E040E050E00E9479DA49015A01AC
:108CB0000E9404ACFF24F39481149104A104B10434
:108CC00061F06419750986099709FF24F394681502
:108CD00079058A059B0508F4F12C411451046104BF
:108CE000710491F1F80187809084A184B2840E947C
:108CF00004ACF80181149104A104B10451F0641989
:108D0000750986099709681579058A059B0508F490
:108D100049C0A280B3804FEF5FEFBA0180E00E94AC
:108D20009425AB01BC01C5010E94B53ECD2861F080
:108D3000F80184810E941314F8019681891304C0FC
:108D400061E0C8010E941F3F90E080E028960FB6C6
:108D5000F894DEBF0FBECDBFDF91CF911F910F9171
:108D6000FF90DF90CF90BF90AF909F908F907F90BB
:108D70006F905F904F900895FF20D9F060E0C80198
:108D80000E941F3FF801828193810E94FB44892B3E
:108D9000D9F640E050E0BA01F801828193810E9447
:108DA000B53ED2CF84810E941314F80196818913B5
:108DB000E3CFCD2849F2F80184810E941314F80111
:108DC00096818913C1CFF110BFCFBACFCF93DF9374
:108DD000EC0163EA7AE18AE19CE00E94B78B6EE9DC
:108DE0007AE18AE19CE00E94B78B6C817D818AE107
:108DF0009CE00E94B5A168E97AE18AE19CE00E94CA
:108E0000B78B8AE19CE00E94308A61E08C810E94ED
:108E100051AB6E818C810E9423AB8A819B8100972C
:108E200029F040E050E0BA010E94B53EE881F981A6
:108E30000484F585E02D62E0CE0119958A819B813D
:108E4000009799F00E94FB441816190674F40A80E2
:108E5000DB81C02D4FEF5FEFBA0180E00E949425C7
:108E6000AB01BC01CE010E94B53E81E090E0DF91F4
:108E7000CF9108952F923F924F925F926F927F927F
:108E80008F929F92AF92BF92CF92DF92EF92FF921A
:108E90000F931F93CF93DF93CDB7DEB7C95DD10991
:108EA0000FB6F894DEBF0FBECDBF1C01C754DF4F15
:108EB0000883C95BD040C654DF4F1883CA5BD040DB
:108EC000C554DF4F2883CB5BD040C454DF4F388379
:108ED000CC5BD040C354DF4F4883CD5BD040C254FD
:108EE000DF4F5883CE5BD040C154DF4F6883CF5BE8
:108EF000D040C054DF4F7883C05CD040CF53DF4FA9
:108F0000F982E882C15CD040CD52DF4FC882C35D98
:108F1000D040C053DF4FA882C05DD0400E94D72907
:108F20006B01CC52DF4F79836883C45DD040683CCD
:108F300071059CF46EE87AE083E79BE00E94B78BB2
:108F4000B60183E79BE00E94B5A183E79BE00E9406
:108F5000308A2FEF3FEF0C947F520E9404ACCA522C
:108F6000DF4F688379838A839B83C65DD040C55475
:108F7000DF4F8881CB5BD040A82FB0E0C553DF4FD7
:108F8000B983A883CB5CD040E091E108F091E2087E
:108F9000CF52DF4FF983E883C15DD040CF53DF4F1D
:108FA000E881F981C15CD040309721F08081811146
:108FB0000C942357D1011D968C91882341F0C10157
:108FC0000D96CF53DF4F99838883C15CD040C55342
:108FD000DF4FE881F981CB5CD040EF2B11F00C948E
:108FE0007F57CF53DF4FE881F981C15CD040309784
:108FF00011F00C942C57D1015D960D90BC91A02DD1
:10900000C553DF4FB983A883CB5CD040AB2B11F4A1
:109010000C947F57C554DF4F8881CB5BD0408111C2
:109020000C947F57C553DF4F6881CB5CD040CE0195
:1090300087549F4F0E94F02ECF55DF4F2883C15A8F
:10904000D040CE55DF4F3883C25AD040CD55DF4F88
:109050004883C35AD040CC55DF4F5883C45AD040C0
:10906000CB55DF4F6883C55AD040CA55DF4F788350
:10907000C65AD040C955DF4F8883C75AD040C8551B
:10908000DF4F9883C85AD0400C947F57D101129675
:109090008D919C91892B09F45CCFC553DF4FE881FA
:1090A000F981CB5CD0403197A1F4C654DF4F888161
:1090B000CA5BD0408F70F1E0C153DF4FF883CF5CC3
:1090C000D040811128C0C153DF4F1882CF5CD040FF
:1090D00022C0C553DF4F08811981CB5CD040012BE2
:1090E00009F044C0C754DF4F8881C95BD040882352
:1090F00009F44EC08850823008F44AC0C153DF4F93
:109100001882CF5CD04081E090E0C553DF4F998357
:109110008883CB5CD040C754DF4F1881C95BD040F7
:10912000112309F45DC040E052E060E070E0C1014D
:109130000E94D519672B682B692B09F451C01C308C
:1091400009F44EC06BE47AE083E79BE00E94B78BA2
:1091500083E79BE00E94308AAAEFBFEFC953DF4F3D
:10916000B983A883C75CD0400C94D857C553DF4F50
:1091700028813981CB5CD0402430310509F4A3CF5C
:109180002930310509F49FCF2330310509F469C036
:10919000C654DF4F8881CA5BD0408F7009F461C02C
:1091A00040E054E060E070E0C1010E94D519672BF7
:1091B000682B692B09F455C066E37AE083E79BE0EE
:1091C0000E94B78B83E79BE00E94308AEAEFFFEFB3
:1091D000C953DF4FF983E883C75CD0400C94D8575C
:1091E000C553DF4F08811981CB5CD0400430110595
:1091F000E9F5C053DF4FE880C05DD040C754DF4F72
:109200000881C95BD040C654DF4F1881CA5BD0408B
:10921000C554DF4F2881CB5BD040C454DF4F388129
:10922000CC5BD040C354DF4F4881CD5BD040C254AB
:10923000DF4F5881CE5BD040C154DF4F6881CF5B98
:10924000D040C054DF4F7881C05CD040C1010E9443
:109250008935C953DF4F99838883C75CD0400C940C
:10926000D857C153DF4F1882CF5CD040CD52DF4F6B
:109270001881C35DD040133091F4D1011A968C91BE
:10928000873069F468E17AE08AE19CE00E94B78B5C
:109290008AE19CE00E94308AE9EFFFEF99CF88E0F5
:1092A000FE01E754FF4FDE01AF54BF4F01900D9216
:1092B0008A95E1F7E114F10409F451C067EC7BE011
:1092C000C7010E943AD3892B09F450C061ED7BE0BD
:1092D000C7010E943AD3892B09F451C06FEE7BE09D
:1092E000C7010E943AD3892B09F452C069EF7BE091
:1092F000C7010E943AD3892B09F453C065E87CE08A
:10930000C7010E943AD3892B09F454C06FE87CE06E
:10931000C7010E943AD3892B09F46CC069E47CE050
:10932000C7010E943AD3892B09F467C063E57CE04A
:10933000C7010E943AD3892B09F462C069E97CE035
:10934000C7010E943AD3892B09F45DC06BE77CE02A
:10935000C7010E943AD303E110E0892B69F1C3539E
:10936000DF4F19821882CD5CD0402CC021E030E064
:10937000C353DF4F39832883CD5CD04023C082E0C4
:1093800090E0C353DF4F99838883CD5CD0401AC0EF
:10939000A5E0B0E0C353DF4FB983A883CD5CD040D4
:1093A00011C0E6E0F0E0C353DF4FF983E883CD5C02
:1093B000D04008C004E110E0C353DF4F1983088395
:1093C000CD5CD040C754DF4F1881C95BD04014300A
:1093D00009F4F3C2D8F4112309F444C0412C512CF0
:1093E00032010FEF1FEFC953DF4F19830883C75CAA
:1093F000D0407DC325E130E0BBCF8EE090E0C1CF0F
:10940000AFE0B0E0C7CFE6E1F0E0CDCF88EF810F6D
:10941000823020F788E0FE01E754FF4FDE0111960D
:1094200001900D928A95E1F7C654DF4FE881CA5B3F
:10943000D040EF7009F493C3E150EB3008F08FC3D4
:10944000F0E08827E95DF54B8F4F0C94F0DA9D4DE5
:109450009D4DAF4D8E4D8E4D084EF74DF74DF74D4E
:109460008E4D8E4D19821A821B821C821D821E8295
:109470001F8218868A81807F8A83C654DF4F888145
:10948000CA5BD0408F7009F48CC2C553DF4F08818E
:109490001981CB5CD0400A30110509F435C25CF467
:1094A0000115110579F10230110509F4C3C0412CF1
:1094B000512C320120C2C553DF4F28813981CB5C4A
:1094C000D0402B30310509F4B8C12C30310579F783
:1094D000B101CE0101960E9438A2CE0187549F4F60
:1094E0000E947515BC01CE0101960E948E3788E05E
:1094F000FE013196DE01A754BF4F01900D928A956F
:10950000E1F7F4C1EF2859F063E07AE08AE19CE0EA
:109510000E94B78B8AE19CE00E94308AC8CFC101CB
:109520000E94FB441816190614F00C940D57CE0136
:1095300087549F4F0E94E632672B682B692B09F0F6
:1095400072C162E0CE0187549F4F0E94122FC7560E
:10955000DF4F2883C959D040C656DF4F3883CA59D8
:10956000D040C556DF4F4883CB59D040C456DF4F5B
:109570005883CC59D040C356DF4F6883CD59D04073
:10958000C256DF4F7883CE59D040C156DF4F888313
:10959000CF59D040C056DF4F9883C05AD0404424A2
:1095A000439430E1532E612C712C31E0CD53DF4FC9
:1095B0003883C35CD040AA24A39446C061E0CE01A6
:1095C00087549F4F0E94122FCF56DF4F2883C159D7
:1095D000D040CE56DF4F3883C259D040CD56DF4FF2
:1095E0004883C359D040CC56DF4F5883C459D0402C
:1095F000CB56DF4F6883C559D040CA56DF4F7883BA
:10960000C659D040C956DF4F8883C759D040C85685
:10961000DF4F9883C859D0404424439420E1522E10
:10962000612C712C81E0CD53DF4F8883C35CD04027
:10963000A12C0AC0412C512C3201CD53DF4F18828E
:10964000C35CD040AA24AA94B101CE0101960E9425
:1096500038A28A819CE0980F9F70923058F4C654CB
:10966000DF4F9881CA5BD0409F70923019F4807FA1
:1096700082608A83D1011A969C91973069F4C6540E
:10968000DF4F8881CA5BD0408F708250843020F4D5
:109690008A81807F82608A83F101A385B485892FC6
:1096A00090E0109741F0ED91FC911197008CF18DB5
:1096B000E02DCD0119957C01C754DF4F0881C95BAE
:1096C000D040C654DF4F1881CA5BD040C554DF4F2D
:1096D0002881CB5BD040C454DF4F3881CC5BD04075
:1096E000C354DF4F4881CD5BD040C254DF4F588117
:1096F000CE5BD040C154DF4F6881CF5BD040C054B7
:10970000DF4F7881C05CD040CE0101960E94C837FF
:10971000C757DF4F2883C958D040C657DF4F38831B
:10972000CA58D040C557DF4F4883CB58D040C457A4
:10973000DF4F5883CC58D040C357DF4F6883CD5894
:10974000D040C257DF4F7883CE58D040C157DF4F4B
:109750008883CF58D040C057DF4F9883C059D0403E
:10976000CE0101960E94A42ECD53DF4FF881C35C39
:10977000D040FF2359F1C654DF4F8881CA5BD040E7
:109780008F709FE0980F9F70923020F08A5F8F70EB
:109790008230E0F48A818F7081508230B8F42D815C
:1097A00030E0AFEFB0E00E94CDDA24E630E040E0F8
:1097B00050E00E949BDA2F3F31054105510529F009
:1097C00024F02FEF30E040E050E02D8388E0FE01F0
:1097D0003196DE01A754BF4F01900D928A95E1F7B3
:1097E00008E2502AB12C2FEF3FEFC953DF4F3983E6
:1097F0002883C75CD040D1011A968C911A97873084
:1098000009F01CC6CC52DF4FE881F981C45DD0401D
:10981000EE35F1400CF0B9C463EB79E083E79BE0EF
:109820000E94B78B92CB412C512C320191E0CD5349
:10983000DF4F9883C35CD040BECEB101CE0101960C
:109840000E9438A2C254DF4F9881CE5BD0408A81FB
:10985000282F2F7041F0223049F0412C512C320139
:10986000BB24B39449C0807F82608A83892F90E0B3
:109870008536910514F084E690E08E8388E0FE0141
:109880003196DE01A754BF4F01900D928A95E1F702
:1098900062E0CE0187549F4F0E94F02ECF57DF4FDA
:1098A0002883C158D040CE57DF4F3883C258D040AC
:1098B000CD57DF4F4883C358D040CC57DF4F588334
:1098C000C458D040CB57DF4F6883C558D040CA57E3
:1098D000DF4F7883C658D040C957DF4F8883C758B9
:1098E000D040C857DF4F9883C858D040412C98E2E9
:1098F000592E612C712CB12CCD53DF4F1882C35CD3
:10990000D040AA24AA946FCFB101CE0101960E9443
:1099100038A2C154DF4F6881CF5BD040C054DF4FC5
:109920007881C05CD0407170CE0101960E94513C9C
:10993000CD53DF4F8883C35CD040412C512C320182
:10994000BB24B3948823E9F288E0FE013196DE015E
:10995000A754BF4F01900D928A95E1F762E0CE01C6
:1099600087549F4F0E94F02EEA962FAFEA97EB960E
:109970003FAFEB97EC964FAFEC97ED965FAFED975F
:10998000EE966FAFEE97EF967FAFEF97C158DF4F30
:109990008883CF57D040C058DF4F9883C058D040FD
:1099A000A5CF412C512C32018FEF9FEFC953DF4FD0
:1099B00099838883C75CD0409AC0C553DF4FA88184
:1099C000B981CB5CD040199709F471C0C1010E94E4
:1099D000FB4418161906B4F562E0CE0187549F4F78
:1099E0000E94122FE2962FAFE297E3963FAFE397E4
:1099F000E4964FAFE497E5965FAFE597E6966FAFD5
:109A0000E697E7967FAFE797E8968FAFE897E996F6
:109A10009FAFE9974424439480E1582E612C712C28
:109A2000EFEFFFEFC953DF4FF983E883C75CD04006
:109A3000B12CF1E0CD53DF4FF883C35CD040AA24B2
:109A4000A394D9CE61E0CE0187549F4F0E94122F7C
:109A5000AA962FAFAA97AB963FAFAB97AC964FAFF6
:109A6000AC97AD965FAFAD97AE966FAFAE97AF9632
:109A70007FAFAF97E0968FAFE097E1969FAFE1970A
:109A80004424439400E1502E612C712C0FEF1FEF02
:109A9000C953DF4F19830883C75CD040B12C11E054
:109AA000CD53DF4F1883C35CD040A12CA4CE40E03F
:109AB00051E060E070E0C1010E94D519672B682B6E
:109AC000692BE1F040E051E060E070E0C1010E94EC
:109AD00083194424439410E4512E612C712C21E00D
:109AE00030E0C953DF4F39832883C75CD040B12CA5
:109AF000CD53DF4F1882C35CD04066C240E051E0D6
:109B000060E070E0C1010E94AC1944244394B0E4C9
:109B10005B2E612C712C81E090E048CFC354DF4F65
:109B2000288139814A815B81CD5BD040A4E6B0E0D9
:109B30000E94BADA6B017C010DC0C354DF4FC880AC
:109B4000CD5BD04094E6C99E600111240D2C000C21
:109B5000EE08FF08C114D104E104F10429F4A5E0E2
:109B6000CA2ED12CE12CF12C193041F4F094E09460
:109B7000D094C094C11CD11CE11CF11CB101CE01D8
:109B800087549F4F0E9438A260E0CE0187549F4FB8
:109B90000E94122FA2962FAFA297A3963FAFA39732
:109BA000A4964FAFA497A5965FAFA597A6966FAF63
:109BB000A697A7967FAFA797A8968FAFA897A996C5
:109BC0009FAFA997C553DF4FA881B981CB5CD04027
:109BD000AA30B10509F4FBC124F5109709F4BEC001
:109BE000129709F47AC0412C512C32014EC220E068
:109BF00030E048EC52E4C354DF4F688179818A81B8
:109C00009B81CD5BD0400E9495D90E94EDDB92CF25
:109C1000C354DF4FC880D980EA80FB80CD5BD04041
:109C200099CFC553DF4FE881F981CB5CD040EB3051
:109C3000F10509F44BC23C97B1F6C654DF4F888159
:109C4000CA5BD0408F70823009F092C2C701B60162
:109C500024E630E040E050E00E949BDAC054DF4F41
:109C60008881C05CD040869590E0280F391F12167D
:109C7000130614F021E030E02536310514F024E617
:109C800030E0220FC054DF4F8881C05CD04081702B
:109C9000282BC054DF4F2883C05CD04062E0CE0147
:109CA00087549F4F0E94F02E2A962FAF2A972B960B
:109CB0003FAF2B972C964FAF2C972D965FAF2D97DC
:109CC0002E966FAF2E972F967FAF2F9760968FAF00
:109CD000609761969FAF6197D3C1CD53DF4F1882D4
:109CE000C35CD040D1011B968D919C911C9700972D
:109CF00009F03BC01A968C9190E0E0E58E2E912CF5
:109D0000A12CB12C8530910549F0812C912C540166
:109D1000449721F0812C912C54018A943E01B9EB97
:109D20006B0E711CD3011196EC911197EF70E150FD
:109D3000EB3008F034C1F0E023018827ED55F14BFA
:109D40008F4F0C94F0DABD4EBD4ECF4FCF4FCF4F5B
:109D5000A04F624F624F624FF14EF14EF1E0CD5392
:109D6000DF4FF883C35CD040BDCFDC01ED91FC91A7
:109D7000008CF18DE02D1995C0CFF3011481C7013E
:109D8000B60124E630E040E050E00E949BDADA01C0
:109D9000C901810F911DA11DB11DB7FF03C080E056
:109DA00090E0DC018F3F9105A105B10529F024F079
:109DB0008FEF90E0A0E0B0E0C354DF4F8883CD5B2D
:109DC000D0406BEB74E08AE19CE00E94608BC201A2
:109DD0000E94A42E412C78E2572E612C712CB12CBC
:109DE000EBC014960D911D912D913C911797C9537D
:109DF000DF4F088319832A833B83C75CD040B4E6D6
:109E0000CB16D104E104F10484F5A4E6B0E0A90185
:109E100098010E94BADAC60ED71EE81EF91E8114F8
:109E20009104A104B104B9F0A50194010E94BADA29
:109E3000362F272FB701A60177FF03C040E050E07F
:109E4000BA01C32ED22E7C014C155D056E057F052F
:109E500014F46A017B01F301C482D582E682F782A1
:109E60008181807F86608183ACCFC701B60124E603
:109E700030E040E050E00E949BDAC953DF4F888118
:109E80009981AA81BB81C75CD040280F391F4A1F26
:109E90005B1F81149104A104B10461F057FF03C05A
:109EA00020E030E0A90182169306A406B50614F45A
:109EB000A5019401D20114962D933D934D935C938B
:109EC00017977FCFF30164817581868197810E9406
:109ED000EDDBC953DF4F688379838A839B83C75C3B
:109EE000D040C701B60124E630E040E050E00E94D7
:109EF0009BDAC953DF4F688179818A819B81C75C76
:109F0000D040620F731F841F951F81149104A10418
:109F1000B10461F097FF03C060E070E0CB018616EA
:109F20009706A806B90614F4C501B4010E9436D9F3
:109F3000D30114966D937D938D939C93179741CF86
:109F4000F30184819581A681B781C80ED91EEA1ECE
:109F5000FB1E81149104A104B104C9F0A4E6B0E091
:109F6000A50194010E94BADA362F272FB701A60166
:109F700077FF03C040E050E0BA01C32ED22E7C012F
:109F80004C155D056E057F0514F46A017B01D30154
:109F90001496CD92DD92ED92FC92179712CF88E045
:109FA000FE013196D30101900D928A95E1F7412C83
:109FB000512C3201BB24B394EFEFFFEFC953DF4FB5
:109FC000F983E883C75CD040AA24AA9414CCC65471
:109FD000DF4F8881CA5BD0408F70823009F057C054
:109FE000C701B60124E630E040E050E00E949BDA71
:109FF000C154DF4F8881CF5BD040C054DF4F6881B0
:10A00000C05CD040962F9170280F391F2E36B1E0DA
:10A010003B072CF437FF05C02DE631E002C030E0ED
:10A0200020E0C154DF4F2883CF5BD040C054DF4FC6
:10A030008881C05CD04030FB80F9C054DF4F8883FA
:10A04000C05CD04062E0CE0187549F4F0E94F02E4A
:10A050006A962FAF6A976B963FAF6B976C964FAF30
:10A060006C976D965FAF6D976E966FAF6E976F96AC
:10A070007FAF6F97A0968FAFA097A1969FAFA19744
:10A08000412C68E2562E612C712CB12C19C088E04D
:10A09000FE013196DE01A754BF4F01900D928A95C3
:10A0A000E1F767EF79E083E79BE00E94B78B83E7F6
:10A0B0009BE00E94308A412C512C3201BB24B39486
:10A0C000CD53DF4F1882C35CD04076CFC654DF4FEC
:10A0D0008881CA5BD0408F708230E9F5C701B60134
:10A0E00024E630E040E050E00E949BDAC254DF4FAB
:10A0F0008881CE5BD04090E0280F391F37FF02C027
:10A1000030E020E02536310514F024E630E0C2547A
:10A11000DF4F2883CE5BD04062E0CE0187549F4F53
:10A120000E94F02E62962FAF629763963FAF6397BF
:10A1300064964FAF649765965FAF659766966FAF0D
:10A14000669767967FAF679768968FAF68976996AF
:10A150009FAF699795CF88E0FE013196DE01A75445
:10A16000BF4F01900D928A95E1F76BEE79E09BCF9E
:10A1700088E0FE013196DE01A754BF4F01900D9299
:10A180008A95E1F76FED79E08ECFCD52DF4F3881C0
:10A19000C35DD04030FD77C01496ED91FC91808571
:10A1A0008F70853009F06FC0CF52DF4FE881F981A1
:10A1B000C15DD040359709F466C0C553DF4F0881B3
:10A1C0001981CB5CD0400130110509F011C7C7548B
:10A1D000DF4F8881C95BD0408A50823008F0ADC71C
:10A1E0006BE979E08AE19CE00E94B78BD10112967D
:10A1F000ED91FC91608171818AE19CE00E94608B0D
:10A200008AE19CE00E94308AC754DF4F8881C95B95
:10A21000D0408A3071F08B30C1F030E020E040E077
:10A2200050E460E070E0C1010E949B4101E010E059
:10A23000B9C640E051E060E070E0C1010E948319BE
:10A240006AE0C1010E94F919E8CFC053DF4FB8811D
:10A25000C05DD040B1110EC062E879E083E79BE0B9
:10A260000E94B78B83E79BE00E94308AEBEFFFEF01
:10A270000C94E84840E051E060E070E0C1010E94C9
:10A28000AC196BE0DECF10E0C353DF4F288139817A
:10A29000CD5CD040232B09F441C7CF53DF4F198247
:10A2A0001882C15CD0403AC7863009F454C7873061
:10A2B00009F041C7C1010E94123F082F863009F002
:10A2C00062C066E579E08AE19CE00E94B78B66E0B7
:10A2D00070E08AE19CE00E94B5A18AE19CE00E94C6
:10A2E000308A62E0CE0187549F4F0E94122F29AF1F
:10A2F0003AAF4BAF5CAF6DAF7EAF8FAF21969FAFE4
:10A3000021973DC0C1010E94123F853021F083E0BA
:10A3100090E00C9429496DE679E08AE19CE00E9486
:10A32000B78B65E070E08AE19CE00E94B5A18AE10C
:10A330009CE00E94308AB101CE0187549F4F0E9459
:10A3400038A261E0CE0187549F4F0E94122F2296BF
:10A350002FAF229723963FAF239724964FAF249792
:10A3600025965FAF259726966FAF269727967FAFE6
:10A37000279728968FAF289729969FAF299768949B
:10A3800040F854F8D8C668E379E08AE19CE00E947E
:10A39000B78B602F70E08AE19CE00E94B5A18AE152
:10A3A0009CE00E94308AA3E0B0E00C94AE48AA2062
:10A3B00009F4E7C66EE179E08AE19CE00E94B78B80
:10A3C000E3E0F0E00C94E84869E079E08AE19CE0A1
:10A3D0000E94B78B03E010E0E5C52FEFA2120DC07D
:10A3E000C1010E94FB44181619064CF06CEE78E08F
:10A3F0008AE19CE00E94B78B8ACFAA20B9F362E081
:10A40000CE0187549F4F0E94122F29A73AA74BA72E
:10A410005CA76DA77EA78FA798AB689440F854F807
:10A4200035E0932EC7C640E050E2B101CE0187541B
:10A430009F4F0E941F418111DCC6DDC6BFEFAB12EA
:10A4400065C0C1010E94FB44AA24A39418161906F2
:10A450000CF45FC0A12C6EED78E08AE19CE00E94D4
:10A46000B78BEA2C0A2C000CFF08B7018AE19CE0AC
:10A470000E94B5A167ED78E08AE19CE00E94B78B6D
:10A48000CD53DF4FF881C35CD0406F2F70E08AE17D
:10A490009CE00E94B5A18AE19CE00E94308ACF53E3
:10A4A000DF4F88809980C15CD04081149104F1F124
:10A4B000C1010E94123FC82ED12CC114D10409F44D
:10A4C0006701C353DF4F08811981CD5CD04001156E
:10A4D000110509F453C0C016D10611F16BEB78E0F9
:10A4E0008AE19CE00E94B78BB6018AE19CE00E9461
:10A4F000B5A18AE19CE00E94308A2DEF3FEFC9535D
:10A50000DF4F39832883C75CD04052C5AA2009F4A5
:10A51000A2CFE1E0CD53DF4FE883C35CD0409BCFB7
:10A52000CF53DF4F19821882C15CD040C754DF4F30
:10A530009880C95BD040B6E1B91508F4E5C1E92DB2
:10A54000F0E08827E955FD4A8F4F0C94F0DA01536B
:10A550003A542B543D5301530C54CE53855301535D
:10A560000153805480549F549F545C545C548454D1
:10A57000845484545C545C545C545C54D1011B96E8
:10A580008D919C91009709F4D1CFDC01ED91FC9164
:10A590000088F189E02DC053DF4FA880C05DD04016
:10A5A000CD53DF4FC880C35CD0407401C754DF4F28
:10A5B0000881C95BD040C654DF4F1881CA5BD040C8
:10A5C000C554DF4F2881CB5BD040C454DF4F388166
:10A5D000CC5BD040C354DF4F4881CD5BD040C254E8
:10A5E000DF4F5881CE5BD040C154DF4F6881CF5BD5
:10A5F000D040C054DF4F7881C05CD04019950C9496
:10A600002949912CC153DF4F2881CF5CD0402223B0
:10A6100009F404C6C053DF4FC880C05DD040CF549A
:10A62000DF4F0881C15BD040CE54DF4F1881C25B41
:10A63000D040CD54DF4F2881C35BD040CC54DF4F96
:10A640003881C45BD040CB54DF4F4881C55BD040DC
:10A65000CA54DF4F5881C65BD040C954DF4F688170
:10A66000C75BD040C854DF4F7881C85BD040C10180
:10A670000E945536E89455F8D1C5C1010E94123F99
:10A68000853009F044CE66EA78E08AE19CE00E94D9
:10A69000B78B65E070E08AE19CE00E94B5A18AE199
:10A6A0009CE00E94308AB101CE0187549F4F0E94E6
:10A6B00038A2F10182858530C9F46EE0CE0187545D
:10A6C0009F4F0E94122F29A33AA34BA35CA36DA313
:10A6D0007EA38FA398A7689440F854F8912CF1E0DA
:10A6E000CD53DF4FF883C35CD0408CCF61E0CE0107
:10A6F00087549F4F0E94122F298F3A8F4B8F5C8F68
:10A700006D8F7E8F8F8F98A3E6CFC1010E94123F7D
:10A71000182F863081F56FE878E08AE19CE00E948E
:10A72000B78B66E070E08AE19CE00E94B5A18AE107
:10A730009CE00E94308A62E0CE0187549F4F0E94C5
:10A74000122F298B3A8B4B8B5C8B6D8B7E8B8F8B77
:10A75000988F40E050E068E070E0C1010E948319EA
:10A76000689440F854F8912C01E0CD53DF4F0883F2
:10A77000C35CD04047CF61E778E08AE19CE00E946B
:10A78000B78B612F70E08AE19CE00E94B5A18AE15D
:10A790009CE00E94308A23E030E0B1CE40E051E0FE
:10A7A00060E070E0C1010E94D519672B682B692B0E
:10A7B00061F5A11027C0B101CE0187549F4F0E94BF
:10A7C00038A261E0CE0187549F4F0E94122F298743
:10A7D0003A874B875C876D877E878F87988B40E0B1
:10A7E00050E068E070E0C1010E94AC19689440F844
:10A7F00054F826E0922E31E0CD53DF4F3883C35C0E
:10A80000D04000CF67E578E0F3CD62E478E08AE1FC
:10A810009CE00E94B78BC7CDAA20D1F062E0CE01A8
:10A8200087549F4F0E94122F29833A834B835C8366
:10A830006D837E838F839887689440F854F895E001
:10A84000992EB1E0CD53DF4FB883C35CD040DACE50
:10A8500065E278E0B1CDC554DF4F8881CB5BD04055
:10A86000823008F073C0C1010E94123F853009F0A8
:10A8700032CF4DCDC554DF4F8881CB5BD040823085
:10A8800008F02CCFAA20C1F06CE078E08AE19CE0CF
:10A890000E94B78B61E0C1010E94F919CF53DF4FCD
:10A8A00028813981C15CD04040E058E160E070E02F
:10A8B000C1010E949B418ECDC554DF4F8881CB5B87
:10A8C000D040823008F04FCF992009F447C0C654D9
:10A8D000DF4F8881CA5BD0408F7031F4B101CE0167
:10A8E00087549F4F0E9438A2689440F810E3512A81
:10A8F000912C21E0CD53DF4F2883C35CD04082CE22
:10A90000689456F8912C77CFC654DF4F8881CA5B84
:10A91000D0408F7051F4689454F8912C81E0CD535D
:10A92000DF4F8883C35CD0406DCE90E3592A912CD1
:10A93000A1E0CD53DF4FA883C35CD04063CE912C00
:10A94000412C80E4582E612C712C7BCF912CE1E0BE
:10A95000CD53DF4FE883C35CD04054CE11E0CD53DC
:10A96000DF4F1883C35CD0404DCEF10183859485C1
:10A97000892B09F4CBC0411451046104710439F0EE
:10A98000A201B101CE0187549F4F0E949F3CD1018B
:10A990001B968D919C91CF53DF4FE880F980C15C6D
:10A9A000D040DC01ED91FC910088F189E02DC0538D
:10A9B000DF4FA880C05DD040CD53DF4FC880C35C5F
:10A9C000D040C754DF4F0881C95BD040C654DF4F29
:10A9D0001881CA5BD040C554DF4F2881CB5BD04083
:10A9E000C454DF4F3881CC5BD040C354DF4F488123
:10A9F000CD5BD040C254DF4F5881CE5BD040C154B4
:10AA0000DF4F6881CF5BD040C054DF4F7881C05C9E
:10AA1000D0401995C953DF4F99838883C75CD040D4
:10AA2000F10183859485DC01ED91FC91008CF18D21
:10AA3000E02D1995059711F4689440F856FCC5C1AE
:10AA4000992021F0692DC1010E94F919CF52DF4FE1
:10AA5000A881B981C15DD040159709F425C430E0C3
:10AA600020E0B301A201C1010E949B41C153DF4F0D
:10AA7000B881CF5CD040BB2309F416C4CF53DF4F5D
:10AA800088819981C15CD040892B09F40DC46FEA9B
:10AA900077E08AE19CE00E94B78B8AE19CE00E940B
:10AAA000308ACF53DF4FA880B980C15CD040812C61
:10AAB00073016201CF54DF4F0881C15BD040CE5497
:10AAC000DF4F1881C25BD040CD54DF4F2881C35B7C
:10AAD000D040CC54DF4F3881C45BD040CB54DF4FE3
:10AAE0004881C55BD040CA54DF4F5881C65BD04017
:10AAF000C954DF4F6881C75BD040C854DF4F7881AD
:10AB0000C85BD040C1010E94342FCEC382858530FE
:10AB100009F484C0863009F093CFC754DF4FD88042
:10AB2000C95BD040DD2009F479C0C1010E9416A2A2
:10AB30007C01411451046104710439F0A201B10196
:10AB4000CE0187549F4F0E949F3CE114F10409F409
:10AB500077CF10E000E0F7FE05C0F194E194F10832
:10AB600001E010E0C70101978635910508F068CF34
:10AB7000CE2C61E08E2D0E9451ABEFEFED0DE63152
:10AB800008F049C0F0E08827E753FA4A8F4F0C9449
:10AB9000F0DADF55E1550B560B56E155DF55E1551F
:10ABA0000B560B560B560B560B560B56DF55DF55F7
:10ABB0000B560B560B56DF550B56DF55DF55F1E0A4
:10ABC0000F27602F8C2D0E9423AB67EE77E08AE180
:10ABD0009CE00E94B78BB7018AE19CE00E94B5A17E
:10ABE00065EE77E08AE19CE00E94B78BB8018AE1CC
:10ABF0009CE00E94B5A18AE19CE00E94308A6894A2
:10AC000040F854F801E010E0C953DF4F198308837E
:10AC1000C75CD04015CF0FEF1FEFD7CF41145104C1
:10AC20006104710439F0A201B101CE0187549F4F34
:10AC30000E949F3CC553DF4F28813981CB5CD040B7
:10AC40002230310509F4BDC02330310581F02130B7
:10AC5000310509F0F5CE689440F854F821E030E071
:10AC6000C953DF4F39832883C75CD040E9CEC10187
:10AC70000E94F63E6B017C01892B61F565ED77E062
:10AC800089E69BE00E94B78BD1011296ED91FC9171
:10AC90006081718189E69BE00E94608B67EC74E0C3
:10ACA00089E69BE00E94608B2AE030E0B701A601B4
:10ACB00089E69BE00E94D68A89E69BE00E94308A62
:10ACC000D1011296ED91FC91608171818DEC94E03F
:10ACD0000E9456ADCE0187549F4F0E94A03220E0C3
:10ACE00030E048EC52E40E9495D90E94EDDBC95354
:10ACF000DF4F688379838A839B83C75CD040C953C5
:10AD0000DF4FC880D980C75CD0404FEF5FEF60E075
:10AD100070E088E00E949425CD53DF4F68837983EB
:10AD20008A839B83C35CD040CD53DF4FE880F9809A
:10AD3000C35CD0406EEC77E08AE19CE00E94B78B68
:10AD4000D1011296ED91FC91608171818AE19CE0C4
:10AD50000E94608B6AEC77E08AE19CE00E94B78BEE
:10AD6000C953DF4F68817981C75CD0408AE19CE09C
:10AD70000E94B5A165EC77E08AE19CE00E94B78B68
:10AD8000CD53DF4F488159816A817B81C35CD040BC
:10AD9000662777272AE08AE19CE00E94E4898AE11D
:10ADA0009CE00E94308AB701A601C1010E94B53E15
:10ADB000E1E0F0E0C953DF4FF983E883C75CD0409E
:10ADC0003FCE689440F855F81DCF81E090E0C9531C
:10ADD000DF4F99838883C75CD04032CECF52DF4F9C
:10ADE000E881F981C15DD040359709F45DC240E04A
:10ADF00050E4B101CE0187549F4F0E949F3C30E048
:10AE000020E040E050E460E070E0C1010E949B411E
:10AE10004BC2ACEFBFEF0C94AE48CE0187549F4FAE
:10AE20000E94E6322B013C0141145104610471047B
:10AE300011F00C94DE4AB1E0CD53DF4FB883C35C10
:10AE4000D0400C94184BC553DF4F08811981CB5C5F
:10AE5000D040012B09F053C08081882311F40C9459
:10AE6000FB47CE018F539F4F0E946F3CC553DF4F6E
:10AE700099838883CB5CD040C554DF4F8881CB5BFE
:10AE8000D040811132C0C553DF4F6881CB5CD040C8
:10AE9000CE0187549F4F0E94F02EC755DF4F288365
:10AEA000C95AD040C655DF4F3883CA5AD040C5551D
:10AEB000DF4F4883CB5AD040C455DF4F5883CC5A1C
:10AEC000D040C355DF4F6883CD5AD040C255DF4FC5
:10AED0007883CE5AD040C155DF4F8883CF5AD040B7
:10AEE000C055DF4F9883C05BD040C553DF4FE8812A
:10AEF000F981CB5CD040EF2B11F40C94FB4763E855
:10AF00007AE08AE19CE00E94B78BB6018AE19CE07E
:10AF10000E94B5A16CE77AE08AE19CE00E94B78BC1
:10AF2000D1011296ED91FC91608171818AE19CE0E2
:10AF30000E94608B66E77AE08AE19CE00E94B78B12
:10AF4000CF53DF4F68817981C15CD0408AE19CE0BA
:10AF50000E94608B64E77AE08AE19CE00E94B78BF4
:10AF6000CE0187549F4F0E94A42ECF53DF4FE8801D
:10AF7000F980C15CD040E114F10411F40C9446480E
:10AF8000F7018081843211F00C94464860E67AE043
:10AF90008AE19CE00E94B78B8AE19CE00E94308AA3
:10AFA0000CEF1FEFC953DF4F19830883C75CD040F4
:10AFB000C953DF4F88819981C75CD040C752DF4FAA
:10AFC0000FB6F894DEBF0FBECDBFDF91CF911F91BA
:10AFD0000F91FF90EF90DF90CF90BF90AF909F9038
:10AFE0008F907F906F905F904F903F902F9008953B
:10AFF0001FEFA11225C0C1010E94FB44AA24A39403
:10B00000181619060CF0A12CC553DF4F2881398181
:10B01000CB5CD0402130310599F4C754DF4F888193
:10B02000C95BD040863061F440E051E060E070E000
:10B03000C1010E94D519672B682B692B09F081C0CB
:10B04000CF53DF4F28813981C15CD040D1011496A4
:10B050006D917C91CD52DF4FE880C35DD040C053ED
:10B06000DF4F0881C05DD040AE0147545F4FC10142
:10B070000E940A44C153DF4FB881CF5CD04010E03A
:10B08000BB23C1F1C053DF4FC880C05DD040EE2468
:10B09000EA94FE2CCF54DF4F0881C15BD040CE54E0
:10B0A000DF4F1881C25BD040CD54DF4F2881C35B96
:10B0B000D040CC54DF4F3881C45BD040CB54DF4FFD
:10B0C0004881C55BD040CA54DF4F5881C65BD04031
:10B0D000C954DF4F6881C75BD040C854DF4F7881C7
:10B0E000C85BD040C1010E945536C153DF4F188163
:10B0F000CF5CD040CF53DF4F88819981C15CD04075
:10B10000892B09F4C1C8C353DF4FE881F981CD5CB5
:10B11000D040EF2B09F0C1C8689440F8C754DF4F06
:10B120008881C95BD040853009F457C908F0BCC894
:10B13000833009F4E7C8912C3DC02FEFA2126DCFE8
:10B140005ACFC353DF4F88819981CD5CD04010E046
:10B15000892B09F0A2C840E051E060E070E0C10135
:10B160000E94D519672B682B692B09F02DC9BFEFF9
:10B17000AB121DC9C1010E94FB44181619060CF43C
:10B1800019C9B101CE0187549F4F0E9438A261E0D6
:10B19000CE0187549F4F0E94122F29AB3AAB4BAB85
:10B1A0005CAB6DAB7EAB8FAB98AF689440F854F856
:10B1B00046E0942ED301C201689440F8C554DF4F95
:10B1C0002881CB5BD040223060F4C754DF4F288108
:10B1D000C95BD040222329F02C013D01689440F83E
:10B1E00054F8C654DF4F8881CA5BD0408F7009F491
:10B1F0001AC9689455F8112311F0E89455F8A20182
:10B20000B101CE0187549F4F0E949F3CA1E0B0E066
:10B21000C953DF4FB983A883C75CD040B110F9CDC3
:10B22000D1011B968D919C91009709F49ECBDC0176
:10B23000ED91FC910488F589E02DC754DF4F08811A
:10B24000C95BD040C654DF4F1881CA5BD040C5549B
:10B25000DF4F2881CB5BD040C454DF4F3881CC5BBB
:10B26000D040C354DF4F4881CD5BD040C254DF4F44
:10B270005881CE5BD040C154DF4F6881CF5BD04056
:10B28000C054DF4F7881C05CD040199581116DCBDF
:10B290006CEE77E083E79BE00E94B78B83E79BE04F
:10B2A0000E94308A56FC9ACD64EA77E08AE19CE0FD
:10B2B0000E94B78BC953DF4F68817981C75CD0404A
:10B2C0008AE19CE00E94B5A16DE977E08AE19CE00B
:10B2D0000E94B78B0E9404ACAB01BC01CA52DF4F85
:10B2E000088119812A813B81C65DD040401B510BEA
:10B2F000620B730B2AE08AE19CE00E94E4898AE1F8
:10B300009CE00E94308A54CE2F923F924F925F92DF
:10B310006F927F928F929F92AF92BF92CF92DF9265
:10B32000EF92FF920F931F93CF93DF93CDB7DEB7CA
:10B33000CB57D1090FB6F894DEBF0FBECDBFE29652
:10B34000EFAEE297E396FFAEE397E4960FAFE49794
:10B35000E5961FAFE597E6962FAFE697E7963FAFE6
:10B36000E797E8964FAFE897E9965FAFE9970097C0
:10B3700009F453C024012B2CEC96AFAEEC97EB965E
:10B38000DFAEEB97EA96CFAEEA97362E8C0180912E
:10B390002A02893020F4809129028930A0F180E0CE
:10B3A00091E00E9401D17C01892B69F11C821B82F2
:10B3B0001E821D828FEF9FEF98878F8389E992E02D
:10B3C0009A8389831A861986FC86EB8680E091E051
:10B3D000988B8F871E861D86B801CE0101960E942C
:10B3E000F2A26CED74E08AE19CE00E94608BB701F0
:10B3F0008AE19CE00E94608B8AE19CE00E94308A96
:10B40000C7010E949DD1F80180858F70843009F4B6
:10B410005FC128F4882309F464C180E02FC085301F
:10B4200009F446C08630C9F76AE174E0C8010E9499
:10B43000479D3C01009709F476C0912C812CB12CDA
:10B44000A12CD12CC12CE296EFACE297E396FFAC95
:10B45000E397E4960FADE497E5961FADE597E69682
:10B460002FADE697E7963FADE797E8964FADE897A3
:10B47000E9965FADE997632D0E948459C558DF4F67
:10B480000FB6F894DEBF0FBECDBFDF91CF911F91F5
:10B490000F91FF90EF90DF90CF90BF90AF909F9073
:10B4A0008F907F906F905F904F903F902F90089576
:10B4B000809176078F5F809376076680778061142E
:10B4C000710459F14201EC96AFACEC97B22CEA96BC
:10B4D000CFACEA97EB96DFACEB97E296EFACE29756
:10B4E000E396FFACE397E4960FADE497E5961FADC6
:10B4F000E597E6962FADE697E7963FADE797E89696
:10B500004FADE897E9965FADE997632DC3010E94BF
:10B510008459F30162807380D2CF80917607815085
:10B52000809376077ACF62EE74E0C8010E94479D4F
:10B530002C0167EE74E0C8010E94479D7C016CEE0F
:10B5400074E0C8010E94479D332039F0F1E03F16B6
:10B5500009F49FC0D12CC12C0CC060EF74E0C8016D
:10B560000E94479D3C0165EF74E0C8010E94479D21
:10B570006C016114710409F43801C114D10409F497
:10B5800068014114510431F4EA964FACEA97EB9606
:10B590005FACEB97E114F10421F4EC96EFACEC977F
:10B5A000F22C6114710409F4A5C0F30180858F7039
:10B5B000843009F09FC061847284C114D10409F4FD
:10B5C0009CC0F60180858F70843009F096C0C184DC
:10B5D000D28410E000E04114510409F4F3C0611476
:10B5E000710409F4B1C061E57CE18AE19CE00E944C
:10B5F000B78BF201618572858AE19CE00E94608BC5
:10B600006CE47CE18AE19CE00E94B78BB3018AE1A3
:10B610009CE00E94608B8AE19CE00E94308ACE010F
:10B620008F589F4F0E94A42EE114F10409F0D3C05B
:10B63000F20180858F70843009F083C140917A07D0
:10B6400050917B0761857285CE0101960E94183E5C
:10B65000CE0101960E94923C8823B1F00E94D72926
:10B660006B01683C71050CF083C06BE07CE183E703
:10B670009BE00E94B78BB60183E79BE00E94B5A1D7
:10B6800083E79BE00E94308ACE0101960E945B42D4
:10B6900058C16AEF74E0C8010E94479D3C016FEFFA
:10B6A00074E0C8010E94479D6C016114710409F0A7
:10B6B0004AC160EF74E0C8010E94479D3C01C1147B
:10B6C000D10409F450CF892B09F05BCF380159CF51
:10B6D000D12CC12C712C612CF12CE12C512C412C42
:10B6E00048CFD12CC12C712C612CF12CE12C512C88
:10B6F000412C47CF712C612C60CF00E020E030E37B
:10B7000040E150E0BE016F597F4FCE018F589F4FEF
:10B710000E94A91E6C01E4960FADE49710E001159C
:10B72000110509F058CFE2968FADE297811109C05B
:10B73000E3968FADE3978F7009F44DCF02E010E0F0
:10B740004ACF01E010E047CF62E47CE18AE19CE06F
:10B750000E94B78BF201618572858AE19CE00E94AC
:10B76000608B6DE37CE18AE19CE00E94B78B57CF50
:10B770006114710431F0B301CE0101960E943CA422
:10B7800083CFA12CC12CF12CE12CE2960FADE297D6
:10B79000E3961FADE397E4962FADE497E5963FADB2
:10B7A000E597E6964FADE697E7965FADE797E896A3
:10B7B0006FADE897E9967FADE997CE0101960E94BB
:10B7C0003A4762CFE114F10409F4BBC0C114D104BB
:10B7D00009F4B7C004C0C114D10409F429CFF7019A
:10B7E00080858F70843009F0A8C081859285259668
:10B7F0001FAE1EAE259748EE53E060E070E029963C
:10B800004CAF5DAF6EAF7FAF29972FEA32E0239642
:10B810003FAF2EAF23972F969FAF8EAF2F97619696
:10B820001FAE1EAE619763961FAE1EAE6397659600
:10B830001FAE1EAE659767961FAE1EAE67976996E0
:10B840001FAF0EAF69976A961FAE6A9740E450E04B
:10B85000BE016F5F7F4FCE018F5B9F4F0E94DC9ECA
:10B8600021E030E02C0F3D1F820F931FFC0110825E
:10B8700065E37CE18AE19CE00E94B78BF70161857A
:10B8800072858AE19CE00E94608B64E075E08AE149
:10B890009CE00E94608BBE016F5F7F4F8AE19CE05D
:10B8A0000E94608B60E37CE18AE19CE00E94B78BA0
:10B8B000B6018AE19CE00E94608B8AE19CE00E94D4
:10B8C000308A0E94659D8823C1F18091E008811132
:10B8D00034C06FE270E0CE0101960E9446DF892BF2
:10B8E00051F4F7012185328543E050E060E4CE0158
:10B8F00001960E94D22869E27CE18AE19CE00E94E4
:10B90000B78BBE016F5F7F4F8AE19CE00E94608B26
:10B9100064E27CE18AE19CE00E94B78BB6018AE197
:10B920009CE00E94608B8AE19CE00E94308A41E0AA
:10B93000B601CE0101960E94D2AC4114510409F027
:10B9400077CE81E09BCD892B09F01BCE0CCE8F9258
:10B950009F92AF92BF92CF92DF92EF92FF920F939E
:10B960001F93CF93DF9300D000D01F921F92CDB7CB
:10B97000DEB7E982FA820B831C832D833E834F83DB
:10B980005887DC011296ED91FC91309791F104817A
:10B9900015810115110569F1F80180858F708530D9
:10B9A00041F57B01C8010E9406A2823010F161E0DE
:10B9B000C8010E94BF9D0097E1F0DC0118962C9110
:10B9C0002F702630B1F4B7010E94479D009789F08F
:10B9D000912C812CB12CA12CD12CC12CE980FA8086
:10B9E0000B811C812D813E814F8158856FEF0E9414
:10B9F000845928960FB6F894DEBF0FBECDBFDF91F5
:10BA0000CF911F910F91FF90EF90DF90CF90BF905B
:10BA1000AF909F908F9008952F923F924F925F9298
:10BA20007F928F929F92AF92BF92CF92DF92EF92CE
:10BA3000FF920F931F93CF93DF93CDB7DEB7C75A13
:10BA4000D1090FB6F894DEBF0FBECDBFDC0114964E
:10BA50002D913C911597232B09F4CDC55B016C0109
:10BA6000ED91FC910284F385E02D199582309105CA
:10BA700009F417C1C4F597FFBEC5F601878190850B
:10BA8000DC01ED91FC910084F185E02D19958597FD
:10BA90000CF4F3C045E250E0BE016F5F7F4FF6014A
:10BAA000878190850E94B289D60117968D919C91CD
:10BAB000DC01ED91FC910084F185E02D1995892B35
:10BAC00009F436C162E070E080E090E00E94D2AB01
:10BAD000F60187819085DC01ED91FC910284F3856C
:10BAE000E02D1995E1CF8430910509F473C0BCF1C4
:10BAF000059719F6AA94AB2809F0FFC068E679E12A
:10BB00008AE19CE00E94DB8B4DE050E062E072E055
:10BB1000C6010E941728D6011496AD90BC904FEF35
:10BB20005FEFBA0180E00E949425F50160A771A73C
:10BB300082A793A7D601ED91FC910484F585E02DB1
:10BB400062E0C6011995D6011496ED91FC91159706
:10BB50008FEF80831496ED91FC9181838ECFD60177
:10BB60001496ED91FC9180A591A5A2A5B3A5892B72
:10BB70008A2B8B2B09F481CF0E9404ACD60114963A
:10BB8000ED91FC91159700A511A522A533A5601B89
:10BB9000710B820B930B663971058105910508F4D1
:10BBA0006CCFED91FC910484F585E02D62E0C60137
:10BBB0001995F601048115814FEF5FEFBA0180E01E
:10BBC0000E949425D80198966D937D938D939C93B4
:10BBD0009B9753CFD6011496ED91FC9180A591A52A
:10BBE000A2A5B3A5892B8A2B8B2BD9F10E9404AC7B
:10BBF000D6011496ED91FC9100A511A522A533A5BF
:10BC0000601B710B820B930B6838734181059105A2
:10BC100040F1D601ED91FC910484F585E02D65E0BD
:10BC2000C6011995F601048115814FEF5FEFBA0146
:10BC300080E00E949425D80198966D937D938D9312
:10BC40009C939B97D6011496ED91FC9117A264E703
:10BC500079E18AE19CE00E94B78B8AE19CE00E9436
:10BC6000308AF60187819085DC01ED91FC9100849A
:10BC7000F185E02D1995892B19F481E090E03FC002
:10BC800062E070E080E090E00E94D2ABF601878134
:10BC90009085DC01ED91FC910284F385E02D1995EE
:10BCA000E0CFD6011496ED91FC9180A591A5A2A5B7
:10BCB000B3A5892B8A2B8B2BE1F00E9404ACD60113
:10BCC0001496ED91FC9100A511A522A533A5601B4A
:10BCD000710B820B930B683873418105910548F015
:10BCE000D601ED91FC910484F585E02D65E0C60157
:10BCF0001995AA94AB2809F4C0CE90E080E0C9550C
:10BD0000DF4F0FB6F894DEBF0FBECDBFDF91CF91EE
:10BD10001F910F91FF90EF90DF90CF90BF90AF9069
:10BD20009F908F907F905F904F903F902F900895BD
:10BD300064E679E18AE19CE00E94B78B4AE050E03A
:10BD4000F60166818AE19CE00E94348A6FE579E120
:10BD50008AE19CE00E94B78BCE0101965C014E0106
:10BD600095E2890E911CD5016D915D0140E150E095
:10BD70006A3058F468E474E08AE19CE00E94608BC9
:10BD800040E150E0F501319760818AE19CE00E943A
:10BD9000348A8A149B0439F76EE28AE19CE00E949F
:10BDA000CF8A8AE19CE00E94308AFE01339680E0CF
:10BDB000AE16BF0619F09191890FFACF9DA1981385
:10BDC0000FC468E579E18AE19CE00E94B78B8AE1C3
:10BDD0009CE00E94308A8DA1D6011496ED91FC91D1
:10BDE000159797A1891709F448CF87A314960D904A
:10BDF000BC91A02D85E2FE01319601900D928A95AD
:10BE0000E1F7D6011496ED91FC91C056DF4F1882F0
:10BE100019821A821B82C05AD040CC55DF4F18823B
:10BE200019821A821B82C45AD040CF55DF4F8881B5
:10BE3000C15AD040807FCF55DF4F8883C15AD04050
:10BE400083A190E01C01B0E12B0E311C499708F052
:10BE500014CF7584878986A3118D538CD6011496CF
:10BE60002D913C91858DD90195968C93848C912C44
:10BE7000878DD6011296ED91FC910280F381E02D21
:10BE800047E055E06EE974E080FD02C06EE874E0C2
:10BE9000808191810E94F0ACB0E88B16910409F08A
:10BEA00086C0D6011296ED91FC910280F381E02DBF
:10BEB0004EE055E06EE974E0808191810E94F0AC23
:10BEC00064E175E08AE19CE00E94608BD6011496E3
:10BED000ED91FC914AE050E065A18AE19CE00E946E
:10BEE000348A8AE19CE00E94308AD6011496ED9152
:10BEF000FC91159785A11296ED91FC910280F3813A
:10BF0000E02D4FE155E06EE974E083FD02C06EE87C
:10BF100074E0808191810E94F0ACD6011296ED917F
:10BF2000FC9113970280F381E02D8081918114961A
:10BF3000ED91FC9125A146E255E06EE974E021FD0A
:10BF400002C06EE874E00E94F0AC1EA2113009F449
:10BF5000F4C1E0F1123009F425C2133009F457C2DC
:10BF600068E479E1CE0186960E9443D360E0CE0179
:10BF700080569F4F0E94122FE9962FAFE997EA96BD
:10BF80003FAFEA97EB964FAFEB97EC965FAFEC972E
:10BF9000ED966FAFED97EE967FAFEE97EF968FAF82
:10BFA000EF97C158DF4F9883CF57D04043C08928BF
:10BFB00009F086CFD6011296ED91FC910280F381B3
:10BFC000E02D4EE055E06EE874E076CF6FE17AE167
:10BFD000CE0186960E9443D360E1CE0180569F4FEA
:10BFE0000E94122FC856DF4F2883C859D040C75629
:10BFF000DF4F3883C959D040C656DF4F4883CA59EE
:10C00000D040C556DF4F5883CB59D040C456DF4F80
:10C010006883CC59D040C356DF4F7883CD59D04088
:10C02000C256DF4F8883CE59D040C156DF4F988328
:10C03000CF59D040D6011296ED91FC910280F38148
:10C04000E02D42E954E0BE016A5D7F4F808191811D
:10C050000E94F0ACC056DF4FE880C05AD040CF55A8
:10C06000DF4FF880C15AD040CE55DF4F0881C25A09
:10C07000D040CD55DF4F1881C35AD040CC55DF4F4B
:10C080002881C45AD040CB55DF4F3881C55AD040A3
:10C09000CA55DF4F4881C65AD040C955DF4F588135
:10C0A000C75AD04063E974E0C6010E94A75CD6017C
:10C0B0001296ED91FC910280F381E02D47E954E066
:10C0C0006EE874E0552011F06EE974E08081918192
:10C0D0000E94F0AC032C000C44085508D6011296BF
:10C0E000ED91FC910280F381E02D6081718104E883
:10C0F00014E0A2019101C6010E947821872C912CA5
:10C10000B12CA12CBFEF7B1681F0D6011296ED91D8
:10C11000FC910280F381E02D6081718102E315E0E2
:10C12000A5019401C6010E94782118AA19AA1AAA89
:10C130001BAA89A9807F8A6089AB88A939A92AA905
:10C140009BA9E82EE1968FAFE197E2963FAFE29789
:10C15000E3962FAFE397E4969FAFE497222DE896FE
:10C160002CAE3DAE4EAE5FAEE897F32EE3960FAD2C
:10C17000E397192FE6963FADE697E7964FADE79721
:10C18000E8965FADE89765E874E0C6010E94A75C99
:10C1900018AA19AA1AAA1BAA89A9807F8A6089AB42
:10C1A00088A999A9AAA9BBA988AF99AFAAAFBBAF23
:10C1B0008CAE9DAEAEAEBFAE63E0CE01C8960E941F
:10C1C000F02EA9962FAFA997AA963FAFAA97AB9644
:10C1D0004FAFAB97AC965FAFAC97AD966FAFAD97E7
:10C1E000AE967FAFAE97AF968FAFAF97E0969FAF0B
:10C1F000E09779018A019B01AC0163E375E0C60118
:10C200000E94A75C1EA2D6011496ED91FC9186A116
:10C21000811132C16BE07AE1CE0186960E9443D350
:10C220006EE0CE0180569F4F0E94122FA1962FAF35
:10C23000A197A2963FAFA297A3964FAFA397A496BC
:10C240005FAFA497A5966FAFA597A6967FAFA69769
:10C25000A7968FAFA797A8969FAFA897D6011496D9
:10C26000ED91FC91159726A130E050E040E0129648
:10C27000ED91FC910280F381E02D6081718108E3F2
:10C2800015E0C6010E947821D6011496ED91FC912B
:10C2900085A180FD14C063E979E1CE0186960E94F4
:10C2A00043D362E0CE0180569F4F0E94122F28ABED
:10C2B00039AB4AAB5BAB6CAB7DAB8EAB9FABD60106
:10C2C0001296ED91FC910280F381E02D49E854E053
:10C2D000BE016A5D7F4F808191810E94F0ACC056A3
:10C2E000DF4FE880C05AD040CF55DF4FF880C15AA9
:10C2F000D040CE55DF4F0881C25AD040CD55DF4FD8
:10C300001881C35AD040CC55DF4F2881C45AD04041
:10C31000CB55DF4F3881C55AD040CA55DF4F4881D1
:10C32000C65AD040C955DF4F5881C75AD0406AE835
:10C3300074E0C6010E94A75CA0CC69E27AE1CE015C
:10C3400086960E9443D361E1CE0180569F4F0E94A2
:10C35000122FC057DF4F2883C059D040CF56DF4F30
:10C360003883C159D040CE56DF4F4883C259D040A0
:10C37000CD56DF4F5883C359D040CC56DF4F68832A
:10C38000C459D040CB56DF4F7883C559D040CA56E8
:10C39000DF4F8883C659D040C956DF4F9883C759AD
:10C3A000D04048CE63E37AE1CE0186960E9443D323
:10C3B00062E1CE0180569F4F0E94122FC857DF4F77
:10C3C0002883C858D040C757DF4F3883C958D0405A
:10C3D000C657DF4F4883CA58D040C557DF4F5883F0
:10C3E000CB58D040C457DF4F6883CC58D040C35798
:10C3F000DF4F7883CD58D040C257DF4F8883CE5867
:10C40000D040C157DF4F9883CF58D04013CE6BE058
:10C410007AE1CE0186960E9443D36EE0CE0180562B
:10C420009F4F0E94122FC058DF4F2883C058D04022
:10C43000CF57DF4F3883C158D040CE57DF4F4883A6
:10C44000C258D040CD57DF4F5883C358D040CC5747
:10C45000DF4F6883C458D040CB57DF4F7883C5582F
:10C46000D040CA57DF4F8883C658D040C957DF4FE6
:10C470009883C758D040DECD813029F561E57AE157
:10C48000CE0186960E9443D365E1CE0180569F4F30
:10C490000E94122F69962FAF69976A963FAF6A97ED
:10C4A0006B964FAF6B976C965FAF6C976D966FAF57
:10C4B0006D976E967FAF6E976F968FAF6F97A096C2
:10C4C0009FAFA097CBCE823029F567E47AE1CE0109
:10C4D00086960E9443D364E1CE0180569F4F0E940E
:10C4E000122F61962FAF619762963FAF6297639666
:10C4F0004FAF639764965FAF649765966FAF65972C
:10C5000066967FAF669767968FAF679768969FAF7F
:10C510006897A4CE833029F565E17AE1CE0186964D
:10C520000E9443D36FE0CE0180569F4F0E94122F8E
:10C5300029962FAF29972A963FAF2A972B964FAF70
:10C540002B972C965FAF2C972D966FAF2D972E962D
:10C550007FAF2E972F968FAF2F9760969FAF6097E4
:10C560007DCE843029F56BE57AE1CE0186960E9476
:10C5700043D366E1CE0180569F4F0E94122F219631
:10C580002FAF219722963FAF229723964FAF239745
:10C5900024965FAF249725966FAF259726967FAF99
:10C5A000269727968FAF279728969FAF289756CE26
:10C5B0008D3609F053CE68E479E1CE0186960E946B
:10C5C00043D360E0CE0180569F4F0E94122F28AFC8
:10C5D00039AF4AAF5BAF6CAF7DAF8EAF9FAF3ECE92
:10C5E0006CE479E18AE19CE00E94B78B8AE19CE0EF
:10C5F0000E94308A42CB8FEF9FEF81CB2F923F92E8
:10C600004F925F926F927F928F929F92AF92BF9262
:10C61000CF92DF92EF92FF920F931F93CF93DF930E
:10C62000CDB7DEB767970FB6F894DEBF0FBECDBFAC
:10C630001C017C8B6B8B40E050E860E070E00E9456
:10C64000D519672B682B692B09F45DC019821A82F2
:10C650001B821C821D821E821F8218868A81807F17
:10C660008A8340E050E3B101CE0101960E941F4150
:10C67000D1011B968D919C91892B09F444C040E017
:10C6800050E860E070E0C1010E94831969EE7AE031
:10C690008AE19CE00E94B78BF10183859485DC01DF
:10C6A000ED91FC910088F189E02DA12CCC24C3945C
:10C6B000F12CE12C09811A812B813C814D815E8115
:10C6C0006F81788519958F3F9807E9F0D10112960F
:10C6D000ED91FC9160817181892B09F0C5C08AE1DF
:10C6E0009CE00E94608B67EE7AE08AE19CE00E9409
:10C6F000B78B6FED7AE08AE19CE00E94B78B8AE10C
:10C700009CE00E94308A65E0F101828193810E9461
:10C71000BF9D9A8B898B009709F4DAC0DC011896CB
:10C72000BC91BD8B9B2E92943FE09322FC014184EF
:10C730005284638474840E9404AC992009F4C8C0B4
:10C74000461A570A680A790A19861A861B861C86B1
:10C7500099861A85107F1A601A874D865E866F86C5
:10C76000788A8B899C89049769F588248394B12CF5
:10C77000A12CC12CD12C20E1E22EF12C092D2B85EE
:10C780003C854D855E856F857889C1010E94342F77
:10C79000C301B20128EE33E040E050E00E949BDA92
:10C7A000BA01A9012AE030E08AE19CE00E94D68A21
:10C7B00060E17BE08AE19CE00E94B78B8AE19CE02B
:10C7C0000E94308A77FE84C092E0491651046104C9
:10C7D00090E879060CF47CC00E94D7292B017F8B4E
:10C7E0006E8B88248394B12CA12CC12CD12C90E188
:10C7F000E92EF12C09851A852B853C854D855E85B2
:10C800006F857889C1010E94342FAE89BF89A83C09
:10C81000B105BCF567EF7AE083E79BE00E94B78B38
:10C82000B20183E79BE00E94B5A183E79BE00E94F1
:10C83000308A8FEF9FEF67960FB6F894DEBF0FBE7A
:10C84000CDBFDF91CF911F910F91FF90EF90DF90BF
:10C85000CF90BF90AF909F908F907F906F905F90A0
:10C860004F903F902F9008958AE19CE00E94608B4A
:10C870006DED7AE08AE19CE00E94B78B69ED7AE089
:10C880003ACFE989FA8980858F70808719821A8268
:10C890001B821C821D821E821F8218868A81807FD5
:10C8A0008A8399828D898F70AA24A394873009F096
:10C8B000A12C82E0C82EF12CE12C09811A812B8158
:10C8C0003C814D815E816F817885C1010E943A472C
:10C8D0008B899C89019701F540E050E360E070E0AE
:10C8E000C1010E94D519AB01BC014115510561057B
:10C8F000710591F08091E1089091E208069761F44A
:10C9000030E020E0C1010E949B4140E050E360E044
:10C9100070E0C1010E948319D1011B968D919C91F9
:10C92000009719F490E080E086CFDC01ED91FC9156
:10C930000284F385E02D1995892BA1F3F1018385FC
:10C940009485DC01ED91FC910480F581E02D6B89EB
:10C950007C89199570CF6F927F928F929F92AF9240
:10C96000BF92CF92DF92EF92FF920F931F93CF93DC
:10C97000DF93CDB7DEB7C854D1090FB6F894DEBF48
:10C980000FBECDBF3C014B01FC010081118162EE65
:10C9900074E0C8010E94479D5C0167EE74E0C80125
:10C9A0000E94479D6C016CEE74E0C8010E94479D97
:10C9B000A114B10431F4C114D10419F4892B09F480
:10C9C000D0C06EE375E0C8010E94479D7C0163E41E
:10C9D00075E0C8010E94479D8C016BE477E08AE115
:10C9E0009CE00E94B78B4AE050E0F30163818AE14A
:10C9F0009CE00E94348A69E477E08AE19CE00E942E
:10CA0000B78BB4018AE19CE00E94B5A18AE19CE069
:10CA10000E94308AC114D10409F455C0F601808502
:10CA20008F70843009F04FC06185728540E450E01A
:10CA3000CE0101960E947FDF0E94659D882309F444
:10CA400042C08091E00881113EC06FE270E0CE01EB
:10CA500001960E9446DF892B51F4F601218532852B
:10CA600043E050E060E4CE0101960E94D228811498
:10CA7000910409F4B5C0E114F10409F088C041E063
:10CA80006EE974E0CE0101960E94D2AC63E477E0D7
:10CA90008AE19CE00E94B78BBE016F5F7F4F8AE105
:10CAA0009CE00E94608B60E477E08AE19CE00E9459
:10CAB000B78B6EE974E08AE19CE00E94608B8AE1AA
:10CAC0009CE00E94308AA114B10409F44AC0F50127
:10CAD00080858F70843009F044C040917A0750916E
:10CAE0007B0761857285CE0101960E94183ECE01BA
:10CAF00001960E94923C882381F1892809F4B7C0ED
:10CB0000F701EF2809F0CCC025961CAE1DAE1EAE75
:10CB10001FAE259729961CAE1DAE1EAE1FAE2997DF
:10CB200023961FAD2397107FA12CC12CF12CE12C53
:10CB300001E024962FAD249725963FAD259740E040
:10CB400027965FAD279728966FAD289729967FADDA
:10CB50002997CE0101960E943A47CE0101960E9484
:10CB60005B42C85BDF4F0FB6F894DEBF0FBECDBF90
:10CB7000DF91CF911F910F91FF90EF90DF90CF90B9
:10CB8000BF90AF909F908F907F906F900895F70126
:10CB900080858F70843009F096CF61857285FB01A6
:10CBA0008081882309F48FCF41E0CE0101960E9455
:10CBB000D2AC6AE377E08AE19CE00E94B78BBE01C9
:10CBC0006F5F7F4F8AE19CE00E94608B67E377E0B4
:10CBD0008AE19CE00E94B78BF701618572856BCF7B
:10CBE00001151105E9F441E06EE874E0CE0101960B
:10CBF0000E94D2AC61E377E08AE19CE00E94B78BAF
:10CC0000BE016F5F7F4F8AE19CE00E94608B6EE205
:10CC100077E08AE19CE00E94B78B6EE874E04BCF2E
:10CC2000F80180858F70843009F04DCF6185728561
:10CC3000FB018081882309F446CF41E0CE010196B3
:10CC40000E94D2AC68E277E08AE19CE00E94B78B58
:10CC5000BE016F5F7F4F8AE19CE00E94608B65E2BE
:10CC600077E08AE19CE00E94B78BF801B6CFF8012B
:10CC7000012BB1F425961CAE1DAE1EAE1FAE25973E
:10CC800029961CAE1DAE1EAE1FAE299723961FAD72
:10CC90002397107FA12CC12CF12CE12C02E049CF6D
:10CCA00080858F70843009F058CF61857285FB01D3
:10CCB0008081882309F451CFCE0101960E943CA4C3
:10CCC0004CCFEF92FF920F931F93CF93DF93EC0122
:10CCD0008B011E821D821A821B821C82E880F980D1
:10CCE000E114F10459F18091C0069091C106892B9D
:10CCF00029F1672B09F48701F80180858F70863050
:10CD0000E9F468E475E0C8010E94479D009719F0B6
:10CD1000FC0181858A8361E776E0C8010E94479D16
:10CD2000FC01892B61F180858F70823071F0853034
:10CD300079F0F9E0EF0EF11CFE82ED82DF91CF91E8
:10CD40001F910F91FF90EF90089581858B83F1CF14
:10CD50000680F781E02D309761F380858F708230F7
:10CD600041F781858B830680F781E02D309709F3A9
:10CD700080858F708230E9F681858C83DACFF80167
:10CD8000808191810E94CED2E1CF0F931F93CF93E8
:10CD9000DF93CDB7DEB76F970FB6F894DEBF0FBE47
:10CDA000CDBF2091C0063091C106232B09F409C1E3
:10CDB00020917607022E000C330B82179307B4F4F0
:10CDC00064EA7EE083E79BE00E94B78B83E79BE009
:10CDD0000E94308A80E06F960FB6F894DEBF0FBED7
:10CDE000CDBFDF91CF911F910F9108956EE87EE046
:10CDF0008AE19CE00E94B78B8AE19CE00E94308A25
:10CE00008091B5068F5F8093B50669E47EE089E680
:10CE10009BE00E94B78B89E69BE00E94308AE091FC
:10CE20007807F0917907309709F1809176078F5F45
:10CE300080937607068117810115110591F0D801BD
:10CE400018968C918F70863041F41A83098370E0B4
:10CE500060E0CE0101960E946166F80102811381B3
:10CE6000EBCF80917607815080937607E0917A0727
:10CE7000F0917B073097A1F106811781011511050B
:10CE8000C9F1D80118968C918F70853029F5C801A9
:10CE90000E9406A2882301F140917A0750917B07F6
:10CEA000F80160817181CE0101960E94183ECE0189
:10CEB00001960E94923C882359F08C859D850097AD
:10CEC00039F0DC01ED91FC910084F185E02D19959C
:10CED000CE0101960E945B42F80102811381CECF00
:10CEE0006EE77EE08AE19CE00E94B78B8AE19CE0DD
:10CEF0000E94308A109275071092740766E77EE0F0
:10CF00008AE19CE00E94B78B8AE19CE00E94308A13
:10CF100064E670E080E090E00E94D2AB10921D07C2
:10CF2000109273076EE57EE08AE19CE00E94B78B69
:10CF30000E94D729AB01BC012AE08AE19CE00E9453
:10CF4000E4898091C0069091C106009711F00E947B
:10CF50004BA71092C1061092C0061092790710924A
:10CF6000780710927B0710927A0710921F07109291
:10CF70001E071092B7061092B60610927107109213
:10CF8000700710926F0710926E0710926D0769E597
:10CF90007EE08AE19CE00E94B78B0E94D729AB011A
:10CFA000BC012AE08AE19CE00E94E4898AE19CE0DD
:10CFB0000E94308A109272078091B506815080934A
:10CFC000B50681E008CF2F923F924F925F927F92F9
:10CFD0008F929F92AF92BF92CF92DF92EF92FF9289
:10CFE0000F931F93CF93DF93CDB7DEB7A9970FB6FB
:10CFF000F894DEBF0FBECDBF6C01F62E1A014901B9
:10D00000DC018D919C911197892B09F4D2C0159662
:10D01000ED91FC91309709F4CCC080818071BFEF15
:10D020006B13C9C0C9F481E0A9960FB6F894DEBFAE
:10D030000FBECDBFDF91CF911F910F91FF90EF9069
:10D04000DF90CF90BF90AF909F908F907F905F9038
:10D050004F903F902F9008954330510521F3F18078
:10D06000F2942FE0F2226BE177E08AE19CE00E94EB
:10D07000B78B4AE050E0D60113966C918AE19CE0B0
:10D080000E94348A69E177E08AE19CE00E94B78BD4
:10D09000D6011596ED91FC9161816F704AE050E0E8
:10D0A0008AE19CE00E94348A66E177E08AE19CE0B4
:10D0B0000E94B78B4AE050E06F2D8AE19CE00E940D
:10D0C000348A8AE19CE00E94308AD6011596ED915F
:10D0D000FC9181818F70F81609F468C0008103FB10
:10D0E000002700F9198E1A8E1B8E1C8E1D8E1E8E27
:10D0F0001F8E18A28A8D807F8A8FD6011596ED919A
:10D10000FC9181818F708F15A9F1B3E02B1631044A
:10D1100089F164E177E08AE19CE00E94B78B4AE004
:10D1200050E0F60163818AE19CE00E94348A62E16A
:10D1300077E08AE19CE00E94B78BD6011596ED91CD
:10D14000FC9161816F704AE050E08AE19CE00E94AE
:10D15000348A6FE077E08AE19CE00E94B78B4AE076
:10D1600050E06F2D8AE19CE00E94348A8AE19CE0C5
:10D170000E94308ABFE0BF1508F455C1EF2DF0E0E2
:10D180008827EA53F7498F4F0C94F0DADF681F695C
:10D190006B69D669E1696B6944696B69E469F06937
:10D1A0005869F369FE69136A136A016A80818F7E88
:10D1B000808380E039CF882309F494CFFACFF60139
:10D1C000A580B680D50111968C918F70853009F4B9
:10D1D0002AC168F48230D9F063E475E0C4010E948A
:10D1E000479D2C01712CEE2009F491C0A7C0873017
:10D1F000D1F08A3089F761E575E0C4010E94479D4E
:10D200002C01F501708072FA772470F8ECCF6BE492
:10D2100075E0C4010E94479D2C01F501708070FAF1
:10D22000772470F8E0CF6AE475E0C4010E94479D5E
:10D230002C01D5017C9071FA772470F8D4CF6EE37D
:10D2400075E0C4010E94479D2C01D6011596ED9111
:10D25000FC91808180FB772470F8982F9E7F80FF5F
:10D26000916090834114510409F0BDCF61E0CE017B
:10D2700049960E94122F298B3A8B4B8B5C8B6D8BBE
:10D280007E8B8F8B988FAFCF68E575E0C4010E94CD
:10D29000479D2C01D6011596ED91FC91808181FB73
:10D2A000772470F8982F9D7F81FF926090839BCFA9
:10D2B0006EE575E0C4010E94479D2C01D6011596CC
:10D2C000ED91FC91808182FB772470F8982F9B7FF1
:10D2D00082FF9460EBCF63E475E0C4010E94479D38
:10D2E0002C01892B69F462E0CE0149960E94122F2D
:10D2F00029873A874B875C876D877E878F87988BD6
:10D30000EE2009F48EC0BFE0712CFB1217C0E3E0E1
:10D310002E16310409F48AC0602F70E0C6010E9405
:10D32000AB64D6011596ED91FC9180818F7E808350
:10D33000BFE0FB1203C0EE2009F475CE62EE74E08C
:10D34000C4010E94479D8C0167EE74E0C4010E94F5
:10D35000479D5C016CEE74E0C4010E94479D99A753
:10D3600088A7A114B10481F40115110569F460E0E6
:10D37000CE0149960E94122F29833A834B835C8306
:10D380006D837E838F839887D6011596ED91FC91EE
:10D390004114510409F05BC0898D811158C0BFE070
:10D3A000FB126AC080818F7E80833DCE64E675E08B
:10D3B000C4010E94479D2C01D6011596ED91FC9168
:10D3C0002DCF69E675E0F4CF6FE675E0C4010E94E9
:10D3D000479D2C01D6011596ED91FC9170802BCFC5
:10D3E00065E775E0F3CF6CE775E0C4010E94479DE7
:10D3F0002C01D6011596ED91FC9104CF62E875E001
:10D40000F4CF712C512C412CEE2009F480CF6EE327
:10D4100075E0011102C063E475E0C4010E94479DFC
:10D420002C01712C74CF512C412C6ACFD60115964A
:10D43000ED91FC918081806100FB83F98083818183
:10D440008F709F2D9295907F892B818371CF83E080
:10D4500028163104C9F481818F708F1509F4E3CD4A
:10D460009FE0F91609F4DFCDF29490EFF9228F29AD
:10D4700081838081806198CF9F2D9F70F92E81815B
:10D48000807FF82AF1828ECFAFE0FA1639F0BF2DF7
:10D49000BF70FB2E8181807FF82AF18280818F7E90
:10D4A000808369E875E0C2010E94479D4C010097A6
:10D4B00009F452C0FC0180858F70843029F08530DA
:10D4C00031F0823009F048C0B401C60143C070E0B9
:10D4D00060E0C4010E947E256C010097E9F1BC0167
:10D4E00080917807909179070E94479D9AA389A31C
:10D4F00070E060E0CE0181960E94616662E975E0AD
:10D500008AE19CE00E94608BB6018AE19CE00E9467
:10D51000608B67E975E08AE19CE00E94608B61E0C6
:10D5200070E08EA19FA1892B11F470E060E08AE188
:10D530009CE00E94B5A18AE19CE00E94308A8EA105
:10D540009FA1892B49F061E0C4010E94BF9DBC01ED
:10D55000CE0181960E94B11A88A499A46801E98C31
:10D56000FA8C0B8D1C8D2D8D3E8D4F8D58A1672D06
:10D57000C2010E94845957CD2F923F924F925F92E1
:10D580006F927F928F929F92AF92BF92CF92DF92D3
:10D59000EF92FF920F931F93CF93DF93CDB7DEB738
:10D5A000CB56D1090FB6F894DEBF0FBECDBFDC015C
:10D5B00015962D913C91232B09F4EEC59B01225029
:10D5C00031092230310508F07BC05B013C01FC01D0
:10D5D0008281803409F472C308F069C0843008F095
:10D5E0006FC0873009F46CC08091B4068F5F809360
:10D5F000B406D301CD90DC90C114D10491F06AE15E
:10D6000074E0C6010E94479DFC01892B51F0908572
:10D610009F709550923028F481859285009709F08B
:10D620006C01E12C00E09601A5016FEFC3010E949F
:10D63000E367F301828181FB002700F913819AECF3
:10D64000910F903118F0873009F04AC06CE975E00D
:10D65000D3018D919C910E94479D4C01009709F444
:10D660003FC0FC0180858F708530D1F58091890C99
:10D67000181329C080918A0C803429F580918B0C75
:10D6800090918C0C1C01990F4408550860E0C4016E
:10D690000E94BF9DFC0181859285A385B4852816D3
:10D6A00039064A065B060CF069C010E042C08234BD
:10D6B00009F404C328F090E8980F943008F491CF4F
:10D6C00090E080E06BC51093890C80E480938A0C15
:10D6D000812F0E948DAB90938C0C80938B0CD2CFBA
:10D6E000212F30E0F901E35BFD4D8491F901E95010
:10D6F000FE4D1491F901EF55FE4DF490FF2009F411
:10D700003AC081110E94BCAAEF2DF0E0EE0FFF1F7E
:10D71000E552F94FA591B491EC911E2331E020E040
:10D7200009F430E0832F922F11E00817190609F051
:10D73000BCCFF3E0AF16B10409F4A6C0D30115962F
:10D74000ED91FC91E181EF70E150EC3008F09CC06C
:10D75000F0E08827E155F4498F4F0C94F0DACF6B55
:10D760005C6D036C2D6C5C6D796C5C6DAC6CCC6C21
:10D77000E56C236D436D90E080E0D6CF61E0C4019D
:10D780000E94BF9D11E0FC0181859285A385B4852F
:10D7900082159305A405B5050CF0CBCF86CF0E946A
:10D7A00004ACDC01CB01AA27BB27F301258136811C
:10D7B000F90122813381821B930BA109B109AA27A8
:10D7C000BB27883E9340A105B10508F45DC064E61F
:10D7D00075E0D3018D919C910E94479DEE24E394C6
:10D7E000012F892B41F469E675E0C6010E94479D2F
:10D7F000892B09F4ACC0960142E050E063E0C3011C
:10D800000E94E36741C00E9404ACDC01CB01AA275F
:10D81000BB27F30125813681F90122813381821BE7
:10D82000930BA109B109AA27BB278C329140A1050E
:10D83000B10550F1EE24E394012F960142E050E04F
:10D8400064E0C3010E94E3670E9404ACD301159613
:10D85000ED91FC917383628317C00E9404ACDC01DC
:10D86000CB01AA27BB27F30125813681F90122814B
:10D870003381821B930BA109B109AA27BB278639E3
:10D880009105A105B105B0F6D3011596ED91FC9176
:10D89000808183FB882780F9181709F42DC1D301F3
:10D8A0001596ED91FC918081982F907E09F06CC1C6
:10D8B0000E9404ACF301A581B68113967C936E930C
:10D8C00012971196EC911197EF70112309F4A2C1F0
:10D8D000E23009F46AC108F05DC1EE2309F494C195
:10D8E000EC90E3FAEE24E0F801E09601A5016FE088
:10D8F0007DC10E9404ACDC01CB01AA27BB27F30148
:10D9000025813681F90122813381821B930BA10984
:10D91000B109AA27BB27883E9340A105B10508F4A9
:10D92000B3CF6FE675E0C6010E94479DEE24E394F5
:10D93000012F892B39F465E775E0C6010E94479DE8
:10D94000892B29F0960142E050E068E058CF96011B
:10D9500042E050E06DE053CF0E9404ACDC01CB010B
:10D96000AA27BB27F30125813681F9012281338162
:10D97000821B930BA109B109AA27BB278C329140C6
:10D98000A105B10508F480CFEE24E394012F9601A0
:10D9900042E050E069E055CF0E9404ACDC01CB01CD
:10D9A000AA27BB27F30125813681F9012281338122
:10D9B000821B930BA109B109AA27BB2786399105C0
:10D9C000A105B10508F460CFDFCF0E9404ACDC01F3
:10D9D000CB01AA27BB27F30125813681F9012281DA
:10D9E0003381821B930BA109B109AA27BB27883E6B
:10D9F0009340A105B10508F447CF6CE775E0C60177
:10DA00000E94479D892B39F462E875E0C6010E94A7
:10DA1000479D892B41F0EE24E394012F960142E0CB
:10DA200050E06BE0ECCE6EE575E0C6010E94479DCC
:10DA3000EE24E394012F960142E050E066E0892B4A
:10DA400009F088CFDCCE0E9404ACDC01CB01AA2710
:10DA5000BB27F30125813681F90122813381821BA5
:10DA6000930BA109B109AA27BB278C329140A105CC
:10DA7000B10508F409CFEE24E394012F960142E0AA
:10DA800050E06CE0DECE0E9404ACDC01CB01AA27A2
:10DA9000BB27F30125813681F90122813381821B65
:10DAA000930BA109B109AA27BB2786399105A105C6
:10DAB000B10508F4E9CEDFCF0E9404ACDC01CB0154
:10DAC000AA27BB27F30125813681F9012281338101
:10DAD000821B930BA109B109AA27BB278835924065
:10DAE000A105B10508F4D0CEEE24E394012F9601F0
:10DAF00042E050E060E083CE0E9404ACF3018580F8
:10DB00009680DC01CB01AA27BB27F4012281338157
:10DB1000821B930BA109B109AA27BB278033954724
:10DB2000A105B105F8F0C114D104E1F0D6011896B1
:10DB30008C918F708630B1F460EA75E0C6010E9466
:10DB4000479DFC01892B71F080858F70823009F030
:10DB50003FC36185728583859485672B682B692B0C
:10DB600009F09DCEF40180818F7180648083809163
:10DB7000B40681508093B406A3CD618572858385F8
:10DB800094850E94EDDBE9CF982F907E90528F71A3
:10DB9000892BECCFE53049F0E73009F0A1CEE12C3C
:10DBA00001E09601A5016AE021C068E575E0C601C3
:10DBB0000E94479D892BA9F46FE675E0C6010E947B
:10DBC000479D892B71F465E775E0C6010E94479D6A
:10DBD000892B39F46AE475E0C6010E94479D892BC0
:10DBE00099F0E12C01E09601A50166E0C3010E94D5
:10DBF000E367882309F4BBCFD3011596ED91FC911F
:10DC0000808110FB83F9B2CFE12C01E09601A501E0
:10DC100061E0ECCFE150ED3008F048C0F0E088273B
:10DC2000EB5EF1498F4F0C94F0DA226E566E286E3F
:10DC3000286E566E2E6E566E506E506E506E506E32
:10DC4000506E286EE12C00E09601A50162E0CECF77
:10DC5000E12C00E09601A50165E0C8CF68E575E01C
:10DC6000C6010E94479D892BA9F46FE675E0C601A5
:10DC70000E94479D892B71F465E775E0C6010E94FB
:10DC8000479D892B39F46AE475E0C6010E94479DDF
:10DC9000892B31F0E12C00E09601A50167E0A6CFC9
:10DCA000E12C00E09601A50160E0A0CFEC90E3FA42
:10DCB000EE24E0F881E0E82600E017CEB3E0AB16F2
:10DCC000B10409F4FDCC6CE975E0F3018081918128
:10DCD0000E94479D8C01D30113968C919091890CE1
:10DCE0008913DFC090918A0C903409F0DAC08091DA
:10DCF0008B0C90918C0C2C010115110509F400C1BD
:10DD0000F80120852F70253009F0FAC0C8010E9463
:10DD100006A2A2968FAFA297843008F4CEC063E02B
:10DD2000C8010E94BF9DDC0119968D919C914AE02B
:10DD3000E42EE89E1001E99E300C112462E0C80137
:10DD40000E94BF9DFC0181859285E89E6001E99E4D
:10DD5000D00C1124AC96DFAECEAEAC974601DD0CF4
:10DD6000AA08BB0861E0C8010E94BF9D7C0160E079
:10DD7000C8010E94BF9DDC0119962D913D914D91E6
:10DD80005C911C97A6962CAF3DAF4EAF5FAFA697A8
:10DD90009201052C000C440B550BA6968CAD9DAD45
:10DDA000AEADBFADA697281B390B4A0B5B0BB1017B
:10DDB000032C000C880B990B681979098A099B09B7
:10DDC0000E9469DAD70119962D913D914D915C9190
:10DDD0001C97A696CCACDDACEEACFFACA6972C198C
:10DDE0003D094E095F09A6962CAF3DAF4EAF5FAF20
:10DDF000A6970E949BDA820E931EA41EB51EA296C1
:10DE00002FADA297253009F46AC081E090E0A1010E
:10DE1000032C000C660B770B481559056A057B052A
:10DE20000CF466C0B501A401AC96CEACDFACAC97E7
:10DE30004601DD0CAA08BB08481559056A057B0593
:10DE40000CF45BC04A015B01A2962FADA297223071
:10DE500009F069C06201550CEE08FF0860E0C801D6
:10DE60000E94BF9DFC0181859285A385B485C8165B
:10DE7000D906EA06FB060CF4B8C161E0C8010E94AD
:10DE8000BF9DFC0181859285A385B4858C159D0578
:10DE9000AE05BF050CF014CCC12CD12C7601C39477
:10DEA000A7C18093890C90E490938A0C0E948DAB5B
:10DEB00090938C0C80938B0C1ECF8AE0849D400144
:10DEC000859D900C1124092C000CAA08BB08AC9667
:10DED0001FAE1EAEAC97212C38E2332E96CF64E0F5
:10DEE000C8010E94BF9DDC0119968D919C918FCF36
:10DEF00044244A9423E0522E97CF512C412CA4CF96
:10DF00002AE0289F4001299F900C1124092C000C25
:10DF1000AA08BB08AC961FAE1EAEAC97212C98E2A7
:10DF2000392E81E090E0D3011596ED91FC9162814C
:10DF30007381A201461B570B57FF03C051954195B2
:10DF400051098417950774F08081982F92959695C2
:10DF50009770963050F49F5F9295990F907E8F71D5
:10DF6000892B02C080818F7180838081803AB8F0D4
:10DF7000AC96EEADFFADAC976F01FF0FEE08FF085A
:10DF80008C149D04AE04BF0451F0C101330CAA0BE4
:10DF9000BB0B88169906AA06BB0609F091CB64153F
:10DFA000750509F48DCB6D961CAE1DAE1EAE1FAE71
:10DFB0006D976B968FAD6B97807F86606B968FAFFA
:10DFC0006B976D968CAD9DADAEADBFAD6D97659603
:10DFD0008CAF9DAFAEAFBFAF6597AAE0B0E0A50133
:10DFE00094010E94BADA69966CAF7DAF8EAF9FAF95
:10DFF000699767ED76E08AE19CE00E94B78B4AE082
:10E0000050E0D30113966C918AE19CE00E94348A1F
:10E0100065ED76E08AE19CE00E94B78BCE018F5AD5
:10E020009F4F0E94A42E6AE174E0F30180819181E8
:10E030000E94479D912C812CB12CA12CD12CC12C5C
:10E040006296EFAC62976396FFAC639764960FADF0
:10E05000649765961FAD659766962FAD6697679630
:10E060003FAD679768964FAD689769965FAD6997C2
:10E070006FEF0E948459D3010D911C9162EE74E000
:10E08000C8010E94479D7C0167EE74E0C8010E94B0
:10E09000479D8C010097E9F1FC0180858F708430E9
:10E0A000C1F56185728540E450E0CE0101960E9481
:10E0B0007FDF6FE270E0CE0101960E9446DF892B80
:10E0C00059F4D80119962D913C9143E050E060E459
:10E0D000CE0101960E94D22800E020E030E240E12B
:10E0E00050E0BE016F5B7F4FCE018F5A9F4F0E9461
:10E0F000A91E0E94659D882361F08091E00881112E
:10E1000008C041E0BE016F5B7F4FCE0101960E94C7
:10E11000D2ACE114F104C9F1F70180858F7084302D
:10E12000A1F540917A0750917B0761857285CE01F8
:10E1300001960E94183ECE0101960E94923C8823CF
:10E1400001F1A12CC12CF12CE12C62960FAD62974C
:10E1500063961FAD639764962FAD649765963FAD48
:10E16000659766964FAD669767965FAD67976896B9
:10E170006FAD689769967FAD6997CE0101960E9451
:10E180003A47CE0101960E945B42D3011596ED916C
:10E19000FC915382428294CA8FEF9FEFC559DF4FA3
:10E1A0000FB6F894DEBF0FBECDBFDF91CF911F91A8
:10E1B0000F91FF90EF90DF90CF90BF90AF909F9026
:10E1C0008F907F906F905F904F903F902F90089529
:10E1D000833009F4D2CC813009F0C4CC6185062E9D
:10E1E000000C770B880B990BB8CCC12CD12C760185
:10E1F000D3011596ED91FC9182819381092E000C3B
:10E20000AA0BBB0BC816D906EA06FB0609F458CAC6
:10E21000B601C3010E94AB64D3011596ED91FC9148
:10E22000D382C2824DCABF92CF92DF92EF92FF9209
:10E230000F931F93CF93DF93CDB7DEB72E970FB613
:10E24000F894DEBF0FBECDBF2091780730917907DB
:10E25000232B09F4A6C0209177072111A2C07C01CD
:10E26000809177078F5F80937707809176078F5F24
:10E27000809376070E9404AC0091BC061091BD0605
:10E280002091BE063091BF06601B710B820B930B71
:10E290006B3071058105910508F479C083E0E816BB
:10E2A000F104A9F00E9404AC0091B8061091B906DF
:10E2B0002091BA063091BB06601B710B820B930B49
:10E2C000BB24B394643671058105910508F4B12C23
:10E2D000E0917807F0917907068117810115110502
:10E2E000C1F1F80180858F70863079F5198708872C
:10E2F00070E060E0CE0108960E946166B701CE0131
:10E3000008960E94BC6A6AE174E0C8010E94479DB9
:10E31000FC01892BD1F090859F7095509230A8F424
:10E32000C680D780C114D10481F0DA82C982B801D5
:10E33000CE0101960E946166B701CE0101960E944E
:10E34000BC6AF601C280D380EDCFF801028113814F
:10E35000C5CFF3E0EF16F10451F00E9404AC6093D6
:10E36000BC067093BD068093BE069093BF06BB208B
:10E3700051F00E9404AC6093B8067093B906809384
:10E38000BA069093BB061092890C10928A0C809169
:10E39000760781508093760780917707815080932C
:10E3A00077072E960FB6F894DEBF0FBECDBFDF9174
:10E3B000CF911F910F91FF90EF90DF90CF90BF9082
:10E3C00008958091E0088F5F8093E008A89583E02E
:10E3D00090E00E94137180916C07811102C00E942D
:10E3E00020918091E00881508093E0080895CF92B9
:10E3F000DF92EF92FF92CF93DF93EC018C85883010
:10E4000068F40E94CF980E9404AC6B017C018C855B
:10E410000E94EB98811109C088E08C87DF91CF9131
:10E42000FF90EF90DF90CF9008950E94E17161E03E
:10E4300070E080E090E00E94D2AB0E9404ACAB019F
:10E44000BC014C195D096E097F098D859E85B0E080
:10E45000A0E0481759076A077B07C8F28C850E941D
:10E46000DD98DACF8F929F92BF92CF92DF92EF9298
:10E47000FF920F931F93CF93DF93CDB7DEB7AD9786
:10E480000FB6F894DEBF0FBECDBF8091C00690914D
:10E49000C106892B09F4BFC2809176078111BBC2E6
:10E4A000809176078F5F809376076CE173E189E650
:10E4B0009BE00E94B78B89E69BE00E94308A009126
:10E4C000C0061091C10667EA75E0C8010E94479D29
:10E4D00090937B0780937A076DEA75E0C8010E94EC
:10E4E000479D90931F0780931E076FEC75E0C8014E
:10E4F0000E94479D909379078093780764EB75E0BD
:10E50000C8010E94479D9093B7068093B606009776
:10E5100049F1DC011696ED91FC91309719F12085B7
:10E520002F702530F9F468E073E189E69BE00E94E2
:10E53000B78B8091B6069091B7060E9406A2809391
:10E540006D074AE050E0682F89E69BE00E94348A1C
:10E5500089E69BE00E94308AE091B606F091B7060A
:10E560008681978190937107809370070E94FC2C9D
:10E570001092750710927407E0917A07F0917B076B
:10E58000309709F4F8C0E680F78000917A0710917F
:10E590007B070115110509F4E7C0E114F10409F442
:10E5A000E3C0F70180858F70853099F7C7010E941D
:10E5B00006A2823070F3A801B701CE0101960E9435
:10E5C000F243CE0101960E94923C882309F466C072
:10E5D0008C859D85009759F5CE0101960E9416A263
:10E5E0008C01912C812C97FF06C011950195110982
:10E5F00088248394912CCE0101960E94123FC82E4C
:10E60000D12C8B85853009F452C0863009F046C084
:10E61000B02E61E0802F0E9451AB61E0892809F49F
:10E6200081C0CA94CD2809F081C060E07FC0DC01C0
:10E63000ED91FC910284F385E02D1995892B49F029
:10E640008C859D85DC01ED91FC910084F185E02DA8
:10E6500019958C859D85DC01ED91FC910680F781F3
:10E66000E02D1995892BD1F0CE0101960E94123F21
:10E67000882341F040E050E160E070E0CE01019677
:10E680000E94AC198F819885892B41F040E050E2BF
:10E6900060E070E0CE0101960E94AC19D70112969D
:10E6A000ED90FC90CE0101960E945B426ECFCD288A
:10E6B00029F462E0CE0101960E94F91940E050E190
:10E6C00060E070E0CE0101960E94AC198F819885C0
:10E6D000892B41F040E050E260E070E0CE0101960D
:10E6E0000E94AC1961E0802F0E9451AB60E0802F46
:10E6F0000E9423AB60E073E18AE19CE00E94B78B4B
:10E70000B8018AE19CE00E94B5A16BEF72E18AE159
:10E710009CE00E94B78B69EF72E18AE19CE00E9465
:10E72000B78BBCCFCA94CD2809F07FCFC62ED12C91
:10E730008B2D0E9423AB64EF72E18AE19CE00E9482
:10E74000B78BB8018AE19CE00E94B5A162EF72E14B
:10E750008AE19CE00E94B78BB6018AE19CE00E94AE
:10E76000B5A160EF72E1D9CFF801868197819093CE
:10E770007507809374078AE19CE00E94308A6CEDF3
:10E7800072E189E69BE00E94B78B89E69BE00E94DC
:10E79000308AE0917807F0917907309709F4ACC09E
:10E7A000809176078F5F8093760706811781011528
:10E7B000110509F49CC0D80118968C918F70863091
:10E7C00009F08AC018A70FA370E060E0CE01879619
:10E7D0000E9461668CA59DA5892B09F47DC080915E
:10E7E000C0069091C106892B09F476C0EFA0F8A469
:10E7F000E114F104B9F1F70180858F70863091F54D
:10E80000F9A2E8A270E060E0CE0180960E94616605
:10E81000EDA1FEA110821182128213826AE174E0DE
:10E82000C7010E94479DFC01892BE1F090859F70F4
:10E8300095509230B8F4C680D780C114D10491F0BD
:10E84000DA82C982B701CE0101960E946166EE812B
:10E85000FF811082118212821382D6011296CD900E
:10E86000DC90EBCF67ED72E18AE19CE00E94B78B10
:10E870004AE050E06AA58AE19CE00E94348A65ED96
:10E8800072E18AE19CE00E94B78B4AE050E069A502
:10E890008AE19CE00E94348A8AE19CE00E94308AEE
:10E8A000ECA5FDA5108211821282138289A5843005
:10E8B00020F4823040F060E007C0803489F0823478
:10E8C000A1F0803249F462E08AA50E9451ABECA528
:10E8D000FDA58181807F8183F8010281138167CF4B
:10E8E00062E08AA50E9451ABF7CF60E0FACF809139
:10E8F000760781508093760768EC72E189E69BE0A9
:10E900000E94B78B60EC72E189E69BE00E94B78BB6
:10E9100081E020917A0730917B07232B09F480E076
:10E920000E94181A67EB72E189E69BE00E94B78BA0
:10E9300081E02091780730917907232B09F480E05A
:10E940000E94181A60EB72E189E69BE00E94B78B87
:10E9500081E02091700730917107232B09F480E04A
:10E960000E94181A67EA72E189E69BE00E94B78B61
:10E9700080911D070E94181A89E69BE00E94308A48
:10E9800062EA72E189E69BE00E94B78B0E94D72978
:10E99000AB01BC012AE089E69BE00E94E48989E69C
:10E9A0009BE00E94308A81E08093730786E39BE0BE
:10E9B0000E94A418882351F086E39BE00E94F7711F
:10E9C00084E090E09093E2088093E1088091E10870
:10E9D0009091E208079731F484E090E09093E20888
:10E9E0008093E1088091760781508093760780912B
:10E9F0007307AD960FB6F894DEBF0FBECDBFDF91A3
:10EA0000CF911F910F91FF90EF90DF90CF90BF902B
:10EA10009F908F90089580E0ECCFCF92DF92EF929D
:10EA2000FF921F93CF93DF93EC017B016A018C85EA
:10EA3000883048F40E94EB98882319F08C850E9456
:10EA4000CF9888E08C87F70182819381A481B5817A
:10EA50000097A105B10551F490E080E0DF91CF91DE
:10EA60001F91FF90EF90DF90CF9008958F3F9F4FC1
:10EA7000AF4FBF4F89F370E060E081E20E942699BA
:10EA8000182F8C87883040F780E591E00E9405A719
:10EA9000A7014E5F5F4F24E030E06CE070E0812F13
:10EAA0000E94A321B601812F0E94FA9864E070E0D1
:10EAB000812F0E9407940E9404AC6B017C018C851D
:10EAC0000E94EB98873121F18C3111F1882321F2DA
:10EAD0000E9404ACAB01BC014C195D096E097F09B1
:10EAE0008D859E85B0E0A0E084179507A607B7073F
:10EAF00048F00E94E17161E070E080E090E00E94E7
:10EB0000D2ABDDCF8C850E94DD9888E08C87A4CFC6
:10EB100081E090E0A3CFAF92BF92DF92EF92FF929D
:10EB20000F931F93CF93DF9300D000D0CDB7DEB704
:10EB30008C017B01D42EFB0184819581892BF9F016
:10EB4000A080B1806FE370E0C5010E9446DF0097AE
:10EB5000B1F09C012A193B0937FD11C050E040E09B
:10EB6000B701CE0101960E941689BE016F5F7F4FEB
:10EB7000C7010E946487CE0101960E94C68869EB96
:10EB800075E0C7010E941F87882321F1F801128ACE
:10EB9000118A80E090E19587848784E890E0948BE7
:10EBA000838B81E0868780E090E2908B8787D58A8F
:10EBB00081E090E026960FB6F894DEBF0FBECDBF81
:10EBC000DF91CF911F910F91FF90EF90DF90BF9059
:10EBD000AF90089566EC75E0C7010E941F878823F7
:10EBE00069F0F801128A118A148A138A84E890E085
:10EBF00095878487168680E090E3D7CF90E080E009
:10EC0000D9CFEF92FF920F931F93CF93DF9300D052
:10EC10001F92CDB7DEB78C017B01FB018485883064
:10EC2000A8F08FE094E0F801918380831282138230
:10EC300014821582C8010F900F900F900F90DF91F2
:10EC4000CF911F910F91FF90EF90089580E591E093
:10EC50000E9405A724E030E0AE014F5F5F4F6CE0FB
:10EC600070E0F70184850E94D222BE016F5F7F4F62
:10EC7000C8010E94FC8BDECFEF92FF920F931F938F
:10EC8000CF93DF9300D000D0CDB7DEB78091450B96
:10EC90009091460B892B09F46CC087E70E94829EF5
:10ECA0008091450B9091460BDC01ED91FC91008821
:10ECB000F189E02D70E060E0199510E000E08091AE
:10ECC000450B9091460BDC01ED91FC9111971C9640
:10ECD0002D913C910217130740F40190F081E02D33
:10ECE00060E019950F5F1F4FEACF0088F189E02D92
:10ECF00070E060E019950AE213E08EE2E82E83E00E
:10ED0000F82E8091450B9091460BF80161918F018F
:10ED1000DC01ED91FC910190F081E02D1995E01658
:10ED2000F10679F78091450B9091460BDC01ED914E
:10ED3000FC910488F589E02D19956FE176E0CE010C
:10ED400001960E940589CE0101960E944AB2CE0129
:10ED500001960E94C68887E090E00E94A0A187E00B
:10ED600090E00E94AAA16CE475E189E69BE00E9414
:10ED7000B78B1092650B1092640B80E090E190933A
:10ED8000600B80935F0B84E890E09093670B809317
:10ED9000660B81E08093610B80E090E29093630BBF
:10EDA0008093620B82E78093680B83E59BE00E946F
:10EDB000FC1583E59BE00E94381A88EC90E02696CB
:10EDC0000FB6F894DEBF0FBECDBFDF91CF911F917C
:10EDD0000F91FF90EF900895CF93DF93CDB7DEB7FB
:10EDE0002E970FB6F894DEBF0FBECDBF8091760789
:10EDF000811121C1809176078F5F8093760767E745
:10EE000073E189E69BE00E94B78B89E69BE00E9454
:10EE1000308A1092650B1092640B80E090E1909321
:10EE2000600B80935F0B84E890E09093670B809376
:10EE3000660B81E08093610B80E090E29093630B1E
:10EE40008093620B82E78093680B83E59BE00E94CE
:10EE500065218B37910509F0C5C069E673E18AE148
:10EE60009CE00E94B78B8AE19CE00E94308A8091EE
:10EE7000C0069091C106892B21F081E090E00E94AC
:10EE8000C5661C821B8283E892E09A83898383E5AE
:10EE90009BE09E838D838FEF9FEF98878F83CE01BA
:10EEA00001960E9477A79093C1068093C00683E5E0
:10EEB0009BE00E94381A8091C0069091C106892B70
:10EEC00001F56DE573E183E79BE00E94B78B83E773
:10EED0009BE00E94308A6FE176E0CE0109960E94A5
:10EEE0000589CE0109960E944AB2CE0109960E9478
:10EEF000C6888091760781508093760790E080E005
:10EF000019C06AE473E189E69BE00E94B78B89E649
:10EF10009BE00E94308A809176078150809376072B
:10EF20000E9432728091450B9091460B892B59F4C7
:10EF300081E090E02E960FB6F894DEBF0FBECDBFF5
:10EF4000DF91CF9108950E94979E882389F382E7ED
:10EF50000E94829E8091450B9091460BDC01ED91C1
:10EF6000FC910088F189E02D60E670E019956091D0
:10EF7000450B7091460B40E0CE0109960E948A89AC
:10EF8000BE01675F7F4F87E49BE00E946487CE01EC
:10EF900009960E94C6888091450B9091460BDC0132
:10EFA000ED91FC910488F589E02D19956CE273E1EF
:10EFB0008AE19CE00E94B78B67E47BE0CE01099672
:10EFC0000E94FC88BE01675F7F4F8AE19CE00E943F
:10EFD000A98B8AE19CE00E94308ACE0109960E94AA
:10EFE000C688A6CF83E59BE00E94D215892BA1F0AD
:10EFF00083E59BE00E94FC156FE176E0CE0101966F
:10F000000E940589CE0101960E944AB2CE01019666
:10F010000E94C6880E94B9B283E59BE00E94381A1C
:10F0200069E373E189E69BE00E94B78B89E69BE088
:10F030000E94308A5ECF8FEF9FEF7CCFFF920F93BD
:10F040001F93CF93DF9300D000D0CDB7DEB78C01F4
:10F05000BC01CE0101960E94FC88BE016F5F7F4F0C
:10F060008AE19CE00E94A98B8AE19CE00E94308AA0
:10F07000CE0101960E94C68867E775E1CE01019630
:10F080000E94CE88BE016F5F7F4FC8010E94048737
:10F09000F82ECE0101960E94C688FF2069F0B801C3
:10F0A000CE0101960E94FC88CE0101960E944AB2D0
:10F0B000CE0101960E94C68826960FB6F894DEBF50
:10F0C0000FBECDBFDF91CF911F910F91FF9008959B
:10F0D0004F925F926F927F928F929F92AF92BF9268
:10F0E000CF92DF92EF92FF920F931F93CF93DF9314
:10F0F000CDB7DEB7C859D1090FB6F894DEBF0FBE41
:10F10000CDBF8E010F5B1F4FD8011D921C92FE01D7
:10F11000ED5BFF4F8EE1DF011D928A95E9F780914B
:10F12000450B9091460B892B09F4CFC10E94979E05
:10F13000882309F4CAC182E70E94829E8091450B10
:10F140009091460BDC01ED91FC910088F189E02D56
:10F1500060E270E019954FE150E0B8018091450BF5
:10F160009091460B0E94DC9E7C018091450B909112
:10F17000460BDC01ED91FC910488F589E02D199591
:10F18000E114F10409F4A1C1F801EE0DFF1D108294
:10F190008091520B1F928F938091510B1F928F93EE
:10F1A0008091500B1F928F9380914F0B1F928F93E2
:10F1B00080914E0B1F928F9380914D0B1F928F93D6
:10F1C00082ED95E09F938F931F9280E48F93FE01D1
:10F1D00031966F01FF93EF930E9499DF66E676E127
:10F1E00089E69BE00E94B78BB80189E69BE00E940C
:10F1F000608BB60189E69BE00E94608B89E69BE00C
:10F200000E94308A7E01F1E6EF0EF11CD7011396C1
:10F210001C921E92129788EE93E0A0E0B0E0F701F6
:10F2200084839583A683B78388E0848788EE93E000
:10F23000968785878BE392E091838083108A178677
:10F24000128B018B148A138A80E590E0968B858B54
:10F25000118E6EE775E18AE19CE00E94B78B67E44E
:10F260007BE0CE0185589F4F0E94FC88BE01655807
:10F270007F4F8AE19CE00E94A98B8AE19CE00E947A
:10F28000308ACE0185589F4F0E94C68861E076E0A3
:10F29000CE0183579F4F0E94058961E076E0CE0141
:10F2A00085589F4F0E940589BE0165587F4FCE014A
:10F2B0008B579F4F0E94FC8867E47BE0CE018B5701
:10F2C0009F4F0E946288BE0163577F4F0E946288F1
:10F2D000BC01CE018D569F4F0E94FC88CE018B57FA
:10F2E0009F4F0E94C688CE0185589F4F0E94C688B6
:10F2F000CE0183579F4F0E94C68883E096E0CB578C
:10F30000DF4F99838883C558D040C757DF4F198294
:10F310001882C958D040C557DF4F19821882CB5880
:10F32000D040CD56DF4F88819981C359D040C9570D
:10F33000DF4F99838883C758D04060E676E18AE141
:10F340009CE00E94B78B0E94D729AB01BC012AE048
:10F350008AE19CE00E94E4898AE19CE00E94308A74
:10F3600064E670E080E090E00E94D2AB8EE198E726
:10F37000D70150969C938E931F976BE37AE881E5B3
:10F3800093E90E9444D48C010FB6F894DEBF0FBEFF
:10F39000CDBF892B09F4F4C083E090E00E9401D135
:10F3A000D8011D969C938E931C97FC01F182E082FC
:10F3B0001282C7010E94A418882319F0C7010E9475
:10F3C000F771D70153966D917C9154975596AD90F6
:10F3D000BC906115710509F48FC0CE0185589F4F0F
:10F3E0000E94FC8BA501BE0165587F4FC7010E949A
:10F3F0000D75181619060CF0C0C0D7015196BC90B7
:10F4000051975296AC90DF92CF9289ED95E19F9300
:10F410008F931F930F930E94CBD4DF92CF9284EDF2
:10F4200095E19F938F931F930F930E94CBD4D801A4
:10F430001C96ED91FC9181E08283DF92CF9281ED69
:10F4400095E19F938F931F930F930E94CBD4D80184
:10F450001C96ED91FC911282AF92BF928BE995E1DF
:10F460009F938F931F930F930E94CBD40FB6F89462
:10F47000DEBF0FBECDBFB12C82E9C82E85E1D82EEC
:10F480008B2D94E08902F0011124A5E8B0E0AC0FC7
:10F49000BD1FEA0FFB1F808191810097A9F1228196
:10F4A000338121153105C9F33F932F939F938F9398
:10F4B000DF92CF921F930F930E94CBD4B3940FB6D9
:10F4C000F894DEBF0FBECDBFDBCF40E250E068E96D
:10F4D00076E1C8010E9471D36AE776E189E69BE094
:10F4E0000E94B78BB80189E69BE00E94608B89E699
:10F4F0009BE00E94308A4CCEF70161897289A50198
:10F50000C7010E94C61875CF86ED95E19F938F9332
:10F510001F930F930E94CBD4D70158961C921E9232
:10F520005797D8011C96ED91FC91C080D1800F9027
:10F530000F900F900F9043E3A42EB12CD601ED91C4
:10F54000FC910084F185E02DC601199541975CF48A
:10F55000B1E0AB1AB10839F064E170E080E090E00E
:10F560000E94D2ABEBCFD601ED91FC910084F185E6
:10F57000E02DC6011995419734F4C8010E942A93E1
:10F5800010E000E05AC06FE176E0CE0183579F4F54
:10F590000E940589912CA12CD601ED91FC91068841
:10F5A000F789E02DC60119958823E1F1BDE0AB1282
:10F5B00001C0A92CD601ED91FC910688F789E02DB8
:10F5C000C60119958111BBC0D601ED91FC91008453
:10F5D000F185E02DC6011995892B09F4C2C0D60129
:10F5E000ED91FC910284F385E02DC6011995B82EAA
:10F5F000BAE08B1709F4B7C0EDE08E1709F4B3C079
:10F60000FFEF8F1709F4ADC0682FCE0183579F4FCE
:10F610000E94F1879A2CAB2CBFCFBAE0BB12FACF75
:10F62000AB12F8CFCC24C394D12CCE0183579F4F7B
:10F630000E94C688CD2809F4A3CFD7015796ED9034
:10F64000FC9062E576E18AE19CE00E94B78BB7010D
:10F650008AE19CE00E94B5A18AE19CE00E94308A88
:10F6600064E670E080E090E00E94D2AB01151105E5
:10F6700009F465C1B8ECEB16F10409F03EC166E48B
:10F6800076E189E69BE00E94B78B64EF71E080E051
:10F6900090E00E94D2ABEF961FAE1EAEEF97C1581E
:10F6A000DF4F19821882CF57D0408FEF9FEFCF578F
:10F6B000DF4F99838883C158D0408DE692E0ED9664
:10F6C0009FAF8EAFED97CD57DF4F19830883C35897
:10F6D000D040F89490E080E00E94C5668111CEC0D1
:10F6E0006AE376E183E79BE00E94B78B83E79BE0C8
:10F6F0000E94308AC8010E942A9324EFE22EFF2440
:10F70000F394CE018D569F4F0E94C688C701C856FC
:10F71000DF4F0FB6F894DEBF0FBECDBFDF91CF91A4
:10F720001F910F91FF90EF90DF90CF90BF90AF901F
:10F730009F908F907F906F905F904F900895D6012B
:10F74000ED91FC910084F185E02DC6011995892B7E
:10F7500009F03ACF64E670E080E090E00E94D2AB1E
:10F7600029CFBB24BA9461E176E08DE79BE00E944B
:10F77000608BBE0163577F4F8DE79BE00E94A98B92
:10F780008DE79BE00E94308A69E875E1CE018558DB
:10F790009F4F0E94CE88BE0165587F4FCE01835790
:10F7A0009F4F0E940487982ECE0185589F4F0E943C
:10F7B000C688992099F1CF56DF4F28813981C159E8
:10F7C000D04049E050E0BE0163577F4FCE018558DD
:10F7D0009F4F0E941689ED968EAD9FADED97412CFF
:10F7E000512C3201009719F00E94ECD22B014201FA
:10F7F000CE0185589F4F0E94C6884114510429F0BC
:10F80000D70158965C924E925797B4018DE79BE0D2
:10F810000E94B5A18DE79BE00E94308AF7018784A2
:10F82000908881149104D1F0CF56DF4F888199815F
:10F83000C159D040892B91F0BE0163577F4FCE0153
:10F8400085589F4F0E94FC88CE0185589F4FF40138
:10F850001995CE0185589F4F0E94C6886FE176E0CA
:10F86000CE0183579F4F0E949688FFEFBF12D5CEDF
:10F87000C8010E942A93D12CC12CD7CECE01855825
:10F880009F4F0E9477A79093C1068093C0067894FB
:10F89000C8010E942A938091C0069091C106892BCD
:10F8A000D1F46FE176E0CE0183579F4F0E94058926
:10F8B000CE0183579F4F0E944AB2CE0183579F4F7C
:10F8C0000E94C68863E276E183E79BE00E94B78BE3
:10F8D000F12CE12C16CF0E9432728091730788239D
:10F8E00029F00E94F6A071FF0E94AD1B6CE176E149
:10F8F00089E69BE00E94B78B04CFE0E3EE16E1E0DF
:10F90000FE0651F468E076E189E69BE00E94B78B41
:10F91000C8010E942A93F5CE60EF75E183E79BE072
:10F920000E94B78BC8010E942A93B70183E79BE02E
:10F930000E94B5A183E79BE00E94308AE2CE6DED84
:10F9400075E18AE19CE00E94B78BEE24EA94FE2CDC
:10F95000D8CE5F926F927F928F929F92AF92BF921A
:10F96000CF92DF92EF92FF920F931F93CF93DF938B
:10F97000CDB7DEB7C157D1090FB6F894DEBF0FBEC1
:10F98000CDBF4C018B01F42E4AE050E06F2D8AE18F
:10F990009CE00E94348A62E67FE08AE19CE00E945B
:10F9A000B78BB801CE0101965C010E94FC88B501BD
:10F9B0008AE19CE00E94A98B8AE19CE00E94308A47
:10F9C000C5010E94C68892E0F912A4C260E67FE0F9
:10F9D000C5010E94CE88B501C8010E943487F82E67
:10F9E000C5010E94C688FF2009F40DC320E04DE246
:10F9F00051E0B40184E19BE00E947D90E0906E07AD
:10FA0000F0906F0769E57FE0CE0184599F4F0E9417
:10FA1000CE8862E57FE0CE018A599F4F0E94CE8852
:10FA2000CE01865A9F4F0E942124A0961FADA09719
:10FA30006F960FAD6F976E96DFAC6E976D96CFACED
:10FA40006D976FE176E0CE0181960E940589BE0137
:10FA50006F5D7F4FC5010E94FC886C2DC5010E941F
:10FA6000178864E176E00E9448886D2D0E9417880F
:10FA700064E176E00E944888602F0E94178864E164
:10FA800076E00E944888612F0E941788BC01CE0151
:10FA9000805A9F4F0E94FC88C5010E94C688CE01F3
:10FAA00081960E94C6886DE47FE0CE018C5A9F4FFC
:10FAB0000E94CE886FE176E0CE01825B9F4F0E946C
:10FAC000058905E41BE0D80118966C9170E084E08C
:10FAD000759567958A95E1F7C5010E94569E4D81FF
:10FAE0005E8169817A81CE01825B9F4F0E94C587CA
:10FAF000C5010E94C688F80160856F7070E0C5017D
:10FB00000E94569E4D815E8169817A81CE01825B21
:10FB10009F4F0E94C587C5010E94C6880F5F1F4F77
:10FB2000FBE00B341F0779F667E47FE0CE01885BCA
:10FB30009F4F0E94CE8865E37FE0CE0181960E94B0
:10FB4000CE88BE016F5D7F4FCE01805C9F4F0E94CB
:10FB5000FC8826960EAD1FAD2697085E1F4FB80194
:10FB6000CE01805C9F4F0E949D87811184C0CE0191
:10FB7000805C9F4F0E940588BE01685B7F4FCE016D
:10FB8000805C9F4F0E946288BE01625B7F4F0E9433
:10FB90006288BE016C5A7F4F0E946288BE01605A23
:10FBA0007F4F0E946288BE016A597F4F0E9462881F
:10FBB0008C014AE0B50180E590E00E94B6D3F501E2
:10FBC00001900020E9F73197AF014A195B09B501AF
:10FBD000C8010E94C587811103C0C8010E94058821
:10FBE000BE0164597F4FC8010E946288B7010E941C
:10FBF0004888BC01C4010E94A98BC4010E94308ABC
:10FC0000CE01805C9F4F0E94C688CE0181960E94E3
:10FC1000C688CE01885B9F4F0E94C688CE01825B5A
:10FC20009F4F0E94C688CE018C5A9F4F0E94C68863
:10FC3000CE01805A9F4F0E94C688CE018A599F4F9D
:10FC40000E94C688CE0184599F4F0E94C688C40175
:10FC50000E94308A64E670E080E090E00E94D2ABBF
:10FC6000D401ED91FC910488F589E02DC40119952A
:10FC700001E010E0ABC022962EAD3FAD2297269654
:10FC80008EAD9FAD26976CE17FE0820F931F0E949F
:10FC900043D326961FAF0EAF26976ECF2A966EAD32
:10FCA0007FAD2A97CE0181960E943CA4892B09F44E
:10FCB00064C124961CAE1DAE1EAE1FAE24972896BE
:10FCC0001CAE1DAE1EAE1FAE289722968FAD22979A
:10FCD000807F22968FAF229740E050E3BE016F5D98
:10FCE0007F4FCE01805C9F4F0E941F4100E020E0CB
:10FCF00030E340E250E0B501CE01805C9F4F0E94AE
:10FD0000A91EBC01C6010E94A08808EC10E137C101
:10FD1000EE2009F4FDC046E050E070E060E0C8016C
:10FD20000E94A18640917A0750917B07D8016D917E
:10FD30007C91CE0181960E94183ECE0181960E9450
:10FD4000923C00E911E08823E9F18BA5873061F44A
:10FD5000CE0181960E94FB4461E0892B09F462E0A8
:10FD6000CE0181960E94F91924961CAE1DAE1EAEDE
:10FD70001FAE249728961CAE1DAE1EAE1FAE289750
:10FD800022968FAD2297807F22968FAF229740E0F8
:10FD900050E3BE016F5D7F4FCE01805C9F4F0E949C
:10FDA0001F4100E020E030E340E250E0B501CE0129
:10FDB000805C9F4F0E94A91EBC01C6010E94A088C2
:10FDC00008EC10E1CE0181960E945B42C801CF5839
:10FDD000DF4F0FB6F894DEBF0FBECDBFDF91CF91DE
:10FDE0001F910F91FF90EF90DF90CF90BF90AF9059
:10FDF0009F908F907F906F905F900895F801608141
:10FE000071810E94479D7C01892B09F044C104E95E
:10FE100011E0DCCFEE2009F47BC049E050E070E057
:10FE200060E0C8010E94A1864AE0B401C5010E94B9
:10FE30008A8941E050E065EC74E0C8010E94C58702
:10FE40004D815E8169817A81C8010E94C58768EF12
:10FE50007EE08AE19CE00E94B78BB801CE018196DA
:10FE60000E94FC88BE016F5D7F4F8AE19CE00E948A
:10FE7000A98B8AE19CE00E94308ACE0181960E9483
:10FE8000C68860EF7EE0CE0181960E94CE88F801A0
:10FE9000848195812DA13EA182179307E1F4892BDE
:10FEA000A1F1E080F18069A07AA0D7018D917D0158
:10FEB000882359F1082E000C990B0E94D6DE6C01A4
:10FEC000F30181913F01082E000C990B0E94D6DEB0
:10FED000C816D90651F3CE0181960E94C6885520D6
:10FEE00041F021E048EC50E0B40184E19BE00E9445
:10FEF0007D90D8018D919C910E94AB90009711F458
:10FF000084E991E08C01C50141C055245394E3CFAD
:10FF100001E97ECFB1E0FB1274C065E17FE0C5016D
:10FF20000E94CE88B501C8010E940487582EC501E1
:10FF30000E94C688552069F1EE2051F346E050E05A
:10FF400070E060E0C8010E94A1864AE0B401CE01E1
:10FF5000885B9F4F0E948A8940917A0750917B0766
:10FF6000F80160817181CE0181960E94183ECE0118
:10FF700081960E94923C811191CE00E911E0CE0160
:10FF800081960E945B42CE01885B9F4F0E94C6888B
:10FF90001DCF6EEF7EE0C5010E94CE88B501C8017D
:10FFA0000E940487F82EC5010E94C688F11032CF46
:10FFB00063EE7EE0C5010E94CE88B501C8010E94B3
:10FFC0000487182FC5010E94C68800E0112309F498
:10FFD000FDCE80E00E9496A16BEB7EE089E69BE07F
:10FFE0000E94B78B89E69BE00E94308A6FE176E041
:10FFF000C5010E940589C5010E944AB2C5010E943F
:020000021000EC
:10000000C68800E036CE6EE07FE0C5010E94CE8853
:10001000B501C8010E940487F82EC5010E94C68858
:10002000F11076CE68E07FE0C5010E94CE88B50170
:10003000C8010E940487F82EC5010E94C688FF20CF
:1000400001F3EE2009F464CF45E050E070E060E099
:10005000C8010E94A18664E176E0C8010E941F8762
:10006000882339F0E0907A07F0907B07E114F104DF
:1000700091F46FE176E0C8010E941F87811107C0EB
:1000800080917A0790917B07009709F0B7CEE090B6
:10009000C006F090C10620E048EC50E2B40184E1D3
:1000A0009BE00E947D90C4010E94308A1C821B82CA
:1000B00083E892E09A8389839E828D828FEF9FEFFF
:1000C00098878F83B701C5010E94F2A2C3CD08951E
:1000D000FC01248135816217730748F48081918186
:1000E000009729F0860F971FFC018081089580E01A
:1000F00008950895AF92BF92CF92DF92EF92FF9250
:100100000F931F93CF93DF936C017B018B01040F3F
:10011000151FEB015E01AE18BF08C017D10759F0DB
:100120006991D601ED91FC910190F081E02DC6011D
:100130001995892B79F7C501DF91CF911F910F9107
:10014000FF90EF90DF90CF90BF90AF900895FC01AB
:10015000A089B1898C91A689B78982FD0FC09C9135
:10016000818D8F5F8F73228D821749F0A18DAE0F25
:10017000BF2FB11D5D969C93818F08958C9108953A
:10018000FC01538D448D252F30E0842F90E0821B9D
:10019000930B541710F0CF96089501970895FC0122
:1001A000918D828D981761F0A28DAE0FBF2FB11D7A
:1001B0005D968C91928D9F5F9F73928F90E00895D2
:1001C0008FEF9FEF0895FC01918D828D981731F08C
:1001D000828DE80FF11D858D90E008958FEF9FEFE0
:1001E0000895FC01918D228D892F90E0805C9F4FB6
:1001F000821B91098F739927089584EE98E00E94DD
:10020000F18021E0892B09F420E0822F089581E814
:1002100099E00E94F18021E0892B09F420E0822FEF
:1002200008958EE19AE00E94F18021E0892B09F483
:1002300020E0822F08958DE79BE00E94F18021E06D
:10024000892B09F420E0822F0895FC01A48DA80FCA
:10025000B92FB11DA35ABF4F2C91848D90E0019608
:100260008F739927848FA689B7892C93A089B18928
:100270008C91837080648C93938D848D981306C0C9
:100280000288F389E02D80818F7D80830895EF922D
:10029000FF920F931F93CF93DF93EC0181E0888F40
:1002A0009B8D8C8D98131AC0E889F989808185FF10
:1002B00015C09FB7F894EE89FF896083E889F989B2
:1002C00080818370806480839FBF81E090E0DF91B4
:1002D000CF911F910F91FF90EF900895F62E0B8D07
:1002E00010E00F5F1F4F0F731127E02E8C8D8E11C2
:1002F0000CC00FB607FCFACFE889F989808185FF29
:10030000F5CFCE010E942581F1CFEB8DEC0FFD2FB3
:10031000F11DE35AFF4FF0829FB7F8940B8FEA89E3
:10032000FB8980818062CFCFCF93DF93EC01888DF2
:100330008823B9F0AA89BB89E889F9898C9185FD60
:1003400003C0808186FD0DC00FB607FCF7CF8C91EE
:1003500085FFF2CF808185FFEDCFCE010E94258100
:10036000E9CFDF91CF91089580E090E0892B29F0CB
:100370000E941B8181110E94000080E090E0892B87
:1003800029F00E94118181110E94000080E090E01C
:10039000892B29F00E94078181110E94000080E0D2
:1003A00090E0892B29F00E94FD8081110C940000BF
:1003B0000895DC01ED91FC910190F081E02D1994FC
:1003C0008FEF9FEF0895FC01628973898489958975
:1003D0000895EF920F931F93CF93DF93FC01248D29
:1003E000222341F0213051F1DF91CF911F910F91E4
:1003F000EF900895228933894489558986899789A0
:10040000A08DB18D821B930BA40BB50B892F9A2F56
:10041000AB2FBB278C010F5F1F4F628173818481DB
:100420009581CFB7F894DCB7E1E0ECBFEE24E3941C
:10043000E2E0FEEF1995DCBFCFBFD6CFF0E0E0E001
:10044000DF91CF911F910F91EF901994FC01138EC2
:10045000128E41110CC082899389A489B589868B3B
:10046000978BA08FB18F148E81E090E0089590E07B
:1004700080E00895CF92DF92EF92FF92CF93DF93C7
:10048000DC01CB01642FCFB7F8946D01EE24FF247B
:10049000CBBEDCB741E04CBFA901E1E0FEEF19950E
:1004A000DCBFCFBFDF91CF91FF90EF90DF90CF9077
:1004B0000895CF93DF93FC01248D211110C0EC012E
:1004C000828D938D892B49F066897789808D918DF6
:1004D00030E020E045E00E943A821B8E1A8EDF91C8
:1004E000CF9108951F93CF93DF93FC01248D2111A9
:1004F00045C0162FEC01828D938D892B49F46689B6
:100500007789808D918D30E020E043E00E943A822F
:100510004A8D5B8DCA0181709927FE01E80FF91F92
:10052000158F892B69F02D8D3E8D6E897F89888D81
:10053000998D640F751F811D911D41E00E943A82C3
:100540008A8D9B8D01969B8F8A8F81159140B1F486
:100550006E897F89888D998D30E020E045E00E948A
:100560003A821B8E1A8E8E899F89A88DB98D9F5FC6
:10057000AF4FBF4F8E8B9F8BA88FB98F81E090E0DC
:10058000DF91CF911F910895DC01ED91FC910280E4
:10059000F381E02D40E01994FB01448155812281D3
:1005A0003381215031094217530750F4A081B181A2
:1005B000A40FB51F8C9384819581019695838483C4
:1005C00080E00895CF93DF93EC01E881F981028404
:1005D000F385E02DCE0119950196B9F7DF91CF9102
:1005E0000895FC01A285B3851097A9F086859785AB
:1005F000029788F0CD010196938782876C93868558
:1006000097850197978786870284F385E02D10826E
:1006100081E090E0089590E080E00895FC018681FB
:1006200097818F3F980729F02FEF3FEF378326837D
:100630000895A085B185109789F024853585211509
:10064000310561F0CD010196918780878C91215011
:10065000310935872487082E000C990B0895FC0179
:1006600086819781019639F481E024853585232B95
:1006700019F480E0089581E00895CF92DF92EF921F
:10068000FF920F931F93CF93DF937C016A018B013D
:10069000D0E0C0E0CC15DD0581F0D701ED91FC91F3
:1006A0000284F385E02DC70119958F3F980729F043
:1006B000F80181938F012196EDCFCE01DF91CF918B
:1006C0001F910F91FF90EF90DF90CF900895CF93FF
:1006D000C62FDC01ED91FC910088F189E02D199580
:1006E000DC01ED91FC910190F081E02D6C2FCF9118
:1006F0001994062E000C770BFC017783668308950E
:10070000CF93DF93EC018E819F81019611F5E881F3
:10071000F9810088F189E02DCE011995DC01ED9178
:10072000FC910084F185E02D1995892BB1F0E881C9
:10073000F9810284F385E02DCE011995813291056E
:1007400034F3E881F9810684F785E02D682FCE0126
:10075000199581E0DF91CF91089580E0FBCFFC01F6
:1007600020812EBD9B012150310941F051810DB4F2
:1007700007FEFDCF4EB55EBD4193F5CF61507109C7
:10078000860F971F0DB407FEFDCF2EB5FC01208309
:100790000895E0917D07F0917E07808190917C071C
:1007A000892B80830895E0917D07F0917E079081E9
:1007B00080917C0780958923808308958EBD0000F9
:1007C0000DB407FEFDCF8EB5089590E02091CE08C0
:1007D000233339F40C96982F990F990F990F80E0D5
:1007E00008954896F8CFEF92FF920F931F93CF93FF
:1007F000DF93EC018B017A010E9404AC688B798B4A
:100800008A8B9B8B8C819D81DC01ED91FC91028018
:10081000F381E02DA701B801DF91CF911F910F91D6
:10082000FF90EF9019941F93CF93DF93EC01162F55
:100830000E9404AC688B798B8A8B9B8B8C819D8109
:10084000DC01ED91FC910190F081E02D612FDF91B1
:10085000CF911F911994CF92DF92EF92FF92CF9395
:10086000DF93EC018E819F818F3F980759F02FEF26
:100870003FEF3F832E83DF91CF91FF90EF90DF908A
:10088000CF9008950E9404AC6B017C01A4EFCA0EC6
:10089000A1E0DA1EE11CF11CE881F9810088F189F0
:1008A000E02DCE011995DC01ED91FC910084F185DC
:1008B000E02D1995892B39F40E9404AC6C157D0547
:1008C0008E059F0548F3E881F9810088F189E02DC4
:1008D000CE011995DC01ED91FC910284F385E02DA8
:1008E000DF91CF91FF90EF90DF90CF9019940E940D
:1008F000D1DE0F931F93CF93DF938C01C1ECD7E030
:10090000688179816115710529F0C8010E9451DF64
:10091000892B29F00B80DC81C02D209789F7CE012F
:10092000DF91CF911F910F9108950C949DD1CF929B
:10093000DF92EF92FF920F931F93CF93DF936C019F
:100940008B0186E090E00E9401D1EC019093C707F3
:100950008093C607F60101900020E9F7CF018C19BA
:100960009D090E9401D17C01B6010E945ADFF60167
:1009700001900020E9F73197EC19FD09EE0DFF1DFC
:100980001082F982E8821B830A8380910408909187
:1009900005089D838C83D0930508C0930408DF91DC
:1009A000CF911F910F91FF90EF90DF90CF9008951E
:1009B000FC01868197818F3F980729F02FEF3FEF49
:1009C000378326830895808591850C948FD47F92F8
:1009D0008F929F92AF92BF92CF92DF92EF92FF924F
:1009E0000F931F93CF93DF93CDB7DEB7A6970FB6C4
:1009F000F894DEBF0FBECDBF8C01762E942E852ECF
:100A000020E2A22ECE0101967C01DC01EA2D1D928E
:100A1000EA95E9F76801F3E4CF0ED11C8FE094E08A
:100A20009AA389A38FEF8BA38CA38DA38EA343E4FA
:100A300050E0BE016F5D7F4FC6010E9464230196A6
:100A400009F4BFC081E089838A8386E0B82EBB8227
:100A50001C82D80114966D917D918D919C91179770
:100A60000E94F8DA6D837E838F83988789869A86C1
:100A700080E890E09C878B874CE150E0B701C6018D
:100A80000E94F922FE0137968AE1DF011D928A95C4
:100A9000E9F74801B8E08B0E911CF401D7010190F1
:100AA0000D92BA94E1F740E150E0B701C6010E940F
:100AB000F922F7011192AA94E9F796E0A92EB12C38
:100AC00040E250E0B701C6010E94F922F1E0AF1AFE
:100AD000B108B1F783E6898392E89A8393E59B8313
:100AE0008C8385E38D8381E08E837F829DE398876D
:100AF00097E099878A8786E0F401DE011B960190D2
:100B00000D928A95E1F78CE0898B8A8B66E176E01D
:100B1000CE0143960E945ADFD8011B966C91CE01FC
:100B200049960E946AA8F8016485CE014B960E94FE
:100B30006AA8D8011D966C91CE014D960E946AA8B4
:100B40004EE150E0B701C6010E94F922B3E07B12EA
:100B50001EC082E3898384E08A83F80196859B83A3
:100B600097859C8390899D8391899E8396E39F833B
:100B70008887828D8987838D8A87848D8B87858DF1
:100B80008C874CE050E0B701C6010E94F92287E350
:100B9000898386E08A8391E09B8393E09C838D83A5
:100BA0008FE08E838AE38F838BE388878FEF89873B
:100BB00049E050E0B701C6010E94F922C6010E9437
:100BC0003323A6960FB6F894DEBF0FBECDBFDF91DC
:100BD000CF911F910F91FF90EF90DF90CF90BF903A
:100BE000AF909F908F907F90089590E080E00C945C
:100BF000D121CF93DF93C4E1D0E00E94F585882313
:100C000061F061E070E080E090E00E94D2AB21975B
:100C1000A1F780E0DF91CF91089581E0FBCFFF92B3
:100C20000F931F93CF93DF931F921F92CDB7DEB721
:100C3000F82E22E030E0AE014F5F5F4F66E270E0D9
:100C40000E94D22209811A8110270127102722E051
:100C500030E0AE014F5F5F4F66E270E08F2D0E9483
:100C6000D22289819A8198278927982708171907FE
:100C700049F4C8010F900F90DF91CF911F910F9110
:100C8000FF9008958C01E3CFAF92BF92CF92DF9295
:100C9000EF92FF920F931F93CF93DF93DC01CD90E0
:100CA000DC901197C114D10439F01496CD91DC91E8
:100CB0008C017601209761F4DF91CF911F910F9104
:100CC000FF90EF90DF90CF90BF90AF9008957501A7
:100CD0005701BFEFAB1ABB0AF7018081082E000C49
:100CE000990B0E9413D3892B91F72197CC0DDD1D11
:100CF0008881082E000C990B0E9413D3892B29F0B0
:100D0000CE15DF0510F02197F3CFAE014F5F5F4F97
:100D10004E195F09D80115965C934E931497CE1423
:100D2000DF0420F4B701C6010E940DDFD801ED9168
:100D3000FC91119714968D919C91E80FF91F1082E8
:100D4000BBCFCF93DF93DC011496ED91FC916E172E
:100D50007F0728F54115510511F19F01261B370B1F
:100D60004217530708F49A01DB01EC01888199814D
:100D7000E21BF30BFD83EC83AF01461B570B260FE1
:100D8000371FBC01620F731F8A0F9B1F0E947FDFFA
:100D9000E881F9818C819D81E80FF91F1082DF9134
:100DA000CF910895DF92EF92FF920F931F93CF930D
:100DB000DF93FC01E480F580E114F10451F48FEF3E
:100DC0009FEFDF91CF911F910F91FF90EF90DF90F8
:100DD0000895EC010190F081E02DEE0DFF1DD08013
:100DE000108208811981062E000C770BC8010E9421
:100DF0008EDF0E0D1F1DF801D082009701F32881B0
:100E00003981821B930BDDCFFB0144815581FC01AD
:100E1000248135812417350778F0808191810097EE
:100E200059F0FB01608171816115710529F00E9403
:100E300071DF21E0892B09F020E0822F0895FC0169
:100E400024813581232B39F421E0FB018081882323
:100E500049F020E007C0808191810E9451DF21E0AC
:100E6000892BB9F7822F0895FC0124813581FB017C
:100E70004481558124173507E1F4FC01808191817B
:100E8000FB01608171810097D1F061157105A1F4BA
:100E9000232BC1F0FC01808190E008C0232B91F04E
:100EA000FB01808190E091958195910921E0892B4A
:100EB00009F020E0822F08950E9451DFF7CF6115DD
:100EC000710561F721E0F6CF0F931F93CF93DF9366
:100ED0008C01EB01FC01808191810097E1F0688138
:100EE000798161157105A9F0428153812C813D8181
:100EF0004217530770F00E945ADF8C819D81F801E0
:100F0000958384831D821C82DF91CF911F910F9165
:100F100008950E949DD188819981F80191838083F1
:100F20008A819B81938382838C819D819583848335
:100F3000198218821B821A82E5CF0F931F93CF93D9
:100F4000DF93EC0188819981009759F02A813B81D8
:100F50002617370730F081E0DF91CF911F910F9175
:100F600008958B016F5F7F4F0E94F0DD009759F06D
:100F7000998388831B830A832C813D81232B59F716
:100F8000FC011082E8CF80E0E7CFEF92FF920F9351
:100F90001F93CF93DF936115710541F480E0DF91DA
:100FA000CF911F910F91FF90EF900895411551053A
:100FB000B1F07B01EC010C811D81040F151FB801FC
:100FC0000E949D87882351F3288139818C819D81DE
:100FD000B701820F931F0E945ADF1D830C8381E0AB
:100FE000DECFCF93DF931F921F92CDB7DEB7698319
:100FF0001A8241E050E0BE016F5F7F4F0E94C587BB
:101000000F900F90DF91CF910895CF93DF93EC0174
:1010100088819981009711F00E949DD119821882D0
:101020001D821C821B821A82DF91CF910895EF925C
:10103000FF920F931F93CF93DF9300D01F92CDB7F2
:10104000DEB77C01862F4AE08E010F5F1F4FB8018B
:1010500090E00E94B6D3F80101900020E9F73197A3
:10106000AF01401B510BB801C7010E94C587811118
:1010700003C0C7010E940588C7010F900F900F9011
:101080000F90DF91CF911F910F91FF90EF900895F6
:10109000CF93DF93EC016115710539F4CE010E9405
:1010A0000588CE01DF91CF910895FB0101900020CA
:1010B000E9F73197AF01461B570B0E94C58788237C
:1010C00069F3EFCFCF93DF93EC01FB0144815581AE
:1010D000608171810E94C587811103C0CE010E9489
:1010E0000588CE01DF91CF910895EF92FF920F9383
:1010F0001F93CF93DF93EC017B018A01BA010E9419
:101100009D8781110BC0CE010E940588CE01DF9121
:10111000CF911F910F91FF90EF9008951D830C8345
:10112000B701888199810E945ADFF0CFFB010190BD
:101130000020E9F73197AF01461B570B0C947588D7
:10114000CF93DF93EC016115710531F00E94968811
:10115000CE01DF91CF9108950E940588F9CFCF93FA
:10116000DF93EC01FB018617970749F060817181DD
:101170006115710541F0448155810E947588CE0149
:10118000DF91CF9108950E940588F9CFFC018081FD
:101190009181009711F00C949DD10895EF92FF92E8
:1011A0000F931F93CF93DF93EC018B011982188269
:1011B0001B821A821D821C82CB010E944AD37C01B1
:1011C000BC01CE010E949D87811109C0CE01DF9133
:1011D000CF911F910F91FF90EF900C940588FD82A5
:1011E000EC82B80188819981DF91CF911F910F9195
:1011F000FF90EF900C9443D3FC0111821082138274
:101200001282158214820C94AF88FC011182108224
:101210001382128215821482FB0101900020E9F7EB
:101220003197AF01461B570B0C947588AF92BF9254
:10123000CF92DF92EF92FF920F931F93CF93DF93A2
:101240005C016B017A0189012417350720F48F2D89
:101250007901042F182F6FE176E0C5010E940589FE
:10126000D6011496CD91DC91EC16FD06C8F40C174E
:101270001D0708F4E801D601ED91FC911197EC0FE0
:10128000FD1F108110826D917C916E0D7F1DC50137
:101290000E94A088F60180819181C80FD91F188310
:1012A000C501DF91CF911F910F91FF90EF90DF90DB
:1012B000CF90BF90AF9008950F931F93CF93DF937C
:1012C000EC010E9404AC688779878A879B87E88154
:1012D000F9810284F385E02DCE01199597FF15C0A1
:1012E0000E9404AC088519852A853B85601B710B1B
:1012F000820B930B0C811D812E813F81601771073A
:101300008207930720F38FEF9FEFDF91CF911F911B
:101310000F910895EF92FF920F931F93CF93DF9356
:10132000EC017B01042F6FE176E00E940589C70183
:101330000E945C89002E000C110B97FD0BC0081752
:10134000190741F0682FCE010E94F187C7010E9462
:101350005C89F3CFCE01DF91CF911F910F91FF9068
:10136000EF900895CF92DF92EF92FF920F931F9329
:10137000CF93DF936C017A018B01D0E0C0E0C6010E
:101380000E945C8997FD07C0F80181938F01219627
:10139000EC16FD06A1F7CE01DF91CF911F910F91C1
:1013A000FF90EF90DF90CF900895FB010190002017
:1013B000E9F73197AF01461B570BDC01ED91FC912A
:1013C0000280F381E02D19948F929F92AF92BF9289
:1013D000EF92FF920F931F93CF93DF93CDB7DEB7BA
:1013E000A1970FB6F894DEBF0FBECDBF7C01FA0106
:1013F000CB0119A2223008F42AE08E010F5D1F4FA5
:10140000822E912CB12CA12CBF01A50194010E9428
:1014100079DAF901CA016A300CF5605DD8016E9382
:101420008D01232B242B252B79F790E080E010975A
:1014300021F0BD01C7010E94D589A1960FB6F8948D
:10144000DEBF0FBECDBFDF91CF911F910F91FF90F7
:10145000EF90BF90AF909F908F900895695CDECF22
:101460006DE176E00C94D589242F462F50E070E092
:1014700060E00C94E489EF92FF920F931F93CF9357
:10148000DF93009751F4CFEFDFEFCE01DF91CF91E3
:101490001F910F91FF90EF900895DC011C96ED9045
:1014A000FC90F70100811181D801ED91FC91068833
:1014B000F789E02DC8011995882329F3D801ED910A
:1014C000FC910084F185E02DC8011995D801ED91BA
:1014D000FC91892B61F30284F385E02DC8011995F5
:1014E000EC01019681F2F801818D882339F04AE000
:1014F00050E06C2F8DE79BE00E94348AD701129652
:101500008C91882311F2C532D10509F0BECFD801E4
:10151000ED91FC910084F185E02DC80119950297A9
:101520005CF0D801ED91FC910688F789E02DC801A7
:1015300019958111ECCFA7CFD1E0C0E0D801ED9192
:10154000FC910284F385E02DC80119958F3F98071F
:1015500009F499CF9C01215431092A31310570F4E5
:101560008D2F8295807F829FC00D1124D11104C0E0
:101570000C2E000CDD0B89CFD0E0E0CF9C01215672
:1015800031092A31310560F3C0978A30910570F72F
:101590009D2F9295907F989FC00D1124E7CFDC017D
:1015A000ED91FC910190F081E02D1994CF92DF92A2
:1015B000EF92FF920F931F93CF93DF932115310585
:1015C00081F4DC01ED91FC910190F081E02D642F1C
:1015D000DF91CF911F910F91FF90EF90DF90CF900F
:1015E00019942A30310501F52AE077FF1DC06A0100
:1015F0007B01EC016DE20E94CF8A8C0144275527C4
:10160000BA014C195D096E097F092AE0CE010E94DA
:10161000E489800F911FDF91CF911F910F91FF906F
:10162000EF90DF90CF900895DF91CF911F910F91B0
:10163000FF90EF90DF90CF900C94E4898F929F926F
:10164000AF92BF92CF92DF92EF92FF920F931F93D0
:10165000CF93DF937C018B014C0182E0880E911CBB
:101660005701E5E0AE0EB11CD0E0C0E0F40161919D
:101670004F014AE050E0C8010E94348A6C016EE2DA
:10168000C8010E94CF8A8C0D9D1DC80FD91F8A14D6
:101690009B0461F74AE050E0F7016581C8010E94B0
:1016A000348A8C0F9D1FDF91CF911F910F91FF9076
:1016B000EF90DF90CF90BF90AF909F908F90089564
:1016C0006115710511F00C94D58990E080E00895C2
:1016D0000F931F93CF93DF93EC0160E276E08DE7E9
:1016E0009BE00E94608B4A855B856C857D858A8145
:1016F0009B81AC81BD81481B590B6A0B7B0B8E858E
:101700009F85A889B989481B590B6A0B7B0B2AE076
:101710008DE79BE00E94E4898DE79BE00E94308A80
:101720006A857B858C859D850A811B812C813D8105
:10173000601B710B820B930B0E851F8528893989DD
:10174000601B710B820B930BDF91CF911F910F9157
:101750000895DB0114964D915C9115976D917C91E4
:10176000DC01ED91FC910280F381E02D1994EF9260
:10177000FF920F931F93CF93DF938C017B01D0E0F7
:10178000C0E0F701EC0FFD1F6491662361F0D80102
:10179000ED91FC910190F081E02DC8011995892B04
:1017A00011F02196EECFCE01DF91CF911F910F91D5
:1017B000FF90EF9008950F931F93CF93DF93EC0169
:1017C0000E94B78B8C01CE010E94308A800F911F3E
:1017D000DF91CF911F910F91089580916C07811136
:1017E0000AC08DE79BE00E94308A68E57CE18DE7C6
:1017F0009BE00C94B78B0895DC018FE094E08D930F
:101800009D9384E0FB0101900D928A95E1F7089584
:101810003F924F925F926F927F928F929F92AF9280
:10182000BF92CF92DF92EF92FF920F931F93CF93CD
:10183000DF93CDB7DEB7EA970FB6F894DEBF0FBEE1
:10184000CDBF7C012A013B0169010E9404AC4B0120
:101850005C0187010D5B1F4FC8010E9470171816AD
:101860001906ACF00E9404AC681979098A099B0931
:10187000461657066806790608F468C10E94E171A9
:1018800061E070E080E090E00E94D2ABE5CF42E200
:1018900050E0BE016F5F7F4FC8010E94FB16898137
:1018A0008230D1F0312C832DEA960FB6F894DEBF4A
:1018B0000FBECDBFDF91CF911F910F91FF90EF90A1
:1018C000DF90CF90BF90AF909F908F907F906F9060
:1018D0005F904F903F900895F801848995898334F3
:1018E000910501F76D817E818F8198850E94F8DADC
:1018F0004B015C01F60180829182A282B38246E0B4
:1019000050E0B701685F7F4FCE014D960E9400DF27
:10191000892B41F6F70180819181A281B3818816DC
:101920009906AA06BB0608F4BDCF84819581A681DD
:10193000B78188159905AA05BB0508F4B3CF898935
:101940009A89AB89BC8986879787A08BB18B4EEC2F
:1019500050E070E060E0C8010E94FB16312CC70126
:10196000829698AB8FA7F701B696FAABE9AB0896CB
:101970009CAB8BAB67019AE1C90ED11CBD96FEAB47
:10198000EDABC701429698AF8FABFD97FAAFE9AFC9
:101990004701FEE18F0E911CF801818D928D181682
:1019A00019060CF080CFC8010E941A1783339105E5
:1019B00009F4B2C014F58130910509F464C044F40F
:1019C000892B51F3C8010E941A17AC01552775C025
:1019D0008330910509F462C00697A1F7C8010E94FF
:1019E0001A17B82E44E050E0B401C8010E94FB165B
:1019F000EB2DE450FF0BAF0160C08A33910509F471
:101A00005FC084F585339105B1F1C697D9F6C80159
:101A10000E941A175C01B601CE0189960E94FC8BC8
:101A20008BA59CA5ADA5BEA5892B8A2B8B2BB1F0D0
:101A3000EDA9FEA94080518062807380B601CE017D
:101A400083960E94FC8B8DA19EA1AFA1B8A5A50194
:101A5000481659066A067B0609F0B8CF44E050E004
:101A6000B60118C08B33910509F440C08F3F910532
:101A700009F492CFA7CFC8010E941A17C8010E948B
:101A80001A17382E89CFC8010E941A1744E050E077
:101A90006FA978ADC8010E94FB167ECFC8010E94D5
:101AA0001A17B82E44E050E069AD7AADC8010E9423
:101AB000FB168B2D8450990BAC0170E060E0EACFEF
:101AC000C8010E941A1744E050E069A97AA9C80128
:101AD0000E94FB16F70166A177A180A591A50E943F
:101AE000F8DA66A377A380A791A756CFC8010E9412
:101AF0001A1744E050E06BA97CA9C8010E94FB16AC
:101B0000F70162A573A584A595A50E94F8DA62A7DE
:101B100073A784A795A740CFC8010E941A1744E075
:101B200050E06FA578A9C8010E94FB16F70162A1D9
:101B300073A184A195A10E94F8DA62A373A384A380
:101B400095A366A777A780AB91AB26CF33243A94B1
:101B5000AACE2F923F924F925F926F927F928F9276
:101B60009F92AF92BF92CF92DF92EF92FF920F932C
:101B70001F93CF93DF9300D000D0CDB7DEB78C0199
:101B80000E9472D22FEC37E040E050E00E949BDAD6
:101B9000DC01CB010196A11DB11DF8018483958361
:101BA000A683B78380839183A283B3835801F3E430
:101BB000AF0EB11CC5010E94C51664E470E0C501FA
:101BC0000E943F18882309F445C10E9404AC2B01F0
:101BD0003C01480182E4880E911C48EEC42E43E08B
:101BE000D42EE12CF12C52E0252E1E821D82D40130
:101BF0008C918330B1F1811166C0F80184819581A7
:101C0000A681B7810196A11DB11D84839583A6830A
:101C1000B7830E9404AC6419750986099709A70166
:101C200096010E9479DAA90161E0C8010E94E78467
:101C300081E0D4018C938D819E810197C1F20E9435
:101C400004AC6419750986099709D801D6962D91B7
:101C50003D914D915C91D997261737074807590751
:101C600020F6C5010E94C516F80184819581A681E0
:101C7000B7810196A11DB11D84839583A683B78387
:101C80000E9404ACF801FE96608371838283938383
:101C90008D819E8126960FB6F894DEBF0FBECDBF14
:101CA000DF91CF911F910F91FF90EF90DF90CF9038
:101CB000BF90AF909F908F907F906F905F904F906C
:101CC0003F902F9008958430F1F4F801848195813C
:101CD000A681B7810196A11DB11D84839583A6833A
:101CE000B7830E9404AC6419750986099709A70196
:101CF00096010E9479DAA90163E0C8010E94E78495
:101D0000D4012C9298CF813051F5F80142AD53ADFA
:101D100064AD75AD9E012F5F3F4FC8010E94088CD6
:101D2000382EF2E08F1390C089819A81AB81BC81FB
:101D3000F80184839583A683B7830E9404AC641959
:101D4000750986099709A70196010E9479DAA90108
:101D500063E0C8010E94E784D4013C926CCF8230DA
:101D600009F069CFF80142AD53AD64AD75AD9E0188
:101D70002F5F3F4FC8010E94088C382EF5E08F136B
:101D80005DC0E3E0D401EC93F80182A193A1A4A18A
:101D9000B5A1892B8A2B8B2B41F484E893E0A0E03A
:101DA000B0E082A393A3A4A3B5A3F80186A197A151
:101DB000A0A5B1A5892B8A2B8B2B61F482A193A1BD
:101DC000A4A1B5A1B695A7959795879586A397A346
:101DD000A0A7B1A7F80182A593A5A4A5B5A5892BB5
:101DE0008A2B8B2BA9F482A193A1A4A1B5A1AC014C
:101DF000BD0123E076956795579547952A95D1F7CC
:101E0000841B950BA60BB70B82A793A7A4A7B5A716
:101E1000F80186A197A1A0A5B1A586A797A7A0AB19
:101E2000B1AB82A593A5A4A5B5A582AB93ABA4AB9A
:101E3000B5AB81E090E09E838D83FDCE96E0891363
:101E400003C0D4011C92F7CEBFEF3B12F4CEF401D5
:101E50001082F1CE1E821D821BCF1F920F920FB6F1
:101E60000F9211240BB60F922F933F934F935F93D2
:101E70006F937F938F939F93AF93BF93EF93FF9352
:101E800084EE98E00E942581FF91EF91BF91AF9180
:101E90009F918F917F916F915F914F913F912F9182
:101EA0000F900BBE0F900FBE0F901F9018951F92B2
:101EB0000F920FB60F9211240BB60F922F933F93F0
:101EC0004F935F936F937F938F939F93AF93BF9342
:101ED000EF93FF9384EE98E00E94A780FF91EF912B
:101EE000BF91AF919F918F917F916F915F914F9132
:101EF0003F912F910F900BBE0F900FBE0F901F9030
:101F000018951F920F920FB60F9211240BB60F92D5
:101F10002F933F934F935F936F937F938F939F93F1
:101F2000AF93BF93EF93FF9381E899E00E942581DF
:101F3000FF91EF91BF91AF919F918F917F916F91A1
:101F40005F914F913F912F910F900BBE0F900FBE5D
:101F50000F901F9018951F920F920FB60F92112499
:101F60000BB60F922F933F934F935F936F937F9393
:101F70008F939F93AF93BF93EF93FF9381E899E083
:101F80000E94A780FF91EF91BF91AF919F918F9198
:101F90007F916F915F914F913F912F910F900BBE69
:101FA0000F900FBE0F901F9018951F920F920FB6B3
:101FB0000F9211240BB60F922F933F934F935F9381
:101FC0006F937F938F939F93AF93BF93EF93FF9301
:101FD0008EE19AE00E942581FF91EF91BF91AF9130
:101FE0009F918F917F916F915F914F913F912F9131
:101FF0000F900BBE0F900FBE0F901F9018951F9261
:102000000F920FB60F9211240BB60F922F933F939E
:102010004F935F936F937F938F939F93AF93BF93F0
:10202000EF93FF938EE19AE00E94A780FF91EF91DA
:10203000BF91AF919F918F917F916F915F914F91E0
:102040003F912F910F900BBE0F900FBE0F901F90DE
:1020500018951F920F920FB60F9211240BB60F9284
:102060002F933F934F935F936F937F938F939F93A0
:10207000AF93BF93EF93FF938DE79BE00E94258181
:10208000FF91EF91BF91AF919F918F917F916F9150
:102090005F914F913F912F910F900BBE0F900FBE0C
:1020A0000F901F9018951F920F920FB60F92112448
:1020B0000BB60F922F933F934F935F936F937F9342
:1020C0008F939F93AF93BF93EF93FF938DE79BE025
:1020D0000E94A780FF91EF91BF91AF919F918F9147
:1020E0007F916F915F914F913F912F910F900BBE18
:1020F0000F900FBE0F901F901895DF92EF92FF92F6
:102100000F931F93CF93DF9300D000D0CDB7DEB7EE
:102110008B017A01D22E6FE176E0CE0101960E940A
:1021200005899E012F5F3F4F4D2DB701C8010E94C9
:1021300030B3CE0101960E94C68826960FB6F89459
:10214000DEBF0FBECDBFDF91CF911F910F91FF90EA
:10215000EF90DF900895CF92DF92EF92FF920F936E
:102160001F93CF93DF93CDB7DEB7EC970FB6F894FC
:10217000DEBF0FBECDBFDC012C91222309F45DC070
:1021800065EC74E00E9480D39A8389837E01B3E07A
:10219000EB0EF11C01E010E065EC74E090E080E0F3
:1021A0000E9480D3D02EC12EF701819391937F019D
:1021B0000E31110521F00F5F1F4F892B69F7009138
:1021C000C6071091C707E980FA800115110549F18A
:1021D000D8016D917C91C7010E9451DF892BE9F4F0
:1021E000D8011296ED91FC91BE016F5F7F4F8D2D4E
:1021F0009C2D19958C010E94ED8BC801EC960FB6B1
:10220000F894DEBF0FBECDBFDF91CF911F910F912C
:10221000FF90EF90DF90CF900895F8010481158131
:10222000D4CF80916C07811108C06CE57CE18DE70B
:102230009BE00E94DB8B0E94ED8B10E000E0DDCF85
:10224000CF938DE79BE00E94F180892B09F441C078
:1022500080916C078111F5CF8DE79BE00E94CF80C4
:10226000C82F8A3089F08D3079F0883001F568E028
:102270008DE79BE00E94CF8A80910608882309F3AE
:10228000815080930608DDCFE0910608F0E0E85326
:10229000F84F10826DE176E08DE79BE00E94608B45
:1022A00088EC97E00E94AB9010920608CACF682F86
:1022B0008DE79BE00E94CF8AE0910608EB3308F699
:1022C00081E08E0F80930608F0E0E853F84FC0835A
:1022D000B8CFCF910895CF93DF930097C1F00E94BC
:1022E0007984EC01892B99F08A8181508A8381114C
:1022F0000EC0888199810E949DD119821882E09137
:10230000C407F091C507C1ECD7E0309719F4DF910D
:10231000CF9108959381848120813181232B41F4D1
:102320009B838C83CF010E949DD19B818C81FE0178
:10233000EF01E92FF82FE9CF0F931F93CF93DF938E
:10234000EC01E881F9810284F385E02D199500E024
:1023500011E08F3F9807D1F081329105E4F40150EC
:102360001109E881F9810F3F100731F00284F385EC
:10237000E02DCE011995EDCFE881F9810684F7852E
:10238000E02D682FCE01199590E080E0DF91CF918C
:102390001F910F910895012B79F78FEF9FEFF6CFE3
:1023A0000F931F93CF93DF93EC018B0161E076E0F5
:1023B0000E94608B01151105C1F1F80161918F0137
:1023C000662399F1603240F0623231F06C3521F0D1
:1023D000CE010E94CF8AF1CF6CE5CE010E94CF8A58
:1023E000F801319780818C30D1F044F48930D9F0F4
:1023F0008A30B9F0883009F762E6EACF823259F0C4
:1024000024F462E78D3021F3D8CF8F3231F06CE5C0
:102410008C35F1F2D2CF62E2DBCF6FE2D9CF66E644
:10242000D7CF6EE6D5CF64E7D3CF62E2CE010E946C
:10243000CF8A90E080E0DF91CF911F910F910895B6
:10244000AF92BF92CF92DF92EF92FF920F931F93C2
:10245000CF93DF937C016B01DC01ED91FC91028451
:10246000F385E02D1995829771F0CFEFDFEFCE0164
:10247000DF91CF911F910F91FF90EF90DF90CF9060
:10248000BF90AF90089584E0F601808786E090E0E9
:102490000E9401D18C01009741F3E1E8F7E0DC01F3
:1024A000ED93FC9380E4DF011D928A95E9F780E4C7
:1024B00090E0F8019383828315821482D701ED9115
:1024C000FC910284F385E02DC7011995EC0101967A
:1024D000C9F0C232D10509F44DC0C032D1050CF4A7
:1024E00049C0B8018C2FCC35D10549F5D701ED9104
:1024F000FC910284F385E02DC7011995EC018F3F13
:10250000980721F4C8010E949DD1B1CF8236910570
:1025100041F15CF48F32910509F18C359105D9F0C8
:10252000829761F6B80182E20AC08E369105E1F029
:102530004CF4B8018CE0C636D10509F0BFCF0E943B
:10254000CC82BCCF8237910591F0B80189E0C437C5
:10255000D105A9F3B3CFB8018CE5F1CFB8018FE273
:10256000EECFB80188E0EBCFB8018AE0E8CFB80140
:102570008DE0E5CFF80184819581009749F00190C5
:10258000F081E02DE80FF91F31978081882321F039
:10259000B80180E00E94CC8281E897E00E947984B3
:1025A000FC01892B81F082818F5F8283C081D18180
:1025B000209719F0C8010E949DD1F601D287C187EA
:1025C000D0E0C0E054CF81ECE82E87E0F82ED701B0
:1025D0008D919C911197892B69F481E897E00E9475
:1025E000E6DEEC01F7019183808381E08283E0CF16
:1025F0007C01EDCF13968D919C910097C9F785E0F2
:1026000090E00E9401D15C01D0E0C0E00097A9F207
:10261000F7019483838381E897E00E94E6DEEC0172
:10262000D50111969C938E9381E012968C9312970C
:1026300014961C921E921397BBCF8DE090E00E94DF
:1026400001D1009729F02DE0FC0111922A95E9F7BC
:10265000089508950F931F93CF93DF930097E1F0B0
:10266000EC010C851D850115110579F0D8018D91BE
:102670009C91009739F0DC01ED91FC910488F5897B
:10268000E02D1995C8010E949DD1CE01DF91CF9117
:102690001F910F910C941AD4DF91CF911F910F913C
:1026A0000895AF92BF92CF92DF92EF92FF920F9375
:1026B0001F93CF93DF9300D01F92CDB7DEB7611584
:1026C0007105B1F06B01182FDB011C96AD90BC9029
:1026D000F501E080F180D701ED91FC910688F78942
:1026E000E02DC7011995811106C0C6010E942A93E9
:1026F0008FEF9FEF13C0F5019281911124C0D70194
:10270000ED91FC910190F081E02D612FC7011995A9
:10271000F701818D811111C090E080E00F900F9042
:102720000F900F90DF91CF911F910F91FF90EF903D
:10273000DF90CF90BF90AF900895612F8DE79BE021
:102740000E94CF8AE9CF812F8F7D81548A31B8F2E0
:1027500080ED810F8A3098F283ED810F823078F21C
:102760001F3569F21E3759F21132B1F086EC810F34
:10277000823090F08AED810F873070F01D3361F068
:10278000812F8F7E8F3241F08DED810F823020F0CE
:102790001B3511F01D3511F491FFB1CF19821A824A
:1027A0001B821C82812F012E000C990B9F931F937B
:1027B00089E296E09F938F938E010F5F1F4F1F93C7
:1027C0000F930E94D6DF6E01F4E0CF0ED11C0F9064
:1027D0000F900F900F900F900F90D8016D918D0179
:1027E000D701ED91FC910190F081E02DC701199581
:1027F000F701818D882339F0F801319760818DE7E9
:102800009BE00E94CF8A0C151D0539F785CFCF9329
:10281000C82F462F61E070E00E94B42161E070E0B3
:102820008C2F0E94E2218111F9CFCF910895AF92B0
:10283000BF92CF92DF92EF92FF920F931F93CF93AD
:10284000DF9300D01F92CDB7DEB78C016B017A0108
:102850008091CE088333E9F45B016801C40ED51E74
:10286000C016D106A9F10E94D3838FE00E94DE83B7
:10287000812F0E94DE83802F0E94DE830F5F1F4F17
:1028800080E00E94DE83F50181935F010E94C9838D
:10289000E7CF843369F50E94D38319830A838F2D90
:1028A0008F778B83EC8264E070E0CE0101960E940A
:1028B000AF83A70170E060E0C6010E948AD8E114EE
:1028C000F10421F0B701C6010E94AF830E94C983C1
:1028D000C7010F900F900F900F90DF91CF911F9134
:1028E0000F91FF90EF90DF90CF90BF90AF90089541
:1028F0000E94D3830F3F110509F030F419820A8337
:102900001B8263E070E0D1CF17FD0BC019820A83F0
:1029100033E0169507953A95E1F7007E08600B8342
:10292000F0CFC80126E0969587952A95E1F7807E3D
:1029300019830A830115104C18F480618B83E1CF51
:102940008861FCCFAF92BF92CF92DF92EF92FF925D
:102950000F931F93CF93DF9300D000D01F921F924D
:10296000CDB7DEB78C017B016A018091CE0883333D
:10297000E1F45801A40EB51EA016B10609F46FC00B
:102980000E94D38380EF0E94DE83812F0E94DE832A
:10299000802F0E94DE830F5F1F4FF70181917F011F
:1029A0000E94DE830E94C983E7CF5B01A40EB51E9F
:1029B0008433C1F40E94D38319830A838D2D8068E8
:1029C0008B83CC8264E070E0CE0101960E94AF83DD
:1029D000AE14BF0409F441C0F70181917F010E9448
:1029E000DE83F6CF0E94D3830F3F110509F028F450
:1029F00019820A8384E08B830CC017FD17C01982EB
:102A00000A8333E0169507953A95E1F7007E0C604E
:102A10000B8386E0C816D104A0F5F701DE011496F9
:102A2000EA15FB0599F081918D93FACFC80126E054
:102A3000969587952A95E1F7807E19830A8301157B
:102A4000104C10F48461D7CF8C61D5CFB6016D5F87
:102A50007F4FCE0101960E94AF830E94C983C601B9
:102A600028960FB6F894DEBF0FBECDBFDF91CF9191
:102A70001F910F91FF90EF90DF90CF90BF90AF909C
:102A8000089563E070E0CE0101960E94AF83F701E4
:102A900081917F010E94DE83AE14BF04C1F7DDCFB8
:102AA000CF93DF931F92CDB7DEB7898341E050E02B
:102AB000BE016F5F7F4F90E080E00E94A2940F9074
:102AC000DF91CF9108951F93CF93DF931F921F92B1
:102AD000CDB7DEB780918007811100C160E372E05D
:102AE00080E090E00E94D2AB1FB7F89480917F07FE
:102AF000811127C0E6EDF1E28491ECE2F2E29491DB
:102B0000E82FF0E0EE0FFF1FE359FE4DA591B491C1
:102B1000EC91E92321F461E085E30E9423AB61E0BD
:102B200085E30E9451AB8CB580618CBD8CB580640F
:102B30008CBD61E084E30E9451AB61E083E30E94BD
:102B400051AB80917F078F5F80937F071FBFEBEAB8
:102B5000F1E2E491F0E0EE0FFF1FE957FE4D8591A1
:102B6000949190937E0780937D07E1E0F2E2E491F7
:102B7000E0937C0761E08AE00E9451AB0E94C98328
:102B800080E591E00E9405A784E38093CE0880E869
:102B90000E9450950E94F9858823A1F188E00E9447
:102BA00050950E94F585883069F580E10E94509526
:102BB0000E94F585803131F580E00E9450950E9499
:102BC000F585182F81111EC08FE190E00E94D12160
:102BD0008330C1F480E480936B0742E06EE170E0E3
:102BE000812F0E94B42142E06FE170E0812F0E94AA
:102BF000B4211F5F183089F70E94F82281E080938A
:102C0000800766C087E38093CE0880E80E945095D5
:102C10000E94F9858823F9F088E00E9450950E946F
:102C2000F5858830C1F480E10E9450950E94F585B9
:102C3000182F803181F480E00E9450950E94F58524
:102C4000811109C089E390E00E94D121843019F4F8
:102C500010936B07D1CF83E38093CE0880E80E9466
:102C600050950E94F985882371F180E10E9450956A
:102C70000E94F585803139F582E10E9450950E94CD
:102C8000F585823101F580E00E9450950E94F5851E
:102C9000811119C084E080936B0715E51A8341E028
:102CA00050E0BE016E5F7F4F8BE190E00E94A294E6
:102CB000198341E050E0BE016F5F7F4F8AE190E0F1
:102CC0000E94A29499CF1092CE080E94F82280E030
:102CD0000F900F90DF91CF911F91089581E0F8CF71
:102CE0006F927F929F92AF92BF92CF92DF92EF92BC
:102CF000FF920F931F93CF93DF931F921F92CDB735
:102D0000DEB7982E8B013A01690122E030E0AE0176
:102D10004F5F5F4F64E270E00E94D222E980FA8048
:102D2000FE24EF24FE24E00EF11E9701377040913F
:102D3000CE08092D10E0C801433309F04CC00896B5
:102D4000982F8827990F990F990F820F931F473358
:102D500009F446C0A9014C0D5D1D4130584008F4EE
:102D60003FC060E078E05B01A21AB30AA501B3019D
:102D70000E94A294A6014A195B09B3016A0D7B1D4A
:102D80008091CE08833349F5085F1F4F000F000F75
:102D9000000F80E0902F0E94A294EC0CFD1CF982A1
:102DA000EA8222E030E0AE014F5F5F4F64E270E004
:102DB000892D0E94A3210F900F90DF91CF911F9139
:102DC0000F91FF90EF90DF90CF90BF90AF909F90CA
:102DD0007F906F9008954096B3CF005F1F4FD6CF7E
:102DE000A601B301D8CFEF92FF921F93CF93DF9349
:102DF0001F921F92CDB7DEB7182F22E030E0AE0150
:102E00004F5F5F4F60E270E00E94D222E980FA805B
:102E1000FE24EF24FE2422E030E0AE014F5F5F4F3E
:102E200060E270E0812F0E94D22289819A819827E6
:102E300089279827E816F90689F487E0189FF0019A
:102E40001124EA57F74FF582E482C7010F900F90E3
:102E5000DF91CF911F91FF90EF9008957C01DBCF20
:102E60001F93CF93DF93182F80E591E00E9405A771
:102E7000812F0E94F396EC01812F0E94F021182FE0
:102E80000E94F822173121F01C3111F0D0E0C0E08F
:102E9000CE01DF91CF911F910895CF92DF92EF92F3
:102EA000FF920F931F93CF93DF93182F7B01EA01BB
:102EB0004130584010F0C0E0D8E080E591E00E9439
:102EC00005A7812F0E94F3966C01812F0E94F021AB
:102ED000082F0E94F822073111F00C3169F5CC1649
:102EE000DD0658F380E591E00E9405A79E01A70149
:102EF00070E060E0812F0E94709660E270E0812FA8
:102F00000E94079462E070E0812F0E94E22184FD1C
:102F10001DC0812F0E94F021811111C00E94F82252
:102F2000D0E0C0E0CE01DF91CF911F910F91FF90D3
:102F3000EF90DF90CF900895D0E0C0E0D3CF0E9413
:102F4000F82280E591E00E9405A7DCCF40E162E035
:102F500070E0812F0E94B4210E94F822E3CF1F93DA
:102F6000CF93DF931F92CDB7DEB7182F80E591E0A6
:102F70000E9405A7812F0E94E58327E0129FF001A0
:102F80001124EA57F74F22813381377041E050E036
:102F9000BE016F5F7F4F820F931F0E9417940E94A4
:102FA000F82289810F90DF91CF911F9108950F939F
:102FB0001F93CF93DF93C82F27E0829F80011124B6
:102FC0000A57174FF80180819181009791F480E5AD
:102FD00091E00E9405A78C2F0E940F86EC010E94B1
:102FE000F822F80186819E01281B3109C90131832D
:102FF0002083DF91CF911F910F9108954F925F929F
:103000007F928F929F92AF92BF92CF92DF92EF9278
:10301000FF920F931F93CF93DF931F921F92CDB711
:10302000DEB7782E6B014A01A82EB12C27E0829FD3
:10303000C0011124FC01EA57F74F7F010081118183
:1030400080E591E00E9405A70815190554F4872D25
:103050000E940F86F70126818C01021B1109118342
:1030600000830115110529F5872D0E94F021843177
:1030700059F0882349F001E010E08C3111F410E0A0
:1030800000E01195019511090E94F822C8010F90E6
:103090000F90DF91CF911F910F91FF90EF90DF90F4
:1030A000CF90BF90AF909F908F907F905F904F9008
:1030B0000895801691060CF4840187E08A9DF00142
:1030C0008B9DF00D1124EA57F74FE280F380C11475
:1030D000D10451F12701F7E05F22872D0E94E5839B
:1030E000840D951D2091CE08273309F453C0980113
:1030F000240D351D2130384008F44CC020E038E064
:10310000490184189508A401B6010E94179426016C
:10311000480C591C6801C818D908872D0E94E583FE
:10312000A601B2010E941794E00EF11E87E08A9D6D
:10313000F0018B9DF00D1124EA57F74FF382E282E4
:1031400020813181201B310B318320838681800FC8
:10315000912F911D8A3F910510F4232BF1F487E004
:103160008A9DF0018B9DF00D1124EA57F74F1682CE
:10317000F982EA8222E030E0AE014F5F5F4F68E201
:1031800070E0872D0E94A32160E470E0872D0E94EB
:1031900007947ACFA801B601C5CF868375CFCF93A8
:1031A000C82F80E591E00E9405A768E070E08C2FB1
:1031B0000E940794CF910C94F822CF93C82F80E5FA
:1031C00091E00E9405A760E170E08C2F0E940794B7
:1031D000CF910C94F822CF93C82F80E591E00E9404
:1031E00005A78C2F0E94F021C82F0E94F8228C2F57
:1031F000CF910895CF93DF931F921F92CDB7DEB783
:1032000079836A8322E030E0AE014F5F5F4F60E177
:1032100070E00E94A3210F900F90DF91CF9108954D
:10322000CF93DF931F921F92CDB7DEB779836A8366
:1032300022E030E0AE014F5F5F4F64E070E00E943B
:10324000A3210F900F90DF91CF9108958F929F92BD
:10325000AF92BF92CF92DF92EF92FF920F931F93A4
:10326000CF93DF9300D000D000D01F92CDB7DEB750
:103270009091CE08992369F128E0F22E933311F44E
:1032800094E0F92E6B01082F80E591E00E9405A7DC
:103290009E012F5F3F4F5901490110E0812F0E948D
:1032A000F021F40181934F018823D9F01F5FF112BF
:1032B000F5CFF12CF50191915F019D3161F09831CD
:1032C00051F09A51923038F0F3941F11F3CF0E94CD
:1032D000F82218E05EC060E170E08F2D0E94079434
:1032E0001F2DE12EF12CF701EE0FFF1FE254F74FD7
:1032F000118210820E9446A7402F70E060E0812F6B
:103300000E94B4214FEF62E070E0812F0E94B4214F
:10331000B601CD2891F480912B0290912C02019658
:103320008115F0EC9F0708F448C090932C0280931D
:103330002B0260912B0270912C02812F0E94109918
:1033400061E070E0812F0E94079427E02E9DC0016C
:103350002F9D900D11249C012A57374F7901F901B7
:103360001182108222E030E0AE01475F5F4F68E2D9
:1033700070E0812F0E94D22289859A85982789271B
:103380009827F701938382831682158214820E9404
:10339000F822812F2A960FB6F894DEBF0FBECDBF5C
:1033A000DF91CF911F910F91FF90EF90DF90CF9021
:1033B000BF90AF909F908F90089580E090ECB5CF34
:1033C0008F7099278230910518F0029761F0089567
:1033D0008091200B9091210BDC01ED91FC910680F6
:1033E000F781E02D19948091220B9091230B009787
:1033F00091F0DC01ED91FC91008CF18DE02D19959F
:103400008091220B9091230BDC01ED91FC910488BB
:10341000F589E02DE7CF08958F929F92AF92BF92EA
:10342000CF92DF92EF92FF92CF93DF93EC014A01AC
:103430005B01C12CD12C7601CE010E94A4188823F7
:1034400099F0C814D904EA04FB0474F4CE010E9474
:103450006717892B89F38FEFC81AD80AE80AF80A88
:10346000CE010E944417E8CFDF91CF91FF90EF90FB
:10347000DF90CF90BF90AF909F908F9008952F9244
:103480003F924F925F926F927F928F929F92AF92F4
:10349000BF92CF92DF92EF92FF920F931F93CF9341
:1034A000DF9300D000D01F921F92CDB7DEB78C0102
:1034B0006B010E949C91019619F48FEF9FEF1DC044
:1034C000D801ED91FC910284F385E02DC801199596
:1034D0007C018F3F980789F3D801ED91FC91068418
:1034E000F785E02D682FC8011995B2E2EB16F104BB
:1034F000E9F4B601C8010E94209228960FB6F8940C
:10350000DEBF0FBECDBFDF91CF911F910F91FF9016
:10351000EF90DF90CF90BF90AF909F908F907F9073
:103520006F905F904F903F902F900895EDE2EE16D0
:10353000F10429F0C701C0970A9708F03DC1D801EE
:10354000ED91FC910284F385E02DC80119957C0171
:103550008F3F980709F4B1CF8D9799F5D801ED9178
:10356000FC910284F385E02DC80119957C01019638
:1035700009F4A3CFEFEFFFEFF887EF83C701C09700
:10358000812C912C54010A9708F5AAE0B0E0A5011E
:1035900094010E94BADA30E3E31AF1084701FF0C04
:1035A000AA08BB08860E971EA81EB91ED801ED9169
:1035B000FC910284F385E02DC80119957C01C09728
:1035C000E2CF21E030E038872F83D8CFBEE2EB1680
:1035D000F104F1F0C7018F7D85349105C9F0AF8109
:1035E000B885A50194010E94C5DAF601618772874A
:1035F0008387948782E08087D801ED91FC910684CF
:10360000F785E02D6E2DC801199590E080E075CF0B
:10361000C501B4010E9436D92B013C01312C212C6B
:10362000FEE2EF16F10499F5D801ED91FC910284C8
:10363000F385E02DC80119957C01312C212C20E067
:1036400030E040E251E4C301B2010E9495D94B0140
:103650005C01B70160537109072E000C880B990BB0
:103660000E9436D9A50194010E940FDB2B013C0179
:10367000B1E02B1A3108D801ED91FC910284F38559
:10368000E02DC80119957C01C0970A97C0F2C701C7
:103690008F7D8534910509F040C0D801ED91FC91F2
:1036A0000284F385E02DC80119957C01D801ED91C4
:1036B000FC918B32910519F50284F385E02DC80148
:1036C00019957C01E1E0EE83B12CA12C8AE0982EC3
:1036D000D801ED91FC91C701C0978A30910508F59A
:1036E0009A9C90019B9C300D11245C01A20EB31E8C
:1036F0000284F385E02DC80119957C01E9CF8D97EF
:1037000049F40284F385E02DC80119957C013FEF4F
:103710003E83DACF81E08E83D7CFB1E0BE83B12C78
:10372000A12CEF81F885BF01FF0F880B990B0E9438
:1037300036D9A30192010E9495D92B013C01B50114
:10374000BB0C880B990B0E9436D94B015C01FE81A2
:103750006F2FFF0F770B880B990B0E9436D99B01B7
:10376000AC01C501B4010E9495D94B015C01B101C6
:10377000330C880B990B0E9436D99B01AC01C50113
:10378000B4010E940FDB9B01AC0160E070E080E2BD
:1037900091E40E9428DC9B01AC01C301B2010E94AC
:1037A00095D9D60119966D937D938D939C931C9713
:1037B00083E018968C9320CFBBE5EB16F10409F05B
:1037C00060C0D801ED91FC910284F385E02DC80121
:1037D00019958B35910509F070CE85E0F60180874B
:1037E000C8010E949C91D801ED91FC910284F3855F
:1037F000E02DC80119958D35910509F406CFD80142
:10380000ED91FC910684F785E02D682FC80119958C
:10381000BB24BA940E941D937C01009709F44DCEFD
:10382000BB2031F1F60197838683C8010E949C91E9
:10383000B701C8010E943F9A892B09F03ECEC8010A
:103840000E949C91D801ED91FC910284F385E02DBA
:10385000C8011995B12C47018C329105D9F221E0AC
:1038600030E08D35910509F08BC030E020E088C054
:10387000D40113969C938E931297FC0195828482B7
:10388000D4CFBBE7EB16F10409F088C0D801ED9165
:10389000FC910284F385E02DC80119958B379105C1
:1038A00009F00BCE86E0F6018087C8010E949C914A
:1038B000D801ED91FC910284F385E02DC8011995A2
:1038C0008D37910509F4A1CED801ED91FC910684C4
:1038D000F785E02D682FC801199599249A940E94C4
:1038E0001D937C01009709F4E8CD992009F44DC09F
:1038F000F60197838683C8010E949C91B701C80195
:103900000E942092019609F4D8CDC8010E949C9192
:10391000D70119968D919C911A9711969C938E932D
:103920001A961C921E921997D801ED91FC9102846F
:10393000F385E02DC8011995CA9709F0BECDC801DD
:103940000E949C91B701C8010E943F9A019609F418
:10395000B4CDC8010E949C91D801ED91FC910284E4
:10396000F385E02DC8011995912C57018C329105F2
:1039700009F4B5CF21E030E08D37910509F475CF1A
:1039800088279927821B930BB8CDD50113969C935A
:103990008E931297FC01B582A482ADCFBEE6EB16E2
:1039A000F10411F519821A821B821C82D801ED9153
:1039B000FC910484F585E02D44E050E0BE016F5F8A
:1039C0007F4FC8011995049709F077CD44E050E086
:1039D0006CE876E0CE0101960E9471DF009709F055
:1039E0006CCDF601108689CDF6E6EF16F10431F5BF
:1039F0009E012F5F3F4F790185E0D9011D928A9585
:103A0000E9F7D801ED91FC910484F585E02D45E0BE
:103A100050E0B901C8011995059709F04ECD45E070
:103A200050E061E976E0C7010E9471DF009709F07C
:103A300044CD21E0F601208711865FCDF4E7EF1633
:103A4000F10409F03ACD19821A821B821C82D80136
:103A5000ED91FC910484F585E02D44E050E0BE0139
:103A60006F5F7F4FC8011995049709F026CD44E098
:103A700050E067E976E0CE0101960E9471DF009781
:103A800009F01BCD21E0F6012087218736CD0F9369
:103A90001F93CF93DF93EC018B01892B81F00E8074
:103AA000DF81C02D209759F0B801888199810E944B
:103AB00028DF892B21F00A80DB81C02DF3CFCE01D6
:103AC000DF91CF911F910F9108958091EA0A909113
:103AD000EB0A009711F480E02FC0DC01ED91FC911E
:103AE0000688F789E02D199520910D0B30910E0B6A
:103AF00081111FC0232B79F78DEF9FEF90930E0B51
:103B000080930D0B8091EA0A9091EB0ADC01ED9114
:103B1000FC910680F781E02D19958091EA0A909139
:103B2000EB0ADC01ED91FC910488F589E02D1995F3
:103B3000D2CF81E0232B79F60895CF93DF93EC0168
:103B4000FA013296E60FF71FDC019D012C1B3D0B9D
:103B5000CF01861B970B4D91442311F04193F5CF74
:103B6000AC01421B530B640F751FFB01329730836E
:103B700061507109FB012083DF91CF910895009777
:103B800061F0FC0186819781009739F0662329F066
:103B90006150FC0182819381F7CF0895CF92DF922B
:103BA000EF92FF92DC011196EC911197EF70EC30DF
:103BB00098F4F0E08827E052F2468F4F0C94F0DA48
:103BC000539E099E099EEC9DEC9DEC9D369E0D9E9C
:103BD000EC9DEC9DF39DF39D8FEF9FEFFF90EF9099
:103BE000DF90CF90089514968D919D910D90BC918A
:103BF000A02D8F3F9105A105B10529F024F08FEF8D
:103C000090E0A0E0B0E0B7FFE9CF80E090E0DC0119
:103C1000E5CF14968C9190E0E1CF1496CD90DD9095
:103C2000ED90FC90179720E030E0A901C701B601A4
:103C30000E942FD987FD11C020E030E04FE753E408
:103C4000C701B6010E9423DC181654F4C12CD12CF4
:103C50008FE7E82E83E4F82E03C0C12CD12C760127
:103C6000C701B6010E94EDDBCB01B8CF14966D9170
:103C70007D918D919C91179724E630E040E050E0D3
:103C80000E949BDA2F3F31054105510529F024F0B0
:103C90002FEF30E040E050E057FF03C020E030E07D
:103CA000A901C9019BCF90E080E098CF0F931F93AB
:103CB000CF93DF93CDB7DEB762970FB6F894DEBF30
:103CC0000FBECDBF8C01CB01F8011182108213828F
:103CD00012821582148240E1BE016F5F7F4F0E9405
:103CE000B6D3BE016F5F7F4FC8010E94968862966F
:103CF0000FB6F894DEBF0FBECDBFDF91CF911F91FD
:103D00000F910895E091450BF091460B128A118AAC
:103D1000148A138A24E830E035872487168620E049
:103D200030E3308B2787858B81E090E00895CF9337
:103D3000DF938091450B9091460B892B99F182E797
:103D40000E94829E8091450B9091460BDC01ED9183
:103D5000FC910088F189E02D70E060E01995CAE2DD
:103D6000D3E08091450B9091460BDC01ED91FC91E5
:103D7000B3E0CE32DB07C1F00284F385E02D199564
:103D80002991022E000C330B8217930751F3809177
:103D9000450B9091460BDC01ED91FC910488F5896F
:103DA000E02D199580E005C00488F589E02D19956E
:103DB00081E0DF91CF910895AF92BF92CF92DF92D1
:103DC000EF92FF920F931F93CF93DF935C017B01E0
:103DD0008B01040F151FEB016E01CE18DF08C01711
:103DE000D10741F0C5010E945C891816190614F428
:103DF0008993F2CFC601DF91CF911F910F91FF9070
:103E0000EF90DF90CF90BF90AF900895CF93DF9366
:103E10002091450B3091460B232B11F480E041C0DB
:103E2000EC010E94979E8823C9F3FE0101900020B7
:103E3000E9F73197EC1BFD0B709780F782E70E9442
:103E4000829E8091450B9091460BDC01ED91FC9197
:103E50000088F189E02D60E470E01995BE01809141
:103E6000450B9091460B0E94608B8091450B909181
:103E7000460BDC01ED91FC910190F081E02D60E0BA
:103E80001995EC018091450B9091460BDC01ED9169
:103E9000FC910488F589E02D199581E0CD2B09F47A
:103EA000BDCFDF91CF910895CF93DF932091450B44
:103EB0003091460B232B11F480E041C0EC010E94AD
:103EC000979E8823C9F3FE0101900020E9F73197FE
:103ED000EC1BFD0B709780F782E70E94829E809119
:103EE000450B9091460BDC01ED91FC910088F18926
:103EF000E02D60E570E01995BE018091450B909131
:103F0000460B0E94608B8091450B9091460BDC0123
:103F1000ED91FC910190F081E02D60E01995EC01AC
:103F20008091450B9091460BDC01ED91FC9104884A
:103F3000F589E02D199581E0CD2B09F4BDCFDF91F6
:103F4000CF9108950F931F93CF93DF9300D01F92CB
:103F5000CDB7DEB7FC0182819381A481B5818983CD
:103F60009A83AB83BC838091450B9091460B892B40
:103F700011F480E033C00E94979E8823D1F382E73A
:103F80000E94829E8091450B9091460BDC01ED9141
:103F9000FC910088F189E02D60E170E01995809135
:103FA000450B9091460BDC01ED91FC910280F38171
:103FB000E02D44E050E0BE016F5F7F4F19958C010A
:103FC0008091450B9091460BDC01ED91FC910488AA
:103FD000F589E02D199581E0012B59F20F900F9092
:103FE0000F900F90DF91CF911F910F9108950F9334
:103FF0001F93CF93DF9300D01F92CDB7DEB7FC01A4
:1040000082819381A481B58189839A83AB83BC83A8
:104010008091450B9091460B892B11F480E033C0C1
:104020000E94979E8823D1F382E70E94829E80910E
:10403000450B9091460BDC01ED91FC910088F189D4
:10404000E02D6CE170E019958091450B9091460B45
:10405000DC01ED91FC910280F381E02D44E050E021
:10406000BE016F5F7F4F19958C018091450B909138
:10407000460BDC01ED91FC910488F589E02D199542
:1040800081E0012B59F20F900F900F900F90DF916C
:10409000CF911F910F9108950F931F93CF93DF93AB
:1040A00000D01F92CDB7DEB7FC0182819381A4813D
:1040B000B58189839A83AB83BC838091450B9091B2
:1040C000460B892B11F480E033C00E94979E882311
:1040D000D1F382E70E94829E8091450B9091460B1E
:1040E000DC01ED91FC910088F189E02D64E170E044
:1040F00019958091450B9091460BDC01ED91FC9157
:104100000280F381E02D44E050E0BE016F5F7F4FFD
:1041100019958C018091450B9091460BDC01ED9136
:10412000FC910488F589E02D199581E0012B59F265
:104130000F900F900F900F90DF91CF911F910F91E3
:1041400008950F931F93CF93DF9300D01F92CDB7A5
:10415000DEB7FC0182819381A481B58189839A8332
:10416000AB83BC838091450B9091460B892B11F456
:1041700080E033C00E94979E8823D1F382E70E949B
:10418000829E8091450B9091460BDC01ED91FC9154
:104190000088F189E02D68E170E019958091450B68
:1041A0009091460BDC01ED91FC910280F381E02DB2
:1041B00044E050E0BE016F5F7F4F19958C01809104
:1041C000450B9091460BDC01ED91FC910488F5893B
:1041D000E02D199581E0012B59F20F900F900F906F
:1041E0000F90DF91CF911F910F910895CF93DF939F
:1041F00000D01F92CDB7DEB719821A821B821C82B3
:1042000087E789838091450B9091460B892B51F16B
:104210000E94979E882331F182E70E94829E8091BE
:10422000450B9091460BDC01ED91FC910088F189E2
:10423000E02D6CE070E0199544E050E0BE016F5F46
:104240007F4F8091450B9091460B0E94B2898091DF
:10425000450B9091460BDC01ED91FC910488F589AA
:10426000E02D199569817A818B819C810F900F9047
:104270000F900F90DF91CF9108950F931F93CF93DD
:10428000DF9300D01F92CDB7DEB769837A838B832B
:104290009C838091450B9091460B892B11F480E013
:1042A00033C00E94979E8823D1F382E70E94829EAA
:1042B0008091450B9091460BDC01ED91FC910088BB
:1042C000F189E02D6CE070E019958091450B90919B
:1042D000460BDC01ED91FC910280F381E02D44E07E
:1042E00050E0BE016F5F7F4F19958C018091450BA7
:1042F0009091460BDC01ED91FC910488F589E02D4D
:10430000199581E0012B59F20F900F900F900F90AB
:10431000DF91CF911F910F910895CF93C82F0E94E5
:10432000F6A0C0FB72F9CF910C943DA1CF93C82F9A
:104330000E94F6A07E7FC0FF7160CF910C943DA1DA
:10434000CF93C82F0E94F6A0CF70607F6C2BCF91C7
:104350000C943DA1CF93C82F0E94F6A0C295C07FB8
:104360006F706C2BCF910C943DA1AB01770F660B56
:10437000770B2AE030E00C94D68ACF93DF93EC01E0
:104380000E94923C8823A1F0EA85E83188F4E1306C
:1043900028F0E33010F0E13109F4E0E0F0E0EE0F56
:1043A000FF1FE75AF34F80819181DF91CF910895EC
:1043B00090E080E0FACF0097D9F061157105C1F067
:1043C000DC011696ED91FC911797309731F4179612
:1043D0007C936E9316970895FC01828193810097D8
:1043E000D9F773836283DB011596FC93EE931497E0
:1043F00008950E941D93009721F0FC012085207FE5
:104400002087FC0120852F7020870895009761F098
:10441000DC011696ED91FC9180E0309731F08F5FD2
:104420000280F381E02DF9CF80E00895CF93DF93F0
:10443000FC01C481D5812097C1F088858F708230BE
:1044400029F489859A85DF91CF910895853069F4A3
:10445000CE010E9406A2882341F060E0CE010E94B6
:10446000BF9DFC0181859285EECF90E080E0EBCF8F
:10447000DF92EF92FF920F931F93CF93DF93EC01A4
:104480007B0140E050E20E941F41D82E811173C091
:1044900061E376E28AE19CE00E94B78BD7011B962C
:1044A0008D919C91009709F43FC0DC01ED91FC9146
:1044B000008CF18DE02D19958C0190E002311105F1
:1044C00020F4F801E85EFC4F90819F708981807F25
:1044D000892B898366E276E28AE19CE00E94B78BB1
:1044E000B8018AE19CE00E94B5A16EE176E28AE122
:1044F0009CE00E94B78B69816F704AE050E08AE1CE
:104500009CE00E94348A8AE19CE00E94308A898182
:104510008F70843068F48230B8F58130D9F11C8214
:104520001D821E821F8215C0F701028510E0C5CFD3
:10453000883039F0893099F780E090E0A6E9B2E45C
:1045400004C080E090E0A0EAB1E48C839D83AE8358
:10455000BF8340E050E2B701CE010E949F3CCE01F4
:104560000E94A42E30E020E040E058E260E070E0DD
:10457000C7010E949B418D2DDF91CF911F910F911B
:10458000FF90EF90DF90089584E68E838F818E7F79
:104590008F831D828FEF8C83DCCF8A3029F08031AE
:1045A000A9F0F0E0E0E010C089E090E00E9401D1C5
:1045B000FC011382128280EE92E091838083158247
:1045C0001482168210861782CF0108958BE090E046
:1045D0000E9401D1FC01138212828EEF92E091833E
:1045E0008083F2CF8F929F92AF92BF92CF92DF9251
:1045F000EF92FF920F931F93CF93DF936115710595
:1046000019F490E080E0D7C0DB011896EC91189780
:10461000EF70E830B0F7EC01F0E08827ED5EFC4584
:104620008F4F0C94F0DA1BA32CA335A34CA3BEA38D
:10463000D0A309A435A36CE876E0CE01DF91CF9139
:104640001F910F91FF90EF90DF90CF90BF90AF90B0
:104650009F908F900C94D58919968C9161E976E0A2
:10466000882359F367E976E0E8CF19964D915D917B
:104670006D917C911C972AE030E0CE01DF91CF91C3
:104680001F910F91FF90EF90DF90CF90BF90AF9070
:104690009F908F900C94D68A1996CD90DD90ED90D6
:1046A000FC901C9720E030E0A901C701B6010E94F0
:1046B0002FD987FF09C06AE574E0CE010E94608BA4
:1046C000F7FAF094F7F8F094C701B6010E94F4DB12
:1046D0004B015C012AE0BC01A401CE010E94E489E7
:1046E00064E176E0CE010E94608BC501B4010E94B6
:1046F00034D99B01AC01C701B6010E940EDB2AE050
:1047000037ED43EA5BE30E940FDB20E030E040E25C
:1047100051E40E9495D94B015C010E94F4DB6B01CE
:10472000F12CE12C2AE0B701A601CE010E94E48918
:10473000C701B6010E9434D99B01AC01C501B40187
:104740000E940EDB6B017C0120E030E0A9010E9499
:104750002FD9882309F455CF20E030E040E251E41E
:10476000C701B6010E9495D90E94F4DBAB0170E04D
:1047700060E02AE0CE010E94E48943CF19966D9152
:104780007C91CE01DF91CF911F910F91FF90EF901F
:10479000DF90CF90BF90AF909F908F900C94D0916E
:1047A00016960D911C916BE5CE010E94CF8A019661
:1047B00079F48FEF9FEFDF91CF911F910F91FF90D1
:1047C000EF90DF90CF90BF90AF909F908F90089523
:1047D0000115110579F0B801CE010E94F2A20196EF
:1047E00041F3D80112960D911C910115110511F09C
:1047F0006CE2DACF6DE5CE010E94CF8A21E030E095
:10480000019611F030E020E088279927821B930B56
:10481000D2CF16960D911C916BE7CE010E94CF8AE4
:10482000019639F20115110529F1D8016D917C919C
:10483000CE010E94D091019609F4BBCF6AE3CE016C
:104840000E94CF8A019609F4B4CFB801CE010E942C
:10485000F2A2019609F4ADCFD80112960D911C91E8
:104860000115110539F06CE2CE010E94CF8A019644
:10487000C9F69FCF6DE7BFCF6F927F928F929F92C5
:10488000AF92CF92DF92EF92FF920F931F93CF934D
:10489000DF93CDB7DEB7C454D1090FB6F894DEBFAD
:1048A0000FBECDBF25967FAF6EAF259723961FAE67
:1048B0001EAE2397672B09F4A5C24C010E94D7298D
:1048C0006B0188ECC816D10434F560E076E283E72A
:1048D0009BE00E94B78BB60183E79BE00E94B5A1E5
:1048E00083E79BE00E94308A8FEF9FEFCC5BDF4F26
:1048F0000FB6F894DEBF0FBECDBFDF91CF911F91F1
:104900000F91FF90EF90DF90CF90AF909F908F909E
:104910007F906F900895F4018585882331F0C4015C
:104920000D9623969FAF8EAF23972396EEADFFADE6
:104930002397309791F5F401E58CF68CE114F1049E
:10494000B9F560E470E025968EAD9FAD25970E9485
:1049500046DFA12C009741F0FC0111922596FFAF94
:10496000EEAF2597AA24A394D12CC12C25966EAC2A
:104970007FAC259783010C0D1D1DF80180818823D4
:1049800009F44BC0082E000C990B0E94DEDEF801E2
:104990008083FFEFCF1ADF0AE9CF8081882359F2A5
:1049A000CE018F5B9F4F0E946F3C7C01892B19F2D7
:1049B000FDE0EF16F10429F625962EAD3FAD2597C3
:1049C00019861A861B861C861D861E861F86188AD7
:1049D0008A85807F8C608A873E872D876DE0CE0137
:1049E00009960E94F02E29833A834B835C836D8362
:1049F0007E838F8398872396EEACFFAC2397A12C00
:104A0000C12C09851A852B853C854D855E856F8572
:104A10007889C4010E943A4769CF6114710481F119
:104A2000F3018081882361F18D3209F47DC090ED1E
:104A3000980F9A3008F478C008E010E0853211F140
:104A40000EEF1FEF8B37F1F007E110E08332D1F06A
:104A500089EFC82E84E2D82E01E010E0C6010E9442
:104A60004AD3AC01B601C3010E9463D3892B51F034
:104A70000F5F1F4FFAE0CF0ED11C0A31110571F7FD
:104A80000FEF1FEF19AE1AAE1BAE1CAE21961CAE77
:104A90001DAE1EAE1FAE21978AAD807F8AAF09AFD3
:104AA00085E0E816F10409F442C096E0E916F10445
:104AB00011F407E110E0DE2C6E2DCE01C9960E94A4
:104AC000F02E29873A874B875C876D877E878F8793
:104AD000988B0A30110574F5083011050CF06DC182
:104AE0000E3FEFEF1E0744F00F3FFFEF1F0709F0E7
:104AF0000CF488C1012B91F1CE018D5B9F4F0E9478
:104B0000182B611571058105910551F02AAD207FA3
:104B10002A602AAF21966CAF7DAF8EAF9FAF2197F1
:104B2000C12CF12CE12C6BC010E000E0ABCF08E110
:104B300010E0C1CF0731110509F4F2C008311105A9
:104B4000D9F660E0CE01C9960E94122F298B3A8BCC
:104B50004B8B5C8B6D8B7E8B8F8B988FCE018D5B9F
:104B60009F4F0E94F32929833A834B835C836D8393
:104B70007E838F8398876D2DCE0101960E94F02E43
:104B8000298F3A8F4B8F5C8F6D8F7E8F8F8F98A37D
:104B90008A818F70D82E3E0181E2680E711C10E070
:104BA00000E025968EAD9FAD2597892B79F00330D7
:104BB000110561F0CE018D5B9F4F0E94182B0F5F96
:104BC0001F4FF301619371933F01EBCFFBE0EF16B1
:104BD000F10401F18CE0E816F10479F19AE0E916AC
:104BE000F104A1F5CE0101960E94E632CE01C996EC
:104BF0000E94513C2396EEACFFAC2397C12C09AD2B
:104C00001AAD2BAD3CAD4DAD5EAD6FAD21967FAD18
:104C10002197FFCECE0101960E94E6328AAD982FF1
:104C20009F7039F0923031F7653608F064E66EAF68
:104C3000E1CF807F82608AAFF7CFCE0101960E94DC
:104C4000E632CE01C9960E948E37D4CF81E090E043
:104C5000D11002C090E080E0800F911F823091055A
:104C6000A9F16CF4019741F163EF75E283E79BE0F2
:104C70000E94B78B83E79BE00E94308ABBCF8330D2
:104C80009105C1F1049781F71BA109A1CE010196FD
:104C90000E94E6328AAD807F82608AAF6FAF219634
:104CA0008FAD219770FB80F921968FAF21970EAFC2
:104CB0001DAF6DA17EA1C5CF88E0FE013196DE015A
:104CC000D99601900D928A95E1F794CF19A1CE0162
:104CD00001960E94E6328AAD807F83608AAF6FAF13
:104CE00021968FAD219770FB80F921968FAF219788
:104CF0001EAF80CF1BA109A1CE0101960E94E63212
:104D00008AAD807F82608AAF6FAF21968FAD219789
:104D100070FB80F921968FAF21970EAF1DAF6ACF40
:104D200060E0CE01C9960E94122F29A33AA34BA39B
:104D30005CA36DA37EA38FA398A7FE0131967F018C
:104D400010E000E025968EAD9FAD2597892B79F078
:104D50000430110591F0CE018D5B9F4F0E94182BFE
:104D60000F5F1F4FF701619371937F01EBCF03300A
:104D7000110591F004301105C9F49F812D813B810B
:104D800049818AAD807F85608AAF4FAF3EAF2DAF3E
:104D900021969FAF21970AC09D812B8139818AADD1
:104DA000807F84608AAF3FAF2EAF9DAF2396EEAC7D
:104DB000FFAC2397CC24C39422CFCE018D5B9F4FB1
:104DC0000E94F32929833A834B835C836D837E831E
:104DD0008F839887602FCE0101960E94122F6E2D2F
:104DE000CE0101960E94F02E2396EEACFFAC2397E5
:104DF000C12C09811A812B813C814D815E816F819B
:104E0000788507CE90E080E071CD8CBD9DBD089582
:104E1000EF92FF920F931F93CF93DF9300D01F92D7
:104E2000CDB7DEB71092CF0802967C0110E000E00B
:104E3000F70181917F014AE0BE016F5F7F4F90E0F3
:104E40000E94B6D340E150E0BE016F5F7F4F8FEC10
:104E500098E00E9461DF0330110531F064E176E0F3
:104E60008FEC98E00E943BDF0F5F1F4F043011056D
:104E7000F9F68FEC98E00F900F900F900F90DF9164
:104E8000CF911F910F91FF90EF90089583EE93E0E3
:104E90000197F1F708950F931F93CF93DF93EC01E0
:104EA000209701F10A811B81888583FD06C08E81D0
:104EB0009F81009711F00E944BA788858F708430E6
:104EC00031F489859A85009711F00E946B91888151
:104ED0009981009711F00E946B91CE010E949DD1A3
:104EE000E801DECFDF91CF911F910F9108950F93CD
:104EF0001F93CF93DF938C010E941D93EC01892BAC
:104F000071F0C8010E949C91BE01C8010E943F9AA5
:104F1000019629F4CE010E944BA7D0E0C0E0CE015B
:104F2000DF91CF911F910F9108954F925F926F92F1
:104F30007F928F929F92AF92BF92CF92DF92EF9229
:104F4000FF926B017C01AC019B010E9483DC6CE948
:104F500076E0811126C046015701E894B7F82FEF9B
:104F60003FEF4FE75FE7C501B4010E9483DC811189
:104F70000CC02FEF3FEF4FE75FE7C501B4010E9480
:104F80002FD960EA76E0181664F02FEF3FEF4FE775
:104F90005FE4C701B6010E9423DC181694F464EAAA
:104FA00076E08AE19CE0FF90EF90DF90CF90BF9099
:104FB000AF909F908F907F906F905F904F900C94E8
:104FC000D5892FEF3FEF4FE75FECC701B6010E9495
:104FD0002FD987FDE4CF20E030E0A901C701B60159
:104FE0000E942FD9B12CA12C87FF0AC06DE28AE163
:104FF0009CE00E94CF8A5C01F7FAF094F7F8F094F5
:105000002AE037ED43EA5BE3C701B6010E940FDBFC
:105010002B013C010E94F4DB6B017C010E9434D91E
:105020009B01AC01C301B2010E940EDB2B013C01CC
:105030002AE0B701A6018AE19CE00E94E4897C0194
:10504000EA0CFB1C6EE28AE19CE00E94CF8AE80E2B
:10505000F91E20E030E040E251E4C301B2010E94B9
:1050600095D92B013C010E94F4DB4B01B12CA12C02
:105070002AE0B501A4018AE19CE00E94E489E80EDF
:10508000F91EC501B4010E9434D99B01AC01C301D2
:10509000B2010E940EDB20E030E040E251E40E94C9
:1050A00095D90E94F4DBAB0170E060E02AE08AE170
:1050B0009CE00E94E4898E0D9F1DFF90EF90DF9091
:1050C000CF90BF90AF909F908F907F906F905F90A8
:1050D0004F90089520E3FC0120833296862F82951D
:1050E0008F706F706A3030F4605D6293682F811149
:1050F000F5CF0895695CF9CFCF92DF92EF92FF92DE
:105100000F931F93CF93DF936C01EB017A01890119
:105110000E946395882331F180E591E00E9405A704
:1051200046E050E06DE47BE089E090E00E94A294CC
:10513000C60102960E94E322C70102960E94F12254
:10514000C80102960E94EA220E94F8228A819B816D
:10515000AC81BD818093E20A9093E30AA093E40AB4
:10516000B093E50ADF91CF911F910F91FF90EF90DF
:10517000DF90CF900895CF92DF92EF92FF92CF937E
:10518000DF93CDB7DEB768970FB6F894DEBF0FBEDA
:10519000CDBFFA012FE034E03A8329835FEF5B83D0
:1051A0005C835D831E8238872F83C280D380E48036
:1051B000F580C986DA86EB86FC863E872D87FB0163
:1051C00042815381648175814F87588B698B7A8BBB
:1051D0003C8B2B8BFC0182819381A481B5818D8BCB
:1051E0009E8BAF8BB88F9E012F5F3F4FAE01495F03
:1051F0005F4FBE01635F7F4FCE0143960E947CA844
:1052000068960FB6F894DEBF0FBECDBFDF91CF9189
:10521000FF90EF90DF90CF9008950F931F93CF935F
:10522000DF93CDB7DEB768970FB6F894DEBF0FBE39
:10523000CDBFFB01DC0112964D915D916D917C918A
:1052400015974D8B5E8B6F8B788F8FE094E09A83F0
:10525000898321E0288F0D891E892F89388D0B8342
:105260001C832D833E8398878F8302811381248141
:10527000358109871A872B873C879E878D874F87C3
:10528000588B698B7A8BAE014F5F5F4FBE01695FB0
:105290007F4FCE010D960E94BBA868960FB6F8947A
:1052A000DEBF0FBECDBFDF91CF911F910F9108954B
:1052B000CF93DF93CDB7DEB762970FB6F894DEBF1A
:1052C0000FBECDBFFC0182819381A481B5818F8700
:1052D000988BA98BBA8B2FE034E03A83298341E085
:1052E0004A8B4F85588969897A894B835C836D83A2
:1052F0007E8338872F8389879A87AB87BC87BE01D7
:105300006F5F7F4FCE0107960E940DA962960FB680
:10531000F894DEBF0FBECDBFDF91CF910895EF921D
:10532000FF920F931F93CF93DF93CDB7DEB7C05497
:10533000D1090FB6F894DEBF0FBECDBF7C010E942D
:10534000659D282F882329F1F70101900020E9F7B6
:1053500031978F010E191F0981E3898382E0800F45
:105360008A831B820C834BE350E0B701CE01059684
:105370000E947FDFA80155274C5F5F4FBE016F5F22
:105380007F4F86EE9AE00E94F38321E0892B09F497
:1053900020E0822FC05CDF4F0FB6F894DEBF0FBE57
:1053A000CDBFDF91CF911F910F91FF90EF900895A6
:1053B0008F929F92AF92BF92CF92DF92EF92FF9225
:1053C0000F931F93CF93DF93CDB7DEB760970FB6E0
:1053D000F894DEBF0FBECDBF7C019091CE0899231B
:1053E00051F108E0933309F404E06B0180E591E0AA
:1053F0000E9405A79E012F5F3F4F5901490110E010
:10540000812F0E94F021F40181934F018823D9F06C
:105410001F5F0113F5CF00E0F50181915F018D3130
:1054200061F0883151F08A51823038F00F5F1013EB
:10543000F3CF0E94F82218E088C060E170E0802F6E
:105440000E940794102FA12EB12CF501EE0FFF1F23
:10545000E254F74F118210820E9446A742E870E0A2
:1054600060E0812F0E94B4214FEF62E070E0812F55
:105470000E94B421B601C114D10491F480912B0291
:1054800090912C0201968115F0EC9F0708F471C0F1
:1054900090932C0280932B0260912B0270912C022E
:1054A000812F0E94109986E0E5EDF2E0DE01199669
:1054B00001900D928A95E1F7F70183818F778C87B0
:1054C00084818D8785818E87A7014E5F5F4F24E0A1
:1054D00030E06CE070E0812F0E94A321B601812FA3
:1054E0000E94FA9826E030E0AE01475F5F4F66E029
:1054F00070E0812F0E94A32161E070E0812F0E9463
:10550000079427E02A9DC0012B9D900D11249C013A
:105510002A57374F7901F9011182108222E030E0D9
:10552000AE01415F5F4F68E270E0812F0E94D2229E
:105530008F859889982789279827F70193838283F5
:105540001682158214820E94F822812F60960FB66F
:10555000F894DEBF0FBECDBFDF91CF911F910F91A9
:10556000FF90EF90DF90CF90BF90AF909F908F9083
:10557000089580E090EC8CCF8250823108F05FC0BB
:10558000E82FF0E08827E853F5458F4F0C94F0DAC8
:105590001CAB20ABDAAAE0AAE4AA1FABE8AAEEAAE9
:1055A000F2AAF8AAFCAA00AB06AB0AAB1FAB0EAB83
:1055B00014AB18AB809180008F77809380000895A2
:1055C000809180008F7DF9CF80918000877FF5CF1B
:1055D0008091B0008F778093B00008958091B000E3
:1055E0008F7DF9CF809190008F7780939000089500
:1055F000809190008F7DF9CF80919000877FF5CFCB
:105600008091A0008F778093A00008958091A000E2
:105610008F7DF9CF8091A000877FF5CF8091200109
:105620008F77809320010895809120018F7DF9CF9D
:1056300080912001877FF5CF84B58F7784BD089551
:1056400084B58F7DFBCF1F93CF93DF93282F30E05E
:10565000F901E35BFD4D8491F901E950FE4DD491D0
:10566000F901EF55FE4DC491CC23A9F0162F8111FD
:105670000E94BCAAEC2FF0E0EE0FFF1FE957FE4D91
:10568000A591B4918FB7F894EC91111108C0D09501
:10569000DE23DC938FBFDF91CF911F910895DE2B26
:1056A000F8CFCF93DF9390E0FC01E950FE4D2491B9
:1056B0008F559E4DFC0184918823C9F090E0880F9E
:1056C000991FFC01E359FE4DA591B491FC01E957E6
:1056D000FE4DC591D49161110DC09FB7F8948C9186
:1056E000209582238C938881282328839FBFDF9174
:1056F000CF910895623051F49FB7F8943C91822F76
:10570000809583238C93E8812E2BEFCF8FB7F8946D
:10571000EC912E2B2C938FBFEACF803120F0853374
:1057200008F485E3865320917B00982F9870277F9B
:10573000922B90937B008770806480937C00809193
:105740007A00806480937A0080917A0086FDFCCF95
:10575000809178009091790008953FB7F8948091F6
:10576000920C9091930CA091940CB091950C26B54D
:10577000A89B05C02F3F19F00196A11DB11D3FBF89
:10578000BA2FA92F982F8827BC01CD01620F711D58
:10579000811D911D42E0660F771F881F991F4A9552
:1057A000D1F708958F929F92AF92BF92CF92DF92DE
:1057B000EF92FF924B015C010E94ADAB6B017C014B
:1057C0000E94ADAB6C197D098E099F09683E73403C
:1057D00081059105A8F321E0821A9108A108B1087A
:1057E00088EEC80E83E0D81EE11CF11C81149104E0
:1057F000A104B10429F7FF90EF90DF90CF90BF9004
:10580000AF909F908F9008952FB7F89460918E0C71
:1058100070918F0C8091900C9091910C2FBF0895F6
:10582000EF92FF920F931F93CF93DF9300D01F92BD
:10583000CDB7DEB7FA0120E08E010F5F1F4F9E2F1C
:105840009F77EE0FEF2FEE1FFF0BF195309709F0CA
:105850009068D801A20FB11D9C932F5F309779F704
:1058600030E0FB01E21BF30B8483FB01E21BF30B33
:105870003596D801CD01801B910B821793071CF43C
:105880008D918193F7CF2F5F3F4F8091EA0A9091DE
:10589000EB0A8901040F151F621B730B6B5F7F4FAF
:1058A000DC01ED91FC910280F381E02DA8011995B6
:1058B0007C010E9404AC6093F60A7093F70A80930F
:1058C000F80A9093F90A81E00E151F0509F080E0AF
:1058D0000F900F900F900F90DF91CF911F910F912C
:1058E000FF90EF900895AF92BF92CF92DF92FF9218
:1058F0000F931F93CF93DF936C01EB018A01F22E7C
:105900000E94659D882309F442C0A090EE0AB090E1
:10591000EF0AB501C6010E9484D39801295F3F4F69
:10592000820F931FA816B90690F16091EC0A70914E
:10593000ED0A45E050E0C6010E949D9DAC019E012C
:10594000200F311FFE01EC01CE1BDF0BDE01AE0F7D
:10595000BF1F6091EC0A7091ED0AE217F30729F07E
:105960008191A60FB71F8C93F1CF0550110980E3E9
:10597000F11081E3400F511FDF91CF911F910F91E3
:10598000FF90DF90CF90BF90AF900C9410AC80E070
:10599000DF91CF911F910F91FF90DF90CF90BF903B
:1059A000AF900895FF920F931F93CF93DF938C01D5
:1059B000EB01F42E90E080E0209739F06091EE0A40
:1059C0007091EF0ACE010E9484D32F2DAC01BE014D
:1059D000C801DF91CF911F910F91FF900C9473AC90
:1059E000CF92DF92EF92FF920F931F93CF93DF93AB
:1059F000CDB7DEB7C054D1090FB6F894DEBF0FBEE5
:105A0000CDBF2091E1083091E2082530310509F43D
:105A10004AC0009709F447C06A017B018C0140E449
:105A200050E0BC01CE0101960E947FDF6FE270E082
:105A3000CE0101960E9446DF892B41F4980143E094
:105A400050E060E4CE0101960E94D2284FE350E07E
:105A5000B601CE0101960E9461DF0E94659D8823F8
:105A600011F18091E1089091E2080697E1F48091AC
:105A7000E008811118C041E0B701CE0101960E94F3
:105A8000D2AC81E090E0C05CDF4F0FB6F894DEBF8F
:105A90000FBECDBFDF91CF911F910F91FF90EF907F
:105AA000DF90CF90089590E080E0EDCF0F931F93AB
:105AB000CF93DF938C01EB0190E080E0209739F0E9
:105AC0006091EE0A7091EF0ACE010E9484D320E02B
:105AD000AC01BE01C801DF91CF911F910F910C94D1
:105AE00073AC0F931F93CF93DF93EC010091EE0AF9
:105AF0001091EF0AB8010E9484D30996081719077C
:105B0000E8F10E94659D8823C9F18091F40A909183
:105B1000F50A019681F19093F50A8093F40AE091D9
:105B2000EC0AF091ED0A8091F50A8583E091EC0A88
:105B3000F091ED0A8091F40A86836091EC0A7091ED
:105B4000ED0A47E050E0CE010E949D9DE091EC0AF5
:105B5000F091ED0AE80FF91F1082AC014450510991
:105B60006091EC0A7091ED0A82E8DF91CF911F916C
:105B70000F910C9410AC81E090E0CDCF80E0DF91EC
:105B8000CF911F910F9108958F929F92AF92BF92E4
:105B9000CF92DF92EF92FF92CF93DF93EC010E94BE
:105BA00004AC4B015C018091EA0A9091EB0ADC01A4
:105BB000ED91FC910084F185E02D1995892BB9F4C4
:105BC0000E9404AC6B017C01C818D908EA08FB08E4
:105BD0002091F20A3091F30AA8EEB3E00E94CDDAE8
:105BE000C616D706E806F906F0F280E00DC08091EF
:105BF000EA0A9091EB0ADC01ED91FC910284F385B5
:105C0000E02D1995888381E0DF91CF91FF90EF908F
:105C1000DF90CF90BF90AF909F908F9008952F927C
:105C20003F924F925F926F927F928F929F92AF922C
:105C3000BF92CF92DF92EF92FF920F931F93CF9379
:105C4000DF9300D000D000D01F92CDB7DEB71C018B
:105C50008091EC0A9091ED0A0E94C4AD81111CC0A4
:105C600060E070E0CB012A960FB6F894DEBF0FBE5D
:105C7000CDBFDF91CF911F910F91FF90EF90DF90FB
:105C8000CF90BF90AF909F908F907F906F905F90DC
:105C90004F903F902F900895E091EC0AF091ED0A1B
:105CA000D0801982EE24E394F12C812C912C5401A4
:105CB000412C512C32014394CE0101960E94C4AD77
:105CC000882371F2898187010F5F1F4FE091EC0AF1
:105CD000F091ED0AEE0DFF1D8083E981AE2FAF77C5
:105CE000B0E0A30192010E94BADA860E971EA81EA8
:105CF000B91E37E0440C551C661C771C3A95D1F749
:105D0000E7FD3FC0BD2DB07FBE838FEF800FF10157
:105D10008083B03309F04CC08091EC0A9091ED0A79
:105D2000800F911F0E94C4AD882309F499CF209160
:105D3000EC0A3091ED0AC7010296820F931F0E9470
:105D4000C4AD882309F48CCF0E5F1F4FE091EC0A9D
:105D5000F091ED0AD1018C91DF01A80FB11D1196D0
:105D60008C91119790E0982F882712962C91820F92
:105D7000911D208121FD0296F2E0E0E030E020E07C
:105D80001DC078010530110509F096CF8FEF9FEF08
:105D900090930E0B80930D0B8091EA0A9091EB0A81
:105DA000DC01ED91FC910488F589E02D199558CF1F
:105DB000F0E0E0E030E020E090E080E070E060E0E3
:105DC000CF2EDE2EE32EF22E28013B014C185D086B
:105DD0006E087F084A825B826C827D822C01712C66
:105DE000612C4F82588669867A864A805B806C80F7
:105DF0007D804C0C5D1C6E1C7F1CC814D904EA0409
:105E0000FB0408F046C0CE0101960E94C4AD882371
:105E100009F426CF80910B0B90910C0B009711F198
:105E20002E812033F9F4D1012C914EEF5FEF6FEF0B
:105E30007FEF421B510961097109440E551E661E10
:105E4000771E2F81388549855A85241535054605E5
:105E5000570540F4DC01ED91FC910190F081E02DBB
:105E6000698119958091EE0A9091EF0A0817190738
:105E700050F48981E091EC0AF091ED0AE00FF11FF6
:105E800080830F5F1F4FBFEFCB1ADB0AEB0AFB0AC1
:105E9000ACCF80910B0B90910C0B892B69F4809106
:105EA000EE0A9091EF0AB0E0A0E084159505A605F2
:105EB000B70510F410E000E0B80190E080E0D3CE28
:105EC000CF93DF93C6EEDAE0EE81FF8180EE808330
:105ED000EE81FF8111828C819D816E817F81DC0149
:105EE000ED91FC910280F381E02D42E050E01995A4
:105EF0008FEF9FEF98A78FA38C819D81DC01ED919F
:105F0000FC910680F781E02D19958C819D81DC0143
:105F1000ED91FC910488F589E02D19950E9404AC5F
:105F2000688B798B8A8B9B8B6C8B7D8B8E8B9F8BFD
:105F3000DF91CF9108954F925F926F927F928F92EF
:105F40009F92AF92BF92CF92DF92EF92FF920F9308
:105F50001F93CF93DF93CDB7DEB763970FB6F89457
:105F6000DEBF0FBECDBF7C016B013A01FB0120E01B
:105F700090E080E06AE03191332309F461C040EDA4
:105F8000430F4A3008F04DC0689FA001699F500D33
:105F90001124CA01C097830F911D37FD9A958F3F39
:105FA000910549F340F3F701428153816481758182
:105FB0008091B60C9091B70CA091B80CB091B90C2F
:105FC000481759076A077B0709F412C28701085F5F
:105FD0001F4F0E9404AC6F7077277C5FC8010E943E
:105FE0003F18813009F009C28FE094E09A838983D9
:105FF000F70182819381A481B5818B839C83AD83DA
:10600000BE8345E350E0BE016F5F7F4FC8010E9431
:106010006423892BA9F5D12CC12CC8010E94C51677
:1060200017C03E3209F0BFCF233009F4BCCFD301F3
:10603000A20FB11D12968C932F5F90E080E09BCF52
:10604000233009F0B0CFF3018583CC24C394D12C45
:10605000C60163960FB6F894DEBF0FBECDBFDF91C9
:10606000CF911F910F91FF90EF90DF90CF90BF9055
:10607000AF909F908F907F906F905F904F9008951A
:106080000E9404ACF7017783668342E050E0B701D9
:106090006A5F7F4FC8010E94F92281E090E09A83F5
:1060A000898342E050E0BE016F5F7F4FC8010E94CC
:1060B000F92280E091E09A83898342E050E0BE01BA
:1060C0006F5F7F4FC8010E94F9221A82198242E055
:1060D00050E0BE016F5F7F4FC8010E94F92242E08D
:1060E00050E0BE016F5F7F4FC8010E94F92242E07D
:1060F00050E0BE016F5F7F4FC8010E94F922560138
:10610000F6018081882301F16501F60181912F015B
:10611000882311F08E32B1F446018A189B081814B6
:10612000190474F48D8641E050E0BE01635F7F4F37
:10613000C8010E94F922A401B501C8010E94F922F8
:106140005201DECF6201E1CF1D8641E050E0BE0189
:10615000635F7F4FC8010E94F922C12CDD24D394D4
:10616000DA82C98242E050E0BE016F5F7F4FC80112
:106170000E94F922DA82C98242E050E0BE016F5FDC
:106180007F4FC8010E94F922C8010E943323892B46
:1061900009F441CFF3E0AF2EB12C230122E0420EEF
:1061A000511CDDC0F7014281538164817581808D6E
:1061B000918DA28DB38D481759076A077B0709F0A7
:1061C0000DC1848D958DC59709F008C181A192A15B
:1061D0005DEFC52EDD24DA940C970CF4AEC04CE0D4
:1061E00050E0BE016F5F7F4FC8010E94FB168B819C
:1061F0009C819827892798279A8B898BF70146815C
:10620000578129813A814217530709F0ECC097FF63
:10621000EAC08F7092703BEFC32EDD24DA94892B95
:1062200009F08BC06F8078847624672476242AEF67
:10623000C22EDD24DA946114710409F47EC0D12CDD
:10624000C12C8D819E81982789279827C816D90649
:10625000F8F441E050E0BE01635F7F4FC8010E9447
:10626000FB164D85442331F050E070E060E0C8013A
:106270000E94FB168D858111ECCF44E050E070E068
:1062800060E0C8010E94FB16FFEFCF1ADF0AD9CFEA
:10629000912C812C41E050E0BE016D5E7F4FC80122
:1062A0000E94FB164B89842F807C09F071C0442327
:1062B00031F050E070E060E0C8010E94FB168B896D
:1062C0008111E8CF42E050E0BE01615F7F4FC8011D
:1062D0000E94FB1642E050E0BE01635F7F4FC801A1
:1062E0000E94FB1644E050E070E060E0C8010E94AC
:1062F000FB1642E050E0BE016F5E7F4FC8010E9476
:10630000FB168F85988949895A898115914009F032
:1063100048C0CD84DE84DC24CD24DC2481E0C81692
:10632000D10409F03EC04115544009F04EC044E08C
:1063300050E0B201C8010E94FB160E94E17161E0C9
:1063400070E080E090E00E94D2AB21E0A21AB10898
:1063500009F463CEFFEFCF16DF0609F05ECE0E9490
:1063600004AC3B014C01C8010E94701718161906B5
:106370000CF418CF0E9404AC6619770988099909B2
:10638000693873418105910528F50E94E171EBCFD1
:1063900041E050E070E060E0C8010E94FB161B8AFB
:1063A0008ECF54274527542770E060E0C8010E9433
:1063B000FB16FFEF8F1A9F0A6814790409F06ACF61
:1063C00096EFC92EDD24DA94B8CFE7EFCE2EDD2488
:1063D000DA94B3CFCC24CA94DC2CAFCF6EEFC62EA8
:1063E000DD24DA94AACF4CEFC42EDD24DA94A5CFB5
:1063F0008EEFC82EDD24DA942BCED12CC12C28CEE2
:106400001F920F920FB60F9211242F933F938F93E9
:106410009F93AF93BF9380918E0C90918F0CA0911E
:10642000900CB091910C30918D0C23E0230F2D37FF
:1064300068F126E8230F0296A11DB11D20938D0C53
:1064400080938E0C90938F0CA093900CB093910C32
:106450008091920C9091930CA091940CB091950C1A
:106460000196A11DB11D8093920C9093930CA09363
:10647000940CB093950CBF91AF919F918F913F91E8
:106480002F910F900FBE0F901F9018950196A11D90
:10649000B11DD4CFEF92FF920F931F93CF93DF9351
:1064A00000D000D0CDB7DEB77C01FC01848195819E
:1064B000892B09F455C00081118162E270E0C801A6
:1064C0000E9446DF009709F44BC09C01201B310B52
:1064D000890162E2C7010E94D28617FD44C01816E6
:1064E00019060CF040C0A8014F5F5F4F9C01B70137
:1064F000CE0101960E941689BE016F5F7F4F87E42F
:106500009BE00E946487CE0101960E94C6886AE5DE
:1065100076E28AE19CE00E94B78B67E47BE0CE01E3
:1065200001960E94FC88BE016F5F7F4F8AE19CE06C
:106530000E94A98B8AE19CE00E94308ACE010196DC
:106540000E94C68881E026960FB6F894DEBF0FBE83
:10655000CDBFDF91CF911F910F91FF90EF900895E4
:106560000FEF1FEFB6CFB70187E49BE00E94AF8823
:10657000CECF0F931F93CF93DF9300D000D0CDB732
:10658000DEB78091450B9091460B892B11F480E08A
:106590005CC00E94979E8823D1F380914B0B909111
:1065A0004C0B8097A0F782E70E94829E8091450B5A
:1065B0009091460BDC01ED91FC910088F189E02D72
:1065C00060E670E0199567E47BE08091450B90915F
:1065D000460B0E94A98B8091450B9091460BDC01E4
:1065E000ED91FC910190F081E02D60E019958C0116
:1065F0008091450B9091460BDC01ED91FC91048854
:10660000F589E02D199501151105D9F06EE476E2B2
:106610008AE19CE00E94B78B67E47BE0CE010196A3
:106620000E94FC88BE016F5F7F4F8AE19CE00E9460
:10663000A98B8AE19CE00E94308ACE0101960E94DB
:10664000C68881E0012B09F4A2CF26960FB6F894F4
:10665000DEBF0FBECDBFDF91CF911F910F91089587
:106660008F929F92BF92CF92DF92EF92FF920F9301
:106670001F93CF93DF93CDB7DEB7A3970FB6F894F0
:10668000DEBF0FBECDBF8C016B01B42E4901D80116
:10669000ED91FC910084F185E02DC8011995892BBD
:1066A00049F0D801ED91FC910284F385E02DC801F9
:1066B0001995EDCF7601BFE0FB22CC2480EFD822E4
:1066C0006DEE74E2CE0142960E94CE88198E188E2D
:1066D0001B8E1A8E1D8E1C8E4AE0BE016F5F7F4F8F
:1066E000C7010E9400D4BE016F5F7F4FCE01489664
:1066F0000E94968863EE74E2CE014E960E94CE8888
:10670000BE01625E7F4FCE0101960E94FC88BE01F1
:10671000685E7F4FCE0101960E946288BE016E5E68
:106720007F4F0E946288BC01C8010E94A98BCE01E4
:1067300001960E94C688CE014E960E94C688CE0160
:1067400048960E94C688CE0142960E94C688A1E95A
:10675000EA16A1E0FA0609F46FC008F04CC061E443
:1067600074E28DE2E81681E0F806C1F048F46EE3C9
:1067700074E2B8ECEB16F10489F069E274E20EC041
:1067800061E374E280E3E81681E0F80639F067ED32
:1067900074E2A0E9EA16A1E0FA0679F7C8010E94BE
:1067A000DB8B6AE074E2C8010E94DB8BC114D10468
:1067B00009F459C068EF73E2C8010E94DB8B69EEEF
:1067C00073E2C8010E94B78B63EC73E2C114A0E4CA
:1067D000DA0609F445C0C0F56EED73E2C11480E13C
:1067E000D806F1F16DEC73E2C114A0E2DA06C1F152
:1067F00061EA73E235C069E674E2BDE9EB16B1E027
:10680000FB0661F240F46BE774E2A4E9EA16A1E04A
:10681000FA0621F2B2CF64EC74E2BEE9EB16B1E005
:10682000FB0609F4BBCF63E574E284EFE81681E070
:10683000F80609F4B3CFA1CF67EB74E2C8010E9458
:10684000DB8B65E874E2AACF69EB73E2C114B0E5B3
:10685000DB0631F06EEA73E2C11480E6D80641F639
:10686000C8010E94DB8B6FE176E0C4010E941F87A4
:10687000811135C06EE176E0CE0101960E94058956
:10688000B401CE0101960E946288BC01C8010E9439
:10689000A98BCE0101960E94C688BB2071F064E6E8
:1068A00070E080E090E00E94D2ABD801ED91FC91C5
:1068B0000488F589E02DC8011995A3960FB6F894C0
:1068C000DEBF0FBECDBFDF91CF911F910F91FF9023
:1068D000EF90DF90CF90BF909F908F900895BB2056
:1068E00061F3C8010E94308ADACF2F923F924F9213
:1068F0005F926F927F928F929F92AF92BF92CF9250
:10690000DF92EF92FF920F931F93CF93DF93CDB758
:10691000DEB7C256D1090FB6F894DEBF0FBECDBFA9
:10692000DC011C962C91283008F0E2C15C014AE0A1
:10693000BC01CE01875A9F4F0E948A89CE01875A97
:106940009F4F0E9444866FE176E0CE018D5A9F4FA3
:106950000E9405896FE176E0CE01835B9F4F0E9424
:1069600005896FE176E0CE01895B9F4F0E94058922
:1069700044244A94542C32014AE0B501CE010196D8
:106980000E948A89BE016F5F7F4FCE018D5A9F4F53
:106990000E946487CE0101960E94C688CE018D5A5E
:1069A0009F4F0E94448660E973E2CE0101960E94E7
:1069B000CE88BE016F5F7F4FCE018D5A9F4F0E94E0
:1069C0000487182FCE0101960E94C688112309F46E
:1069D00096C040E150E070E060E0CE018D5A9F4FDC
:1069E0000E94A18665968EAD9FAD6597412C512C76
:1069F0003201009721F00E94ECD22B013C016FE1A3
:106A000076E0CE018D5A9F4F0E941F87882309F49C
:106A1000B3CFBE01635B7F4F8AE19BE00E94348766
:106A2000282E33243394811101C0312C60E2CE0131
:106A3000875A9F4F0E94D286009761F06F964EADA5
:106A40005FAD6F97481B590BBC01CE01875A9F4F12
:106A50000E94A1866BE673E2CE0101960E94CE8869
:106A6000BE016F5F7F4FCE01875A9F4F0E94048700
:106A7000182FCE0101960E94C688112309F481C007
:106A800045E050E070E060E0CE01875A9F4F0E94E1
:106A9000A18647E7F42EB1E0A096BFAFA097809003
:106AA0002E0B90902F0B8114910409F43BC1BE0171
:106AB000675A7F4FCE0101960E94FC88DE01A95BD8
:106AC000BF4F6D01E32C93018201A0964FADA097BB
:106AD000BE016F5F7F4FC501F40119958C01CE0196
:106AE00001960E94C6880115110509F41BC10130E9
:106AF000110509F0E1C0C5010E94F771E5C060E829
:106B000073E2CE0101960E94CE88BE016F5F7F4F77
:106B1000CE018D5A9F4F0E94048711E0811118C049
:106B200060E773E2CE018F5B9F4F0E94CE88BE016B
:106B30006F5B7F4FCE018D5A9F4F0E94048711E0FB
:106B4000811101C010E0CE018F5B9F4F0E94C6886B
:106B5000CE0101960E94C688112309F450CF4FE060
:106B600050E070E060E0CE018D5A9F4F0E94A186F8
:106B7000BE016D5A7F4FCE01835B9F4F0E94AF884D
:106B80003ECF67E673E2CE0101960E94CE88BE0139
:106B90006F5F7F4FCE01875A9F4F0E940487182F47
:106BA000CE0101960E94C688112381F044E050E096
:106BB00070E060E0CE01875A9F4F0E94A18632E7C5
:106BC000F32EE2E0A096EFAFA09769CF63E673E201
:106BD000CE0101960E94CE88BE016F5F7F4FCE012D
:106BE000875A9F4F0E940487182FCE0101960E945A
:106BF000C688112381F044E050E070E060E0CE01EF
:106C0000875A9F4F0E94A18627E7F22EF4E0A096B4
:106C1000FFAFA09744CF6CE573E2CE0101960E94CE
:106C2000CE88BE016F5F7F4FCE01875A9F4F0E9473
:106C30000487182FCE0101960E94C688112379F08F
:106C400047E050E070E060E0CE01875A9F4F0E941D
:106C5000A186F12C83E0A0968FAFA09720CF64E5AA
:106C600073E2CE0101960E94CE88BE016F5F7F4F16
:106C7000CE01875A9F4F0E940487182FCE0101969C
:106C80000E94C688112379F048E050E070E060E08F
:106C9000CE01875A9F4F0E94A186F12C95E0A096C5
:106CA0009FAFA097FCCEB301A201C5010E940C9A30
:106CB00021E040E951E086C09E01295B3F4F41E061
:106CC000B801C5010E9430B3CE01895B9F4F0E947D
:106CD000C688CE01835B9F4F0E94C688CE018D5A25
:106CE0009F4F0E94C688CE01875A9F4F0E94C68838
:106CF000CE59DF4F0FB6F894DEBF0FBECDBFDF9188
:106D0000CF911F910F91FF90EF90DF90CF90BF90A8
:106D1000AF909F908F907F906F905F904F903F903B
:106D20002F900895A096FFADA097F53019F520E0BB
:106D300048EC50E0B50184E19BE00E947D906DE25B
:106D400073E2C5010E94DB8B6EEF72E2C5010E9407
:106D5000DB8B6EED72E2C5010E94DB8B61EB72E2B0
:106D6000C5010E94DB8B64E670E080E090E00E9449
:106D7000D2ABC1CEBE01675A7F4FCE018F5B9F4F12
:106D80000E94FC88211024C087E7F81221C00FE080
:106D900010E09EEFC92EDD24DA94ED2CFD2CCE01FF
:106DA0008F5B9F4F0E94C688C114D104E104F10497
:106DB00009F0EEC0B301A201C5010E940C9A21E0C6
:106DC00044EF51E0B50184E19BE00E947D907CCFCF
:106DD00069EA72E2CE0101960E94CE88BE016F5F21
:106DE0007F4FCE018F5B9F4F0E943487882319F01D
:106DF00011E097E7F91210E0CE0101960E94C688D3
:106E0000112339F18091200B9091210B009731F4DF
:106E100010E000E0C12CD12C7601C1CFDC01ED9156
:106E2000FC910280F381E02D40E0B2011995892B9D
:106E300079F38091200B9091210BDC01ED91FC9175
:106E40000684F785E02D19956B017C0110E000E0C8
:106E5000A6CF63EA72E2CE0101960E94CE88BE01FF
:106E60006F5F7F4FCE018F5B9F4F0E9434878823D7
:106E700021F011E0B7E7FB1210E0CE0101960E946D
:106E8000C688112321F18091200B9091210B00974E
:106E900019F401E010E0BECFDC01ED91FC9102801D
:106EA000F381E02D41E0B2011995892B91F3809196
:106EB000200B9091210BDC01ED91FC910684F7856C
:106EC000E02D19956B017C0101E010E068CF009185
:106ED000220B1091230B01151105E1F0D801ED9162
:106EE000FC91C684D784BE016F5B7F4FCE010196B3
:106EF0000E94FC88232D4F2DBE016F5F7F4FC8017C
:106F0000F6011995182FCE0101960E94C68811230B
:106F100009F43DCFC090220BD090230BC114D104B3
:106F2000D1F0D601ED91FC9102891389BE016F5B0E
:106F30007F4FCE0101960E94FC884F2DBE016F5FEE
:106F40007F4FC601F80119958C01CE0101960E9470
:106F5000C688012B39F40FE010E0CC24CA94DC2C55
:106F600076011DCF8091220B9091230BDC01ED91D6
:106F7000FC910688F789E02D19958C010260E0915B
:106F8000220BF091230BC484D584F12CE12C07CF84
:106F9000BFEFCB16DB06EB06FB0649F4B301A201FB
:106FA000C5010E940C9A21E044E951E00BCFEEEFBD
:106FB000CE16EFEFDE06EE06FE0649F4B301A2019F
:106FC000C5010E940C9A21E041E951E0FBCEA09658
:106FD000FFADA097F13009F027C114141504160471
:106FE00017040CF065CEC414D504E604F7040CF4C1
:106FF00021C1C12CD12C7601CE0101961C01D801F2
:10700000AF70BB27A396BFAFAEAFA397C5010E94D9
:10701000A418882329F0C414D504E604F70484F1E5
:10702000C8010E94E099C414D504E604F70409F0ED
:1070300072C021E048EC50E0B50184E19BE00E9481
:107040007D9064EF71E080E090E00E94D2ABC801D7
:107050008F709927029708F07AC0E0912C0BF0917D
:107060002D0B309709F019958091200B9091210BF1
:10707000DC01ED91FC910284F385E02D1995FFCFA1
:10708000C5010E946717892B09F240E450E0B10165
:10709000C5010E945E174C01A3968EAD9FADA397CC
:1070A00082309105B0F0029759F78091220B9091B0
:1070B000230B009749F0DC01ED91FC910280F381F4
:1070C000E02DA401B1011995C80CD91CE11CF11CDB
:1070D000D7CFA1963FAE2EAEA197A1968EAD9FAD14
:1070E000A197821993098815990570F78091200B53
:1070F0009091210BA196AEADBFADA1976D91A196D8
:10710000BFAFAEAFA197DC01ED91FC910480F5819A
:10711000E02D1995E2CF21E04EE951E0B50184E17F
:107120009BE00E947D908091200B9091210BDC01CF
:10713000ED91FC910084F185E02D199564E670E0F5
:1071400080E090E00E94D2ABC5010E94F771C801B7
:107150000E94E099B9CDA096BFADA097B23009F0DA
:107160005AC0C8018F7099278230910508F4A0CDCC
:10717000029751F7A8014427507F486C20E0B501E1
:1071800084E19BE00E947D90C5010E94308AFE014F
:1071900031966F01F12CE12C4F01C5010E94A4181A
:1071A00081110EC0C5010E94A418882369F2E11460
:1071B000F10451F2A701B401C5010E945D18C4CFCA
:1071C0008091220B9091230B009761F3DC01ED91EC
:1071D000FC910084F185E02D1995892B19F380919C
:1071E000220B9091230BDC01ED91FC910284F3853D
:1071F000E02D1995BFEFEB1AFB0AF60181936F01A1
:10720000F0E4EF16F10449F640E450E0B401C501A2
:107210000E945D18BCCF21E040E951E0B50184E156
:107220009BE00E947D9093CFC414D504E604F7043C
:107230000CF091CFC8010E94E099B301A201C501F1
:107240000E940C9A21E04DE951E0BCCD8091EC0AFE
:107250009091ED0A0E949DD18AE19BE00E94C68830
:1072600084E19BE00E94C68887E49BE00C94C6887A
:10727000CF93DF93CDB7DEB7C653D1400FB6F894A6
:10728000DEBF0FBECDBF789484B5836084BD85B565
:10729000836085BD80916E00816080936E0092E076
:1072A0009093810080918100816080938100809122
:1072B00080008160809380008091B1008460809321
:1072C000B1008091B00081608093B0008091910006
:1072D0008360809391008091900081608093900002
:1072E0008091A10083608093A1008091A0008160C3
:1072F0008093A0008091210183608093210180917F
:10730000200181608093200187E880937A001092A9
:10731000C100E0918D0BF0918E0B9083E091890B71
:10732000F0918A0B1082E0918B0BF0918C0B80E135
:1073300080831092950BE091910BF091920B86E077
:107340008083E0918F0BF091900B8081886980831E
:10735000E0918F0BF091900B80818F7D80830E9454
:10736000979E8111E9C06BEA7CE18DE79BE00E946A
:10737000DB8B70E060E090E080E00E943C760E9451
:10738000F6A06F7060932A020E94F6A062956F705B
:1073900060932902109206081092050810920408C2
:1073A0006CE67CE18AE19CE00E94B78B64E77CE2BA
:1073B0008FE296E00E94978468EA7DE184E396E09C
:1073C0000E9497846EE275E189E396E00E949784BB
:1073D0006FE07CE18EE396E00E94978467E07EE2B6
:1073E00082E496E00E94978467EC7CE186E496E074
:1073F0000E94978464EB7CE189E496E00E94978484
:107400006BE97AE180E596E00E9497846CEF7BE17E
:107410008CE496E00E9497846CE376E785E596E03D
:107420000E94978462E27AE18BE596E00E9497845D
:1074300060E67DE18FE594E00E9497840E949A2B9C
:107440008091450B9091460B892B09F080C060E735
:107450007CE189E69BE00E94B78B86E0EFEBF2E0EF
:10746000DE01119601900D928A95E1F786E0FE010A
:107470003196ADE4BBE001900D928A95E1F70E9450
:10748000C52D64E170E080E090E00E94D2AB8EE810
:1074900092E49093000B8093FF0A64EF71E080E028
:1074A00090E00E94D2AB0E94EC76E2ECF0E0EC0FB0
:1074B000FD1F3296CD5CDE4FF983E883C353D14084
:1074C000A89580916C07811102C00E942091E091E3
:1074D000E108F091E2087196E532F10510F00C94A4
:1074E0004DC28827E958F5448F4F0C94F0DA54C9FF
:1074F0003FC94DC24DC24DC24DC2A0C88DC84DC27C
:107500004DC24DC24DC24DC24DC24DC24DC24DC203
:10751000E7BA9FBEC4BF9DC1E0C384C786C84DC241
:107520004DC24DC24DC24DC2B9C8CCC805C9E1C893
:107530004DC24DC24DC2EFC867E97CE18AE19CE0D3
:107540000E94B78B8AE19CE00E94308A18CF0E948B
:10755000979EE82E882309F47ACF82E70E94829EC4
:107560008091450B9091460BDC01ED91FC910088D8
:10757000F189E02D64E070E019950DE41BE043E52E
:10758000C42E4BE0D42EF12C8091450B9091460BEC
:10759000DC01ED91FC910284F385E02D1995F80151
:1075A00081938F0181508E3F08F4FE2CC016D106C6
:1075B00059F78091450B9091460BDC01ED91FC91C0
:1075C0000488F589E02D1995F11059CF40CF8091AD
:1075D00073070E943D24029709F45FC78FE094E08F
:1075E000CC5DDE4F99838883C452D140CA5DDE4FA3
:1075F000188219821A821B82C652D140C25EDE4FA7
:1076000099838883CE51D140C05EDE4F18821982A3
:107610001A821B82C052D140C85EDE4F9983888394
:10762000C851D140C65EDE4F188219821A821B8271
:10763000CA51D140CE5EDE4F99838883C251D1407A
:10764000CC5EDE4F188219821A821B82C451D1404F
:1076500065E77DE189E69BE00E94B78B89E69BE0C8
:107660000E94308A8091450B9091460B892B09F43A
:107670005EC00E94979E882309F459C082E70E9449
:10768000829E8091450B9091460BDC01ED91FC911F
:107690000088F189E02D60E170E0199544E050E048
:1076A000BE016F5F7F4F8091450B9091460B0E940A
:1076B000B28989819A81AB81BC81CA5DDE4F8883A2
:1076C0009983AA83BB83C652D1408091450B909188
:1076D000460BDC01ED91FC910488F589E02D1995AC
:1076E000CA5DDE4F8881C652D140882301F18F3FA9
:1076F000A9F4C95DDE4F8881C752D1408F3F71F434
:10770000C85DDE4F8881C852D1408F3F39F4C75DD4
:10771000DE4F8881C952D1408F3F49F00E94F6A0C8
:1077200072FF29C180917008833008F024C169E696
:107730007DE189E69BE00E94B78B0FB6F894A8958F
:1077400080916000886180936000109260000FBE9D
:107750008091650881112CC010924D0810924C0840
:1077600038EEC32E33E0D32EE12CF12CC0924E081C
:10777000D0924F08E0925008F092510885EE93E0C5
:1077800090934B0880934A088FE094E090935908B7
:107790008093580810925A0810925B0810925C0867
:1077A00010925D0888E08093620881E0809365080C
:1077B00087E098E090936F0880936E080E9463952D
:1077C00010E000E0882309F4B4C080E591E00E9455
:1077D00005A746E050E06DE47BE089E090E00E9480
:1077E000A2948FE094E09A8389831B821C821D827D
:1077F0001E82CE0103960E94E3220E94F82280910D
:107800006E0890916F08DC0192961D921D921D9258
:107810001C929597FC0116A217A210A611A69A9683
:107820001D921D921D921C929D9740EE5EE260E0BB
:1078300070E046AB57AB60AF71AF40EA5FE060E02D
:1078400070E0DA964D935D936D937C93DD97189677
:1078500026E0FD01C22E1192CA94E9F7AC01425F05
:107860005F4F34E1FA0111923A95E9F7EDE4FBE05C
:1078700001900D922A95E1F7FC01EE5BFF4F10821B
:107880000E94A98D8C01019709F053C080E591E019
:107890000E9405A760916E0870916F08625F7F4F2C
:1078A000CE0101960E94FC8BCE0103960E94E3223A
:1078B00060916E0870916F086A5E7F4FCE010196ED
:1078C0000E94FC8BCE0103960E94F12260916E080B
:1078D00070916F086E5E7F4FCE0101960E94FC8B07
:1078E000CE0103960E94EA220E94F82260916E085F
:1078F00070916F08625E7F4FCE0101960E94FC8BF3
:107900008B819C81AD81BE818093E20A9093E30AD2
:10791000A093E40AB093E50A0E94ADAB7F73809117
:107920002B0290912C026827792770932C02609388
:107930002B0288E199E20FB6F894A8958093600035
:107940000FBE90936000A895012B09F08BC26FEFDA
:107950007CE183E79BE00E94B78B60ED7CE183E7ED
:107960009BE00E94B78B809170088F5F80937008B6
:1079700086EF9FEFE6C163E57DE189E69BE00E942B
:10798000B78B8FE094E09A838983CA5DDE4F88814C
:107990009981AA81BB81C652D1408B839C83AD83E0
:1079A000BE83CE0101960E94A3298091450B909140
:1079B000460B892B09F441C20E94979E882309F443
:1079C0003CC282E70E94829E8091450B9091460BBB
:1079D000DC01ED91FC910088F189E02D64E170E01B
:1079E000199544E050E0BE016F5F7F4F8091450BD9
:1079F0009091460B0E94B28989819A81AB81BC81AA
:107A0000C05EDE4F88839983AA83BB83C052D14076
:107A10008091450B9091460BDC01ED91FC9104881F
:107A2000F589E02D1995C05EDE4F8881C052D140A6
:107A3000882309F402C28F3FB1F4CF5DDE4F888105
:107A4000C152D1408F3F79F4CE5DDE4F8881C25262
:107A5000D1408F3F41F4CD5DDE4F8881C352D1408C
:107A60008F3F09F4EAC16DE47DE189E69BE00E9465
:107A7000B78B8FE094E09A838983C05EDE4F888164
:107A80009981AA81BB81C052D1408B839C83AD83F5
:107A9000BE83CE0101960E94A3298091450B90914F
:107AA000460B892B09F49AC10E94979E882309F4FA
:107AB00095C182E70E94829E8091450B9091460B72
:107AC000DC01ED91FC910088F189E02D68E170E026
:107AD000199544E050E0BE016F5F7F4F8091450BE8
:107AE0009091460B0E94B28989819A81AB81BC81B9
:107AF000C65EDE4F88839983AA83BB83CA51D14077
:107B00008091450B9091460BDC01ED91FC9104882E
:107B1000F589E02D1995C65EDE4F8881CA51D140A6
:107B2000882309F45BC18F3FB1F4C55EDE4F8881C5
:107B3000CB51D1408F3F79F4C45EDE4F8881CC5168
:107B4000D1408F3F41F4C35EDE4F8881CD51D1409B
:107B50008F3F09F443C168E47DE189E69BE00E9420
:107B6000B78B8FE094E09A838983C65EDE4F88816D
:107B70009981AA81BB81CA51D1408B839C83AD83FB
:107B8000BE83CE0101960E94A3298091450B90915E
:107B9000460B892B09F4DAC00E94979E882309F4CA
:107BA000D5C082E70E94829E8091450B9091460B42
:107BB000DC01ED91FC910088F189E02D6CE170E031
:107BC000199544E050E0BE016F5F7F4F8091450BF7
:107BD0009091460B0E94B28989819A81AB81BC81C8
:107BE000CC5EDE4F88839983AA83BB83C451D14086
:107BF0008091450B9091460BDC01ED91FC9104883E
:107C0000F589E02D1995CC5EDE4F8881C451D140B5
:107C1000882309F49BC08F3FB1F4CB5EDE4F88818F
:107C2000C551D1408F3F79F4CA5EDE4F8881C6517D
:107C3000D1408F3F41F4C95EDE4F8881C751D140AA
:107C40008F3F09F483C061E47DE189E69BE00E94F7
:107C5000B78B0FE014E01A830983CC5EDE4F888176
:107C60009981AA81BB81C451D1408B839C83AD8310
:107C7000BE83CE0101960E94A3291A830983CC5E9C
:107C8000DE4F88819981AA81BB81C451D1408B8309
:107C90009C83AD83BE83CF57DF4F19830883C158C0
:107CA000D040C65EDE4F88819981AA81BB81CA51CE
:107CB000D140CD57DF4F88839983AA83BB83C358B4
:107CC000D040CE53DF4F19830883C25CD040C05EE2
:107CD000DE4F88819981AA81BB81C052D140CC53AB
:107CE000DF4F88839983AA83BB83C45CD040CE5F77
:107CF000DE4F19830883C250D140CA5DDE4F8881B0
:107D00009981AA81BB81C652D140CC5FDE4F888366
:107D10009983AA83BB83C450D1409E012F5F3F4FFC
:107D2000AE014F575F4FBE016E537F4FCE018E5F46
:107D30009E4F0E947CA889E69BE00E94308A82E0E8
:107D400090E09093E2088093E108A7C38FE094E06D
:107D50009A838983C65EDE4F488159816A817B811F
:107D6000CA51D1404B835C836D837E83CF57DF4FF5
:107D700099838883C158D040C05EDE4F48815981C5
:107D80006A817B81C052D140CD57DF4F48835983F0
:107D90006A837B83C358D040CE53DF4F9983888357
:107DA000C25CD040CA5DDE4F88819981AA81BB81C7
:107DB000C652D140CC53DF4F88839983AA83BB83BB
:107DC000C45CD040AE014F5F5F4FBE016F577F4F25
:107DD000CE018E539F4F0E94BBA8ADCF8FE094E0A1
:107DE0009A838983C05EDE4F488159816A817B8195
:107DF000C052D1404B835C836D837E83CF57DF4F6E
:107E000099838883C158D040CA5DDE4F88819981AB
:107E1000AA81BB81C652D140CD57DF4F8883998359
:107E2000AA83BB83C358D040BE016F5F7F4FCE0192
:107E30008F579F4F0E940DA97ECF8FE094E09A83C9
:107E40008983CA5DDE4F88819981AA81BB81C65230
:107E5000D1408B839C83AD83BE83CE0101960E946B
:107E600058A969CF60EC7CE189E69BE00E94B78B62
:107E7000CE0101960E9421248B819C81AD81BE811F
:107E8000CA5DDE4F88839983AA83BB83C652D140E3
:107E90000FE014E01A830983CE0101960E94A32902
:107EA00089E69BE00E94308ACE018C5D9E4F0E9445
:107EB000A29F8091E20A9091E30AA091E40AB09116
:107EC000E50A8B839C83AD83BE83C05EDE4F8883CF
:107ED0009983AA83BB83C052D140CE01825E9E4F5C
:107EE0000E944CA01A8309831B821C821D821E8261
:107EF00080E591E00E9405A744E050E0BE016D5F7F
:107F00007F4F81E090E00E9417940E94F8228B81BD
:107F10009C81AD81BE81C65EDE4F88839983AA8332
:107F2000BB83CA51D140CE01885E9E4F0E94A1A062
:107F30001A8309831B821C821D821E8280E591E0C8
:107F40000E9405A744E050E0BE016D5F7F4F85E0D1
:107F500090E00E9417940E94F8228B819C81AD8151
:107F6000BE81CC5EDE4F88839983AA83BB83C451D4
:107F7000D140CE018E5E9E4F0E94F79F81E00E940D
:107F80008DA110927008DBCE809185088111D2C13D
:107F90000E94FC2C6FEE70E28AE19CE00E94B78B9D
:107FA0008AE19CE00E94308A8091450B9091460BBB
:107FB000892B09F432C10E94979E882309F42DC1B0
:107FC00082E70E94829E8091450B9091460BDC01D6
:107FD000ED91FC910088F189E02D60E570E0199544
:107FE0004FE050E0BE016F5F7F4F8091450B909155
:107FF000460B0E94DC9E8C018091450B9091460BB4
:10800000DC01ED91FC910488F589E02D19950115AD
:10801000110509F402C1E1E0F0E0EC0FFD1FE00FF3
:10802000F11F1082BE016F5F7F4F8AE19CE00E94CA
:10803000608B8AE19CE00E94308ACE01865D9E4F73
:108040000E942124C45DDE4F88819981AA81BB8171
:10805000CC52D1408093240B9093250BA093260BF8
:10806000B093270B62E676E084E19BE00E9496885D
:10807000BE016F5F7F4FCE01825E9E4F0E940589D9
:108080006BEC7DE1CE01885E9E4F0E94CE8862E659
:1080900076E0CE018E5F9E4F0E940589BE016E5F25
:1080A0007E4FCE018E5E9E4F0E94FC88BE01685EB0
:1080B0007E4FCE018E5E9E4F0E946288BE01625E40
:1080C0007E4F0E9462888C016FE176E0CE018C5D6C
:1080D0009E4F0E940589F80184819581880F991F20
:1080E000880F991F63E070E00E94DCDACE018C5D9E
:1080F0009E4F0E949D87D12CC12CD80114968D9142
:108100009C91C816D90608F0B7C0B601C8010E94F4
:108110006880E82F880FFF0BF595E795F595E795B3
:10812000EF73FF27EE57F24E6491CE018C5D9E4FA8
:108130000E94F187B601C8010E946880B0E18B02FD
:1081400070011124E0E3EE22FF245601FFEFAF1A85
:10815000BF0AD80114968D919C91A816B90608F013
:1081600078C0B501C8010E946880E82F880FFF0B16
:10817000B4E0F595E795BA95E1F7EF70FF27EE29A2
:10818000FF29EE57F24E6491CE018C5D9E4F0E9406
:10819000F187B501C8010E946880B4E08B027001CC
:1081A0001124ECE3EE22FF245601F2E0AF0EB11CE5
:1081B000D80114968D919C91A816B90608F03EC07E
:1081C000B501C8010E946880E82F880FFF0BA6E068
:1081D000F595E795AA95E1F7E370FF27EE29FF29CA
:1081E000EE57F24E6491CE018C5D9E4F0E94F18756
:1081F000B501C8010E946880E82FEF730E2E000CB5
:10820000FF0BEE57F24E6491CE018C5D9E4F0E94A3
:10821000F187B3E0CB0ED11C70CF66E17EE1CE01D9
:1082200001960E9443D36EED7DE183E79BE00E94BF
:10823000B78B83E79BE00E94308AF4CEF701EE57BC
:10824000F24E6491CE018C5D9E4F0E94F1876DE3EA
:10825000DBCFF701EE57F24E6491CE018C5D9E4F5D
:108260000E94F18742E050E06AE676E0CE018C5D44
:108270009E4F0E94C587CDCF64EC7DE1CE018F5724
:108280009F4F0E94CE88BE016F577F4FCE018E5305
:108290009F4F0E94FC88BE016C5D7E4FCE018E53C5
:1082A0009F4F0E946288BC018AE19BE00E94AF88D8
:1082B000CE018E539F4F0E94C688CE018F579F4F8D
:1082C0000E94C688CE018C5D9E4F0E94C688CE015A
:1082D0008E5E9E4F0E94C688CE018E5F9E4F0E948A
:1082E000C688CE01885E9E4F0E94C688CE01825EFF
:1082F0009E4F0E94C6888BEB9AE09093210B80934F
:10830000200B83E59BE09093230B8093220B80E36B
:108310009BE00E949B2389EA9CE790932F0B80931C
:108320002E0B6DEC7DE189E69BE00E94B78B81E02E
:108330008093850883E090E004CD8091730780915D
:108340007607882309F463C00E94659D882309F499
:108350004EC00E9404AC4B015C012091F00A3091A8
:10836000F10AA8EEB3E00E94CDDA0091FA0A10916A
:10837000FB0A2091FC0A3091FD0A75016401C01AC4
:10838000D10AE20AF30A9701860160177107820792
:108390009307B8F00091F60A1091F70A2091F80AB5
:1083A0003091F90A75016401C01AD10AE20AF30A90
:1083B00097018601601771078207930710F00C94EC
:1083C000E8C98091FE0A882309F4D3C78CEF9FEF98
:1083D00090930E0B80930D0B8091EA0A9091EB0A1B
:1083E000DC01ED91FC910488F589E02D19958091CF
:1083F0008508882309F46AC160E37BE0CE01019619
:108400000E94F421CE0101960E9475B45FC10E94C2
:10841000F6A070FD2DC08091720781111EC00E94D0
:108420006878883C910519F484E090E08ACC8091CA
:10843000730768EC70E2811112C0CE0101960E94B0
:1084400021248B819C81AD81BE81892B8A2B8B2B32
:1084500009F48ECA8FE090E074CC68EB70E289E694
:108460009BE00E94B78B89E69BE00E94308ADCCFBC
:1084700080917307882309F4A0C184E090E0909371
:10848000E2088093E1086EE770E289E69BE00E94D3
:10849000B78B89E69BE00E94308A0FB6F894A895C6
:1084A00080916000886180936000109260000FBE30
:1084B0008091E1089091E20802970CF4F6C0809157
:1084C0007008811120C700916E0810916F08011586
:1084D000110509F418C70E9404AC4B015C01780136
:1084E000FEE3EF0EF11CF70180819181A281B3813F
:1084F000A5019401281B390B4A0B5B0BCA01B9017A
:10850000683E33E0730781059105A0F128EE33E062
:1085100040E050E00E9479DA861A970AA80AB90A60
:10852000D7018D929D92AD92BC921397F80186A5CA
:1085300097A5A0A9B1A969017A01CC0CDD1CEE1C9C
:10854000FF1C8C159D05AE05BF0508F0C7C616A615
:1085500017A610AA11AAF80182A993A9A4A9B5A9DE
:108560008C159D05AE05BF0508F0C1C612AA13AA59
:1085700014AA15AAF80186A597A5A0A9B1A9892BC7
:108580008A2B8B2B09F0BCC6EE5BFF4F80818330BA
:1085900009F0B6C684E08083C8010E94A98D0196C7
:1085A0007C01F80182A993A9A4A9B5A9892B8A2BDA
:1085B0008B2BA1F4EE5BFF4F8081833011F0811192
:1085C0000DC01082F8013E9684E1DF011D928A956C
:1085D000E9F7C8010E94A98D03967C01B2E0EB1671
:1085E000F10429F0E4E0EE16F10409F046C080E55C
:1085F00091E00E9405A760916E0870916F08625F1C
:108600007F4FCE0101960E94FC8BCE0103960E9403
:10861000E32260916E0870916F086A5E7F4FCE0111
:1086200001960E94FC8BCE0103960E94F12260917C
:108630006E0870916F086E5E7F4FCE0101960E94AA
:10864000FC8BCE0103960E94EA220E94F8226091E0
:108650006E0870916F08625E7F4FCE0101960E9496
:10866000FC8B8B819C81AD81BE818093E20A9093CB
:10867000E30AA093E40AB093E50A0E943D2402971E
:1086800009F44DC6F3E0EF16F10409F45CC60CF0F2
:108690003DC631E0E316F10409F452C66AEC7FE10D
:1086A00042E0E416F10409F453C688E199E20FB6FA
:1086B000F894A895809360000FBE9093600080911D
:1086C000E1089091E20803970CF03ECE80917A0782
:1086D00090917B07892B09F4BEC78091E1089091A6
:1086E000E208059709F4B7C70E9404AC0091750829
:1086F0001091760820917708309178084B015C0141
:10870000801A910AA20AB30AB8EE8B16B3E09B0650
:10871000A104B10450F00E9404AC609375087093FA
:1087200076088093770890937808809176078F5F1A
:1087300080937607E0917A07F0917B070681178195
:1087400094E0E92EF12CE8EE8E16E3E09E06A104FB
:10875000B10418F482E0E82EF12CC0907A07D09092
:108760007B07C114D10409F425C70115110509F4CB
:1087700021C7D80118968C918F70853091F7C80168
:108780000E9406A2823068F3A601B801CE010196CC
:108790000E94F243CE0101960E94923C882329F068
:1087A000B701CE0101960E94FE62F8010281138199
:1087B000CE0101960E945B42D0CF8FE090E05FCE69
:1087C000A895809173078091700790917107009729
:1087D00021F00E9406A2823068F46BE670E289E61E
:1087E0009BE00E94B78B89E69BE00E94308A87E07D
:1087F00090E0A7CAC85EDE4F1882C851D140FE0182
:10880000EE5FFE4F119211928EE0DF011D928A956C
:10881000E9F70E94659D882319F085E090E091CAF0
:10882000E0907007F0907107E114F10441F0C70186
:108830000E9406A2082F10E0023011055CF46CE2E1
:108840007FE183E79BE00E94B78B83E79BE00E9478
:10885000308A00CE70E060E0C7010E947E2500975C
:1088600009F47DC190936F0780936E076FE17FE1FC
:1088700089E69BE00E94B78B60916E0770916F074D
:1088800089E69BE00E94608B89E69BE00E94308A2B
:10889000E0907007F090710761E070E0C7010E94FE
:1088A0007E254C010230110509F45CC162E0C7016C
:1088B0000E94BF9DFC01A184B2840330110509F41C
:1088C0005AC163E070E0C7010E947E257C0180915F
:1088D000450B9091460B892B09F452C10E94979E3B
:1088E000882309F44DC182E70E94829E8091450B46
:1088F0009091460BDC01ED91FC910088F189E02D0F
:1089000060E470E019954FE050E0BE016E5F7E4F6D
:108910008091450B9091460B0E94DC9E6C018091EA
:10892000450B9091460BDC01ED91FC910488F58993
:10893000E02D1995C114D10409F422C1E2E0F1E05F
:10894000EC0FFD1FEC0DFD1D1082FE01EE5FFE4FD2
:108950006F019092080B8092070BB0920A0BA092C5
:10896000090B8EE892E49093000B8093FF0A40E19C
:1089700050E062EF7EE1CE018E539F4F0E9471D393
:1089800030E020E041E050E060E2CE018F579F4FA1
:108990000E94D22840E250E06FEF70E2CE018F5784
:1089A0009F4F0E9453D361ED7EE189E69BE00E94D8
:1089B000B78BB40189E69BE00E94608B6FEC7EE18F
:1089C00089E69BE00E94B78BB50189E69BE00E9497
:1089D000B5A168EC7EE189E69BE00E94B78BB70108
:1089E00089E69BE00E94608B63EC7EE189E69BE078
:1089F0000E94B78BD7018C91811104C0D12CC12C5E
:108A0000F12CE12CA0906E07B0906F070E94659D3D
:108A10008111F2C18091EA0A9091EB0ADC01ED919B
:108A2000FC910688F789E02D1995882309F4C4C0C4
:108A300081E090E09093F50A8093F40A87E0E5ECFA
:108A4000F2E0DE01119601900D928A95E1F7FE01A8
:108A5000319685E090E02191A091EC0AB091ED0A69
:108A6000A80FB91F2C9301968C309105A1F786E3CE
:108A7000E114F10429F086EBC114D10409F086EF6A
:108A80000091EC0A1091ED0AF80184878091F10AB7
:108A900085878091F00A86878090EE0A9090EF0A91
:108AA000B401C5010E9484D341968816990608F046
:108AB000BAC08091EA0A9091EB0ADC01ED91FC9139
:108AC0000488F589E02D199560E87EE183E79BE055
:108AD0000E94B78B60910D0B70910E0B83E79BE0AA
:108AE0000E94B5A168E67EE183E79BE00E94B78B18
:108AF00083E79BE00E94308A80916D07882379F09C
:108B0000E0917007F09171078281938190937107D2
:108B100080937007892B09F0E8C10E94E12C0E9424
:108B200004AC6093710870937208809373089093FB
:108B3000740880916D088F5F80936D0883330CF407
:108B4000DFC16AE37EE183E79BE00E94B78B83E7A6
:108B50009BE00E94308A10926D080C94B8BC8CEC9B
:108B600092E080CEEBE5AE2EE7E0BE2E9E01285EC1
:108B70003E4F7901ACCEAE01485E5E4F7A01A7CE82
:108B800005301105A4F064E070E0809170079091C9
:108B900071070E947E256C016FEF7EE189E69BE004
:108BA0000E94B78B89E69BE00E94308AD2CE9E015C
:108BB0002E5F3E4F6901CDCE6091070B7091080B7F
:108BC0008091EA0A9091EB0ADC01ED91FC914091D1
:108BD000090B50910A0B6115710571F00088F1893C
:108BE000E02D1995019709F423CF8EEF9FEF909315
:108BF0000E0B80930D0B68CF0684F785E02D2FE0D8
:108C000034E03A8329830091030B1091040B2091E7
:108C1000050B3091060B0B831C832D833E83BE0115
:108C20006F5F7F4FDECF4FE050E0B801C5010E947B
:108C30009D9D8C01A090EE0AB090EF0AB501CE0187
:108C40008F579F4F0E9484D3800F911F0296A816C2
:108C5000B90608F42ECF6091EC0A7091ED0AA801D4
:108C6000CE018F579F4F0E949D9D8C01A090EE0AD0
:108C7000B090EF0AB501CE018E539F4F0E9484D36E
:108C8000800F911F0296A816B90608F412CF6091C2
:108C9000EC0A7091ED0AA801CE018E539F4F0E94FD
:108CA0009D9D8C01E114F104B9F1A090EE0AB09001
:108CB000EF0AB501C7010E9484D398012E5F3F4F90
:108CC000820F931FA816B90608F4F3CE6091EC0A40
:108CD0007091ED0AA801C7010E949D9D8C01C114ED
:108CE000D104D1F0E090EE0AF090EF0AB701C6018E
:108CF0000E9484D398012E5F3F4F820F931FE81686
:108D0000F90608F4D6CE6091EC0A7091ED0AA8013C
:108D1000C6010E949D9D8C01A8014550510960919A
:108D2000EC0A7091ED0A80E10E9410AC0E9404AC44
:108D30006093F60A7093F70A8093F80A9093F90A01
:108D40006093FA0A7093FB0A8093FC0A9093FD0AE1
:108D50008091EA0A9091EB0ADC01ED91FC9100848C
:108D6000F185E02D1995892B21F50E9404AC009125
:108D7000FA0A1091FB0A2091FC0A3091FD0A6B015E
:108D80007C01C01AD10AE20AF30A2091F20A30915A
:108D9000F30AA8EEB3E00E94CDDAC616D706E806BD
:108DA000F906B0F28CEF9FEF90930E0B80930D0BB2
:108DB00080CECE018E5E9E4F0E940FAE6430710554
:108DC0008105910509F075CEE091EC0AF091ED0A6C
:108DD000838190E08111E8CF0E9404AC6093FA0A8D
:108DE0007093FB0A8093FC0A9093FD0A1092FE0A8E
:108DF00010920E0B10920D0B10926D0865EB7EE138
:108E000089E69BE00E94B78B60916E0770916F07B7
:108E100089E69BE00E94608B89E69BE00E94308A95
:108E200081E08093720730E020E043E050E061E4AD
:108E3000CE0101960E94D2286DE676E0CE01019621
:108E40000E943BDFCE0101960E9471AD30E020E030
:108E500042E050E061E4CE0101960E94D22861E731
:108E600076E0CE0101960E943BDFBE016F5F7F4F2F
:108E70008AE19CE00E94D5898AE19CE00E94308AC8
:108E8000CE0101960E9471AD30E020E041E050E05B
:108E900061E4CE0101960E94D22861E776E0CE011E
:108EA00001960E943BDFBE016F5F7F4F8AE19CE02D
:108EB0000E94D5898AE19CE00E94308ACE01019609
:108EC0000E9471AD85E090E09093E2088093E10804
:108ED0000E9404AC609371087093720880937308C9
:108EE0009093740862E97EE1D0CA6FE17EE189E681
:108EF0009BE00E94B78B89E69BE00E94308A0FCEF0
:108F00008CE090E00C94A1BE0E9404AC009171082A
:108F1000109172082091730830917408601B710BD6
:108F2000820B930B60347F418105910508F4B5CA2B
:108F300030E020E043E050E061E4CE018F579F4FE6
:108F40000E94D2286DE676E0CE018F579F4F0E9497
:108F50003BDF0091EE0A1091EF0AB801CE018F5766
:108F60009F4F0E9484D309960817190790F10E9419
:108F7000659D882371F18091F40A9091F50A01961C
:108F800009F4C1C09093F50A8093F40AE091EC0AC9
:108F9000F091ED0A8091F50A8583E091EC0AF09159
:108FA000ED0A8091F40A86836091EC0A7091ED0AD3
:108FB00047E050E0CE018F579F4F0E949D9DAC012E
:108FC000455051096091EC0A7091ED0A82EA0E94C5
:108FD00010ACCE53DF4F19821882C25CD0408EE3B2
:108FE000CD5CDE4FE881F981C353D14011928A955F
:108FF000E9F71A821982FE0133968EE7DF011D928E
:109000008A95E9F730E020E041E050E060E4CE01ED
:109010008E539F4F0E94D2284FE350E06FEF70E2D3
:10902000CE018E539F4F0E9453D34FE750E069EF1C
:1090300070E2CE0101960E9471D341E0BE016F5FE4
:109040007F4FCE018E539F4F0E94D2AC30E020E084
:1090500041E050E060E4CE018E539F4F0E94D22841
:109060004FE350E065E97FE1CE018E539F4F0E94B0
:1090700053D34FE750E06BE87FE1CE0101960E94A9
:1090800071D34FE750E068E77FE1CE0101960E947F
:1090900053D341E0BE016F5F7F4FCE018E539F4F90
:1090A0000E94D2AC30E020E041E050E060E4CE012C
:1090B0008E539F4F0E94D2284FE350E066E171E249
:1090C000CE018E539F4F0E9453D34FE750E068E686
:1090D0007FE1CE0101960E9471D341E0BE016F5F36
:1090E0007F4FCE018E539F4F0E94D2AC86E090E01E
:1090F0009093E2088093E1086EE470E289E69BE0D9
:109100000E94B78BCAC981E090E03CCF8091730781
:109110000E94659D8111C1C987C90E9404AC6093FA
:10912000710870937208809373089093740885EFA8
:109130009FEF9093E2088093E10880917307ADC997
:109140000E9404AC0091710810917208209173087C
:1091500030917408601B710B820B930B683873415C
:109160008105910508F499C91092E2081092E1086E
:1091700094C90E94659D81110E9460AF0E9404AC59
:1091800060937108709372088093730890937408C9
:109190008DE090E00C94A1BE0E9404AC0091710897
:1091A000109172082091730830917408601B710B44
:1091B000820B930B603177428105910508F034C929
:1091C0006CC90E9404AC609371087093720880931C
:1091D0007308909374088EE090E00C94A1BE0E94F6
:1091E00004AC0091710810917208209173083091BD
:1091F0007408601B710B820B930B603C744D8140B3
:10920000910510F00C94B8BC48C90E94EC76009708
:1092100029F18130910509F407C9019609F03DC98A
:109220000E9404AC0091710810917208209173089B
:1092300030917408601B710B820B930B6033754780
:109240008105910508F429C96BE270E283E79BE090
:109250000E94B78BF0E0E0E019951FC983E190E030
:109260009093E2088093E1080E9404AC6093710837
:109270007093720880937308909374080EC90E94CB
:10928000659D81110E9460AF0E94E12C0E9404AC98
:1092900060937108709372088093730890937408B8
:1092A0008FEE9FEF0C94A1BE80917307809176079B
:1092B00081110CCA82E190E09093E2088093E1086A
:1092C0000E946878883C910509F4AEC880917307C4
:1092D000882309F4B2C864E070E2C1C8821B930B12
:1092E000A40BB50B86A797A7A0ABB1AB34C9821B63
:1092F000930BA40BB50B82AB93ABA4ABB5AB3AC944
:10930000F12CE12C4EC9F12CE12CB7C954E0E51643
:10931000F104E1F085E0E816F10409F0C6C96BEF4D
:109320007FE183E79BE00E94B78B83E79BE00E948D
:10933000308A86EF9FEF9093E2088093E108B5C9E9
:1093400067EE7FE1EECF67EB7FE1EBCF6BE97FE18B
:1093500089E69BE00E94B78BCE0101960E942124F2
:10936000CE0101960E94A32989E69BE00E94308AE3
:109370009CC9E091EC0AF091ED0A80EC8083E091C9
:10938000EC0AF091ED0A11828091EA0A9091EB0AC1
:109390006091EC0A7091ED0ADC01ED91FC91028084
:1093A000F381E02D42E050E019958092F60A909208
:1093B000F70AA092F80AB092F90A8092FA0A9092FB
:1093C000FB0AA092FC0AB092FD0A81E08093FE0A9B
:1093D0008091EA0A9091EB0ADC01ED91FC91008406
:1093E000F185E02D1995892B11F40C94F7C1CE016C
:1093F00001960E940FAE2B01672B09F4D7C0809213
:10940000FA0A9092FB0AA092FC0AB092FD0AE0913F
:10941000EC0AF091ED0A8081807F803309F0A2C0D0
:109420008091FF0A9091000B892B11F40C94F7C1E5
:10943000498150E0CA0102968E0F9F1FDF01A40FE1
:10944000B51F11960C9110E0102F0027DC016C91D4
:10945000060F111D4D5F5F4FBF01640F751FA801FF
:109460000E9416DFE9818091EC0A9091ED0A800F4D
:10947000911FE80FF92FF11D1282E091EC0AF09193
:10948000ED0A298130E0C90102968E0F9F1F4081AD
:109490004670D42E2090FF0A3090000BB2E04B13A0
:1094A0004EC0B801620F731FDF01A60FB71F1396DE
:1094B000EC901397F12CFE2CEE2414964C91E40EB4
:1094C000F11C4BEF5FEF421B530B401B510B440D44
:1094D000551D6B5F7F4F6E0F7F1FF1011995E09156
:1094E000EC0AF091ED0A80E48083E091EC0AF091BF
:1094F000ED0AD182E091EC0AF091ED0AF282E0915E
:10950000EC0AF091ED0AE3828091EA0A9091EB0A6D
:109510006091EC0A7091ED0ADC01ED91FC91028002
:10952000F381E02D44E050E019958092F60A909284
:10953000F70AA092F80AB092F90A0C94F7C14DEF1D
:109540005FEF421B530B401B510B440D551D2D5F0C
:109550003F4F020F131FBF01600F711FF1011995DB
:109560000C94F7C1803CD1F480ED8083E091EC0A4B
:10957000F091ED0A11828091EA0A9091EB0A6091D4
:10958000EC0A7091ED0ADC01ED91FC910280F3810F
:10959000E02D42E050E019950C94F7C1803D11F0A8
:1095A0000C94F7C11092FE0A0C94F7C10E94659DBD
:1095B0000C94F7C180917607815080937607809153
:1095C000E1089091E208059709F445C0F8EE8F167E
:1095D000F3E09F06A104B104F0F110E0609174077C
:1095E0007091750761157105B1F1111134C0DB017E
:1095F00018968C918F708530B1F440917A07509114
:109600007B07CE0101960E94F24361E070E0CE013B
:1096100001960E94FE6211E0892B09F410E0CE0150
:1096200001960E945B42E0917407F09175073097B4
:1096300091F0828193819093750780937407892BB1
:1096400069F6E0917A07F0917B0786819781909384
:109650007507809374070E9404AC00917D081091F7
:109660007E0820917F0830918008601B710B820B6F
:10967000930B603375478105910508F422C20E945F
:1096800004AC60937D0870937E0880937F0890936C
:1096900080080E94D7294B015C010E9404AC6B0139
:1096A0007C010E94659D882309F48CC08091E008AC
:1096B000811188C030E020E041E050E060E4CE015C
:1096C00001960E94D2284FE350E066E171E2CE019C
:1096D00001960E9453D368E574E0CE0101960E9482
:1096E0003BDF4FE350E06DE071E2CE0101960E9456
:1096F00053D32AE0AE014F575F4FC501B4010E941A
:10970000DED341E0BE016F577F4FCE0101960E942C
:10971000D2AC30E020E041E050E060E4CE010196C0
:109720000E94D2284FE350E066E171E2CE0101963B
:109730000E9453D368E574E0CE0101960E943BDF9E
:109740004FE350E066E071E2CE0101960E9453D3F0
:10975000C701B60128EE33E040E050E00E9479DA1C
:10976000CA01B9012AE0AE014F575F4F0E94DED314
:1097700041E0BE016F577F4FCE0101960E94D2ACEF
:1097800030E020E041E050E060E4CE0101960E942C
:10979000D2284FE350E06FEF70E2CE0101960E94B5
:1097A00053D34FE050E069EF70E2CE018F579F4FE7
:1097B0000E9471D341E0BE016F577F4FCE010196E9
:1097C0000E94D2AC68E671E28AE19CE00E94B78B0D
:1097D0000E94D729AB01BC012AE08AE19CE00E94EB
:1097E000E48960E671E28AE19CE00E94B78B6091B7
:1097F0007607062E000C770B8AE19CE00E94B5A14B
:1098000068E571E28AE19CE00E94B78B409179089B
:1098100050917A0860917B0870917C082AE08AE177
:109820009CE00E94E4898AE19CE00E94308AE091F9
:109830007A07F0917B07309709F443C1809176074E
:109840008F5F80937607268037802114310409F4D6
:1098500033C1F10180858F70853001F560E0C10171
:109860000E94BF9DFC0181859285A385B4850597E3
:10987000A105B10599F440917A0750917B07B10198
:10988000CE0101960E94F243CE0101960E94923CC5
:10989000811109C0CE0101960E945B42D10112964E
:1098A0002D903C90D2CFCF57DF4F188219821A8269
:1098B0001B82C158D040CB57DF4F188219821A82C1
:1098C0001B82C558D04040E050E2BE016F5F7F4F21
:1098D000CE018F579F4F0E941F41CE0101960E94DB
:1098E000F63E4B015C01CB5CDE4F6883C553D14033
:1098F000CA5CDE4F9882C653D140CE0101960E94C9
:1099000016A28C01CE018F579F4F0E94A0326B018F
:109910007C01CE0101960E94123FC05DDE4F88831C
:10992000C053D140B401990C880B990B0E9436D9D1
:1099300020E030E048EC52E40E947BDB2B013C014C
:10994000CE0101960E94FB44CF5CDE4F9983888351
:10995000C153D14062E571E28AE19CE00E94B78B7D
:10996000C701B6010E9495A76CE471E28AE19CE010
:109970000E94B78BC301B2010E9495A766E471E211
:109980008AE19CE00E94B78BC05DDE4FF881C05336
:10999000D1406F2F70E08AE19CE00E94B5A1A11434
:1099A000B10409F482C04FEF5FEF60E070E088E03F
:1099B0000E949425DC01CB01AA27BB278A199B09A9
:1099C000A109B109AA27BB2787329940A105B10592
:1099D00058F1D1016D917C9183E79BE00E94608BEF
:1099E00066E371E283E79BE00E94B78BF10160813F
:1099F000718183E796E00E9456AD90E080E0BC0163
:109A0000CB5CDE4F4881C553D140CA5CDE4F5881E4
:109A1000C653D140CE0101960E94B53E62E070E08F
:109A2000C8010E945B2B36CF20E030E048E152E4D1
:109A3000C301B2010E9423DC18163CF4D1016D91E0
:109A40007C918FE796E00E9456ADCF5CDE4FE881B7
:109A5000F981C153D140EF2B19F461E070E0E0CF00
:109A600020E030E040E85FE3C701B6010E940EDB72
:109A70009B01AC01C301B2010E942FD970E060E0EC
:109A800087FDCECFA3019201C701B6010E942FD955
:109A900018161CF767E271E28AE19CE00E94B78B1E
:109AA0008AE19CE00E94308AF5CE6DE171E28AE1A4
:109AB0009CE00E94B78BEECE809176078150809318
:109AC000760782E090E00E94137180917807909170
:109AD0007907892B09F44AC080917707811146C024
:109AE0000E9404AC009181081091820820918308A3
:109AF00030918408601B710B820B930B68387341A3
:109B00008105910598F1809176078F5F80937607A4
:109B1000E0917807F0917907068117810115110509
:109B2000B1F0F80180858F70863041F41A83098383
:109B300070E060E0CE0101960E94616682E090E0F4
:109B40000E941371D80112960D911C91E7CF0E94CB
:109B500004AC60938108709382088093830890938B
:109B60008408809176078150809376070E94B481A3
:109B70000C9460BA8F929F92AF92BF92CF92DF9275
:109B8000EF92FF920F931F93CF93DF93E4EEF8E0F1
:109B90001382128288EEC82E83E0D82EE12CF12C9D
:109BA000C482D582E682F78283E393E09183808347
:109BB00025E331E03587248724E331E037872687A2
:109BC00020E331E0318B208B21E331E0338B228B9A
:109BD00022E331E0358B248B26E331E0378B268B73
:109BE000118E128E138E148EE1E8F9E01382128228
:109BF000C482D582E682F7829183808325ED30E0AE
:109C00003587248724ED30E03787268720ED30E044
:109C1000318B208B21ED30E0338B228B22ED30E035
:109C2000358B248B26ED30E0378B268B118E128EF0
:109C3000138E148EEEE1FAE013821282C482D58272
:109C4000E682F782918380832DEC30E0358724878C
:109C50002CEC30E03787268728EC30E0318B208BE6
:109C600029EC30E0338B228B2AEC30E0358B248BCF
:109C70002EEC30E0378B268B118E128E138E148EC5
:109C8000ADE7BBE013961C921E9212971496CD92EC
:109C9000DD92ED92FC92179711969C938E9385EC32
:109CA00090E01D969C938E931C9784EC90E01F96F9
:109CB0009C938E931E9780EC90E051969C938E938C
:109CC000509781EC90E053969C938E93529782EC40
:109CD00090E055969C938E93549786EC90E057961F
:109CE0009C938E93569759961C9259975A961C920C
:109CF0005A975B961C925B975C961C925C97E6E980
:109D0000FCE0CFE0D4E0D183C083128213821482BE
:109D10001582ECE9FCE0D183C083128213821482A5
:109D200015828BEB9AE025E433E0FC01318320833C
:109D3000128213821482158240E051E060E070E0EC
:109D4000468357836087718740E050E064E070E0AD
:109D5000428753876487758716861786108A118A0B
:109D6000F89429E0E3E0F0E020935700E491789440
:109D7000E670F0E0F595E79523E0E22700E014E0D7
:109D800002C0000F111FEA95E2F7012E000C220B12
:109D9000330BFC0106871787208B318B49E553E095
:109DA000518340834285538564857585401B510BE3
:109DB000620B730B76956795579547954427428BB1
:109DC000538B648B758B468B578B608F718F138E83
:109DD000128EBB24BA94B48EEAEDFAE0D183C0832C
:109DE0001282138214821582E2EAFCE0D183C083DE
:109DF0001282138214821582E8EAFCE0D183C083C8
:109E00001282138214821582EEEAFCE0D183C083B1
:109E10001282138214821582E4EBFCE0D183C083AA
:109E20001282138214821582EAEBFCE0D183C08394
:109E30001282138214821582E0ECFCE0D183C0838D
:109E40001282138214821582E6ECFCE0D183C08377
:109E50001282138214821582ECECFCE0D183C08361
:109E60001282138214821582E2EDFCE0D183C0835A
:109E70001282138214821582E8EDFCE0D183C08344
:109E80001282138214821582EEEDFCE0D183C0832E
:109E90001282138214821582E0EEFAE0D183C0832D
:109EA0001282138214821582E4EEFCE0D183C08317
:109EB0001282138214821582EAEEFCE0D183C08301
:109EC0001282138214821582E0EFFCE0D183C083FA
:109ED0001282138214821582E6EFFCE0D183C083E4
:109EE0001282138214821582ECEFFCE0D183C083CE
:109EF0001282138214821582E2E0FDE0D183C083D6
:109F00001282138214821582E3E5FCE0D183C083C0
:109F1000128213821482158288E39CE0FC01138272
:109F20001282C482D582E682F78225EE33E0318345
:109F30002083D787C687108A118A128A138A48E03D
:109F4000A42EA08E64E27CE0FB01D483C38315823F
:109F5000168217821086B38A9183808341E0428300
:109F600012861186148613868AE594E09687858783
:109F7000908B8787128A118A8AE19CE0FC01138208
:109F8000128229ED33E031832083B683A58357E025
:109F9000548371876087178283E79BE0FC011382FB
:109FA000128231832083B683A58353E05483718763
:109FB0006087478389E69BE0FC011382128231832C
:109FC0002083B683A58326E0248371876087178268
:109FD00003E51BE0D80113961C921E921297F8011C
:109FE000C482D582E682F78280E090E195878487FB
:109FF0001686108A17868BEB93E091838083128AF2
:10A00000118A148A138A158A6FE176E087E49BE04F
:10A010000E9405891093460B0093450B56E3852E4D
:10A020005BE0952ED40113961C921E921297F401B8
:10A03000C482D582E682F78289E893E091838083A7
:10A04000A48688EE93E0968785876FE176E084E1C9
:10A050009BE00E9405896FE176E08AE19BE00E9427
:10A060000589E4E1FBE015861486108A118A128ABC
:10A07000138A148A158A168A178A118E108E138EE7
:10A08000128E178E168E89E793E0958F848F80E568
:10A0900090E091A380A306EE1AE0D80113961C92DB
:10A0A0001E9212978DE693E011969C938E935C9688
:10A0B000DC93CE935B97F801158E168E178E10A247
:10A0C0008FEF9FEF90A787A39582848216A215A297
:10A0D00080E091E00E9401D1D80117969C938E9365
:10A0E000169780E091E019969C938E9318978FE0D5
:10A0F00090E01B969C938E931A971D969C938E933B
:10A100001C97E8E0FDE0D183C083128213821482A1
:10A110001582EEE0FDE0D183C083128213821482A7
:10A120001582E4E1FDE0D183C083128213821482A0
:10A130001582E9E5FCE080E3DF011D928A95E9F7ED
:10A14000EAE1FDE0D183C08312821382148215827A
:10A15000E9E8FCE01082118213821282E0E2FDE065
:10A16000D183C0831282138214821582E6E2FDE05D
:10A17000D183C0831282138214821582ECE2FDE047
:10A18000D183C0831282138214821582E2E3FDE040
:10A19000D183C0831282138214821582E8E3FDE02A
:10A1A000D183C0831282138214821582EEE3FDE014
:10A1B000D183C0831282138214821582E4E4FDE00D
:10A1C000D183C0831282138214821582EAE4FDE0F7
:10A1D000B08212821182148613868FEF9FEFDC010A
:10A1E00087839087A187B287DF91CF911F910F91CD
:10A1F000FF90EF90DF90CF90BF90AF909F908F90A7
:10A2000008950F931F93CF93DF938230910510F43D
:10A2100082E090E0E0915B0DF0915C0D30E020E099
:10A22000B0E0A0E0309799F42115310509F44AC057
:10A23000281B390B24303105D8F58A819B816115A3
:10A24000710589F1FB0193838283FE0111C0408176
:10A2500051810281138148175907E0F048175907C7
:10A2600099F4109761F012960C93129713961C9321
:10A270003296CF01DF91CF911F910F9108950093F6
:10A280005B0D10935C0DF4CF2115310551F0421791
:10A29000530738F0A901DB019A01BD01DF01F80184
:10A2A000C1CFEF01F9CF90935C0D80935B0DCDCFC3
:10A2B000FE01E20FF31F81939193225031093983FC
:10A2C0002883D7CF2091590D30915A0D232B41F47B
:10A2D00020912F023091300230935A0D2093590D66
:10A2E00020912D0230912E022115310541F42DB718
:10A2F0003EB74091310250913202241B350BE09160
:10A30000590DF0915A0DE217F307A0F42E1B3F0BE5
:10A310002817390778F0AC014E5F5F4F24173507D7
:10A3200048F04E0F5F1F50935A0D4093590D819383
:10A3300091939FCFF0E0E0E09CCFCF93DF93009725
:10A34000E9F0FC01329713821282A0915B0DB0916B
:10A350005C0DED0130E020E01097A1F42081318107
:10A36000820F931F2091590D30915A0D28173907EC
:10A3700009F061C0F0935A0DE093590DDF91CF9130
:10A380000895EA01CE17DF07E8F54A815B819E0157
:10A3900041155105B1F7E901FB83EA8349915991D0
:10A3A000C40FD51FEC17FD0761F4808191810296DF
:10A3B000840F951FE90199838883828193819B8310
:10A3C0008A83F0E0E0E012968D919C9113970097BC
:10A3D000B9F52D913C911197CD010296820F931FF3
:10A3E0002091590D30915A0D2817390739F63097B9
:10A3F00051F510925C0D10925B0DB0935A0DA09325
:10A40000590DBCCFD383C28340815181840F951FE6
:10A41000C817D90761F44E5F5F4F88819981480F53
:10A42000591F518340838A819B81938382832115A5
:10A43000310509F0B0CFF0935C0DE0935B0D9ECF3A
:10A44000FD01DC01C0CF13821282D7CF8F929F9281
:10A45000AF92BF92CF92DF92EF92FF92CF93DF93B2
:10A46000EC01688179818A819B8161157105810583
:10A47000910521F464E279ED8BE597E02DE133EF6E
:10A4800041E050E00E949BDA49015A019B01AC0176
:10A49000A7EAB1E40E94BADA6B017C01ACEEB4EF3A
:10A4A000A50194010E94C8DAC60ED71EE81EF91E47
:10A4B000F7FE06C081E0C81AD108E10880E8F80A72
:10A4C000C882D982EA82FB82C701B6019F77DF91F9
:10A4D000CF91FF90EF90DF90CF90BF90AF909F9083
:10A4E0008F9008958F929F92AF92BF92CF92DF92FA
:10A4F000EF92FF92609133027091340280913502A5
:10A5000090913602611571058105910521F464E28F
:10A5100079ED8BE597E02DE133EF41E050E00E94CB
:10A520009BDA49015A019B01AC01A7EAB1E40E9400
:10A53000BADA6B017C01ACEEB4EFA50194010E9484
:10A54000C8DAC60ED71EE81EF91EF7FE06C081E067
:10A55000C81AD108E10880E8F80AC0923302D09204
:10A560003402E0923502F0923602C701B6019F77BD
:10A57000FF90EF90DF90CF90BF90AF909F908F9023
:10A580000895609333027093340280933502909360
:10A5900036020895662777270C9406D7FC01882792
:10A5A0009927E89421912032E9F3293010F02E30D8
:10A5B000C8F32B3241F02D3239F4689404C00E9464
:10A5C000D6D3820F911D219120532A30C0F31EF45F
:10A5D000909581959F4F08951F93FC019927882797
:10A5E000BC01E89411911032E9F3193010F01E30DB
:10A5F000C8F31B3251F01D3249F4689406C00E9422
:10A60000C1D3610F711D811D911D119110531A301D
:10A61000B0F33EF490958095709561957F4F8F4F84
:10A620009F4F1F91089591110C9464D8803219F0B6
:10A6300089508550C8F70895FB01DC018D91813464
:10A640001CF08B350CF4805E659161341CF06B3529
:10A650000CF4605E861B611189F3990B0895FB0170
:10A66000DC010D900020E9F7119705900D92002074
:10A67000E1F70895FB01DC018D910590801901102F
:10A68000D9F3990B0895FB01DC0105900D92002090
:10A69000E1F70895FC0105900020E9F78095909579
:10A6A0008E0F9F1F0895FB01DC010D900020E9F73C
:10A6B00011974150504028F0059000200D92C9F7A5
:10A6C00008951C920895FB01DC014150504030F088
:10A6D0008D910590801919F40020B9F7881B990B0A
:10A6E0000895FB01DC014150504048F005900D9267
:10A6F0000020C9F701C01D9241505040E0F7089575
:10A7000047E55DE00C948FD3FC01615070400190EF
:10A710000110D8F7809590958E0F9F1F0895FA012C
:10A72000A191B081009719F41097E1F0CD01DC01FF
:10A73000CD010D90002011F4C00113C0FB01219147
:10A74000222319F02015D9F7F3CFFB012191201511
:10A7500019F41E92119606C02223C1F70D90002015
:10A76000A1F7D001FA01A193B0830895BB274A3025
:10A7700031F4992322F4BDE2909581959F4F0C947A
:10A7800001D4592F482F372F262F660F771F881F88
:10A79000991F660F771F881F991F620F731F841FF1
:10A7A000951F660F771F881F991F08957AE0979F5E
:10A7B000902D879F802D910D11240895BB27FA01BC
:10A7C000A62F6217710581059105330B30FB66F0EA
:10A7D000AA27660F771F881F991FAA1FA21710F0BC
:10A7E000A21B63953850A9F7A05DAA3308F0A95DB4
:10A7F000A19336F7B111B1931082CA010C9491D88C
:10A80000BB27FB015527AA27880F991FAA1FA4174A
:10A8100010F0A41B83955051B9F7A05DAA3308F03E
:10A82000A95DA193009779F7B111B1931192CB0172
:10A830000C9491D8FC01238127FF23C020915D0D4A
:10A8400030915E0D8217930721F410925E0D1092E5
:10A850005D0D20915F0D3091600D8217930721F4FB
:10A860001092600D10925F0D2091610D3091620D7C
:10A870002817390721F41092620D1092610D0E9481
:10A880009DD190E080E008950F931F93CF93DF93C5
:10A89000009759F46115710541F4F0E0E0E0CF0153
:10A8A000DF91CF911F910F9108958B01EC016EE024
:10A8B00070E081E090E00E94EAD6FC01892B69F308
:10A8C00080E883830115110571F01387028781E801
:10A8D000838380915D0D90915E0D892B21F4F0931F
:10A8E0005E0DE0935D0D2097D1F2D187C087838103
:10A8F0008260838380915F0D9091600D892B79F642
:10A90000F093600DE0935F0D8091610D9091620D69
:10A91000892B29F6F093620DE093610DC0CFCF93A0
:10A92000DF93EC012B8120FF1AC026FF0CC02F7B88
:10A930002B838E819F8101969F838E838A8190E0F5
:10A94000DF91CF91089522FF18C0E881F9818081BD
:10A95000082E000C990B009729F420622B838FEFAF
:10A960009FEFEECF3196F983E8832E813F812F5FF1
:10A970003F4F3F832E839927E3CFEA85FB851995C7
:10A9800097FFF3CF2B81019621F080E2822B8B83FE
:10A99000E6CF80E1FBCF0F931F93CF93DF93CDB72B
:10A9A000DEB708851985F801838188608383AE014D
:10A9B000445F5F4F6A857B85C8010E94E8D4F80137
:10A9C0002381277F2383DF91CF911F910F910895DA
:10A9D0002F923F924F925F926F927F928F929F92AF
:10A9E000AF92BF92CF92DF92EF92FF920F931F939D
:10A9F000CF93DF9300D000D000D01F921F92CDB72D
:10AA0000DEB77C013B018A01FC011782168283813B
:10AA100081FFDDC1CE0101965C01F7019381F30155
:10AA200093FD859193FF81913F01882309F453C1E0
:10AA3000853239F493FD859193FF81913F018532F1
:10AA400029F4B70190E00E94A1D8E7CF912C212CE6
:10AA5000312CFFE1F31538F08B3211F190F4803294
:10AA600009F1833229F137FC3CC020ED280F2A3050
:10AA700050F536FE20C08AE0989E200D1124922EBB
:10AA800006C08D3291F0803371F7689430F8F3018D
:10AA900093FD859193FF81913F018111DACF21C010
:10AAA000689431F8689432F8F2CF689433F8EFCFB5
:10AAB000689434F8ECCFEAE02E9E200D1124222E6B
:10AAC000689435F8E4CF8E3229F436FC04C16894DA
:10AAD00036F8DDCF8C3619F4689437F8D8CF88363D
:10AAE000B1F2982F9F7D95549330E0F08336A1F119
:10AAF0008337C1F1833509F063C02801F2E04F0EBE
:10AB0000511CF801C080D180692D70E036FC02C074
:10AB10006FEF7FEFC6010E947FD84C01689437F831
:10AB200082010AC00C5F1F4FFFE3F98388248394DE
:10AB3000912C6501E89437F833FE2DC0522C811416
:10AB4000910471F5552009F468CFB70180E290E0D7
:10AB50000E94A1D85A94F6CFF801808189830E5FB4
:10AB60001F4FE4CF2801F2E04F0E511CF801C080C6
:10AB7000D180692D70E036FC02C06FEF7FEFC60117
:10AB80000E9484D34C018201D5CFB70180E290E0CE
:10AB90000E94A1D82A942814190409F0B0F7CECF46
:10ABA000F60137FC859137FE81916F01B70190E086
:10ABB0000E94A1D851105A94F1E08F1A9108BFCF8A
:10ABC000843619F0893609F077C0F80137FE6BC07A
:10ABD00060817181828193810C5F1F4FF32DFF761D
:10ABE0003F2E97FF09C090958095709561957F4F96
:10ABF0008F4F9F4F689437F82AE030E0A5010E94FC
:10AC0000D1D8C82ECA188C2C432C36FE0CC0E89420
:10AC100040F8C91440F434FE05C032FC03C0F32DE3
:10AC2000FE7E4F2E892C44FEAAC0FE01EC0DF11DC4
:10AC30008081803309F09CC0242D297E422E842DF2
:10AC40008870582E43FCAAC040FEA4C09C2C8214DD
:10AC500018F42C0C922C981844FEA6C0B70180E37F
:10AC600090E00E94A1D842FE09C088E790E041FE32
:10AC700002C088E590E0B7010E94A1D8C91408F489
:10AC80009FC0CA94D12C9FEFC91AD90ACA0CDB1CE9
:10AC9000F60182916F01B70190E00E94A1D8AC1437
:10ACA000BD04B1F74FCF60817181072E000C880B76
:10ACB000990B0E5F1F4F92CFD32CE894D4F82AE063
:10ACC00030E08537E1F1232D297FD22E8F36A9F18F
:10ACD000F0F4883551F1F701868197812B960FB6F4
:10ACE000F894DEBF0FBECDBFDF91CF911F910F91C2
:10ACF000FF90EF90DF90CF90BF90AF909F908F909C
:10AD00007F906F905F904F903F902F900895803785
:10AD100049F0883701F7D4FE02C06894D2F820E1E8
:10AD200030E00DC06894D4F8F6CF34FE03C0822F13
:10AD30008660D82E20E132E002C028E030E0F80141
:10AD4000D7FE0FC060817181828193810C5F1F4F9C
:10AD5000A5010E94D1D8C82ECA183D2CE89437F816
:10AD600052CF6081718190E080E00E5F1F4FF0CF85
:10AD700042FC02C0839463CF8394839460CF842D7C
:10AD8000867809F45CCFF6CFB70180E290E00E94AC
:10AD9000A1D883948214C0F3512C5ECF522C581842
:10ADA000821408F459CFF8CF842D867809F466CF41
:10ADB0008BE241FE80E247FC8DE2B70190E05CCF80
:10ADC000B70180E390E00E94A1D89A9457CF8FEF0B
:10ADD0009FEF84CF0F931F93CF93DF93869F8001C4
:10ADE000879F100D969F100D1124C8010E9401D15C
:10ADF000EC01009729F0A80170E060E00E948AD879
:10AE0000CE01DF91CF911F910F9108958F929F9264
:10AE1000AF92BF92CF92DF92EF92FF920F931F9368
:10AE2000CF93DF935C017B016115710519F0DB01A4
:10AE30008D939C9385010F5F1F4FF501D0818D2F5E
:10AE400090E00E9413D36C01892BB9F5DD32B9F57E
:10AE50000F5F1F4FD5011196DC91C1E05801F1E061
:10AE6000AF1AB10843E050E062E976E0C5010E9404
:10AE700067D8892B69F5680182E0C80ED11C45E0CE
:10AE800050E06DE876E0C6010E9467D8892B21F476
:10AE9000680197E0C90ED11CE114F10419F0D70143
:10AEA000CD92DC9260E070E080E89FEFC111FFC0BE
:10AEB00060E070E080E89FE7FAC05801BBCFDB326A
:10AEC00029F485010E5F1F4FF501D181C0E0C6CF87
:10AED00043E050E06AE876E0C5010E9467D8892B1C
:10AEE000E9F0F80110E000E020E030E0A9015F01A6
:10AEF000B0ED8B2E8D0E89E08815C8F19C2E6894DC
:10AF000091F88C2F8870C2FF16C0811102C00F5FAC
:10AF10001F4F3196D501DC91C92DE9CFE114F10421
:10AF200029F00E5F1F4FF7011183008360E070E08E
:10AF300080EC9FE7BCC0882311F001501109A5E007
:10AF4000B0E00E94BADA9B01AC01220F331F441F0C
:10AF5000551F280D311D411D511D283999E939070B
:10AF6000490799E15907A8F2C6609C2ED2CFAEEFEF
:10AF70008A1206C0C3FD3CC09C2E689493F8C9CFCA
:10AF8000DF7DD534A9F580818D3239F4C061DF01D0
:10AF90001296818162E070E006C0DF018B32C1F35E
:10AFA000119661E070E080535D01A61AB70A8A30FD
:10AFB000F8F4E0E8CE16ECE0DE065CF4B601660FCD
:10AFC000771F660F771FC60ED71ECC0CDD1CC80E70
:10AFD000D11C5D01FFEFAF1ABF0A8C9180538A30FC
:10AFE000A8F1C4FF03C0D194C194D1080C0D1D1D5C
:10AFF000C1FF09C0E114F10431F081E0A81AB108E1
:10B00000D701AD92BC92CA01B9010E9434D9C37074
:10B01000C33009F490584B015C0120E030E0A901F5
:10B020000E942FD9882309F440C0C1ECD6E017FF55
:10B0300005C0119501951109C9EAD6E06E01B8E184
:10B04000CB1AD10880E2E82EF12C0FC0D501B1CF88
:10B05000FE0125913591459154910E191F09C501A5
:10B06000B4010E9495D94B015C01D501C4010E15B4
:10B070001F0574F72497F594E794CC16DD06A9F71D
:10B080008A2F880F8B2F881F8F3F49F020E030E0F8
:10B09000A901C501B4010E942FD9811106C082E225
:10B0A00090E09093640D8093630DC501B401DF912E
:10B0B000CF911F910F91FF90EF90DF90CF90BF90B5
:10B0C000AF909F908F900895992788270895FB014E
:10B0D000DC014150504088F08D9181341CF08B355B
:10B0E0000CF4805E659161341CF06B350CF4605E8D
:10B0F000861B611171F3990B0895881BFCCFFC012D
:10B100000590615070400110D8F7809590958E0F92
:10B110009F1F0895DC0101C06D9341505040E0F73E
:10B120000895DC01FC01672F71917723E1F73297D5
:10B1300004C07C916D9370836291AE17BF07C8F312
:10B1400008950F931F93CF93DF93182F092FEB01CF
:10B150008B8181FD09C01FEF0FEF812F902FDF91B1
:10B16000CF911F910F91089582FF14C02E813F81CE
:10B170008C819D81281739073CF4E881F981CF0142
:10B1800001969983888310838E819F8101969F8386
:10B190008E83E3CFE885F985812F1995892BA1F35B
:10B1A000DACFFA01AA27283051F1203181F1E89451
:10B1B0006F936E7F6E5F7F4F8F4F9F4FAF4FB1E0AA
:10B1C0003ED0B4E03CD0670F781F891F9A1FA11DA5
:10B1D000680F791F8A1F911DA11D6A0F711D811DA6
:10B1E000911DA11D20D009F468943F912AE0269F6B
:10B1F00011243019305D3193DEF6CF010895462FCA
:10B200004770405D4193B3E00FD0C9F7F6CF462FAA
:10B210004F70405D4A3318F0495D31FD4052419313
:10B2200002D0A9F7EACFB4E0A695979587957795D0
:10B230006795BA95C9F700976105710508959B0157
:10B24000AC010A2E06945795479537952795BA95E0
:10B25000C9F7620F731F841F951FA01D08950E94D8
:10B2600071D908F481E00895E89409C097FB3EF491
:10B2700090958095709561957F4F8F4F9F4F992343
:10B28000A9F0F92F96E9BB279395F69587957795C1
:10B290006795B795F111F8CFFAF4BB0F11F460FF81
:10B2A0001BC06F5F7F4F8F4F9F4F16C0882311F0D9
:10B2B00096E911C0772321F09EE8872F762F05C0ED
:10B2C000662371F096E8862F70E060E02AF09A9588
:10B2D000660F771F881FDAF7880F9695879597F97D
:10B2E0000895990F0008550FAA0BE0E8FEEF161617
:10B2F0001706E807F907C0F012161306E407F5076A
:10B3000098F0621B730B840B950B39F40A2661F0DD
:10B31000232B242B252B21F408950A2609F4A14080
:10B32000A6958FEF811D811D08950E94A8D90C94C8
:10B3300019DA0E940BDA38F00E9412DA20F0952315
:10B3400011F00C9402DA0C9408DA11240C944DDA02
:10B350000E942ADA70F3959FC1F3950F50E0551FB4
:10B36000629FF001729FBB27F00DB11D639FAA275A
:10B37000F00DB11DAA1F649F6627B00DA11D661FA9
:10B38000829F2227B00DA11D621F739FB00DA11DCA
:10B39000621F839FA00D611D221F749F3327A00D84
:10B3A000611D231F849F600D211D822F762F6A2F20
:10B3B00011249F5750409AF0F1F088234AF0EE0F85
:10B3C000FF1FBB1F661F771F881F91505040A9F7B2
:10B3D0009E3F510580F00C9402DA0C944DDA5F3FE9
:10B3E000E4F3983ED4F3869577956795B795F795EE
:10B3F000E7959F5FC1F7FE2B880F911D9695879566
:10B4000097F9089597F99F6780E870E060E00895E4
:10B410009FEF80EC089500240A941616170618066C
:10B420000906089500240A94121613061406050648
:10B430000895092E0394000C11F4882352F0BB0FD9
:10B4400040F4BF2B11F460FF04C06F5F7F4F8F4F3C
:10B450009F4F089557FD9058440F551F59F05F3F77
:10B4600071F04795880F97FB991F61F09F3F79F026
:10B4700087950895121613061406551FF2CF4695A8
:10B48000F1DF08C0161617061806991FF1CF86952A
:10B490007105610508940895E894BB27662777270E
:10B4A000CB0197F90895F999FECF92BD81BDF89A25
:10B4B000992780B50895262FF999FECF1FBA92BD1E
:10B4C00081BD20BD0FB6F894FA9AF99A0FBE019685
:10B4D0000895DB018F939F930E94BADABF91AF91D9
:10B4E000A29F800D911DA39F900DB29F900D1124DE
:10B4F0000895A1E21A2EAA1BBB1BFD010DC0AA1FB5
:10B50000BB1FEE1FFF1FA217B307E407F50720F0CC
:10B51000A21BB30BE40BF50B661F771F881F991F47
:10B520001A9469F760957095809590959B01AC0190
:10B53000BD01CF010895052E97FB1EF400940E94D3
:10B54000B2DA57FD07D00E9479DA07FC03D04EF437
:10B550000C94B2DA50954095309521953F4F4F4F5E
:10B560005F4F089590958095709561957F4F8F4FAF
:10B570009F4F08950E94CDDAA59F900DB49F900D26
:10B58000A49F800D911D11240895B7FF0C94BADA81
:10B590000E94BADA821B930B0895A29FB001B39F59
:10B5A000C001A39F700D811D1124911DB29F700DCC
:10B5B000811D1124911D0895AA1BBB1B51E107C0D9
:10B5C000AA1FBB1FA617B70710F0A61BB70B881F33
:10B5D000991F5A95A9F780959095BC01CD010895C2
:10B5E000EE0FFF1F881F8BBF0790F691E02D199477
:10B5F00069279627692778278727782708950E9443
:10B60000CDDA332312F48A1B9B0B0C9409DB0E94C6
:10B61000CDDAB7FF0895821B930B08955058BB27CE
:10B62000AA270E9426DB0C9419DA0E940BDA38F064
:10B630000E9412DA20F039F49F3F19F426F40C949A
:10B6400008DA0EF4E095E7FB0C9402DAE92F0E9489
:10B650002ADA58F3BA17620773078407950720F0B0
:10B6600079F4A6F50C944CDA0EF4E0950B2EBA2F73
:10B67000A02D0B01B90190010C01CA01A0011124F8
:10B68000FF27591B99F0593F50F4503E68F11A16A4
:10B69000F040A22F232F342F4427585FF3CF469535
:10B6A00037952795A795F0405395C9F77EF41F1657
:10B6B000BA0B620B730B840BBAF09150A1F0FF0F21
:10B6C000BB1F661F771F881FC2F70EC0BA0F621F0D
:10B6D000731F841F48F4879577956795B795F795FD
:10B6E0009E3F08F0B0CF9395880F08F09927EE0F92
:10B6F0009795879508950E948FDB0C9419DA0E9424
:10B7000012DA58F00E940BDA40F029F45F3F29F07A
:10B710000C9402DA51110C944DDA0C9408DA0E9460
:10B720002ADA68F39923B1F3552391F3951B550B4E
:10B73000BB27AA2762177307840738F09F5F5F4F04
:10B74000220F331F441FAA1FA9F335D00E2E3AF043
:10B75000E0E832D091505040E695001CCAF72BD05B
:10B76000FE2F29D0660F771F881FBB1F26173707AC
:10B770004807AB07B0E809F0BB0B802DBF01FF27DE
:10B7800093585F4F3AF09E3F510578F00C9402DADF
:10B790000C944DDA5F3FE4F3983ED4F386957795A9
:10B7A0006795B795F7959F5FC9F7880F911D969597
:10B7B000879597F90895E1E0660F771F881FBB1FF3
:10B7C000621773078407BA0720F0621B730B840BA0
:10B7D000BA0BEE1F88F7E09508950E94F4DB689499
:10B7E000B1110C944DDA08950E9432DA88F09F5717
:10B7F00098F0B92F9927B751B0F0E1F0660F771F95
:10B80000881F991F1AF0BA95C9F714C0B13091F08A
:10B810000E944CDAB1E008950C944CDA672F782F2F
:10B820008827B85F39F0B93FCCF38695779567954F
:10B83000B395D9F73EF490958095709561957F4FBB
:10B840008F4F9F4F08950E9471D908F48FEF08958C
:10B85000FA01EE0FFF1F309621053105A1F16115A8
:10B86000710561F48038BFE39B0749F16894903813
:10B87000810561F08038BFEF9B0741F099234AF5BD
:10B88000FF3FE1053105210519F1E8940894E7959A
:10B89000D901AA2329F4AB2FBE2FF85FD0F310C033
:10B8A000FF5F70F4A695E0F7F73950F019F0FF3A12
:10B8B00038F49F779F930DD00F9007FC9058089510
:10B8C00046F00C9408DA60E070E080E89FE30895A9
:10B8D0004FE79F775F934F933F932F930E9474DDC1
:10B8E0002F913F914F915F910E9495D90C9490DCDC
:10B8F0000E9412DD30F09F3710F40C944DDA0C9456
:10B90000C2DC0C94DDDC0E9471D9880B990B089580
:10B9100029F416F00C9402DA0C944CDA0C9408DA40
:10B920000E9432DAA8F39638A0F707F80F92E8944D
:10B930002BE33AEA48EB5FE70E94ABD90F920F92F4
:10B940000F924DB75EB70F920E94BCDDE4EEF0E0BF
:10B950000E94EBDC4F915F91EF91FF91E595EE1F17
:10B96000FF1F49F0FE57E0684427EE0F441FFA9589
:10B97000E1F74195550B0E9436DD0F9007FE0C94C0
:10B980002ADD0895882371F4772321F09850872BBE
:10B99000762F07C0662311F499270DC09051862B8E
:10B9A00070E060E02AF09A95660F771F881FDAF73B
:10B9B000880F9695879597F908959F3F31F091509C
:10B9C00020F4879577956795B795880F911D969583
:10B9D000879597F90895DF93CF931F930F93FF9265
:10B9E000EF92DF927B018C01689406C0DA2EEF01A2
:10B9F0000E94A8D9FE01E894A59125913591459121
:10BA00005591A6F3EF010E9426DBFE019701A801E4
:10BA1000DA9469F7DF90EF90FF900F911F91CF912B
:10BA2000DF9108950E9432DAA0F0BEE7B91788F4DA
:10BA3000BB279F3860F41616B11D672F782F882713
:10BA4000985FF7CF869577956795B11D9395963951
:10BA5000C8F308959B01AC0160E070E080E89FE3CB
:10BA60000C947BDB0C9402DA0C94DDDC0E9432DA5D
:10BA7000D8F39923C9F3940F511DA3F3915050406B
:10BA800094F059F0882332F0660F771F881F915089
:10BA90005040C1F79E3F51052CF7880F911D969598
:10BAA000879597F908955F3FACF0983E9CF0BB27CF
:10BAB000869577956795B79508F4B1609395C1F72A
:10BAC000BB0F58F711F460FFE8CF6F5F7F4F8F4FC8
:10BAD0009F4FE3CF0C944DDA16F00C94DDDC0C9400
:10BAE00008DA68940C9402DA0E9432DAA8F39923F7
:10BAF000C1F3AEF3DF93CF931F930F93FF92C92F40
:10BB0000DD2788232AF02197660F771F881FDAF731
:10BB100020E030E040E85FEB9FE3883920F0803E92
:10BB200038F021968F770E940FDBECE0F1E004C043
:10BB30000E940FDBE9E3F1E00E94EBDC8B01BE0128
:10BB4000EC01FB2E6F5771097595771F880B990BC8
:10BB50000E9436D928E132E741E35FE30E94A8D989
:10BB6000AF2D9801AE01FF900F911F91CF91DF9102
:10BB70000E9426DB0C9419DAFA01DC01AA0FBB1F24
:10BB80009B01AC01BF5728F4222733274427507864
:10BB900020C0B75190F4AB2F0024469537952795D8
:10BBA000011CA395D2F3002071F0220F331F441F14
:10BBB000B395DAF30ED00C940EDB61307105A0E87A
:10BBC0008A07B94630F49B01AC016627772788279E
:10BBD0009078309621F020833183428353830895F7
:10BBE0004F925F926F927F928F929F92AF92BF928D
:10BBF000CF92DF92EF92FF920F931F93CF93DF9339
:10BC00008C01009799F4CB01DF91CF911F910F9197
:10BC1000FF90EF90DF90CF90BF90AF909F908F906C
:10BC20007F906F905F904F900C9401D1FC01E60FD4
:10BC3000F71F9C0122503109E217F30708F4AEC048
:10BC4000D901CD91DC911197C617D70720F1C530E6
:10BC5000D10578F0CE0104978617970750F0C61BE0
:10BC6000D70B2297C193D1936D937C93CF010E9400
:10BC70009DD1C801DF91CF911F910F91FF90EF905F
:10BC8000DF90CF90BF90AF909F908F907F906F90FC
:10BC90005F904F9008955B01AC1ABD0A4C018C0E69
:10BCA0009D1EA0915B0DB0915C0D512C412CF12C8F
:10BCB000E12C109731F58091590D90915A0D88150E
:10BCC000990509F05CC04616570608F058C08091E7
:10BCD0002D0290912E02009741F48DB79EB74091AE
:10BCE000310250913202841B950BE817F90708F0D6
:10BCF00055C0F0935A0DE093590DF901718360839B
:10BD0000B8CF8D919C91119712966C9012971396C3
:10BD10007C901397A815B90559F56C0142E0C40E43
:10BD2000D11CCA14DB0420F1AC014A195B09DA0109
:10BD30001296159780F06282738251834083D901F5
:10BD40006D937C93E114F10471F0D7011396FC9389
:10BD5000EE9312978ECF22968C0F9D1FF90191833F
:10BD60008083F301EFCFF0935C0DE0935B0D81CF07
:10BD70004816590608F42C017D01D3019ACFCB0156
:10BD80000E9401D17C01009749F0AE01B8010E94E8
:10BD90000DDFC8010E949DD187016BCF10E000E04C
:10BDA00068CF81E090E0F8940C940EE3911108952F
:10BDB00081548A5108F4805E855A0895911108953E
:10BDC00081568A5108F48052855808950F931F9325
:10BDD000CF93DF938C01FC0101900020E9F7CF01A4
:10BDE000801B910B0E9401D1EC01009719F0B80162
:10BDF0000E945ADFCE01DF91CF911F910F910895DC
:10BE0000FB01DC0104C08D910190801921F44150A7
:10BE10005040C8F7881B990B0895FB01DC0102C054
:10BE200001900D9241505040D8F708956817790756
:10BE300068F4FB01DC01E40FF51FA40FB51F02C07D
:10BE400002900E9241505040D8F708950C940DDFA7
:10BE5000FB01DC018D9181341CF08B350CF4805E8C
:10BE6000619161341CF06B350CF4605E861B6111CE
:10BE700089F3990B0895FB01DC010D900020E9F78F
:10BE8000119701900D920020E1F70895FC01819136
:10BE9000861721F08823D9F7992708953197CF0184
:10BEA0000895FB01DC018D91019080190110D9F3F7
:10BEB000990B0895FB01DC0101900D920020E1F740
:10BEC0000895FB01DC010D900020E9F71197415026
:10BED000504028F0019000200D92C9F708951C925F
:10BEE0000895FB01DC014150504030F08D910190EC
:10BEF000801919F40020B9F7881B990B0895FB01EC
:10BF0000DC014150504048F001900D920020C9F7EB
:10BF100001C01D9241505040E0F70895FC0181E0BE
:10BF200090E00190061609F4CF010020D1F70197A7
:10BF300008950F931F93CF93DF93CDB7DEB72E975E
:10BF40000FB6F894DEBF0FBECDBF0E891F89888D56
:10BF5000998D26E02C831A83098397FF02C080E025
:10BF600090E801979E838D83AE01445E5F4F6A8D9A
:10BF70007B8DCE0101960E94E8D44D815E8157FDF4
:10BF80000AC02F813885421753070CF49A01020F1B
:10BF9000131FF80110822E960FB6F894DEBF0FBE65
:10BFA000CDBFDF91CF911F910F9108950F931F93F4
:10BFB000CF93DF93CDB7DEB72E970FB6F894DEBFE1
:10BFC0000FBECDBF0E891F8986E08C831A8309833B
:10BFD0008FEF9FE79E838D83AE01465E5F4F688D36
:10BFE000798DCE0101960E94E8D42F813885020F09
:10BFF000131FF80110822E960FB6F894DEBF0FBE05
:10C00000CDBFDF91CF911F910F910895CF93DF9313
:10C01000CDB7DEB72E970FB6F894DEBF0FBECDBFFB
:10C0200085E08C838C899D899A838983AE01485EE3
:10C030005F4F6E897F89CE0101960E94D2E12E96D4
:10C040000FB6F894DEBF0FBECDBFDF91CF9108953C
:10C0500020FD09C0FC0123FD05C022FF02C073833F
:10C06000628351834083089544FD17C046FD1DC07F
:10C07000DB01FC01AA0FBB1FEE1FFF1F1094D1F7BD
:10C080006A0F7B1F8E1F9F1F660F771F881F991FC8
:10C09000620F711D811D911D089533E0660F771F9A
:10C0A000881F991F3150D1F7F3CF34E0F7CF0F93AA
:10C0B0001F93CF93DF938C01C8010E948FD4EC01B2
:10C0C00097FD08C00E9413D3892BB1F7B801CE01A8
:10C0D0000E94F6E2CE01DF91CF911F910F9108955A
:10C0E0008F929F92AF92BF92EF92FF920F931F9306
:10C0F000CF93DF938C01D62F7A01B22E0E948FD47A
:10C100009C0133272B32310529F02D323105A9F45A
:10C110006894B7F8D15061F480E0DF91CF911F911E
:10C120000F91FF90EF90BF90AF909F908F900895E8
:10C13000C8010E948FD497FDEFCFCB2DCD7F2B2D43
:10C140002073F9F48033E9F4AA24AA94AD0E89F09F
:10C15000C8010E948FD497FD0CC0282F2F7D283551
:10C1600061F4C264D25029F0C8010E948FD497FFB5
:10C1700008C0812C912C54011BC0B6FE2BC0C2609C
:10C18000DA2D812C912C540120ED280F283028F134
:10C19000C4FD09C02A3008F1C6FF05C02F7D3FEE5F
:10C1A000320F3630C8F0B8010E94F6E2C1FFB4CFBA
:10C1B000C7FF08C0B094A09490948094811C911CF7
:10C1C000A11CB11C2C2FB501A401C7010E9428E0BD
:10C1D00081E0A3CFC261D4CF27504C2FC501B40159
:10C1E0000E9434E04B015C01C260D15009F3C801E8
:10C1F0000E948FD497FFC8CFD9CF7F928F929F9202
:10C20000AF92BF92CF92DF92EF92FF920F931F9364
:10C21000CF93DF93CDB7DEB7A0970FB6F894DEBF0C
:10C220000FBECDBF5C01962E7A01CE0101966C0146
:10C2300080E2F60111928A95E9F7F501B38189014F
:10C2400030E020E0712C812CA0E041E050E0F801CA
:10C25000B3FD8591B3FF8191982F8F01811117C094
:10C2600010E000E0C801A0960FB6F894DEBF0FBE44
:10C27000CDBFDF91CF911F910F91FF90EF90DF9095
:10C28000CF90BF90AF909F908F907F9008958E3504
:10C2900019F42115310541F1A21713064CF48D351F
:10C2A00049F18D3229F4811006C0882483941DC081
:10C2B000882009F464C0E92FE695E695E695EC0D33
:10C2C000FD2DF11D892F8770BA0101C0660F8A9577
:10C2D000EAF78081682B6083791651F0971510F486
:10C2E0009F5FE9CF9150E7CFA1E02F5F3F4FAFCFE6
:10C2F000812CFBCF882019F08E8180628E83AA2347
:10C3000059F0F6019E012F5D3F4F8081809580831B
:10C310003196E217F307C9F788248394C5010E9478
:10C320008FD497FD16C0E82FE695E695E695EC0DBF
:10C33000FD2DF11D208130E0AC014770552702C072
:10C34000359527954A95E2F720FD06C0B5010E9474
:10C35000F6E2882069F084CFE114F10429F0F701B6
:10C360008083C70101967C019A94812C9110D6CFCD
:10C37000E114F10409F476CFF701108273CFE82FAE
:10C38000E695E695E695EC0DFD2DF11D982F97703D
:10C39000BA0101C0660F9A95EAF79081692B608314
:10C3A000782EA3CF5F926F927F928F929F92AF92DF
:10C3B000BF92CF92DF92EF92FF920F931F93CF9392
:10C3C000DF936C01EB015A01FC0117821682512C9C
:10C3D000F601E380FE01E3FC8591E3FE8191182FD5
:10C3E000EF018823E9F090E00E9413D3892B21F01C
:10C3F000C6010E9457E0ECCF153241F4FE01E3FC88
:10C400001591E3FE1191EF01153269F4C6010E9406
:10C410008FD497FD8EC01817D9F2B6010E94F6E2AC
:10C42000852D90E08AC000E01A3231F4E3FC1591CA
:10C43000E3FE1191EF0101E0F12C20ED210F2A30F4
:10C4400048F101FF37C0FF2059F31836B1F11C360F
:10C4500009F43DC0112321F3612F70E085EC96E0D3
:10C460000E94EBE2892BE1F2912C812C00FD06C0A9
:10C47000F50180809180C50102965C011E3679F538
:10C48000F6014681578170E060E0202FC4010E94D0
:10C4900028E09ECF02606F2D70E090E080E040E2E7
:10C4A0000E9434E0F62EFE01E3FC1591E3FE1191AB
:10C4B000EF01C3CFFF24FA94C8CFFE01E3FC15912E
:10C4C000E3FE1191EF01183609F0C4CF0860046053
:10C4D000FE01E3FC1591E3FE1191EF01BBCF133692
:10C4E000C1F401FD02C0FF24F394C6010E948FD461
:10C4F00097FD1FC08114910429F0F4018083C401C9
:10C5000001964C01FA94F110F0CF00FD61CF5394E5
:10C510005FCF1B3511F59E01A4016F2DC6010E944E
:10C52000FDE0EC01892B89F7F6018381807309F422
:10C5300077CF8FEF9FEF511073CFDF91CF911F9186
:10C540000F91FF90EF90DF90CF90BF90AF909F90B2
:10C550008F907F906F905F900895C6010E9457E082
:10C5600097FDE7CF1F36A9F130F4143641F01936A4
:10C5700039F0006405C01337B9F01537D1F7006200
:10C58000202FA4016F2DC6010E9470E08111BDCF44
:10C59000CBCF8114910429F0F4016082C40101968B
:10C5A0004C01FA94FF2071F0C6010E948FD43C0127
:10C5B00097FD08C00E9413D3892B59F3B601C3011C
:10C5C0000E94F6E28114910409F49FCFF4011082D5
:10C5D0009CCF0061D5CFFC010590061621F000200C
:10C5E000D9F7C00108953197CF010895FB01238148
:10C5F00020FF11C026FD0FC08F3F980771F0828386
:10C600002F7D206423832681378121503109378390
:10C610002683992708958FEF9FEF089513E1C4E3D0
:10C62000D3E100E006C0802FFE010E94F0DA2196DF
:10C63000011DC533D10780E00807A9F7F894FFCFA3
:10C64000FFFFFFFF0A000000000001014D015AFF3B
:10C65000FF0A000000000001014D035CFFFF0A001B
:10C660000000000001014D025B070700C0000065EB
:10C670000D80000100000000000000A3135D18669B
:10C6800019511967174417E1160D75C6185E17F78B
:10C6900071A4184E15299395844B15491598133F8D
:10C6A00015F6230176CB233B150000000067837A43
:10C6B000801516E2828083D8843D83798337150004
:10C6C00000000067837A801516E28280832B843D08
:10C6D000837983371500000000F1827A801516E215
:10C6E000822F830E833D8379833715000000006815
:10C6F000147A8015167980001572146B14551ADEA1
:10C70000ADBEEFFEFF00044D515454046C696768E0
:10C71000746875620001005E000000000000000007
:10C720005A2B511A0C5D7E4011212B161816591EDA
:10C730002A3323156E163E16201500000000592BD3
:10C740004F1A0A46E6467D1B2B161816E51DB63F06
:10C7500016426E163E161D15010202010108000068
:10C76000080108020100000000024C4843330000A9
:10C7700000000047817A80C0809481F180CF80E3FF
:10C7800080000000007784D981778477847784776C
:10C79000847784688B00000000C4822682728259EC
:10C7A000826780E981E081E381000000001384F367
:10C7B00083151679800000000082137B22151679FC
:10C7C000809B23781800000000A3135D18661951A0
:10C7D0001967174417E1160D75C6185E17F771A48F
:10C7E000184E15A32E531A4B15491598133F15F6DD
:10C7F000230176CB233B150000000046217A8015EB
:10C80000166780D215C01565211316F2158B753881
:10C810001A0F16FC1500000000C0257A8015160FAF
:10C8200015000000006813F922151667807E131AA0
:10C8300017D2163F188416C5166423CC17332370FD
:10C8400017FB166E155E155A155615000000001ED2
:10C850008B7366780020746F200061637400257507
:10C8600000256C7500256C64002D256C642E253028
:10C8700032640025642C25642C25642C2564002D4D
:10C8800025642E25303364003000726F6F74006FA2
:10C8900075740062637374002F002D007379736CDC
:10C8A0006F670025783A25783A25783A25783A2531
:10C8B000783A257825630053454E445354415455E6
:10C8C000533A20002F736574002F636D64004F4648
:10C8D00046002F66616E002F7377696E67004F4EBA
:10C8E00000747970650061627374726163744F756E
:10C8F000743A6163746976653A2000494E43524543
:10C90000415345443A2000204578743A002F616C29
:10C9100061726D6F66662F736E7372004578656322
:10C920003A006974656D00656D69740063616E003D
:10C9300069636D640065636D6400697265760065A6
:10C94000726576003E20002F6672657368002F6C5A
:10C950006F636B0041433A20506F7765723D002F43
:10C960007175696574002F636F6D70726573736F95
:10C9700072002F74656D70002F6D6F6465007363B6
:10C980006D640072636D6400540064636C69636B72
:10C990000074636C69636B0073636D64320073636E
:10C9A0006D6433006C636D64007270636D64006C61
:10C9B000636D6432007270636D6432006C636D6429
:10C9C00033007270636D64330061637469766174FF
:10C9D0006500494E3A200020697320006D617000A7
:10C9E000726570656174006974656D7300746F7051
:10C9F000696373006D717474002F636F6E6669678D
:10CA00002E6A736F6E002F636F6E6669672E6269A0
:10CA10006E002F636E662F253032782D25303278E8
:10CA20002D253032782D253032782D253032782D55
:10CA3000253032782E636F6E6669672E6A736F6E6B
:10CA400000220049662D4E6F6E652D4D617463683E
:10CA5000003E3E002E0057495A6E6574000D0A00D4
:10CA6000616D7853697A653A00252525327800682A
:10CA7000656C700073617665006C6F61640067655A
:10CA800074006D6163006970006F74617077640099
:10CA90006B696C6C00636C656172007265626F6FCC
:10CAA000740061726475696E6F003D3D002B2F2B21
:10CAB0002F23002F616C61726D2F736E7372002FC4
:10CAC000616C61726D2F6F76726874006E756C6C3C
:10CAD0000066616C73650074727565006E616E004E
:08CAE000696E66006F766600C6
:00000001FF
